999
"DXF R12 Output" (www.mydxf.blogspot.com)
 0 
SECTION
 2 
HEADER
 9 
$ACADVER
 1 
AC1009
 9 
$EXTMIN
 10 
 0 
 20 
 0 
 9 
$EXTMAX
 10 
 8.5 
 20 
 11 
 0 
ENDSEC
 0 
SECTION
 2 
ENTITIES
0
POLYLINE
8
Layer 1
62
7
70
0
10
0.000000
20
0.000000
66
1
0
VERTEX
8
Layer 1
10
2336.000151
20
300.601742
70
0
0
VERTEX
8
Layer 1
10
2335.489654
20
301.677109
70
0
0
VERTEX
8
Layer 1
10
2334.636237
20
302.446825
70
0
0
VERTEX
8
Layer 1
10
2333.556573
20
302.840664
70
0
0
VERTEX
8
Layer 1
10
2332.367334
20
302.788396
70
0
0
VERTEX
8
Layer 1
10
2331.291369
20
302.279164
70
0
0
VERTEX
8
Layer 1
10
2330.520650
20
301.426651
70
0
0
VERTEX
8
Layer 1
10
2330.125544
20
300.347450
70
0
0
VERTEX
8
Layer 1
10
2330.176414
20
299.158151
70
0
0
VERTEX
8
Layer 1
10
2330.686911
20
298.082784
70
0
0
VERTEX
8
Layer 1
10
2331.540328
20
297.313068
70
0
0
VERTEX
8
Layer 1
10
2332.619992
20
296.919229
70
0
0
VERTEX
8
Layer 1
10
2333.809231
20
296.971497
70
0
0
VERTEX
8
Layer 1
10
2334.885196
20
297.480730
70
0
0
VERTEX
8
Layer 1
10
2335.655915
20
298.333242
70
0
0
VERTEX
8
Layer 1
10
2336.051021
20
299.412443
70
0
0
VERTEX
8
Layer 1
10
2336.000151
20
300.601742
70
0
0
VERTEX
8
Layer 1
10
2336.000151
20
300.601742
70
0
0
SEQEND
8
Layer 1
0
POLYLINE
8
Layer 1
62
7
70
0
10
0.000000
20
0.000000
66
1
0
VERTEX
8
Layer 1
10
2308.866582
20
371.501882
70
0
0
VERTEX
8
Layer 1
10
2308.577456
20
372.236658
70
0
0
VERTEX
8
Layer 1
10
2308.115565
20
372.861120
70
0
0
VERTEX
8
Layer 1
10
2307.508923
20
373.346179
70
0
0
VERTEX
8
Layer 1
10
2306.785546
20
373.662746
70
0
0
VERTEX
8
Layer 1
10
2306.004648
20
373.779744
70
0
0
VERTEX
8
Layer 1
10
2305.232902
20
373.691965
70
0
0
VERTEX
8
Layer 1
10
2304.509508
20
373.409128
70
0
0
VERTEX
8
Layer 1
10
2303.873664
20
372.940948
70
0
0
VERTEX
8
Layer 1
10
2303.381893
20
372.323169
70
0
0
VERTEX
8
Layer 1
10
2303.072038
20
371.610929
70
0
0
VERTEX
8
Layer 1
10
2302.955285
20
370.843032
70
0
0
VERTEX
8
Layer 1
10
2303.042819
20
370.058285
70
0
0
VERTEX
8
Layer 1
10
2303.331945
20
369.323510
70
0
0
VERTEX
8
Layer 1
10
2303.793836
20
368.699047
70
0
0
VERTEX
8
Layer 1
10
2304.400478
20
368.213988
70
0
0
VERTEX
8
Layer 1
10
2305.123856
20
367.897421
70
0
0
VERTEX
8
Layer 1
10
2305.904753
20
367.780424
70
0
0
VERTEX
8
Layer 1
10
2306.676499
20
367.868202
70
0
0
VERTEX
8
Layer 1
10
2307.399893
20
368.151040
70
0
0
VERTEX
8
Layer 1
10
2308.035737
20
368.619220
70
0
0
VERTEX
8
Layer 1
10
2308.527508
20
369.236998
70
0
0
VERTEX
8
Layer 1
10
2308.837363
20
369.949239
70
0
0
VERTEX
8
Layer 1
10
2308.954116
20
370.717135
70
0
0
VERTEX
8
Layer 1
10
2308.866582
20
371.501882
70
0
0
VERTEX
8
Layer 1
10
2308.866582
20
371.501882
70
0
0
SEQEND
8
Layer 1
0
POLYLINE
8
Layer 1
62
7
70
0
10
0.000000
20
0.000000
66
1
0
VERTEX
8
Layer 1
10
2296.059521
20
369.343380
70
0
0
VERTEX
8
Layer 1
10
2314.404251
20
292.126064
70
0
0
SEQEND
8
Layer 1
0
POLYLINE
8
Layer 1
62
7
70
0
10
0.000000
20
0.000000
66
1
0
VERTEX
8
Layer 1
10
2314.404251
20
292.126064
70
0
0
VERTEX
8
Layer 1
10
2349.912163
20
260.069214
70
0
0
SEQEND
8
Layer 1
0
POLYLINE
8
Layer 1
62
7
70
0
10
0.000000
20
0.000000
66
1
0
VERTEX
8
Layer 1
10
2357.607242
20
226.524876
70
0
0
VERTEX
8
Layer 1
10
2358.404858
20
228.734705
70
0
0
VERTEX
8
Layer 1
10
2359.021533
20
230.975006
70
0
0
VERTEX
8
Layer 1
10
2359.459508
20
233.236010
70
0
0
VERTEX
8
Layer 1
10
2359.721025
20
235.507946
70
0
0
VERTEX
8
Layer 1
10
2359.808326
20
237.781046
70
0
0
VERTEX
8
Layer 1
10
2359.723651
20
240.045540
70
0
0
VERTEX
8
Layer 1
10
2359.469242
20
242.291659
70
0
0
VERTEX
8
Layer 1
10
2359.047340
20
244.509633
70
0
0
VERTEX
8
Layer 1
10
2358.460188
20
246.689693
70
0
0
VERTEX
8
Layer 1
10
2357.710026
20
248.822070
70
0
0
VERTEX
8
Layer 1
10
2356.799095
20
250.896994
70
0
0
VERTEX
8
Layer 1
10
2355.729638
20
252.904695
70
0
0
VERTEX
8
Layer 1
10
2354.503895
20
254.835405
70
0
0
VERTEX
8
Layer 1
10
2353.124109
20
256.679354
70
0
0
VERTEX
8
Layer 1
10
2351.592520
20
258.426773
70
0
0
VERTEX
8
Layer 1
10
2349.911369
20
260.067891
70
0
0
SEQEND
8
Layer 1
0
POLYLINE
8
Layer 1
62
7
70
0
10
0.000000
20
0.000000
66
1
0
VERTEX
8
Layer 1
10
2345.967045
20
123.333061
70
0
0
VERTEX
8
Layer 1
10
2404.542070
20
267.744793
70
0
0
SEQEND
8
Layer 1
0
POLYLINE
8
Layer 1
62
7
70
0
10
0.000000
20
0.000000
66
1
0
VERTEX
8
Layer 1
10
2315.850885
20
372.217066
70
0
0
VERTEX
8
Layer 1
10
2316.596762
20
367.653949
70
0
0
VERTEX
8
Layer 1
10
2317.500155
20
363.142999
70
0
0
VERTEX
8
Layer 1
10
2318.558383
20
358.687377
70
0
0
VERTEX
8
Layer 1
10
2319.768763
20
354.290242
70
0
0
VERTEX
8
Layer 1
10
2321.128612
20
349.954754
70
0
0
VERTEX
8
Layer 1
10
2322.635247
20
345.684073
70
0
0
VERTEX
8
Layer 1
10
2324.285988
20
341.481357
70
0
0
VERTEX
8
Layer 1
10
2326.078150
20
337.349769
70
0
0
VERTEX
8
Layer 1
10
2328.009051
20
333.292466
70
0
0
VERTEX
8
Layer 1
10
2330.076010
20
329.312608
70
0
0
VERTEX
8
Layer 1
10
2332.276343
20
325.413357
70
0
0
VERTEX
8
Layer 1
10
2334.607368
20
321.597870
70
0
0
VERTEX
8
Layer 1
10
2337.066403
20
317.869309
70
0
0
VERTEX
8
Layer 1
10
2339.650764
20
314.230832
70
0
0
VERTEX
8
Layer 1
10
2342.357770
20
310.685600
70
0
0
VERTEX
8
Layer 1
10
2345.184739
20
307.236773
70
0
0
VERTEX
8
Layer 1
10
2348.128987
20
303.887509
70
0
0
VERTEX
8
Layer 1
10
2351.187832
20
300.640970
70
0
0
VERTEX
8
Layer 1
10
2354.358592
20
297.500314
70
0
0
VERTEX
8
Layer 1
10
2357.638584
20
294.468702
70
0
0
VERTEX
8
Layer 1
10
2361.025125
20
291.549292
70
0
0
VERTEX
8
Layer 1
10
2364.515534
20
288.745246
70
0
0
VERTEX
8
Layer 1
10
2368.107128
20
286.059723
70
0
0
VERTEX
8
Layer 1
10
2371.797224
20
283.495882
70
0
0
VERTEX
8
Layer 1
10
2375.583139
20
281.056883
70
0
0
VERTEX
8
Layer 1
10
2379.462193
20
278.745887
70
0
0
VERTEX
8
Layer 1
10
2383.431700
20
276.566052
70
0
0
VERTEX
8
Layer 1
10
2387.488981
20
274.520539
70
0
0
VERTEX
8
Layer 1
10
2391.631351
20
272.612508
70
0
0
VERTEX
8
Layer 1
10
2395.856129
20
270.845117
70
0
0
VERTEX
8
Layer 1
10
2400.160631
20
269.221528
70
0
0
VERTEX
8
Layer 1
10
2404.542176
20
267.744899
70
0
0
SEQEND
8
Layer 1
0
POLYLINE
8
Layer 1
62
7
70
0
10
0.000000
20
0.000000
66
1
0
VERTEX
8
Layer 1
10
2379.092043
20
1043.211079
70
0
0
VERTEX
8
Layer 1
10
2378.582120
20
1044.287533
70
0
0
VERTEX
8
Layer 1
10
2377.728659
20
1045.058196
70
0
0
VERTEX
8
Layer 1
10
2376.648511
20
1045.452657
70
0
0
VERTEX
8
Layer 1
10
2375.458530
20
1045.400505
70
0
0
VERTEX
8
Layer 1
10
2374.381960
20
1044.890826
70
0
0
VERTEX
8
Layer 1
10
2373.611103
20
1044.037539
70
0
0
VERTEX
8
Layer 1
10
2373.216397
20
1042.957481
70
0
0
VERTEX
8
Layer 1
10
2373.268280
20
1041.767488
70
0
0
VERTEX
8
Layer 1
10
2373.778203
20
1040.691033
70
0
0
VERTEX
8
Layer 1
10
2374.631665
20
1039.920370
70
0
0
VERTEX
8
Layer 1
10
2375.711812
20
1039.525909
70
0
0
VERTEX
8
Layer 1
10
2376.901794
20
1039.578062
70
0
0
VERTEX
8
Layer 1
10
2377.978364
20
1040.087741
70
0
0
VERTEX
8
Layer 1
10
2378.749220
20
1040.941028
70
0
0
VERTEX
8
Layer 1
10
2379.143926
20
1042.021086
70
0
0
VERTEX
8
Layer 1
10
2379.092043
20
1043.211079
70
0
0
VERTEX
8
Layer 1
10
2379.092043
20
1043.211079
70
0
0
SEQEND
8
Layer 1
0
POLYLINE
8
Layer 1
62
7
70
0
10
0.000000
20
0.000000
66
1
0
VERTEX
8
Layer 1
10
2301.962077
20
848.287941
70
0
0
VERTEX
8
Layer 1
10
2301.452156
20
849.364408
70
0
0
VERTEX
8
Layer 1
10
2300.598690
20
850.135080
70
0
0
VERTEX
8
Layer 1
10
2299.518533
20
850.529545
70
0
0
VERTEX
8
Layer 1
10
2298.328542
20
850.477388
70
0
0
VERTEX
8
Layer 1
10
2297.251965
20
849.967699
70
0
0
VERTEX
8
Layer 1
10
2296.481110
20
849.114398
70
0
0
VERTEX
8
Layer 1
10
2296.086413
20
848.034326
70
0
0
VERTEX
8
Layer 1
10
2296.138314
20
846.844323
70
0
0
VERTEX
8
Layer 1
10
2296.648235
20
845.767856
70
0
0
VERTEX
8
Layer 1
10
2297.501701
20
844.997184
70
0
0
VERTEX
8
Layer 1
10
2298.581858
20
844.602720
70
0
0
VERTEX
8
Layer 1
10
2299.771849
20
844.654876
70
0
0
VERTEX
8
Layer 1
10
2300.848426
20
845.164566
70
0
0
VERTEX
8
Layer 1
10
2301.619281
20
846.017866
70
0
0
VERTEX
8
Layer 1
10
2302.013978
20
847.097938
70
0
0
VERTEX
8
Layer 1
10
2301.962077
20
848.287941
70
0
0
VERTEX
8
Layer 1
10
2301.962077
20
848.287941
70
0
0
SEQEND
8
Layer 1
0
POLYLINE
8
Layer 1
62
7
70
0
10
0.000000
20
0.000000
66
1
0
VERTEX
8
Layer 1
10
2335.905589
20
129.317426
70
0
0
VERTEX
8
Layer 1
10
2335.395092
20
130.392793
70
0
0
VERTEX
8
Layer 1
10
2334.541675
20
131.162509
70
0
0
VERTEX
8
Layer 1
10
2333.462011
20
131.556347
70
0
0
VERTEX
8
Layer 1
10
2332.272772
20
131.504080
70
0
0
VERTEX
8
Layer 1
10
2331.196807
20
130.994847
70
0
0
VERTEX
8
Layer 1
10
2330.426088
20
130.142335
70
0
0
VERTEX
8
Layer 1
10
2330.030982
20
129.063134
70
0
0
VERTEX
8
Layer 1
10
2330.081852
20
127.873834
70
0
0
VERTEX
8
Layer 1
10
2330.592349
20
126.798468
70
0
0
VERTEX
8
Layer 1
10
2331.445766
20
126.028751
70
0
0
VERTEX
8
Layer 1
10
2332.525430
20
125.634913
70
0
0
VERTEX
8
Layer 1
10
2333.714669
20
125.687180
70
0
0
VERTEX
8
Layer 1
10
2334.790635
20
126.196413
70
0
0
VERTEX
8
Layer 1
10
2335.561353
20
127.048926
70
0
0
VERTEX
8
Layer 1
10
2335.956459
20
128.128127
70
0
0
VERTEX
8
Layer 1
10
2335.905589
20
129.317426
70
0
0
VERTEX
8
Layer 1
10
2335.905589
20
129.317426
70
0
0
SEQEND
8
Layer 1
0
POLYLINE
8
Layer 1
62
7
70
0
10
0.000000
20
0.000000
66
1
0
VERTEX
8
Layer 1
10
2390.185770
20
1081.290208
70
0
0
VERTEX
8
Layer 1
10
2384.219444
20
1071.227568
70
0
0
VERTEX
8
Layer 1
10
2378.391981
20
1061.102076
70
0
0
VERTEX
8
Layer 1
10
2372.703568
20
1050.915144
70
0
0
VERTEX
8
Layer 1
10
2367.154390
20
1040.668181
70
0
0
VERTEX
8
Layer 1
10
2361.744634
20
1030.362599
70
0
0
VERTEX
8
Layer 1
10
2356.474488
20
1019.999808
70
0
0
VERTEX
8
Layer 1
10
2346.353767
20
999.108241
70
0
0
VERTEX
8
Layer 1
10
2336.793719
20
978.004765
70
0
0
VERTEX
8
Layer 1
10
2327.795837
20
956.700665
70
0
0
VERTEX
8
Layer 1
10
2319.361612
20
935.207224
70
0
0
VERTEX
8
Layer 1
10
2311.492536
20
913.535728
70
0
0
VERTEX
8
Layer 1
10
2304.190100
20
891.697462
70
0
0
VERTEX
8
Layer 1
10
2297.455798
20
869.703709
70
0
0
VERTEX
8
Layer 1
10
2291.291121
20
847.565754
70
0
0
VERTEX
8
Layer 1
10
2285.697560
20
825.294882
70
0
0
VERTEX
8
Layer 1
10
2280.676609
20
802.902378
70
0
0
VERTEX
8
Layer 1
10
2276.229758
20
780.399526
70
0
0
VERTEX
8
Layer 1
10
2272.358500
20
757.797610
70
0
0
VERTEX
8
Layer 1
10
2269.064326
20
735.107916
70
0
0
VERTEX
8
Layer 1
10
2266.348729
20
712.341727
70
0
0
VERTEX
8
Layer 1
10
2264.213201
20
689.510329
70
0
0
VERTEX
8
Layer 1
10
2262.659233
20
666.625005
70
0
0
VERTEX
8
Layer 1
10
2261.688318
20
643.697041
70
0
0
VERTEX
8
Layer 1
10
2261.301947
20
620.737722
70
0
0
VERTEX
8
Layer 1
10
2261.501612
20
597.758331
70
0
0
VERTEX
8
Layer 1
10
2262.288805
20
574.770153
70
0
0
VERTEX
8
Layer 1
10
2263.665019
20
551.784473
70
0
0
VERTEX
8
Layer 1
10
2265.631745
20
528.812575
70
0
0
VERTEX
8
Layer 1
10
2268.190475
20
505.865744
70
0
0
VERTEX
8
Layer 1
10
2271.342701
20
482.955265
70
0
0
VERTEX
8
Layer 1
10
2275.089915
20
460.092422
70
0
0
VERTEX
8
Layer 1
10
2279.433609
20
437.288499
70
0
0
VERTEX
8
Layer 1
10
2281.829602
20
425.912160
70
0
0
VERTEX
8
Layer 1
10
2284.375274
20
414.554782
70
0
0
VERTEX
8
Layer 1
10
2287.070813
20
403.217777
70
0
0
VERTEX
8
Layer 1
10
2289.916404
20
391.902555
70
0
0
VERTEX
8
Layer 1
10
2292.912234
20
380.610526
70
0
0
VERTEX
8
Layer 1
10
2296.058489
20
369.343102
70
0
0
SEQEND
8
Layer 1
0
POLYLINE
8
Layer 1
62
7
70
0
10
0.000000
20
0.000000
66
1
0
VERTEX
8
Layer 1
10
2357.608618
20
226.523897
70
0
0
VERTEX
8
Layer 1
10
2320.020634
20
133.856585
70
0
0
SEQEND
8
Layer 1
0
POLYLINE
8
Layer 1
62
7
70
0
10
0.000000
20
0.000000
66
1
0
VERTEX
8
Layer 1
10
2320.020581
20
133.856559
70
0
0
VERTEX
8
Layer 1
10
2319.223823
20
131.135120
70
0
0
VERTEX
8
Layer 1
10
2318.992137
20
128.393351
70
0
0
VERTEX
8
Layer 1
10
2319.294515
20
125.704572
70
0
0
VERTEX
8
Layer 1
10
2320.099951
20
123.142103
70
0
0
VERTEX
8
Layer 1
10
2321.377437
20
120.779264
70
0
0
VERTEX
8
Layer 1
10
2323.095965
20
118.689377
70
0
0
VERTEX
8
Layer 1
10
2325.224528
20
116.945762
70
0
0
VERTEX
8
Layer 1
10
2327.732120
20
115.621739
70
0
0
VERTEX
8
Layer 1
10
2330.453512
20
114.824822
70
0
0
VERTEX
8
Layer 1
10
2333.195267
20
114.592976
70
0
0
VERTEX
8
Layer 1
10
2335.884064
20
114.895198
70
0
0
VERTEX
8
Layer 1
10
2338.446580
20
115.700484
70
0
0
VERTEX
8
Layer 1
10
2340.809493
20
116.977832
70
0
0
VERTEX
8
Layer 1
10
2342.899481
20
118.696239
70
0
0
VERTEX
8
Layer 1
10
2344.643220
20
120.824700
70
0
0
VERTEX
8
Layer 1
10
2345.967389
20
123.332214
70
0
0
SEQEND
8
Layer 1
0
POLYLINE
8
Layer 1
62
7
70
0
10
0.000000
20
0.000000
66
1
0
VERTEX
8
Layer 1
10
2402.770290
20
1073.681913
70
0
0
VERTEX
8
Layer 1
10
2396.867292
20
1063.767770
70
0
0
VERTEX
8
Layer 1
10
2391.104833
20
1053.790206
70
0
0
VERTEX
8
Layer 1
10
2385.483094
20
1043.750681
70
0
0
VERTEX
8
Layer 1
10
2380.002256
20
1033.650656
70
0
0
VERTEX
8
Layer 1
10
2374.662500
20
1023.491595
70
0
0
VERTEX
8
Layer 1
10
2369.464007
20
1013.274958
70
0
0
VERTEX
8
Layer 1
10
2364.406959
20
1003.002207
70
0
0
VERTEX
8
Layer 1
10
2359.491536
20
992.674804
70
0
0
VERTEX
8
Layer 1
10
2354.717920
20
982.294210
70
0
0
VERTEX
8
Layer 1
10
2350.086292
20
971.861888
70
0
0
VERTEX
8
Layer 1
10
2345.596833
20
961.379298
70
0
0
VERTEX
8
Layer 1
10
2341.249724
20
950.847903
70
0
0
VERTEX
8
Layer 1
10
2332.983280
20
929.644543
70
0
0
VERTEX
8
Layer 1
10
2325.288410
20
908.263501
70
0
0
VERTEX
8
Layer 1
10
2318.166562
20
886.716471
70
0
0
VERTEX
8
Layer 1
10
2311.619186
20
865.015147
70
0
0
VERTEX
8
Layer 1
10
2305.647730
20
843.171221
70
0
0
VERTEX
8
Layer 1
10
2300.253644
20
821.196388
70
0
0
VERTEX
8
Layer 1
10
2295.438376
20
799.102340
70
0
0
VERTEX
8
Layer 1
10
2291.203376
20
776.900771
70
0
0
VERTEX
8
Layer 1
10
2287.550091
20
754.603376
70
0
0
VERTEX
8
Layer 1
10
2284.479972
20
732.221846
70
0
0
VERTEX
8
Layer 1
10
2281.994467
20
709.767876
70
0
0
VERTEX
8
Layer 1
10
2280.095026
20
687.253160
70
0
0
VERTEX
8
Layer 1
10
2278.783096
20
664.689390
70
0
0
VERTEX
8
Layer 1
10
2278.060127
20
642.088260
70
0
0
VERTEX
8
Layer 1
10
2277.927569
20
619.461464
70
0
0
VERTEX
8
Layer 1
10
2278.386869
20
596.820695
70
0
0
VERTEX
8
Layer 1
10
2279.439477
20
574.177647
70
0
0
VERTEX
8
Layer 1
10
2281.086842
20
551.544013
70
0
0
VERTEX
8
Layer 1
10
2283.330413
20
528.931486
70
0
0
VERTEX
8
Layer 1
10
2286.171639
20
506.351761
70
0
0
VERTEX
8
Layer 1
10
2287.816825
20
495.077852
70
0
0
VERTEX
8
Layer 1
10
2289.611969
20
483.816530
70
0
0
VERTEX
8
Layer 1
10
2291.557250
20
472.569254
70
0
0
VERTEX
8
Layer 1
10
2293.652851
20
461.337487
70
0
0
VERTEX
8
Layer 1
10
2295.898952
20
450.122690
70
0
0
VERTEX
8
Layer 1
10
2298.295734
20
438.926326
70
0
0
VERTEX
8
Layer 1
10
2300.843380
20
427.749855
70
0
0
VERTEX
8
Layer 1
10
2303.542069
20
416.594739
70
0
0
VERTEX
8
Layer 1
10
2306.391983
20
405.462441
70
0
0
VERTEX
8
Layer 1
10
2309.393303
20
394.354422
70
0
0
VERTEX
8
Layer 1
10
2312.546210
20
383.272143
70
0
0
VERTEX
8
Layer 1
10
2315.850885
20
372.217066
70
0
0
SEQEND
8
Layer 1
0
POLYLINE
8
Layer 1
62
7
70
0
10
0.000000
20
0.000000
66
1
0
VERTEX
8
Layer 1
10
2390.184976
20
1081.289494
70
0
0
VERTEX
8
Layer 1
10
2402.769761
20
1073.682600
70
0
0
SEQEND
8
Layer 1
0
POLYLINE
8
Layer 1
62
7
70
0
10
0.000000
20
0.000000
66
1
0
VERTEX
8
Layer 1
10
2299.238248
20
37.457092
70
0
0
VERTEX
8
Layer 1
10
2298.634493
20
38.482693
70
0
0
VERTEX
8
Layer 1
10
2297.716407
20
39.173592
70
0
0
VERTEX
8
Layer 1
10
2296.606344
20
39.470214
70
0
0
VERTEX
8
Layer 1
10
2295.426659
20
39.312984
70
0
0
VERTEX
8
Layer 1
10
2294.400138
20
38.710794
70
0
0
VERTEX
8
Layer 1
10
2293.707839
20
37.793764
70
0
0
VERTEX
8
Layer 1
10
2293.409523
20
36.684155
70
0
0
VERTEX
8
Layer 1
10
2293.564953
20
35.504231
70
0
0
VERTEX
8
Layer 1
10
2294.168709
20
34.478630
70
0
0
VERTEX
8
Layer 1
10
2295.086795
20
33.787731
70
0
0
VERTEX
8
Layer 1
10
2296.196857
20
33.491109
70
0
0
VERTEX
8
Layer 1
10
2297.376542
20
33.648340
70
0
0
VERTEX
8
Layer 1
10
2298.403063
20
34.250529
70
0
0
VERTEX
8
Layer 1
10
2299.095363
20
35.167560
70
0
0
VERTEX
8
Layer 1
10
2299.393678
20
36.277169
70
0
0
VERTEX
8
Layer 1
10
2299.238248
20
37.457092
70
0
0
VERTEX
8
Layer 1
10
2299.238248
20
37.457092
70
0
0
SEQEND
8
Layer 1
0
POLYLINE
8
Layer 1
62
7
70
0
10
0.000000
20
0.000000
66
1
0
VERTEX
8
Layer 1
10
2210.248746
20
194.472445
70
0
0
VERTEX
8
Layer 1
10
2209.895782
20
195.178776
70
0
0
VERTEX
8
Layer 1
10
2209.380485
20
195.759950
70
0
0
VERTEX
8
Layer 1
10
2208.733331
20
196.189468
70
0
0
VERTEX
8
Layer 1
10
2207.984797
20
196.440832
70
0
0
VERTEX
8
Layer 1
10
2207.196615
20
196.488322
70
0
0
VERTEX
8
Layer 1
10
2206.435655
20
196.332648
70
0
0
VERTEX
8
Layer 1
10
2205.740104
20
195.986955
70
0
0
VERTEX
8
Layer 1
10
2205.148150
20
195.464388
70
0
0
VERTEX
8
Layer 1
10
2204.712931
20
194.805547
70
0
0
VERTEX
8
Layer 1
10
2204.467268
20
194.068700
70
0
0
VERTEX
8
Layer 1
10
2204.418872
20
193.293489
70
0
0
VERTEX
8
Layer 1
10
2204.575451
20
192.519558
70
0
0
VERTEX
8
Layer 1
10
2205.178445
20
191.492140
70
0
0
VERTEX
8
Layer 1
10
2206.096736
20
190.799739
70
0
0
VERTEX
8
Layer 1
10
2207.207657
20
190.502196
70
0
0
VERTEX
8
Layer 1
10
2208.388542
20
190.659354
70
0
0
VERTEX
8
Layer 1
10
2209.415959
20
191.262348
70
0
0
VERTEX
8
Layer 1
10
2210.108361
20
192.180639
70
0
0
VERTEX
8
Layer 1
10
2210.405904
20
193.291560
70
0
0
VERTEX
8
Layer 1
10
2210.248746
20
194.472445
70
0
0
VERTEX
8
Layer 1
10
2210.248746
20
194.472445
70
0
0
SEQEND
8
Layer 1
0
POLYLINE
8
Layer 1
62
7
70
0
10
0.000000
20
0.000000
66
1
0
VERTEX
8
Layer 1
10
2203.307622
20
274.525487
70
0
0
VERTEX
8
Layer 1
10
2202.703372
20
275.549912
70
0
0
VERTEX
8
Layer 1
10
2201.785416
20
276.239835
70
0
0
VERTEX
8
Layer 1
10
2200.675907
20
276.535856
70
0
0
VERTEX
8
Layer 1
10
2199.496998
20
276.378572
70
0
0
VERTEX
8
Layer 1
10
2198.471060
20
275.776895
70
0
0
VERTEX
8
Layer 1
10
2197.778834
20
274.860673
70
0
0
VERTEX
8
Layer 1
10
2197.480029
20
273.751910
70
0
0
VERTEX
8
Layer 1
10
2197.634354
20
272.572610
70
0
0
VERTEX
8
Layer 1
10
2198.238605
20
271.548186
70
0
0
VERTEX
8
Layer 1
10
2199.156561
20
270.858262
70
0
0
VERTEX
8
Layer 1
10
2200.266070
20
270.562241
70
0
0
VERTEX
8
Layer 1
10
2201.444979
20
270.719525
70
0
0
VERTEX
8
Layer 1
10
2202.470917
20
271.321203
70
0
0
VERTEX
8
Layer 1
10
2203.163143
20
272.237424
70
0
0
VERTEX
8
Layer 1
10
2203.461947
20
273.346187
70
0
0
VERTEX
8
Layer 1
10
2203.307622
20
274.525487
70
0
0
VERTEX
8
Layer 1
10
2203.307622
20
274.525487
70
0
0
SEQEND
8
Layer 1
0
POLYLINE
8
Layer 1
62
7
70
0
10
0.000000
20
0.000000
66
1
0
VERTEX
8
Layer 1
10
2181.545644
20
796.270950
70
0
0
VERTEX
8
Layer 1
10
2180.940835
20
797.294044
70
0
0
VERTEX
8
Layer 1
10
2180.023027
20
797.982865
70
0
0
VERTEX
8
Layer 1
10
2178.914144
20
798.278208
70
0
0
VERTEX
8
Layer 1
10
2177.736112
20
798.120864
70
0
0
VERTEX
8
Layer 1
10
2176.710833
20
797.519767
70
0
0
VERTEX
8
Layer 1
10
2176.018689
20
796.604461
70
0
0
VERTEX
8
Layer 1
10
2175.719330
20
795.496657
70
0
0
VERTEX
8
Layer 1
10
2175.872402
20
794.318063
70
0
0
VERTEX
8
Layer 1
10
2176.477212
20
793.294969
70
0
0
VERTEX
8
Layer 1
10
2177.395020
20
792.606147
70
0
0
VERTEX
8
Layer 1
10
2178.503903
20
792.310804
70
0
0
VERTEX
8
Layer 1
10
2179.681934
20
792.468148
70
0
0
VERTEX
8
Layer 1
10
2180.707213
20
793.069245
70
0
0
VERTEX
8
Layer 1
10
2181.399357
20
793.984551
70
0
0
VERTEX
8
Layer 1
10
2181.698717
20
795.092356
70
0
0
VERTEX
8
Layer 1
10
2181.545644
20
796.270950
70
0
0
VERTEX
8
Layer 1
10
2181.545644
20
796.270950
70
0
0
SEQEND
8
Layer 1
0
POLYLINE
8
Layer 1
62
7
70
0
10
0.000000
20
0.000000
66
1
0
VERTEX
8
Layer 1
10
2251.628151
20
1023.427811
70
0
0
VERTEX
8
Layer 1
10
2251.024396
20
1024.453412
70
0
0
VERTEX
8
Layer 1
10
2250.106310
20
1025.144312
70
0
0
VERTEX
8
Layer 1
10
2248.996247
20
1025.440934
70
0
0
VERTEX
8
Layer 1
10
2247.816562
20
1025.283703
70
0
0
VERTEX
8
Layer 1
10
2246.790041
20
1024.681514
70
0
0
VERTEX
8
Layer 1
10
2246.097742
20
1023.764483
70
0
0
VERTEX
8
Layer 1
10
2245.799426
20
1022.654874
70
0
0
VERTEX
8
Layer 1
10
2245.954856
20
1021.474951
70
0
0
VERTEX
8
Layer 1
10
2246.558612
20
1020.449349
70
0
0
VERTEX
8
Layer 1
10
2247.476698
20
1019.758450
70
0
0
VERTEX
8
Layer 1
10
2248.586760
20
1019.461828
70
0
0
VERTEX
8
Layer 1
10
2249.766445
20
1019.619059
70
0
0
VERTEX
8
Layer 1
10
2250.792967
20
1020.221248
70
0
0
VERTEX
8
Layer 1
10
2251.485266
20
1021.138279
70
0
0
VERTEX
8
Layer 1
10
2251.783581
20
1022.247888
70
0
0
VERTEX
8
Layer 1
10
2251.628151
20
1023.427811
70
0
0
VERTEX
8
Layer 1
10
2251.628151
20
1023.427811
70
0
0
SEQEND
8
Layer 1
0
POLYLINE
8
Layer 1
62
7
70
0
10
0.000000
20
0.000000
66
1
0
VERTEX
8
Layer 1
10
2261.282308
20
1068.249097
70
0
0
VERTEX
8
Layer 1
10
2274.447562
20
1061.803591
70
0
0
SEQEND
8
Layer 1
0
POLYLINE
8
Layer 1
62
7
70
0
10
0.000000
20
0.000000
66
1
0
VERTEX
8
Layer 1
10
2160.723227
20
114.410290
70
0
0
VERTEX
8
Layer 1
10
2288.370633
20
25.012801
70
0
0
SEQEND
8
Layer 1
0
POLYLINE
8
Layer 1
62
7
70
0
10
0.000000
20
0.000000
66
1
0
VERTEX
8
Layer 1
10
2288.370633
20
25.012801
70
0
0
VERTEX
8
Layer 1
10
2289.960260
20
24.049187
70
0
0
VERTEX
8
Layer 1
10
2291.640842
20
23.313036
70
0
0
VERTEX
8
Layer 1
10
2293.388900
20
22.806407
70
0
0
VERTEX
8
Layer 1
10
2295.180951
20
22.531363
70
0
0
VERTEX
8
Layer 1
10
2296.993513
20
22.489965
70
0
0
VERTEX
8
Layer 1
10
2298.803104
20
22.684275
70
0
0
VERTEX
8
Layer 1
10
2300.586244
20
23.116353
70
0
0
VERTEX
8
Layer 1
10
2302.319449
20
23.788262
70
0
0
VERTEX
8
Layer 1
10
2303.948593
20
24.683445
70
0
0
VERTEX
8
Layer 1
10
2305.426189
20
25.771098
70
0
0
VERTEX
8
Layer 1
10
2306.738713
20
27.031914
70
0
0
VERTEX
8
Layer 1
10
2307.872645
20
28.446585
70
0
0
VERTEX
8
Layer 1
10
2308.814461
20
29.995804
70
0
0
VERTEX
8
Layer 1
10
2309.550640
20
31.660261
70
0
0
VERTEX
8
Layer 1
10
2310.067659
20
33.420650
70
0
0
VERTEX
8
Layer 1
10
2310.351996
20
35.257663
70
0
0
VERTEX
8
Layer 1
10
2310.390938
20
37.116142
70
0
0
VERTEX
8
Layer 1
10
2310.187427
20
38.939562
70
0
0
VERTEX
8
Layer 1
10
2309.751430
20
40.706561
70
0
0
VERTEX
8
Layer 1
10
2309.092910
20
42.395775
70
0
0
VERTEX
8
Layer 1
10
2308.221830
20
43.985843
70
0
0
VERTEX
8
Layer 1
10
2307.148157
20
45.455402
70
0
0
VERTEX
8
Layer 1
10
2305.881854
20
46.783090
70
0
0
VERTEX
8
Layer 1
10
2304.432885
20
47.947544
70
0
0
SEQEND
8
Layer 1
0
POLYLINE
8
Layer 1
62
7
70
0
10
0.000000
20
0.000000
66
1
0
VERTEX
8
Layer 1
10
2222.522619
20
105.314297
70
0
0
VERTEX
8
Layer 1
10
2304.432383
20
47.949184
70
0
0
SEQEND
8
Layer 1
0
POLYLINE
8
Layer 1
62
7
70
0
10
0.000000
20
0.000000
66
1
0
VERTEX
8
Layer 1
10
2210.755449
20
137.653378
70
0
0
VERTEX
8
Layer 1
10
2210.235997
20
135.362153
70
0
0
VERTEX
8
Layer 1
10
2209.899862
20
133.062967
70
0
0
VERTEX
8
Layer 1
10
2209.743616
20
130.765240
70
0
0
VERTEX
8
Layer 1
10
2209.763832
20
128.478390
70
0
0
VERTEX
8
Layer 1
10
2209.957082
20
126.211837
70
0
0
VERTEX
8
Layer 1
10
2210.319939
20
123.975000
70
0
0
VERTEX
8
Layer 1
10
2210.848977
20
121.777297
70
0
0
VERTEX
8
Layer 1
10
2211.540767
20
119.628148
70
0
0
VERTEX
8
Layer 1
10
2212.391882
20
117.536973
70
0
0
VERTEX
8
Layer 1
10
2213.398896
20
115.513189
70
0
0
VERTEX
8
Layer 1
10
2214.558380
20
113.566216
70
0
0
VERTEX
8
Layer 1
10
2215.866908
20
111.705473
70
0
0
VERTEX
8
Layer 1
10
2217.321052
20
109.940380
70
0
0
VERTEX
8
Layer 1
10
2218.917385
20
108.280355
70
0
0
VERTEX
8
Layer 1
10
2220.652480
20
106.734817
70
0
0
VERTEX
8
Layer 1
10
2222.522910
20
105.313186
70
0
0
SEQEND
8
Layer 1
0
POLYLINE
8
Layer 1
62
7
70
0
10
0.000000
20
0.000000
66
1
0
VERTEX
8
Layer 1
10
2210.201465
20
275.855347
70
0
0
VERTEX
8
Layer 1
10
2226.966978
20
198.135279
70
0
0
SEQEND
8
Layer 1
0
POLYLINE
8
Layer 1
62
7
70
0
10
0.000000
20
0.000000
66
1
0
VERTEX
8
Layer 1
10
2274.448355
20
1061.804120
70
0
0
VERTEX
8
Layer 1
10
2263.715434
20
1038.722175
70
0
0
VERTEX
8
Layer 1
10
2253.537406
20
1015.446668
70
0
0
VERTEX
8
Layer 1
10
2243.915074
20
991.987413
70
0
0
VERTEX
8
Layer 1
10
2234.849240
20
968.354226
70
0
0
VERTEX
8
Layer 1
10
2226.340707
20
944.556920
70
0
0
VERTEX
8
Layer 1
10
2218.390275
20
920.605310
70
0
0
VERTEX
8
Layer 1
10
2210.998749
20
896.509210
70
0
0
VERTEX
8
Layer 1
10
2204.166930
20
872.278437
70
0
0
VERTEX
8
Layer 1
10
2197.895620
20
847.922803
70
0
0
VERTEX
8
Layer 1
10
2192.185622
20
823.452124
70
0
0
VERTEX
8
Layer 1
10
2187.037737
20
798.876214
70
0
0
VERTEX
8
Layer 1
10
2182.452770
20
774.204888
70
0
0
VERTEX
8
Layer 1
10
2178.431520
20
749.447960
70
0
0
VERTEX
8
Layer 1
10
2174.974792
20
724.615245
70
0
0
VERTEX
8
Layer 1
10
2172.083387
20
699.716558
70
0
0
VERTEX
8
Layer 1
10
2169.758107
20
674.761713
70
0
0
VERTEX
8
Layer 1
10
2167.999755
20
649.760524
70
0
0
VERTEX
8
Layer 1
10
2166.809133
20
624.722807
70
0
0
VERTEX
8
Layer 1
10
2166.187043
20
599.658376
70
0
0
VERTEX
8
Layer 1
10
2166.134288
20
574.577046
70
0
0
VERTEX
8
Layer 1
10
2166.651670
20
549.488631
70
0
0
VERTEX
8
Layer 1
10
2167.739990
20
524.402945
70
0
0
VERTEX
8
Layer 1
10
2169.400053
20
499.329804
70
0
0
VERTEX
8
Layer 1
10
2171.632659
20
474.279022
70
0
0
VERTEX
8
Layer 1
10
2174.438611
20
449.260413
70
0
0
VERTEX
8
Layer 1
10
2177.818712
20
424.283792
70
0
0
VERTEX
8
Layer 1
10
2181.773763
20
399.358974
70
0
0
VERTEX
8
Layer 1
10
2186.304567
20
374.495774
70
0
0
VERTEX
8
Layer 1
10
2191.411927
20
349.704005
70
0
0
VERTEX
8
Layer 1
10
2197.096643
20
324.993483
70
0
0
VERTEX
8
Layer 1
10
2203.359520
20
300.374022
70
0
0
VERTEX
8
Layer 1
10
2210.201359
20
275.855437
70
0
0
SEQEND
8
Layer 1
0
POLYLINE
8
Layer 1
62
7
70
0
10
0.000000
20
0.000000
66
1
0
VERTEX
8
Layer 1
10
2261.282494
20
1068.249309
70
0
0
VERTEX
8
Layer 1
10
2250.444694
20
1044.847703
70
0
0
VERTEX
8
Layer 1
10
2240.155493
20
1021.254174
70
0
0
VERTEX
8
Layer 1
10
2230.415728
20
997.478208
70
0
0
VERTEX
8
Layer 1
10
2221.226239
20
973.529287
70
0
0
VERTEX
8
Layer 1
10
2212.587867
20
949.416894
70
0
0
VERTEX
8
Layer 1
10
2204.501449
20
925.150514
70
0
0
VERTEX
8
Layer 1
10
2196.967826
20
900.739629
70
0
0
VERTEX
8
Layer 1
10
2189.987837
20
876.193723
70
0
0
VERTEX
8
Layer 1
10
2183.562321
20
851.522280
70
0
0
VERTEX
8
Layer 1
10
2177.692117
20
826.734783
70
0
0
VERTEX
8
Layer 1
10
2172.378066
20
801.840715
70
0
0
VERTEX
8
Layer 1
10
2167.621005
20
776.849560
70
0
0
VERTEX
8
Layer 1
10
2163.421775
20
751.770801
70
0
0
VERTEX
8
Layer 1
10
2159.781216
20
726.613922
70
0
0
VERTEX
8
Layer 1
10
2156.700165
20
701.388406
70
0
0
VERTEX
8
Layer 1
10
2154.179464
20
676.103736
70
0
0
VERTEX
8
Layer 1
10
2152.219950
20
650.769397
70
0
0
VERTEX
8
Layer 1
10
2150.822464
20
625.394871
70
0
0
VERTEX
8
Layer 1
10
2149.987845
20
599.989642
70
0
0
VERTEX
8
Layer 1
10
2149.716932
20
574.563194
70
0
0
VERTEX
8
Layer 1
10
2150.010565
20
549.125009
70
0
0
VERTEX
8
Layer 1
10
2150.869583
20
523.684572
70
0
0
VERTEX
8
Layer 1
10
2152.294825
20
498.251365
70
0
0
VERTEX
8
Layer 1
10
2154.287130
20
472.834873
70
0
0
VERTEX
8
Layer 1
10
2156.847339
20
447.444578
70
0
0
VERTEX
8
Layer 1
10
2159.976290
20
422.089964
70
0
0
VERTEX
8
Layer 1
10
2163.674823
20
396.780515
70
0
0
VERTEX
8
Layer 1
10
2167.943777
20
371.525714
70
0
0
VERTEX
8
Layer 1
10
2172.783991
20
346.335044
70
0
0
VERTEX
8
Layer 1
10
2178.196305
20
321.217989
70
0
0
VERTEX
8
Layer 1
10
2184.181559
20
296.184032
70
0
0
VERTEX
8
Layer 1
10
2190.740591
20
271.242657
70
0
0
SEQEND
8
Layer 1
0
POLYLINE
8
Layer 1
62
7
70
0
10
0.000000
20
0.000000
66
1
0
VERTEX
8
Layer 1
10
2160.723121
20
114.410555
70
0
0
VERTEX
8
Layer 1
10
2166.463695
20
123.090799
70
0
0
VERTEX
8
Layer 1
10
2171.707818
20
132.018904
70
0
0
VERTEX
8
Layer 1
10
2176.451459
20
141.173810
70
0
0
VERTEX
8
Layer 1
10
2180.690585
20
150.534452
70
0
0
VERTEX
8
Layer 1
10
2184.421167
20
160.079767
70
0
0
VERTEX
8
Layer 1
10
2187.639172
20
169.788692
70
0
0
VERTEX
8
Layer 1
10
2190.340569
20
179.640165
70
0
0
VERTEX
8
Layer 1
10
2192.521327
20
189.613122
70
0
0
VERTEX
8
Layer 1
10
2194.177413
20
199.686501
70
0
0
VERTEX
8
Layer 1
10
2195.304797
20
209.839238
70
0
0
VERTEX
8
Layer 1
10
2195.899447
20
220.050270
70
0
0
VERTEX
8
Layer 1
10
2195.957332
20
230.298535
70
0
0
VERTEX
8
Layer 1
10
2195.474421
20
240.562969
70
0
0
VERTEX
8
Layer 1
10
2194.446681
20
250.822510
70
0
0
VERTEX
8
Layer 1
10
2192.870082
20
261.056093
70
0
0
VERTEX
8
Layer 1
10
2190.740591
20
271.242657
70
0
0
SEQEND
8
Layer 1
0
POLYLINE
8
Layer 1
62
7
70
0
10
0.000000
20
0.000000
66
1
0
VERTEX
8
Layer 1
10
2226.966978
20
198.135279
70
0
0
VERTEX
8
Layer 1
10
2210.755263
20
137.654224
70
0
0
SEQEND
8
Layer 1
0
POLYLINE
8
Layer 1
62
7
70
0
10
0.000000
20
0.000000
66
1
0
VERTEX
8
Layer 1
10
2272.221440
20
386.650637
70
0
0
VERTEX
8
Layer 1
10
2271.074454
20
386.965520
70
0
0
VERTEX
8
Layer 1
10
2269.935098
20
386.821827
70
0
0
VERTEX
8
Layer 1
10
2268.932441
20
386.261954
70
0
0
VERTEX
8
Layer 1
10
2268.195551
20
385.328295
70
0
0
VERTEX
8
Layer 1
10
2267.877892
20
384.182075
70
0
0
VERTEX
8
Layer 1
10
2268.018825
20
383.042374
70
0
0
VERTEX
8
Layer 1
10
2268.576268
20
382.038364
70
0
0
VERTEX
8
Layer 1
10
2269.508141
20
381.299216
70
0
0
VERTEX
8
Layer 1
10
2270.655126
20
380.984333
70
0
0
VERTEX
8
Layer 1
10
2271.794482
20
381.128026
70
0
0
VERTEX
8
Layer 1
10
2272.797140
20
381.687899
70
0
0
VERTEX
8
Layer 1
10
2273.534029
20
382.621558
70
0
0
VERTEX
8
Layer 1
10
2273.851689
20
383.767778
70
0
0
VERTEX
8
Layer 1
10
2273.710756
20
384.907479
70
0
0
VERTEX
8
Layer 1
10
2273.153312
20
385.911489
70
0
0
VERTEX
8
Layer 1
10
2272.221440
20
386.650637
70
0
0
VERTEX
8
Layer 1
10
2272.221440
20
386.650637
70
0
0
SEQEND
8
Layer 1
0
POLYLINE
8
Layer 1
62
7
70
0
10
0.000000
20
0.000000
66
1
0
VERTEX
8
Layer 1
10
2251.084406
20
484.276605
70
0
0
VERTEX
8
Layer 1
10
2249.936774
20
484.593151
70
0
0
VERTEX
8
Layer 1
10
2248.796339
20
484.450311
70
0
0
VERTEX
8
Layer 1
10
2247.792542
20
483.890502
70
0
0
VERTEX
8
Layer 1
10
2247.054823
20
482.956140
70
0
0
VERTEX
8
Layer 1
10
2246.737079
20
481.808839
70
0
0
VERTEX
8
Layer 1
10
2246.878729
20
480.668256
70
0
0
VERTEX
8
Layer 1
10
2247.437490
20
479.663875
70
0
0
VERTEX
8
Layer 1
10
2248.371081
20
478.925181
70
0
0
VERTEX
8
Layer 1
10
2249.518714
20
478.608635
70
0
0
VERTEX
8
Layer 1
10
2250.659149
20
478.751475
70
0
0
VERTEX
8
Layer 1
10
2251.662946
20
479.311284
70
0
0
VERTEX
8
Layer 1
10
2252.400665
20
480.245645
70
0
0
VERTEX
8
Layer 1
10
2252.718409
20
481.392947
70
0
0
VERTEX
8
Layer 1
10
2252.576759
20
482.533530
70
0
0
VERTEX
8
Layer 1
10
2252.017998
20
483.537911
70
0
0
VERTEX
8
Layer 1
10
2251.084406
20
484.276605
70
0
0
VERTEX
8
Layer 1
10
2251.084406
20
484.276605
70
0
0
SEQEND
8
Layer 1
0
POLYLINE
8
Layer 1
62
7
70
0
10
0.000000
20
0.000000
66
1
0
VERTEX
8
Layer 1
10
2265.411073
20
808.984269
70
0
0
VERTEX
8
Layer 1
10
2264.262947
20
809.302065
70
0
0
VERTEX
8
Layer 1
10
2263.121695
20
809.159861
70
0
0
VERTEX
8
Layer 1
10
2262.117038
20
808.600091
70
0
0
VERTEX
8
Layer 1
10
2261.378697
20
807.665190
70
0
0
VERTEX
8
Layer 1
10
2261.060900
20
806.517064
70
0
0
VERTEX
8
Layer 1
10
2261.203104
20
805.375812
70
0
0
VERTEX
8
Layer 1
10
2261.762874
20
804.371155
70
0
0
VERTEX
8
Layer 1
10
2262.697775
20
803.632814
70
0
0
VERTEX
8
Layer 1
10
2263.442881
20
803.371463
70
0
0
VERTEX
8
Layer 1
10
2264.217395
20
803.312970
70
0
0
VERTEX
8
Layer 1
10
2264.980993
20
803.455143
70
0
0
VERTEX
8
Layer 1
10
2265.693347
20
803.795786
70
0
0
VERTEX
8
Layer 1
10
2266.292238
20
804.310390
70
0
0
VERTEX
8
Layer 1
10
2266.730151
20
804.951893
70
0
0
VERTEX
8
Layer 1
10
2266.988825
20
805.684274
70
0
0
VERTEX
8
Layer 1
10
2267.049996
20
806.471513
70
0
0
VERTEX
8
Layer 1
10
2266.903781
20
807.247469
70
0
0
VERTEX
8
Layer 1
10
2266.567180
20
807.947465
70
0
0
VERTEX
8
Layer 1
10
2266.062257
20
808.537674
70
0
0
VERTEX
8
Layer 1
10
2265.411073
20
808.984269
70
0
0
VERTEX
8
Layer 1
10
2265.411073
20
808.984269
70
0
0
SEQEND
8
Layer 1
0
POLYLINE
8
Layer 1
62
7
70
0
10
0.000000
20
0.000000
66
1
0
VERTEX
8
Layer 1
10
2378.943295
20
1184.631539
70
0
0
VERTEX
8
Layer 1
10
2377.795271
20
1184.949073
70
0
0
VERTEX
8
Layer 1
10
2376.654189
20
1184.806735
70
0
0
VERTEX
8
Layer 1
10
2375.649712
20
1184.246955
70
0
0
VERTEX
8
Layer 1
10
2374.911501
20
1183.312164
70
0
0
VERTEX
8
Layer 1
10
2374.593717
20
1182.164210
70
0
0
VERTEX
8
Layer 1
10
2374.735806
20
1181.023097
70
0
0
VERTEX
8
Layer 1
10
2375.295367
20
1180.018498
70
0
0
VERTEX
8
Layer 1
10
2376.229996
20
1179.280083
70
0
0
VERTEX
8
Layer 1
10
2377.378020
20
1178.962549
70
0
0
VERTEX
8
Layer 1
10
2378.519102
20
1179.104888
70
0
0
VERTEX
8
Layer 1
10
2379.523579
20
1179.664668
70
0
0
VERTEX
8
Layer 1
10
2380.261789
20
1180.599458
70
0
0
VERTEX
8
Layer 1
10
2380.579574
20
1181.747413
70
0
0
VERTEX
8
Layer 1
10
2380.437484
20
1182.888526
70
0
0
VERTEX
8
Layer 1
10
2379.877924
20
1183.893125
70
0
0
VERTEX
8
Layer 1
10
2378.943295
20
1184.631539
70
0
0
VERTEX
8
Layer 1
10
2378.943295
20
1184.631539
70
0
0
SEQEND
8
Layer 1
0
POLYLINE
8
Layer 1
62
7
70
0
10
0.000000
20
0.000000
66
1
0
VERTEX
8
Layer 1
10
2394.528794
20
1112.211309
70
0
0
VERTEX
8
Layer 1
10
2395.945205
20
1114.968967
70
0
0
VERTEX
8
Layer 1
10
2397.217915
20
1117.781033
70
0
0
VERTEX
8
Layer 1
10
2398.346335
20
1120.641995
70
0
0
VERTEX
8
Layer 1
10
2399.329875
20
1123.546337
70
0
0
VERTEX
8
Layer 1
10
2400.859954
20
1129.463113
70
0
0
VERTEX
8
Layer 1
10
2401.803435
20
1135.487253
70
0
0
VERTEX
8
Layer 1
10
2402.155600
20
1141.574650
70
0
0
VERTEX
8
Layer 1
10
2401.911729
20
1147.681196
70
0
0
VERTEX
8
Layer 1
10
2401.564805
20
1150.727867
70
0
0
VERTEX
8
Layer 1
10
2401.067104
20
1153.762784
70
0
0
VERTEX
8
Layer 1
10
2400.418034
20
1156.780435
70
0
0
VERTEX
8
Layer 1
10
2399.617007
20
1159.775306
70
0
0
VERTEX
8
Layer 1
10
2398.668601
20
1162.726818
70
0
0
VERTEX
8
Layer 1
10
2397.580111
20
1165.615191
70
0
0
VERTEX
8
Layer 1
10
2396.355019
20
1168.436109
70
0
0
VERTEX
8
Layer 1
10
2394.996806
20
1171.185256
70
0
0
VERTEX
8
Layer 1
10
2391.894942
20
1176.450978
70
0
0
VERTEX
8
Layer 1
10
2388.302372
20
1181.377829
70
0
0
VERTEX
8
Layer 1
10
2384.246949
20
1185.931286
70
0
0
VERTEX
8
Layer 1
10
2379.756525
20
1190.076822
70
0
0
VERTEX
8
Layer 1
10
2377.356892
20
1191.985831
70
0
0
VERTEX
8
Layer 1
10
2374.858953
20
1193.779913
70
0
0
VERTEX
8
Layer 1
10
2372.266189
20
1195.454752
70
0
0
VERTEX
8
Layer 1
10
2369.582083
20
1197.006033
70
0
0
SEQEND
8
Layer 1
0
POLYLINE
8
Layer 1
62
7
70
0
10
0.000000
20
0.000000
66
1
0
VERTEX
8
Layer 1
10
2362.397676
20
1183.829535
70
0
0
VERTEX
8
Layer 1
10
2369.582957
20
1197.006377
70
0
0
SEQEND
8
Layer 1
0
POLYLINE
8
Layer 1
62
7
70
0
10
0.000000
20
0.000000
66
1
0
VERTEX
8
Layer 1
10
2381.353884
20
1119.396299
70
0
0
VERTEX
8
Layer 1
10
2383.397325
20
1123.628687
70
0
0
VERTEX
8
Layer 1
10
2385.002186
20
1128.009696
70
0
0
VERTEX
8
Layer 1
10
2386.164881
20
1132.505806
70
0
0
VERTEX
8
Layer 1
10
2386.881824
20
1137.083502
70
0
0
VERTEX
8
Layer 1
10
2387.149431
20
1141.709266
70
0
0
VERTEX
8
Layer 1
10
2386.964114
20
1146.349582
70
0
0
VERTEX
8
Layer 1
10
2386.322290
20
1150.970931
70
0
0
VERTEX
8
Layer 1
10
2385.220372
20
1155.539798
70
0
0
VERTEX
8
Layer 1
10
2383.672551
20
1159.977480
70
0
0
VERTEX
8
Layer 1
10
2381.709517
20
1164.210127
70
0
0
VERTEX
8
Layer 1
10
2379.352434
20
1168.211506
70
0
0
VERTEX
8
Layer 1
10
2376.622468
20
1171.955380
70
0
0
VERTEX
8
Layer 1
10
2373.540784
20
1175.415515
70
0
0
VERTEX
8
Layer 1
10
2370.128546
20
1178.565673
70
0
0
VERTEX
8
Layer 1
10
2366.406919
20
1181.379621
70
0
0
VERTEX
8
Layer 1
10
2362.397067
20
1183.831123
70
0
0
SEQEND
8
Layer 1
0
POLYLINE
8
Layer 1
62
7
70
0
10
0.000000
20
0.000000
66
1
0
VERTEX
8
Layer 1
10
2381.353884
20
1119.396299
70
0
0
VERTEX
8
Layer 1
10
2370.546977
20
1101.379104
70
0
0
VERTEX
8
Layer 1
10
2360.142317
20
1083.168204
70
0
0
VERTEX
8
Layer 1
10
2350.141374
20
1064.770359
70
0
0
VERTEX
8
Layer 1
10
2340.545618
20
1046.192330
70
0
0
VERTEX
8
Layer 1
10
2331.356520
20
1027.440877
70
0
0
VERTEX
8
Layer 1
10
2322.575550
20
1008.522762
70
0
0
VERTEX
8
Layer 1
10
2314.204180
20
989.444746
70
0
0
VERTEX
8
Layer 1
10
2306.243879
20
970.213589
70
0
0
VERTEX
8
Layer 1
10
2298.696119
20
950.836052
70
0
0
VERTEX
8
Layer 1
10
2291.562370
20
931.318896
70
0
0
VERTEX
8
Layer 1
10
2284.844102
20
911.668882
70
0
0
VERTEX
8
Layer 1
10
2278.542786
20
891.892771
70
0
0
VERTEX
8
Layer 1
10
2272.659893
20
871.997324
70
0
0
VERTEX
8
Layer 1
10
2267.196894
20
851.989301
70
0
0
VERTEX
8
Layer 1
10
2262.155258
20
831.875464
70
0
0
VERTEX
8
Layer 1
10
2257.536457
20
811.662573
70
0
0
VERTEX
8
Layer 1
10
2253.341960
20
791.357389
70
0
0
VERTEX
8
Layer 1
10
2249.573240
20
770.966673
70
0
0
VERTEX
8
Layer 1
10
2246.231766
20
750.497187
70
0
0
VERTEX
8
Layer 1
10
2243.319008
20
729.955690
70
0
0
VERTEX
8
Layer 1
10
2240.836438
20
709.348943
70
0
0
VERTEX
8
Layer 1
10
2238.785526
20
688.683709
70
0
0
VERTEX
8
Layer 1
10
2237.167743
20
667.966746
70
0
0
VERTEX
8
Layer 1
10
2235.984559
20
647.204817
70
0
0
VERTEX
8
Layer 1
10
2235.237444
20
626.404682
70
0
0
VERTEX
8
Layer 1
10
2234.927871
20
605.573103
70
0
0
VERTEX
8
Layer 1
10
2235.057308
20
584.716839
70
0
0
VERTEX
8
Layer 1
10
2235.627226
20
563.842652
70
0
0
VERTEX
8
Layer 1
10
2236.639097
20
542.957302
70
0
0
VERTEX
8
Layer 1
10
2238.094391
20
522.067551
70
0
0
VERTEX
8
Layer 1
10
2239.994578
20
501.180160
70
0
0
VERTEX
8
Layer 1
10
2242.341129
20
480.301888
70
0
0
SEQEND
8
Layer 1
0
POLYLINE
8
Layer 1
62
7
70
0
10
0.000000
20
0.000000
66
1
0
VERTEX
8
Layer 1
10
2242.341129
20
480.301888
70
0
0
VERTEX
8
Layer 1
10
2245.326304
20
462.870790
70
0
0
VERTEX
8
Layer 1
10
2248.652270
20
445.506704
70
0
0
VERTEX
8
Layer 1
10
2252.317820
20
428.214598
70
0
0
VERTEX
8
Layer 1
10
2256.321746
20
410.999440
70
0
0
VERTEX
8
Layer 1
10
2260.662843
20
393.866198
70
0
0
VERTEX
8
Layer 1
10
2265.339902
20
376.819840
70
0
0
VERTEX
8
Layer 1
10
2270.351717
20
359.865335
70
0
0
VERTEX
8
Layer 1
10
2275.697081
20
343.007650
70
0
0
SEQEND
8
Layer 1
0
POLYLINE
8
Layer 1
62
7
70
0
10
0.000000
20
0.000000
66
1
0
VERTEX
8
Layer 1
10
2275.696949
20
343.007730
70
0
0
VERTEX
8
Layer 1
10
2289.681457
20
347.560700
70
0
0
SEQEND
8
Layer 1
0
POLYLINE
8
Layer 1
62
7
70
0
10
0.000000
20
0.000000
66
1
0
VERTEX
8
Layer 1
10
2260.645166
20
463.213679
70
0
0
VERTEX
8
Layer 1
10
2263.399700
20
448.549362
70
0
0
VERTEX
8
Layer 1
10
2266.405798
20
433.937932
70
0
0
VERTEX
8
Layer 1
10
2269.662651
20
419.382607
70
0
0
VERTEX
8
Layer 1
10
2273.169450
20
404.886608
70
0
0
VERTEX
8
Layer 1
10
2276.925389
20
390.453156
70
0
0
VERTEX
8
Layer 1
10
2280.929657
20
376.085470
70
0
0
VERTEX
8
Layer 1
10
2285.181446
20
361.786770
70
0
0
VERTEX
8
Layer 1
10
2289.679949
20
347.560277
70
0
0
SEQEND
8
Layer 1
0
POLYLINE
8
Layer 1
62
7
70
0
10
0.000000
20
0.000000
66
1
0
VERTEX
8
Layer 1
10
2255.085060
20
502.796277
70
0
0
VERTEX
8
Layer 1
10
2256.196516
20
492.862828
70
0
0
VERTEX
8
Layer 1
10
2257.493931
20
482.952838
70
0
0
VERTEX
8
Layer 1
10
2258.976936
20
473.068918
70
0
0
VERTEX
8
Layer 1
10
2260.645166
20
463.213679
70
0
0
SEQEND
8
Layer 1
0
POLYLINE
8
Layer 1
62
7
70
0
10
0.000000
20
0.000000
66
1
0
VERTEX
8
Layer 1
10
2394.528556
20
1112.210912
70
0
0
VERTEX
8
Layer 1
10
2384.191604
20
1095.030222
70
0
0
VERTEX
8
Layer 1
10
2374.226518
20
1077.668569
70
0
0
VERTEX
8
Layer 1
10
2364.634689
20
1060.132026
70
0
0
VERTEX
8
Layer 1
10
2355.417506
20
1042.426667
70
0
0
VERTEX
8
Layer 1
10
2346.576358
20
1024.558565
70
0
0
VERTEX
8
Layer 1
10
2338.112637
20
1006.533795
70
0
0
VERTEX
8
Layer 1
10
2330.027730
20
988.358430
70
0
0
VERTEX
8
Layer 1
10
2322.323029
20
970.038544
70
0
0
VERTEX
8
Layer 1
10
2314.999923
20
951.580210
70
0
0
VERTEX
8
Layer 1
10
2308.059801
20
932.989501
70
0
0
VERTEX
8
Layer 1
10
2301.504054
20
914.272492
70
0
0
VERTEX
8
Layer 1
10
2295.334070
20
895.435256
70
0
0
VERTEX
8
Layer 1
10
2289.551241
20
876.483867
70
0
0
VERTEX
8
Layer 1
10
2284.156955
20
857.424398
70
0
0
VERTEX
8
Layer 1
10
2279.152602
20
838.262923
70
0
0
VERTEX
8
Layer 1
10
2274.539573
20
819.005516
70
0
0
VERTEX
8
Layer 1
10
2270.319256
20
799.658250
70
0
0
VERTEX
8
Layer 1
10
2266.493041
20
780.227198
70
0
0
VERTEX
8
Layer 1
10
2263.062319
20
760.718436
70
0
0
VERTEX
8
Layer 1
10
2260.028479
20
741.138035
70
0
0
VERTEX
8
Layer 1
10
2257.392911
20
721.492070
70
0
0
VERTEX
8
Layer 1
10
2255.157004
20
701.786615
70
0
0
VERTEX
8
Layer 1
10
2253.322149
20
682.027743
70
0
0
VERTEX
8
Layer 1
10
2251.889734
20
662.221527
70
0
0
VERTEX
8
Layer 1
10
2250.861150
20
642.374041
70
0
0
VERTEX
8
Layer 1
10
2250.237786
20
622.491360
70
0
0
VERTEX
8
Layer 1
10
2250.021033
20
602.579556
70
0
0
VERTEX
8
Layer 1
10
2250.212280
20
582.644703
70
0
0
VERTEX
8
Layer 1
10
2250.812916
20
562.692875
70
0
0
VERTEX
8
Layer 1
10
2251.824332
20
542.730146
70
0
0
VERTEX
8
Layer 1
10
2253.247916
20
522.762588
70
0
0
VERTEX
8
Layer 1
10
2255.085060
20
502.796277
70
0
0
SEQEND
8
Layer 1
0
POLYLINE
8
Layer 1
62
7
70
0
10
0.000000
20
0.000000
66
1
0
VERTEX
8
Layer 1
10
2270.423043
20
1180.291373
70
0
0
VERTEX
8
Layer 1
10
2269.285242
20
1180.638730
70
0
0
VERTEX
8
Layer 1
10
2268.142079
20
1180.527316
70
0
0
VERTEX
8
Layer 1
10
2267.123840
20
1179.995881
70
0
0
VERTEX
8
Layer 1
10
2266.360811
20
1179.083175
70
0
0
VERTEX
8
Layer 1
10
2266.011018
20
1177.946121
70
0
0
VERTEX
8
Layer 1
10
2266.119984
20
1176.802723
70
0
0
VERTEX
8
Layer 1
10
2266.649237
20
1175.783348
70
0
0
VERTEX
8
Layer 1
10
2267.560307
20
1175.018366
70
0
0
VERTEX
8
Layer 1
10
2268.698108
20
1174.671008
70
0
0
VERTEX
8
Layer 1
10
2269.841270
20
1174.782422
70
0
0
VERTEX
8
Layer 1
10
2270.859510
20
1175.313857
70
0
0
VERTEX
8
Layer 1
10
2271.622539
20
1176.226563
70
0
0
VERTEX
8
Layer 1
10
2271.972332
20
1177.363617
70
0
0
VERTEX
8
Layer 1
10
2271.863366
20
1178.507016
70
0
0
VERTEX
8
Layer 1
10
2271.334113
20
1179.526391
70
0
0
VERTEX
8
Layer 1
10
2270.423043
20
1180.291373
70
0
0
VERTEX
8
Layer 1
10
2270.423043
20
1180.291373
70
0
0
SEQEND
8
Layer 1
0
POLYLINE
8
Layer 1
62
7
70
0
10
0.000000
20
0.000000
66
1
0
VERTEX
8
Layer 1
10
2064.383476
20
820.863146
70
0
0
VERTEX
8
Layer 1
10
2063.246079
20
821.209393
70
0
0
VERTEX
8
Layer 1
10
2062.103617
20
821.097400
70
0
0
VERTEX
8
Layer 1
10
2061.086131
20
820.565907
70
0
0
VERTEX
8
Layer 1
10
2060.323662
20
819.653656
70
0
0
VERTEX
8
Layer 1
10
2059.973941
20
818.517322
70
0
0
VERTEX
8
Layer 1
10
2060.082443
20
817.374523
70
0
0
VERTEX
8
Layer 1
10
2060.610824
20
816.355418
70
0
0
VERTEX
8
Layer 1
10
2061.520741
20
815.590165
70
0
0
VERTEX
8
Layer 1
10
2062.658139
20
815.243918
70
0
0
VERTEX
8
Layer 1
10
2063.800601
20
815.355911
70
0
0
VERTEX
8
Layer 1
10
2064.818086
20
815.887404
70
0
0
VERTEX
8
Layer 1
10
2065.580555
20
816.799655
70
0
0
VERTEX
8
Layer 1
10
2065.930276
20
817.935989
70
0
0
VERTEX
8
Layer 1
10
2065.821774
20
819.078788
70
0
0
VERTEX
8
Layer 1
10
2065.293393
20
820.097893
70
0
0
VERTEX
8
Layer 1
10
2064.383476
20
820.863146
70
0
0
VERTEX
8
Layer 1
10
2064.383476
20
820.863146
70
0
0
SEQEND
8
Layer 1
0
POLYLINE
8
Layer 1
62
7
70
0
10
0.000000
20
0.000000
66
1
0
VERTEX
8
Layer 1
10
2278.459248
20
1165.629691
70
0
0
VERTEX
8
Layer 1
10
2274.139783
20
1167.861748
70
0
0
VERTEX
8
Layer 1
10
2269.702721
20
1169.613194
70
0
0
VERTEX
8
Layer 1
10
2265.180707
20
1170.892645
70
0
0
VERTEX
8
Layer 1
10
2260.606383
20
1171.708714
70
0
0
VERTEX
8
Layer 1
10
2256.012395
20
1172.070014
70
0
0
VERTEX
8
Layer 1
10
2251.431385
20
1171.985159
70
0
0
VERTEX
8
Layer 1
10
2246.895996
20
1171.462763
70
0
0
VERTEX
8
Layer 1
10
2242.438874
20
1170.511440
70
0
0
VERTEX
8
Layer 1
10
2238.092660
20
1169.139804
70
0
0
VERTEX
8
Layer 1
10
2233.890000
20
1167.356467
70
0
0
VERTEX
8
Layer 1
10
2229.863535
20
1165.170045
70
0
0
VERTEX
8
Layer 1
10
2226.045912
20
1162.589151
70
0
0
VERTEX
8
Layer 1
10
2222.469771
20
1159.622398
70
0
0
VERTEX
8
Layer 1
10
2219.167758
20
1156.278400
70
0
0
VERTEX
8
Layer 1
10
2216.172517
20
1152.565772
70
0
0
VERTEX
8
Layer 1
10
2213.516690
20
1148.493126
70
0
0
SEQEND
8
Layer 1
0
POLYLINE
8
Layer 1
62
7
70
0
10
0.000000
20
0.000000
66
1
0
VERTEX
8
Layer 1
10
2286.012061
20
1178.597327
70
0
0
VERTEX
8
Layer 1
10
2283.191929
20
1180.145761
70
0
0
VERTEX
8
Layer 1
10
2280.327738
20
1181.534661
70
0
0
VERTEX
8
Layer 1
10
2277.424859
20
1182.765442
70
0
0
VERTEX
8
Layer 1
10
2274.488661
20
1183.839522
70
0
0
VERTEX
8
Layer 1
10
2271.524514
20
1184.758318
70
0
0
VERTEX
8
Layer 1
10
2268.537789
20
1185.523246
70
0
0
VERTEX
8
Layer 1
10
2265.533854
20
1186.135724
70
0
0
VERTEX
8
Layer 1
10
2262.518079
20
1186.597169
70
0
0
VERTEX
8
Layer 1
10
2256.472492
20
1187.072626
70
0
0
VERTEX
8
Layer 1
10
2250.443984
20
1186.960953
70
0
0
VERTEX
8
Layer 1
10
2244.475514
20
1186.273485
70
0
0
VERTEX
8
Layer 1
10
2238.610041
20
1185.021558
70
0
0
VERTEX
8
Layer 1
10
2232.890523
20
1183.216507
70
0
0
VERTEX
8
Layer 1
10
2227.359917
20
1180.869669
70
0
0
VERTEX
8
Layer 1
10
2222.061184
20
1177.992378
70
0
0
VERTEX
8
Layer 1
10
2217.037280
20
1174.595971
70
0
0
VERTEX
8
Layer 1
10
2214.641814
20
1172.706641
70
0
0
VERTEX
8
Layer 1
10
2212.331165
20
1170.691782
70
0
0
VERTEX
8
Layer 1
10
2210.110703
20
1168.552812
70
0
0
VERTEX
8
Layer 1
10
2207.985797
20
1166.291148
70
0
0
VERTEX
8
Layer 1
10
2205.961817
20
1163.908207
70
0
0
VERTEX
8
Layer 1
10
2204.044133
20
1161.405404
70
0
0
VERTEX
8
Layer 1
10
2202.238115
20
1158.784158
70
0
0
VERTEX
8
Layer 1
10
2200.549133
20
1156.045886
70
0
0
SEQEND
8
Layer 1
0
POLYLINE
8
Layer 1
62
7
70
0
10
0.000000
20
0.000000
66
1
0
VERTEX
8
Layer 1
10
2278.458852
20
1165.630299
70
0
0
VERTEX
8
Layer 1
10
2286.010712
20
1178.597486
70
0
0
SEQEND
8
Layer 1
0
POLYLINE
8
Layer 1
62
7
70
0
10
0.000000
20
0.000000
66
1
0
VERTEX
8
Layer 1
10
2061.893009
20
347.083713
70
0
0
VERTEX
8
Layer 1
10
2060.755810
20
347.429406
70
0
0
VERTEX
8
Layer 1
10
2059.613696
20
347.317122
70
0
0
VERTEX
8
Layer 1
10
2058.596585
20
346.785598
70
0
0
VERTEX
8
Layer 1
10
2057.834395
20
345.873572
70
0
0
VERTEX
8
Layer 1
10
2057.484710
20
344.737594
70
0
0
VERTEX
8
Layer 1
10
2057.592982
20
343.595092
70
0
0
VERTEX
8
Layer 1
10
2058.120930
20
342.576121
70
0
0
VERTEX
8
Layer 1
10
2059.030274
20
341.810732
70
0
0
VERTEX
8
Layer 1
10
2060.167474
20
341.465039
70
0
0
VERTEX
8
Layer 1
10
2061.309588
20
341.577323
70
0
0
VERTEX
8
Layer 1
10
2062.326698
20
342.108847
70
0
0
VERTEX
8
Layer 1
10
2063.088888
20
343.020873
70
0
0
VERTEX
8
Layer 1
10
2063.438573
20
344.156852
70
0
0
VERTEX
8
Layer 1
10
2063.330302
20
345.299353
70
0
0
VERTEX
8
Layer 1
10
2062.802353
20
346.318324
70
0
0
VERTEX
8
Layer 1
10
2061.893009
20
347.083713
70
0
0
VERTEX
8
Layer 1
10
2061.893009
20
347.083713
70
0
0
SEQEND
8
Layer 1
0
POLYLINE
8
Layer 1
62
7
70
0
10
0.000000
20
0.000000
66
1
0
VERTEX
8
Layer 1
10
2038.680402
20
453.486782
70
0
0
VERTEX
8
Layer 1
10
2037.542582
20
453.834212
70
0
0
VERTEX
8
Layer 1
10
2036.399378
20
453.722840
70
0
0
VERTEX
8
Layer 1
10
2035.381092
20
453.191415
70
0
0
VERTEX
8
Layer 1
10
2034.618025
20
452.278688
70
0
0
VERTEX
8
Layer 1
10
2034.268222
20
451.141595
70
0
0
VERTEX
8
Layer 1
10
2034.377208
20
449.998162
70
0
0
VERTEX
8
Layer 1
10
2034.906507
20
448.978769
70
0
0
VERTEX
8
Layer 1
10
2035.817640
20
448.213799
70
0
0
VERTEX
8
Layer 1
10
2036.955461
20
447.866369
70
0
0
VERTEX
8
Layer 1
10
2038.098664
20
447.977741
70
0
0
VERTEX
8
Layer 1
10
2039.116950
20
448.509166
70
0
0
VERTEX
8
Layer 1
10
2039.880017
20
449.421893
70
0
0
VERTEX
8
Layer 1
10
2040.229821
20
450.558986
70
0
0
VERTEX
8
Layer 1
10
2040.120834
20
451.702420
70
0
0
VERTEX
8
Layer 1
10
2039.591535
20
452.721812
70
0
0
VERTEX
8
Layer 1
10
2038.680402
20
453.486782
70
0
0
VERTEX
8
Layer 1
10
2038.680402
20
453.486782
70
0
0
SEQEND
8
Layer 1
0
POLYLINE
8
Layer 1
62
7
70
0
10
0.000000
20
0.000000
66
1
0
VERTEX
8
Layer 1
10
2213.516690
20
1148.493126
70
0
0
VERTEX
8
Layer 1
10
2201.197508
20
1129.039990
70
0
0
VERTEX
8
Layer 1
10
2189.314764
20
1109.363588
70
0
0
VERTEX
8
Layer 1
10
2177.870250
20
1089.471317
70
0
0
VERTEX
8
Layer 1
10
2166.865759
20
1069.370574
70
0
0
VERTEX
8
Layer 1
10
2156.303085
20
1049.068755
70
0
0
VERTEX
8
Layer 1
10
2146.184021
20
1028.573258
70
0
0
VERTEX
8
Layer 1
10
2136.510359
20
1007.891478
70
0
0
VERTEX
8
Layer 1
10
2127.283893
20
987.030814
70
0
0
VERTEX
8
Layer 1
10
2118.506415
20
965.998661
70
0
0
VERTEX
8
Layer 1
10
2110.179719
20
944.802416
70
0
0
VERTEX
8
Layer 1
10
2102.305598
20
923.449477
70
0
0
VERTEX
8
Layer 1
10
2094.885844
20
901.947239
70
0
0
VERTEX
8
Layer 1
10
2087.922250
20
880.303101
70
0
0
VERTEX
8
Layer 1
10
2081.416611
20
858.524458
70
0
0
VERTEX
8
Layer 1
10
2075.370718
20
836.618708
70
0
0
VERTEX
8
Layer 1
10
2069.786365
20
814.593247
70
0
0
VERTEX
8
Layer 1
10
2064.665344
20
792.455471
70
0
0
VERTEX
8
Layer 1
10
2060.009449
20
770.212779
70
0
0
VERTEX
8
Layer 1
10
2055.820473
20
747.872566
70
0
0
VERTEX
8
Layer 1
10
2052.100209
20
725.442230
70
0
0
VERTEX
8
Layer 1
10
2048.850449
20
702.929166
70
0
0
VERTEX
8
Layer 1
10
2046.072987
20
680.340773
70
0
0
VERTEX
8
Layer 1
10
2043.769616
20
657.684446
70
0
0
VERTEX
8
Layer 1
10
2041.942129
20
634.967583
70
0
0
VERTEX
8
Layer 1
10
2040.592319
20
612.197581
70
0
0
VERTEX
8
Layer 1
10
2039.721978
20
589.381835
70
0
0
VERTEX
8
Layer 1
10
2039.332901
20
566.527744
70
0
0
VERTEX
8
Layer 1
10
2039.426879
20
543.642703
70
0
0
VERTEX
8
Layer 1
10
2040.005706
20
520.734109
70
0
0
VERTEX
8
Layer 1
10
2041.071176
20
497.809360
70
0
0
VERTEX
8
Layer 1
10
2042.625080
20
474.875852
70
0
0
VERTEX
8
Layer 1
10
2044.669212
20
451.940983
70
0
0
SEQEND
8
Layer 1
0
POLYLINE
8
Layer 1
62
7
70
0
10
0.000000
20
0.000000
66
1
0
VERTEX
8
Layer 1
10
2044.669212
20
451.940983
70
0
0
VERTEX
8
Layer 1
10
2047.822148
20
432.867724
70
0
0
VERTEX
8
Layer 1
10
2051.307740
20
413.856963
70
0
0
VERTEX
8
Layer 1
10
2055.124995
20
394.913030
70
0
0
VERTEX
8
Layer 1
10
2059.272923
20
376.040256
70
0
0
VERTEX
8
Layer 1
10
2063.750530
20
357.242970
70
0
0
VERTEX
8
Layer 1
10
2068.556827
20
338.525504
70
0
0
VERTEX
8
Layer 1
10
2073.690821
20
319.892187
70
0
0
VERTEX
8
Layer 1
10
2079.151520
20
301.347350
70
0
0
SEQEND
8
Layer 1
0
POLYLINE
8
Layer 1
62
7
70
0
10
0.000000
20
0.000000
66
1
0
VERTEX
8
Layer 1
10
2065.091077
20
297.203160
70
0
0
VERTEX
8
Layer 1
10
2079.151547
20
301.347110
70
0
0
SEQEND
8
Layer 1
0
POLYLINE
8
Layer 1
62
7
70
0
10
0.000000
20
0.000000
66
1
0
VERTEX
8
Layer 1
10
2036.680737
20
410.350890
70
0
0
VERTEX
8
Layer 1
10
2039.600044
20
396.055094
70
0
0
VERTEX
8
Layer 1
10
2042.700772
20
381.799364
70
0
0
VERTEX
8
Layer 1
10
2045.982491
20
367.585420
70
0
0
VERTEX
8
Layer 1
10
2049.444768
20
353.414983
70
0
0
VERTEX
8
Layer 1
10
2053.087170
20
339.289773
70
0
0
VERTEX
8
Layer 1
10
2056.909266
20
325.211511
70
0
0
VERTEX
8
Layer 1
10
2060.910624
20
311.181918
70
0
0
VERTEX
8
Layer 1
10
2065.090812
20
297.202713
70
0
0
SEQEND
8
Layer 1
0
POLYLINE
8
Layer 1
62
7
70
0
10
0.000000
20
0.000000
66
1
0
VERTEX
8
Layer 1
10
2026.392797
20
489.611712
70
0
0
VERTEX
8
Layer 1
10
2027.105556
20
479.636908
70
0
0
VERTEX
8
Layer 1
10
2027.982622
20
469.677256
70
0
0
VERTEX
8
Layer 1
10
2029.023731
20
459.734781
70
0
0
VERTEX
8
Layer 1
10
2030.228622
20
449.811506
70
0
0
VERTEX
8
Layer 1
10
2031.597030
20
439.909455
70
0
0
VERTEX
8
Layer 1
10
2033.128694
20
430.030653
70
0
0
VERTEX
8
Layer 1
10
2034.823350
20
420.177123
70
0
0
VERTEX
8
Layer 1
10
2036.680737
20
410.350890
70
0
0
SEQEND
8
Layer 1
0
POLYLINE
8
Layer 1
62
7
70
0
10
0.000000
20
0.000000
66
1
0
VERTEX
8
Layer 1
10
2200.549133
20
1156.045886
70
0
0
VERTEX
8
Layer 1
10
2188.749709
20
1137.402944
70
0
0
VERTEX
8
Layer 1
10
2177.343945
20
1118.556122
70
0
0
VERTEX
8
Layer 1
10
2166.333487
20
1099.511723
70
0
0
VERTEX
8
Layer 1
10
2155.719983
20
1080.276051
70
0
0
VERTEX
8
Layer 1
10
2145.505079
20
1060.855408
70
0
0
VERTEX
8
Layer 1
10
2135.690424
20
1041.256099
70
0
0
VERTEX
8
Layer 1
10
2126.277665
20
1021.484426
70
0
0
VERTEX
8
Layer 1
10
2117.268447
20
1001.546693
70
0
0
VERTEX
8
Layer 1
10
2108.664420
20
981.449203
70
0
0
VERTEX
8
Layer 1
10
2100.467230
20
961.198259
70
0
0
VERTEX
8
Layer 1
10
2092.678524
20
940.800166
70
0
0
VERTEX
8
Layer 1
10
2085.299950
20
920.261226
70
0
0
VERTEX
8
Layer 1
10
2078.333154
20
899.587742
70
0
0
VERTEX
8
Layer 1
10
2071.779784
20
878.786018
70
0
0
VERTEX
8
Layer 1
10
2065.641488
20
857.862357
70
0
0
VERTEX
8
Layer 1
10
2059.919911
20
836.823062
70
0
0
VERTEX
8
Layer 1
10
2054.616703
20
815.674438
70
0
0
VERTEX
8
Layer 1
10
2049.733509
20
794.422786
70
0
0
VERTEX
8
Layer 1
10
2045.271977
20
773.074411
70
0
0
VERTEX
8
Layer 1
10
2041.233755
20
751.635616
70
0
0
VERTEX
8
Layer 1
10
2037.620489
20
730.112704
70
0
0
VERTEX
8
Layer 1
10
2034.433826
20
708.511979
70
0
0
VERTEX
8
Layer 1
10
2031.675415
20
686.839743
70
0
0
VERTEX
8
Layer 1
10
2029.346902
20
665.102300
70
0
0
VERTEX
8
Layer 1
10
2027.449934
20
643.305954
70
0
0
VERTEX
8
Layer 1
10
2025.986159
20
621.457008
70
0
0
VERTEX
8
Layer 1
10
2024.957224
20
599.561765
70
0
0
VERTEX
8
Layer 1
10
2024.364775
20
577.626528
70
0
0
VERTEX
8
Layer 1
10
2024.210461
20
555.657601
70
0
0
VERTEX
8
Layer 1
10
2024.495929
20
533.661287
70
0
0
VERTEX
8
Layer 1
10
2025.222825
20
511.643890
70
0
0
VERTEX
8
Layer 1
10
2026.392797
20
489.611712
70
0
0
SEQEND
8
Layer 1
0
POLYLINE
8
Layer 1
62
7
70
0
10
0.000000
20
0.000000
66
1
0
VERTEX
8
Layer 1
10
2276.454159
20
287.532083
70
0
0
VERTEX
8
Layer 1
10
2275.943663
20
288.607450
70
0
0
VERTEX
8
Layer 1
10
2275.090246
20
289.377166
70
0
0
VERTEX
8
Layer 1
10
2274.010581
20
289.771004
70
0
0
VERTEX
8
Layer 1
10
2272.821343
20
289.718737
70
0
0
VERTEX
8
Layer 1
10
2271.745377
20
289.209504
70
0
0
VERTEX
8
Layer 1
10
2270.974659
20
288.356992
70
0
0
VERTEX
8
Layer 1
10
2270.579552
20
287.277791
70
0
0
VERTEX
8
Layer 1
10
2270.630423
20
286.088492
70
0
0
VERTEX
8
Layer 1
10
2271.140919
20
285.013125
70
0
0
VERTEX
8
Layer 1
10
2271.994336
20
284.243408
70
0
0
VERTEX
8
Layer 1
10
2273.074001
20
283.849570
70
0
0
VERTEX
8
Layer 1
10
2274.263239
20
283.901837
70
0
0
VERTEX
8
Layer 1
10
2275.339205
20
284.411070
70
0
0
VERTEX
8
Layer 1
10
2276.109923
20
285.263583
70
0
0
VERTEX
8
Layer 1
10
2276.505029
20
286.342784
70
0
0
VERTEX
8
Layer 1
10
2276.454159
20
287.532083
70
0
0
VERTEX
8
Layer 1
10
2276.454159
20
287.532083
70
0
0
SEQEND
8
Layer 1
0
POLYLINE
8
Layer 1
62
7
70
0
10
0.000000
20
0.000000
66
1
0
VERTEX
8
Layer 1
10
2249.320590
20
358.432223
70
0
0
VERTEX
8
Layer 1
10
2248.810804
20
359.508936
70
0
0
VERTEX
8
Layer 1
10
2247.957332
20
360.279824
70
0
0
VERTEX
8
Layer 1
10
2246.877069
20
360.674432
70
0
0
VERTEX
8
Layer 1
10
2245.686911
20
360.622306
70
0
0
VERTEX
8
Layer 1
10
2244.610197
20
360.112519
70
0
0
VERTEX
8
Layer 1
10
2243.839309
20
359.259047
70
0
0
VERTEX
8
Layer 1
10
2243.444701
20
358.178784
70
0
0
VERTEX
8
Layer 1
10
2243.496828
20
356.988626
70
0
0
VERTEX
8
Layer 1
10
2243.785954
20
356.253850
70
0
0
VERTEX
8
Layer 1
10
2244.247845
20
355.629388
70
0
0
VERTEX
8
Layer 1
10
2244.854486
20
355.144329
70
0
0
VERTEX
8
Layer 1
10
2245.577864
20
354.827762
70
0
0
VERTEX
8
Layer 1
10
2246.358762
20
354.710765
70
0
0
VERTEX
8
Layer 1
10
2247.130507
20
354.798543
70
0
0
VERTEX
8
Layer 1
10
2247.853902
20
355.081380
70
0
0
VERTEX
8
Layer 1
10
2248.489745
20
355.549560
70
0
0
VERTEX
8
Layer 1
10
2248.981517
20
356.167339
70
0
0
VERTEX
8
Layer 1
10
2249.291371
20
356.879579
70
0
0
VERTEX
8
Layer 1
10
2249.408124
20
357.647476
70
0
0
VERTEX
8
Layer 1
10
2249.320590
20
358.432223
70
0
0
VERTEX
8
Layer 1
10
2249.320590
20
358.432223
70
0
0
SEQEND
8
Layer 1
0
POLYLINE
8
Layer 1
62
7
70
0
10
0.000000
20
0.000000
66
1
0
VERTEX
8
Layer 1
10
2236.513530
20
356.273720
70
0
0
VERTEX
8
Layer 1
10
2254.858260
20
279.056405
70
0
0
SEQEND
8
Layer 1
0
POLYLINE
8
Layer 1
62
7
70
0
10
0.000000
20
0.000000
66
1
0
VERTEX
8
Layer 1
10
2254.858260
20
279.056405
70
0
0
VERTEX
8
Layer 1
10
2290.366171
20
246.999552
70
0
0
SEQEND
8
Layer 1
0
POLYLINE
8
Layer 1
62
7
70
0
10
0.000000
20
0.000000
66
1
0
VERTEX
8
Layer 1
10
2298.061250
20
213.455217
70
0
0
VERTEX
8
Layer 1
10
2298.858866
20
215.665046
70
0
0
VERTEX
8
Layer 1
10
2299.475541
20
217.905347
70
0
0
VERTEX
8
Layer 1
10
2299.913516
20
220.166350
70
0
0
VERTEX
8
Layer 1
10
2300.175033
20
222.438286
70
0
0
VERTEX
8
Layer 1
10
2300.262333
20
224.711386
70
0
0
VERTEX
8
Layer 1
10
2300.177658
20
226.975880
70
0
0
VERTEX
8
Layer 1
10
2299.923249
20
229.221998
70
0
0
VERTEX
8
Layer 1
10
2299.501348
20
231.439972
70
0
0
VERTEX
8
Layer 1
10
2298.914195
20
233.620032
70
0
0
VERTEX
8
Layer 1
10
2298.164033
20
235.752409
70
0
0
VERTEX
8
Layer 1
10
2297.253103
20
237.827332
70
0
0
VERTEX
8
Layer 1
10
2296.183646
20
239.835034
70
0
0
VERTEX
8
Layer 1
10
2294.957903
20
241.765743
70
0
0
VERTEX
8
Layer 1
10
2293.578117
20
243.609692
70
0
0
VERTEX
8
Layer 1
10
2292.046528
20
245.357111
70
0
0
VERTEX
8
Layer 1
10
2290.365378
20
246.998229
70
0
0
SEQEND
8
Layer 1
0
POLYLINE
8
Layer 1
62
7
70
0
10
0.000000
20
0.000000
66
1
0
VERTEX
8
Layer 1
10
2286.421054
20
110.263402
70
0
0
VERTEX
8
Layer 1
10
2344.996079
20
254.675131
70
0
0
SEQEND
8
Layer 1
0
POLYLINE
8
Layer 1
62
7
70
0
10
0.000000
20
0.000000
66
1
0
VERTEX
8
Layer 1
10
2256.304894
20
359.147406
70
0
0
VERTEX
8
Layer 1
10
2257.050770
20
354.584289
70
0
0
VERTEX
8
Layer 1
10
2257.954164
20
350.073340
70
0
0
VERTEX
8
Layer 1
10
2259.012391
20
345.617718
70
0
0
VERTEX
8
Layer 1
10
2260.222771
20
341.220582
70
0
0
VERTEX
8
Layer 1
10
2261.582620
20
336.885094
70
0
0
VERTEX
8
Layer 1
10
2263.089255
20
332.614413
70
0
0
VERTEX
8
Layer 1
10
2264.739995
20
328.411697
70
0
0
VERTEX
8
Layer 1
10
2266.532158
20
324.280108
70
0
0
VERTEX
8
Layer 1
10
2268.463059
20
320.222805
70
0
0
VERTEX
8
Layer 1
10
2270.530018
20
316.242948
70
0
0
VERTEX
8
Layer 1
10
2272.730351
20
312.343696
70
0
0
VERTEX
8
Layer 1
10
2275.061376
20
308.528210
70
0
0
VERTEX
8
Layer 1
10
2277.520410
20
304.799648
70
0
0
VERTEX
8
Layer 1
10
2280.104772
20
301.161172
70
0
0
VERTEX
8
Layer 1
10
2282.811778
20
297.615940
70
0
0
VERTEX
8
Layer 1
10
2285.638746
20
294.167112
70
0
0
VERTEX
8
Layer 1
10
2288.582994
20
290.817848
70
0
0
VERTEX
8
Layer 1
10
2291.641840
20
287.571309
70
0
0
VERTEX
8
Layer 1
10
2294.812599
20
284.430653
70
0
0
VERTEX
8
Layer 1
10
2298.092591
20
281.399040
70
0
0
VERTEX
8
Layer 1
10
2301.479133
20
278.479631
70
0
0
VERTEX
8
Layer 1
10
2304.969542
20
275.675585
70
0
0
VERTEX
8
Layer 1
10
2308.561136
20
272.990061
70
0
0
VERTEX
8
Layer 1
10
2312.251232
20
270.426220
70
0
0
VERTEX
8
Layer 1
10
2316.037147
20
267.987222
70
0
0
VERTEX
8
Layer 1
10
2319.916201
20
265.676225
70
0
0
VERTEX
8
Layer 1
10
2323.885709
20
263.496391
70
0
0
VERTEX
8
Layer 1
10
2327.942989
20
261.450878
70
0
0
VERTEX
8
Layer 1
10
2332.085359
20
259.542846
70
0
0
VERTEX
8
Layer 1
10
2336.310137
20
257.775455
70
0
0
VERTEX
8
Layer 1
10
2340.614639
20
256.151866
70
0
0
VERTEX
8
Layer 1
10
2344.996184
20
254.675237
70
0
0
SEQEND
8
Layer 1
0
POLYLINE
8
Layer 1
62
7
70
0
10
0.000000
20
0.000000
66
1
0
VERTEX
8
Layer 1
10
2319.546051
20
1030.141420
70
0
0
VERTEX
8
Layer 1
10
2319.036128
20
1031.217874
70
0
0
VERTEX
8
Layer 1
10
2318.182667
20
1031.988537
70
0
0
VERTEX
8
Layer 1
10
2317.102519
20
1032.382998
70
0
0
VERTEX
8
Layer 1
10
2315.912538
20
1032.330845
70
0
0
VERTEX
8
Layer 1
10
2314.835968
20
1031.821166
70
0
0
VERTEX
8
Layer 1
10
2314.065111
20
1030.967880
70
0
0
VERTEX
8
Layer 1
10
2313.670406
20
1029.887821
70
0
0
VERTEX
8
Layer 1
10
2313.722289
20
1028.697828
70
0
0
VERTEX
8
Layer 1
10
2314.232212
20
1027.621374
70
0
0
VERTEX
8
Layer 1
10
2315.085673
20
1026.850711
70
0
0
VERTEX
8
Layer 1
10
2316.165821
20
1026.456250
70
0
0
VERTEX
8
Layer 1
10
2317.355802
20
1026.508403
70
0
0
VERTEX
8
Layer 1
10
2318.432372
20
1027.018082
70
0
0
VERTEX
8
Layer 1
10
2319.203229
20
1027.871368
70
0
0
VERTEX
8
Layer 1
10
2319.597934
20
1028.951427
70
0
0
VERTEX
8
Layer 1
10
2319.546051
20
1030.141420
70
0
0
VERTEX
8
Layer 1
10
2319.546051
20
1030.141420
70
0
0
SEQEND
8
Layer 1
0
POLYLINE
8
Layer 1
62
7
70
0
10
0.000000
20
0.000000
66
1
0
VERTEX
8
Layer 1
10
2242.416085
20
835.218282
70
0
0
VERTEX
8
Layer 1
10
2241.906164
20
836.294749
70
0
0
VERTEX
8
Layer 1
10
2241.052698
20
837.065421
70
0
0
VERTEX
8
Layer 1
10
2239.972542
20
837.459885
70
0
0
VERTEX
8
Layer 1
10
2238.782550
20
837.407729
70
0
0
VERTEX
8
Layer 1
10
2237.705973
20
836.898039
70
0
0
VERTEX
8
Layer 1
10
2236.935118
20
836.044739
70
0
0
VERTEX
8
Layer 1
10
2236.540422
20
834.964667
70
0
0
VERTEX
8
Layer 1
10
2236.592322
20
833.774664
70
0
0
VERTEX
8
Layer 1
10
2237.102243
20
832.698197
70
0
0
VERTEX
8
Layer 1
10
2237.955710
20
831.927525
70
0
0
VERTEX
8
Layer 1
10
2239.035866
20
831.533060
70
0
0
VERTEX
8
Layer 1
10
2240.225858
20
831.585217
70
0
0
VERTEX
8
Layer 1
10
2241.302434
20
832.094906
70
0
0
VERTEX
8
Layer 1
10
2242.073290
20
832.948207
70
0
0
VERTEX
8
Layer 1
10
2242.467986
20
834.028279
70
0
0
VERTEX
8
Layer 1
10
2242.416085
20
835.218282
70
0
0
VERTEX
8
Layer 1
10
2242.416085
20
835.218282
70
0
0
SEQEND
8
Layer 1
0
POLYLINE
8
Layer 1
62
7
70
0
10
0.000000
20
0.000000
66
1
0
VERTEX
8
Layer 1
10
2276.359597
20
116.247766
70
0
0
VERTEX
8
Layer 1
10
2275.849101
20
117.323133
70
0
0
VERTEX
8
Layer 1
10
2274.995684
20
118.092850
70
0
0
VERTEX
8
Layer 1
10
2273.916019
20
118.486688
70
0
0
VERTEX
8
Layer 1
10
2272.726781
20
118.434421
70
0
0
VERTEX
8
Layer 1
10
2271.650815
20
117.925188
70
0
0
VERTEX
8
Layer 1
10
2270.880097
20
117.072675
70
0
0
VERTEX
8
Layer 1
10
2270.484990
20
115.993474
70
0
0
VERTEX
8
Layer 1
10
2270.535861
20
114.804175
70
0
0
VERTEX
8
Layer 1
10
2271.046357
20
113.728808
70
0
0
VERTEX
8
Layer 1
10
2271.899774
20
112.959092
70
0
0
VERTEX
8
Layer 1
10
2272.979439
20
112.565254
70
0
0
VERTEX
8
Layer 1
10
2274.168677
20
112.617521
70
0
0
VERTEX
8
Layer 1
10
2275.244643
20
113.126754
70
0
0
VERTEX
8
Layer 1
10
2276.015361
20
113.979266
70
0
0
VERTEX
8
Layer 1
10
2276.410467
20
115.058467
70
0
0
VERTEX
8
Layer 1
10
2276.359597
20
116.247766
70
0
0
VERTEX
8
Layer 1
10
2276.359597
20
116.247766
70
0
0
SEQEND
8
Layer 1
0
POLYLINE
8
Layer 1
62
7
70
0
10
0.000000
20
0.000000
66
1
0
VERTEX
8
Layer 1
10
2330.639779
20
1068.220549
70
0
0
VERTEX
8
Layer 1
10
2324.673453
20
1058.157909
70
0
0
VERTEX
8
Layer 1
10
2318.845990
20
1048.032417
70
0
0
VERTEX
8
Layer 1
10
2313.157576
20
1037.845485
70
0
0
VERTEX
8
Layer 1
10
2307.608398
20
1027.598522
70
0
0
VERTEX
8
Layer 1
10
2302.198643
20
1017.292940
70
0
0
VERTEX
8
Layer 1
10
2296.928496
20
1006.930149
70
0
0
VERTEX
8
Layer 1
10
2286.807775
20
986.038582
70
0
0
VERTEX
8
Layer 1
10
2277.247728
20
964.935106
70
0
0
VERTEX
8
Layer 1
10
2268.249845
20
943.631006
70
0
0
VERTEX
8
Layer 1
10
2259.815620
20
922.137565
70
0
0
VERTEX
8
Layer 1
10
2251.946544
20
900.466069
70
0
0
VERTEX
8
Layer 1
10
2244.644109
20
878.627802
70
0
0
VERTEX
8
Layer 1
10
2237.909807
20
856.634049
70
0
0
VERTEX
8
Layer 1
10
2231.745129
20
834.496095
70
0
0
VERTEX
8
Layer 1
10
2226.151569
20
812.225223
70
0
0
VERTEX
8
Layer 1
10
2221.130617
20
789.832719
70
0
0
VERTEX
8
Layer 1
10
2216.683766
20
767.329866
70
0
0
VERTEX
8
Layer 1
10
2212.812508
20
744.727951
70
0
0
VERTEX
8
Layer 1
10
2209.518335
20
722.038256
70
0
0
VERTEX
8
Layer 1
10
2206.802738
20
699.272068
70
0
0
VERTEX
8
Layer 1
10
2204.667209
20
676.440669
70
0
0
VERTEX
8
Layer 1
10
2203.113242
20
653.555346
70
0
0
VERTEX
8
Layer 1
10
2202.142326
20
630.627382
70
0
0
VERTEX
8
Layer 1
10
2201.755955
20
607.668062
70
0
0
VERTEX
8
Layer 1
10
2201.955620
20
584.688671
70
0
0
VERTEX
8
Layer 1
10
2202.742814
20
561.700493
70
0
0
VERTEX
8
Layer 1
10
2204.119027
20
538.714813
70
0
0
VERTEX
8
Layer 1
10
2206.085753
20
515.742915
70
0
0
VERTEX
8
Layer 1
10
2208.644483
20
492.796085
70
0
0
VERTEX
8
Layer 1
10
2211.796709
20
469.885605
70
0
0
VERTEX
8
Layer 1
10
2215.543923
20
447.022762
70
0
0
VERTEX
8
Layer 1
10
2219.887617
20
424.218840
70
0
0
VERTEX
8
Layer 1
10
2222.283610
20
412.842500
70
0
0
VERTEX
8
Layer 1
10
2224.829283
20
401.485123
70
0
0
VERTEX
8
Layer 1
10
2227.524821
20
390.148117
70
0
0
VERTEX
8
Layer 1
10
2230.370412
20
378.832895
70
0
0
VERTEX
8
Layer 1
10
2233.366242
20
367.540867
70
0
0
VERTEX
8
Layer 1
10
2236.512498
20
356.273442
70
0
0
SEQEND
8
Layer 1
0
POLYLINE
8
Layer 1
62
7
70
0
10
0.000000
20
0.000000
66
1
0
VERTEX
8
Layer 1
10
2298.062626
20
213.454238
70
0
0
VERTEX
8
Layer 1
10
2260.474642
20
120.786926
70
0
0
SEQEND
8
Layer 1
0
POLYLINE
8
Layer 1
62
7
70
0
10
0.000000
20
0.000000
66
1
0
VERTEX
8
Layer 1
10
2260.474589
20
120.786899
70
0
0
VERTEX
8
Layer 1
10
2259.677831
20
118.065461
70
0
0
VERTEX
8
Layer 1
10
2259.446145
20
115.323692
70
0
0
VERTEX
8
Layer 1
10
2259.748524
20
112.634913
70
0
0
VERTEX
8
Layer 1
10
2260.553959
20
110.072443
70
0
0
VERTEX
8
Layer 1
10
2261.831445
20
107.709605
70
0
0
VERTEX
8
Layer 1
10
2263.549973
20
105.619718
70
0
0
VERTEX
8
Layer 1
10
2265.678537
20
103.876102
70
0
0
VERTEX
8
Layer 1
10
2268.186128
20
102.552079
70
0
0
VERTEX
8
Layer 1
10
2270.907520
20
101.755162
70
0
0
VERTEX
8
Layer 1
10
2273.649276
20
101.523317
70
0
0
VERTEX
8
Layer 1
10
2276.338073
20
101.825538
70
0
0
VERTEX
8
Layer 1
10
2278.900589
20
102.630825
70
0
0
VERTEX
8
Layer 1
10
2281.263502
20
103.908173
70
0
0
VERTEX
8
Layer 1
10
2283.353489
20
105.626579
70
0
0
VERTEX
8
Layer 1
10
2285.097228
20
107.755041
70
0
0
VERTEX
8
Layer 1
10
2286.421398
20
110.262555
70
0
0
SEQEND
8
Layer 1
0
POLYLINE
8
Layer 1
62
7
70
0
10
0.000000
20
0.000000
66
1
0
VERTEX
8
Layer 1
10
2343.224299
20
1060.612253
70
0
0
VERTEX
8
Layer 1
10
2337.321300
20
1050.698111
70
0
0
VERTEX
8
Layer 1
10
2331.558841
20
1040.720546
70
0
0
VERTEX
8
Layer 1
10
2325.937102
20
1030.681021
70
0
0
VERTEX
8
Layer 1
10
2320.456264
20
1020.580997
70
0
0
VERTEX
8
Layer 1
10
2315.116508
20
1010.421936
70
0
0
VERTEX
8
Layer 1
10
2309.918015
20
1000.205299
70
0
0
VERTEX
8
Layer 1
10
2304.860967
20
989.932548
70
0
0
VERTEX
8
Layer 1
10
2299.945544
20
979.605145
70
0
0
VERTEX
8
Layer 1
10
2295.171929
20
969.224551
70
0
0
VERTEX
8
Layer 1
10
2290.540300
20
958.792228
70
0
0
VERTEX
8
Layer 1
10
2286.050841
20
948.309639
70
0
0
VERTEX
8
Layer 1
10
2281.703732
20
937.778244
70
0
0
VERTEX
8
Layer 1
10
2273.437288
20
916.574884
70
0
0
VERTEX
8
Layer 1
10
2265.742418
20
895.193842
70
0
0
VERTEX
8
Layer 1
10
2258.620570
20
873.646812
70
0
0
VERTEX
8
Layer 1
10
2252.073194
20
851.945488
70
0
0
VERTEX
8
Layer 1
10
2246.101739
20
830.101562
70
0
0
VERTEX
8
Layer 1
10
2240.707652
20
808.126728
70
0
0
VERTEX
8
Layer 1
10
2235.892385
20
786.032681
70
0
0
VERTEX
8
Layer 1
10
2231.657384
20
763.831112
70
0
0
VERTEX
8
Layer 1
10
2228.004100
20
741.533716
70
0
0
VERTEX
8
Layer 1
10
2224.933981
20
719.152187
70
0
0
VERTEX
8
Layer 1
10
2222.448476
20
696.698217
70
0
0
VERTEX
8
Layer 1
10
2220.549034
20
674.183501
70
0
0
VERTEX
8
Layer 1
10
2219.237104
20
651.619731
70
0
0
VERTEX
8
Layer 1
10
2218.514136
20
629.018601
70
0
0
VERTEX
8
Layer 1
10
2218.381577
20
606.391805
70
0
0
VERTEX
8
Layer 1
10
2218.840877
20
583.751036
70
0
0
VERTEX
8
Layer 1
10
2219.893486
20
561.107988
70
0
0
VERTEX
8
Layer 1
10
2221.540851
20
538.474353
70
0
0
VERTEX
8
Layer 1
10
2223.784422
20
515.861827
70
0
0
VERTEX
8
Layer 1
10
2226.625647
20
493.282101
70
0
0
VERTEX
8
Layer 1
10
2228.270834
20
482.008193
70
0
0
VERTEX
8
Layer 1
10
2230.065977
20
470.746870
70
0
0
VERTEX
8
Layer 1
10
2232.011258
20
459.499595
70
0
0
VERTEX
8
Layer 1
10
2234.106859
20
448.267827
70
0
0
VERTEX
8
Layer 1
10
2236.352960
20
437.053031
70
0
0
VERTEX
8
Layer 1
10
2238.749743
20
425.856666
70
0
0
VERTEX
8
Layer 1
10
2241.297388
20
414.680195
70
0
0
VERTEX
8
Layer 1
10
2243.996077
20
403.525080
70
0
0
VERTEX
8
Layer 1
10
2246.845991
20
392.392782
70
0
0
VERTEX
8
Layer 1
10
2249.847311
20
381.284762
70
0
0
VERTEX
8
Layer 1
10
2253.000218
20
370.202483
70
0
0
VERTEX
8
Layer 1
10
2256.304894
20
359.147406
70
0
0
SEQEND
8
Layer 1
0
POLYLINE
8
Layer 1
62
7
70
0
10
0.000000
20
0.000000
66
1
0
VERTEX
8
Layer 1
10
2330.638985
20
1068.219835
70
0
0
VERTEX
8
Layer 1
10
2343.223769
20
1060.612941
70
0
0
SEQEND
8
Layer 1
0
POLYLINE
8
Layer 1
62
7
70
0
10
0.000000
20
0.000000
66
1
0
VERTEX
8
Layer 1
10
2202.100727
20
43.177059
70
0
0
VERTEX
8
Layer 1
10
2201.760741
20
43.889727
70
0
0
VERTEX
8
Layer 1
10
2201.256159
20
44.480228
70
0
0
VERTEX
8
Layer 1
10
2200.616969
20
44.921510
70
0
0
VERTEX
8
Layer 1
10
2199.873158
20
45.186522
70
0
0
VERTEX
8
Layer 1
10
2199.085976
20
45.248420
70
0
0
VERTEX
8
Layer 1
10
2198.322296
20
45.106689
70
0
0
VERTEX
8
Layer 1
10
2197.620540
20
44.773775
70
0
0
VERTEX
8
Layer 1
10
2197.019127
20
44.262122
70
0
0
VERTEX
8
Layer 1
10
2196.571931
20
43.611351
70
0
0
VERTEX
8
Layer 1
10
2196.312834
20
42.879120
70
0
0
VERTEX
8
Layer 1
10
2196.250268
20
42.104924
70
0
0
VERTEX
8
Layer 1
10
2196.392666
20
41.328259
70
0
0
VERTEX
8
Layer 1
10
2196.732652
20
40.615591
70
0
0
VERTEX
8
Layer 1
10
2197.237234
20
40.025090
70
0
0
VERTEX
8
Layer 1
10
2197.876424
20
39.583808
70
0
0
VERTEX
8
Layer 1
10
2198.620235
20
39.318796
70
0
0
VERTEX
8
Layer 1
10
2199.407417
20
39.256898
70
0
0
VERTEX
8
Layer 1
10
2200.171097
20
39.398629
70
0
0
VERTEX
8
Layer 1
10
2200.872853
20
39.731543
70
0
0
VERTEX
8
Layer 1
10
2201.474266
20
40.243196
70
0
0
VERTEX
8
Layer 1
10
2201.921462
20
40.893967
70
0
0
VERTEX
8
Layer 1
10
2202.180559
20
41.626198
70
0
0
VERTEX
8
Layer 1
10
2202.243126
20
42.400394
70
0
0
VERTEX
8
Layer 1
10
2202.100727
20
43.177059
70
0
0
VERTEX
8
Layer 1
10
2202.100727
20
43.177059
70
0
0
SEQEND
8
Layer 1
0
POLYLINE
8
Layer 1
62
7
70
0
10
0.000000
20
0.000000
66
1
0
VERTEX
8
Layer 1
10
2115.997772
20
201.793642
70
0
0
VERTEX
8
Layer 1
10
2115.413670
20
202.831915
70
0
0
VERTEX
8
Layer 1
10
2114.508197
20
203.540995
70
0
0
VERTEX
8
Layer 1
10
2113.402903
20
203.858806
70
0
0
VERTEX
8
Layer 1
10
2112.219342
20
203.723272
70
0
0
VERTEX
8
Layer 1
10
2111.181068
20
203.139170
70
0
0
VERTEX
8
Layer 1
10
2110.471988
20
202.233696
70
0
0
VERTEX
8
Layer 1
10
2110.154177
20
201.128403
70
0
0
VERTEX
8
Layer 1
10
2110.289712
20
199.944841
70
0
0
VERTEX
8
Layer 1
10
2110.629697
20
199.232173
70
0
0
VERTEX
8
Layer 1
10
2111.134279
20
198.641672
70
0
0
VERTEX
8
Layer 1
10
2111.773469
20
198.200390
70
0
0
VERTEX
8
Layer 1
10
2112.517281
20
197.935379
70
0
0
VERTEX
8
Layer 1
10
2113.304463
20
197.873481
70
0
0
VERTEX
8
Layer 1
10
2114.068142
20
198.015211
70
0
0
VERTEX
8
Layer 1
10
2114.769898
20
198.348125
70
0
0
VERTEX
8
Layer 1
10
2115.371311
20
198.859779
70
0
0
VERTEX
8
Layer 1
10
2115.818507
20
199.510549
70
0
0
VERTEX
8
Layer 1
10
2116.077605
20
200.242780
70
0
0
VERTEX
8
Layer 1
10
2116.140171
20
201.016976
70
0
0
VERTEX
8
Layer 1
10
2115.997772
20
201.793642
70
0
0
VERTEX
8
Layer 1
10
2115.997772
20
201.793642
70
0
0
SEQEND
8
Layer 1
0
POLYLINE
8
Layer 1
62
7
70
0
10
0.000000
20
0.000000
66
1
0
VERTEX
8
Layer 1
10
2110.521910
20
281.960251
70
0
0
VERTEX
8
Layer 1
10
2109.936442
20
282.995433
70
0
0
VERTEX
8
Layer 1
10
2109.031270
20
283.701927
70
0
0
VERTEX
8
Layer 1
10
2107.927417
20
284.018127
70
0
0
VERTEX
8
Layer 1
10
2106.745910
20
283.882424
70
0
0
VERTEX
8
Layer 1
10
2105.709202
20
283.299663
70
0
0
VERTEX
8
Layer 1
10
2105.000344
20
282.396341
70
0
0
VERTEX
8
Layer 1
10
2104.681260
20
281.293319
70
0
0
VERTEX
8
Layer 1
10
2104.813875
20
280.111461
70
0
0
VERTEX
8
Layer 1
10
2105.399343
20
279.076279
70
0
0
VERTEX
8
Layer 1
10
2106.304515
20
278.369784
70
0
0
VERTEX
8
Layer 1
10
2107.408368
20
278.053585
70
0
0
VERTEX
8
Layer 1
10
2108.589874
20
278.189288
70
0
0
VERTEX
8
Layer 1
10
2109.626583
20
278.772048
70
0
0
VERTEX
8
Layer 1
10
2110.335441
20
279.675371
70
0
0
VERTEX
8
Layer 1
10
2110.654524
20
280.778393
70
0
0
VERTEX
8
Layer 1
10
2110.521910
20
281.960251
70
0
0
VERTEX
8
Layer 1
10
2110.521910
20
281.960251
70
0
0
SEQEND
8
Layer 1
0
POLYLINE
8
Layer 1
62
7
70
0
10
0.000000
20
0.000000
66
1
0
VERTEX
8
Layer 1
10
2098.305821
20
804.016485
70
0
0
VERTEX
8
Layer 1
10
2097.720504
20
805.052010
70
0
0
VERTEX
8
Layer 1
10
2096.815297
20
805.758792
70
0
0
VERTEX
8
Layer 1
10
2095.711284
20
806.075169
70
0
0
VERTEX
8
Layer 1
10
2094.529548
20
805.939483
70
0
0
VERTEX
8
Layer 1
10
2093.492666
20
805.356572
70
0
0
VERTEX
8
Layer 1
10
2092.783785
20
804.453008
70
0
0
VERTEX
8
Layer 1
10
2092.464845
20
803.349732
70
0
0
VERTEX
8
Layer 1
10
2092.597787
20
802.167685
70
0
0
VERTEX
8
Layer 1
10
2093.183104
20
801.132159
70
0
0
VERTEX
8
Layer 1
10
2094.088312
20
800.425377
70
0
0
VERTEX
8
Layer 1
10
2095.192325
20
800.109000
70
0
0
VERTEX
8
Layer 1
10
2096.374061
20
800.244686
70
0
0
VERTEX
8
Layer 1
10
2097.410942
20
800.827598
70
0
0
VERTEX
8
Layer 1
10
2098.119824
20
801.731162
70
0
0
VERTEX
8
Layer 1
10
2098.438764
20
802.834437
70
0
0
VERTEX
8
Layer 1
10
2098.305821
20
804.016485
70
0
0
VERTEX
8
Layer 1
10
2098.305821
20
804.016485
70
0
0
SEQEND
8
Layer 1
0
POLYLINE
8
Layer 1
62
7
70
0
10
0.000000
20
0.000000
66
1
0
VERTEX
8
Layer 1
10
2172.531090
20
1029.853606
70
0
0
VERTEX
8
Layer 1
10
2171.946129
20
1030.889933
70
0
0
VERTEX
8
Layer 1
10
2171.040846
20
1031.597387
70
0
0
VERTEX
8
Layer 1
10
2169.936462
20
1031.914186
70
0
0
VERTEX
8
Layer 1
10
2168.754195
20
1031.778549
70
0
0
VERTEX
8
Layer 1
10
2167.716905
20
1031.195297
70
0
0
VERTEX
8
Layer 1
10
2167.007960
20
1030.291182
70
0
0
VERTEX
8
Layer 1
10
2166.689341
20
1029.187322
70
0
0
VERTEX
8
Layer 1
10
2166.823029
20
1028.004833
70
0
0
VERTEX
8
Layer 1
10
2167.407990
20
1026.968506
70
0
0
VERTEX
8
Layer 1
10
2168.313272
20
1026.261052
70
0
0
VERTEX
8
Layer 1
10
2169.417657
20
1025.944253
70
0
0
VERTEX
8
Layer 1
10
2170.599924
20
1026.079889
70
0
0
VERTEX
8
Layer 1
10
2171.637213
20
1026.663141
70
0
0
VERTEX
8
Layer 1
10
2172.346158
20
1027.567256
70
0
0
VERTEX
8
Layer 1
10
2172.664777
20
1028.671117
70
0
0
VERTEX
8
Layer 1
10
2172.531090
20
1029.853606
70
0
0
VERTEX
8
Layer 1
10
2172.531090
20
1029.853606
70
0
0
SEQEND
8
Layer 1
0
POLYLINE
8
Layer 1
62
7
70
0
10
0.000000
20
0.000000
66
1
0
VERTEX
8
Layer 1
10
2183.003364
20
1074.490822
70
0
0
VERTEX
8
Layer 1
10
2196.048523
20
1067.805603
70
0
0
SEQEND
8
Layer 1
0
POLYLINE
8
Layer 1
62
7
70
0
10
0.000000
20
0.000000
66
1
0
VERTEX
8
Layer 1
10
2065.016279
20
122.650675
70
0
0
VERTEX
8
Layer 1
10
2191.007344
20
30.933587
70
0
0
SEQEND
8
Layer 1
0
POLYLINE
8
Layer 1
62
7
70
0
10
0.000000
20
0.000000
66
1
0
VERTEX
8
Layer 1
10
2191.007344
20
30.933587
70
0
0
VERTEX
8
Layer 1
10
2192.579089
20
29.940823
70
0
0
VERTEX
8
Layer 1
10
2194.245970
20
29.173844
70
0
0
VERTEX
8
Layer 1
10
2195.984543
20
28.635141
70
0
0
VERTEX
8
Layer 1
10
2197.771363
20
28.327207
70
0
0
VERTEX
8
Layer 1
10
2199.582984
20
28.252536
70
0
0
VERTEX
8
Layer 1
10
2201.395962
20
28.413619
70
0
0
VERTEX
8
Layer 1
10
2203.186852
20
28.812950
70
0
0
VERTEX
8
Layer 1
10
2204.932208
20
29.453021
70
0
0
VERTEX
8
Layer 1
10
2206.577599
20
30.318268
70
0
0
VERTEX
8
Layer 1
10
2208.074969
20
31.378756
70
0
0
VERTEX
8
Layer 1
10
2209.410442
20
32.615424
70
0
0
VERTEX
8
Layer 1
10
2210.570143
20
34.009210
70
0
0
VERTEX
8
Layer 1
10
2211.540196
20
35.541054
70
0
0
VERTEX
8
Layer 1
10
2212.306724
20
37.191894
70
0
0
VERTEX
8
Layer 1
10
2212.855852
20
38.942668
70
0
0
VERTEX
8
Layer 1
10
2213.173703
20
40.774315
70
0
0
VERTEX
8
Layer 1
10
2213.246556
20
42.631908
70
0
0
VERTEX
8
Layer 1
10
2213.076324
20
44.458866
70
0
0
VERTEX
8
Layer 1
10
2212.672582
20
46.233641
70
0
0
VERTEX
8
Layer 1
10
2212.044905
20
47.934691
70
0
0
VERTEX
8
Layer 1
10
2211.202870
20
49.540469
70
0
0
VERTEX
8
Layer 1
10
2210.156051
20
51.029431
70
0
0
VERTEX
8
Layer 1
10
2208.914025
20
52.380031
70
0
0
VERTEX
8
Layer 1
10
2207.486367
20
53.570726
70
0
0
SEQEND
8
Layer 1
0
POLYLINE
8
Layer 1
62
7
70
0
10
0.000000
20
0.000000
66
1
0
VERTEX
8
Layer 1
10
2126.638983
20
112.425971
70
0
0
VERTEX
8
Layer 1
10
2207.485891
20
53.572393
70
0
0
SEQEND
8
Layer 1
0
POLYLINE
8
Layer 1
62
7
70
0
10
0.000000
20
0.000000
66
1
0
VERTEX
8
Layer 1
10
2115.465220
20
144.974839
70
0
0
VERTEX
8
Layer 1
10
2114.903950
20
142.693497
70
0
0
VERTEX
8
Layer 1
10
2114.525821
20
140.400843
70
0
0
VERTEX
8
Layer 1
10
2114.327578
20
138.106357
70
0
0
VERTEX
8
Layer 1
10
2114.305966
20
135.819519
70
0
0
VERTEX
8
Layer 1
10
2114.457731
20
133.549810
70
0
0
VERTEX
8
Layer 1
10
2114.779618
20
131.306710
70
0
0
VERTEX
8
Layer 1
10
2115.268373
20
129.099699
70
0
0
VERTEX
8
Layer 1
10
2115.920742
20
126.938257
70
0
0
VERTEX
8
Layer 1
10
2116.733470
20
124.831864
70
0
0
VERTEX
8
Layer 1
10
2117.703303
20
122.790001
70
0
0
VERTEX
8
Layer 1
10
2118.826986
20
120.822147
70
0
0
VERTEX
8
Layer 1
10
2120.101264
20
118.937784
70
0
0
VERTEX
8
Layer 1
10
2121.522884
20
117.146390
70
0
0
VERTEX
8
Layer 1
10
2123.088591
20
115.457447
70
0
0
VERTEX
8
Layer 1
10
2124.795130
20
113.880435
70
0
0
VERTEX
8
Layer 1
10
2126.639248
20
112.424833
70
0
0
SEQEND
8
Layer 1
0
POLYLINE
8
Layer 1
62
7
70
0
10
0.000000
20
0.000000
66
1
0
VERTEX
8
Layer 1
10
2117.438929
20
283.163807
70
0
0
VERTEX
8
Layer 1
10
2132.780219
20
205.150115
70
0
0
SEQEND
8
Layer 1
0
POLYLINE
8
Layer 1
62
7
70
0
10
0.000000
20
0.000000
66
1
0
VERTEX
8
Layer 1
10
2196.049343
20
1067.806133
70
0
0
VERTEX
8
Layer 1
10
2184.896070
20
1044.924343
70
0
0
VERTEX
8
Layer 1
10
2174.294056
20
1021.838875
70
0
0
VERTEX
8
Layer 1
10
2164.244285
20
998.559526
70
0
0
VERTEX
8
Layer 1
10
2154.747738
20
975.096097
70
0
0
VERTEX
8
Layer 1
10
2145.805396
20
951.458383
70
0
0
VERTEX
8
Layer 1
10
2137.418242
20
927.656185
70
0
0
VERTEX
8
Layer 1
10
2129.587256
20
903.699299
70
0
0
VERTEX
8
Layer 1
10
2122.313421
20
879.597525
70
0
0
VERTEX
8
Layer 1
10
2115.597718
20
855.360661
70
0
0
VERTEX
8
Layer 1
10
2109.441129
20
830.998504
70
0
0
VERTEX
8
Layer 1
10
2103.844635
20
806.520854
70
0
0
VERTEX
8
Layer 1
10
2098.809218
20
781.937508
70
0
0
VERTEX
8
Layer 1
10
2094.335860
20
757.258265
70
0
0
VERTEX
8
Layer 1
10
2090.425543
20
732.492924
70
0
0
VERTEX
8
Layer 1
10
2087.079247
20
707.651281
70
0
0
VERTEX
8
Layer 1
10
2084.297955
20
682.743136
70
0
0
VERTEX
8
Layer 1
10
2082.082649
20
657.778288
70
0
0
VERTEX
8
Layer 1
10
2080.434310
20
632.766533
70
0
0
VERTEX
8
Layer 1
10
2079.353919
20
607.717671
70
0
0
VERTEX
8
Layer 1
10
2078.842459
20
582.641500
70
0
0
VERTEX
8
Layer 1
10
2078.900910
20
557.547817
70
0
0
VERTEX
8
Layer 1
10
2079.530256
20
532.446422
70
0
0
VERTEX
8
Layer 1
10
2080.731476
20
507.347113
70
0
0
VERTEX
8
Layer 1
10
2082.505554
20
482.259688
70
0
0
VERTEX
8
Layer 1
10
2084.853470
20
457.193944
70
0
0
VERTEX
8
Layer 1
10
2087.776206
20
432.159682
70
0
0
VERTEX
8
Layer 1
10
2091.274745
20
407.166698
70
0
0
VERTEX
8
Layer 1
10
2095.350067
20
382.224791
70
0
0
VERTEX
8
Layer 1
10
2100.003154
20
357.343759
70
0
0
VERTEX
8
Layer 1
10
2105.234988
20
332.533401
70
0
0
VERTEX
8
Layer 1
10
2111.046551
20
307.803515
70
0
0
VERTEX
8
Layer 1
10
2117.438824
20
283.163900
70
0
0
SEQEND
8
Layer 1
0
POLYLINE
8
Layer 1
62
7
70
0
10
0.000000
20
0.000000
66
1
0
VERTEX
8
Layer 1
10
2183.003549
20
1074.491034
70
0
0
VERTEX
8
Layer 1
10
2171.739569
20
1051.291554
70
0
0
VERTEX
8
Layer 1
10
2161.020584
20
1027.890151
70
0
0
VERTEX
8
Layer 1
10
2150.847607
20
1004.296292
70
0
0
VERTEX
8
Layer 1
10
2141.221652
20
980.519443
70
0
0
VERTEX
8
Layer 1
10
2132.143730
20
956.569071
70
0
0
VERTEX
8
Layer 1
10
2123.614855
20
932.454641
70
0
0
VERTEX
8
Layer 1
10
2115.636040
20
908.185622
70
0
0
VERTEX
8
Layer 1
10
2108.208296
20
883.771478
70
0
0
VERTEX
8
Layer 1
10
2101.332636
20
859.221677
70
0
0
VERTEX
8
Layer 1
10
2095.010074
20
834.545686
70
0
0
VERTEX
8
Layer 1
10
2089.241622
20
809.752970
70
0
0
VERTEX
8
Layer 1
10
2084.028292
20
784.852996
70
0
0
VERTEX
8
Layer 1
10
2079.371097
20
759.855231
70
0
0
VERTEX
8
Layer 1
10
2075.271050
20
734.769141
70
0
0
VERTEX
8
Layer 1
10
2071.729164
20
709.604193
70
0
0
VERTEX
8
Layer 1
10
2068.746451
20
684.369853
70
0
0
VERTEX
8
Layer 1
10
2066.323924
20
659.075588
70
0
0
VERTEX
8
Layer 1
10
2064.462595
20
633.730865
70
0
0
VERTEX
8
Layer 1
10
2063.163478
20
608.345149
70
0
0
VERTEX
8
Layer 1
10
2062.427584
20
582.927907
70
0
0
VERTEX
8
Layer 1
10
2062.255927
20
557.488606
70
0
0
VERTEX
8
Layer 1
10
2062.649519
20
532.036712
70
0
0
VERTEX
8
Layer 1
10
2063.609373
20
506.581692
70
0
0
VERTEX
8
Layer 1
10
2065.136502
20
481.133013
70
0
0
VERTEX
8
Layer 1
10
2067.231918
20
455.700140
70
0
0
VERTEX
8
Layer 1
10
2069.896633
20
430.292541
70
0
0
VERTEX
8
Layer 1
10
2073.131662
20
404.919681
70
0
0
VERTEX
8
Layer 1
10
2076.938015
20
379.591028
70
0
0
VERTEX
8
Layer 1
10
2081.316707
20
354.316048
70
0
0
VERTEX
8
Layer 1
10
2086.268749
20
329.104207
70
0
0
VERTEX
8
Layer 1
10
2091.795154
20
303.964972
70
0
0
VERTEX
8
Layer 1
10
2097.896935
20
278.907809
70
0
0
SEQEND
8
Layer 1
0
POLYLINE
8
Layer 1
62
7
70
0
10
0.000000
20
0.000000
66
1
0
VERTEX
8
Layer 1
10
2065.016174
20
122.650940
70
0
0
VERTEX
8
Layer 1
10
2070.914540
20
131.224741
70
0
0
VERTEX
8
Layer 1
10
2076.321073
20
140.055443
70
0
0
VERTEX
8
Layer 1
10
2081.231354
20
149.122060
70
0
0
VERTEX
8
Layer 1
10
2085.640969
20
158.403606
70
0
0
VERTEX
8
Layer 1
10
2089.545501
20
167.879095
70
0
0
VERTEX
8
Layer 1
10
2092.940535
20
177.527542
70
0
0
VERTEX
8
Layer 1
10
2095.821654
20
187.327960
70
0
0
VERTEX
8
Layer 1
10
2098.184443
20
197.259365
70
0
0
VERTEX
8
Layer 1
10
2100.024485
20
207.300770
70
0
0
VERTEX
8
Layer 1
10
2101.337365
20
217.431189
70
0
0
VERTEX
8
Layer 1
10
2102.118666
20
227.629637
70
0
0
VERTEX
8
Layer 1
10
2102.363972
20
237.875129
70
0
0
VERTEX
8
Layer 1
10
2102.068869
20
248.146677
70
0
0
VERTEX
8
Layer 1
10
2101.228938
20
258.423297
70
0
0
VERTEX
8
Layer 1
10
2099.839766
20
268.684003
70
0
0
VERTEX
8
Layer 1
10
2097.896935
20
278.907809
70
0
0
SEQEND
8
Layer 1
0
POLYLINE
8
Layer 1
62
7
70
0
10
0.000000
20
0.000000
66
1
0
VERTEX
8
Layer 1
10
2132.780219
20
205.150115
70
0
0
VERTEX
8
Layer 1
10
2115.465061
20
144.975686
70
0
0
SEQEND
8
Layer 1
0
POLYLINE
8
Layer 1
62
7
70
0
10
0.000000
20
0.000000
66
1
0
VERTEX
8
Layer 1
10
2219.738676
20
358.999211
70
0
0
VERTEX
8
Layer 1
10
2218.586188
20
359.292911
70
0
0
VERTEX
8
Layer 1
10
2217.449753
20
359.128329
70
0
0
VERTEX
8
Layer 1
10
2216.457608
20
358.550210
70
0
0
VERTEX
8
Layer 1
10
2215.737993
20
357.603298
70
0
0
VERTEX
8
Layer 1
10
2215.441354
20
356.451562
70
0
0
VERTEX
8
Layer 1
10
2215.603037
20
355.314711
70
0
0
VERTEX
8
Layer 1
10
2216.178623
20
354.321095
70
0
0
VERTEX
8
Layer 1
10
2217.123697
20
353.599067
70
0
0
VERTEX
8
Layer 1
10
2218.276185
20
353.305366
70
0
0
VERTEX
8
Layer 1
10
2219.412620
20
353.469948
70
0
0
VERTEX
8
Layer 1
10
2220.404765
20
354.048068
70
0
0
VERTEX
8
Layer 1
10
2221.124380
20
354.994980
70
0
0
VERTEX
8
Layer 1
10
2221.421019
20
356.146715
70
0
0
VERTEX
8
Layer 1
10
2221.259336
20
357.283566
70
0
0
VERTEX
8
Layer 1
10
2220.683750
20
358.277182
70
0
0
VERTEX
8
Layer 1
10
2219.738676
20
358.999211
70
0
0
VERTEX
8
Layer 1
10
2219.738676
20
358.999211
70
0
0
SEQEND
8
Layer 1
0
POLYLINE
8
Layer 1
62
7
70
0
10
0.000000
20
0.000000
66
1
0
VERTEX
8
Layer 1
10
2196.819941
20
456.222330
70
0
0
VERTEX
8
Layer 1
10
2195.667001
20
456.517132
70
0
0
VERTEX
8
Layer 1
10
2194.529836
20
456.353107
70
0
0
VERTEX
8
Layer 1
10
2193.536930
20
455.775018
70
0
0
VERTEX
8
Layer 1
10
2192.816768
20
454.827629
70
0
0
VERTEX
8
Layer 1
10
2192.520085
20
453.675171
70
0
0
VERTEX
8
Layer 1
10
2192.682254
20
452.537740
70
0
0
VERTEX
8
Layer 1
10
2193.258722
20
451.543892
70
0
0
VERTEX
8
Layer 1
10
2194.204935
20
450.822185
70
0
0
VERTEX
8
Layer 1
10
2195.357875
20
450.527383
70
0
0
VERTEX
8
Layer 1
10
2196.495041
20
450.691408
70
0
0
VERTEX
8
Layer 1
10
2197.487947
20
451.269497
70
0
0
VERTEX
8
Layer 1
10
2198.208108
20
452.216886
70
0
0
VERTEX
8
Layer 1
10
2198.504792
20
453.369344
70
0
0
VERTEX
8
Layer 1
10
2198.342622
20
454.506775
70
0
0
VERTEX
8
Layer 1
10
2197.766154
20
455.500623
70
0
0
VERTEX
8
Layer 1
10
2196.819941
20
456.222330
70
0
0
VERTEX
8
Layer 1
10
2196.819941
20
456.222330
70
0
0
SEQEND
8
Layer 1
0
POLYLINE
8
Layer 1
62
7
70
0
10
0.000000
20
0.000000
66
1
0
VERTEX
8
Layer 1
10
2205.206429
20
781.137649
70
0
0
VERTEX
8
Layer 1
10
2204.053334
20
781.432818
70
0
0
VERTEX
8
Layer 1
10
2202.915923
20
781.268974
70
0
0
VERTEX
8
Layer 1
10
2201.922762
20
780.690889
70
0
0
VERTEX
8
Layer 1
10
2201.202422
20
779.743333
70
0
0
VERTEX
8
Layer 1
10
2200.905730
20
778.590629
70
0
0
VERTEX
8
Layer 1
10
2201.068072
20
777.453002
70
0
0
VERTEX
8
Layer 1
10
2201.644846
20
776.459080
70
0
0
VERTEX
8
Layer 1
10
2202.591449
20
775.737489
70
0
0
VERTEX
8
Layer 1
10
2203.744544
20
775.442320
70
0
0
VERTEX
8
Layer 1
10
2204.881955
20
775.606164
70
0
0
VERTEX
8
Layer 1
10
2205.875115
20
776.184249
70
0
0
VERTEX
8
Layer 1
10
2206.595456
20
777.131804
70
0
0
VERTEX
8
Layer 1
10
2206.892147
20
778.284508
70
0
0
VERTEX
8
Layer 1
10
2206.729805
20
779.422135
70
0
0
VERTEX
8
Layer 1
10
2206.153032
20
780.416058
70
0
0
VERTEX
8
Layer 1
10
2205.206429
20
781.137649
70
0
0
VERTEX
8
Layer 1
10
2205.206429
20
781.137649
70
0
0
SEQEND
8
Layer 1
0
POLYLINE
8
Layer 1
62
7
70
0
10
0.000000
20
0.000000
66
1
0
VERTEX
8
Layer 1
10
2311.850337
20
1158.798237
70
0
0
VERTEX
8
Layer 1
10
2310.696656
20
1159.094837
70
0
0
VERTEX
8
Layer 1
10
2309.558296
20
1158.931715
70
0
0
VERTEX
8
Layer 1
10
2308.564147
20
1158.353667
70
0
0
VERTEX
8
Layer 1
10
2307.843097
20
1157.405490
70
0
0
VERTEX
8
Layer 1
10
2307.546349
20
1156.251847
70
0
0
VERTEX
8
Layer 1
10
2307.709326
20
1155.113466
70
0
0
VERTEX
8
Layer 1
10
2308.287246
20
1154.119242
70
0
0
VERTEX
8
Layer 1
10
2309.235331
20
1153.398072
70
0
0
VERTEX
8
Layer 1
10
2310.389013
20
1153.101471
70
0
0
VERTEX
8
Layer 1
10
2311.527373
20
1153.264594
70
0
0
VERTEX
8
Layer 1
10
2312.521522
20
1153.842641
70
0
0
VERTEX
8
Layer 1
10
2313.242572
20
1154.790819
70
0
0
VERTEX
8
Layer 1
10
2313.539319
20
1155.944462
70
0
0
VERTEX
8
Layer 1
10
2313.376343
20
1157.082843
70
0
0
VERTEX
8
Layer 1
10
2312.798422
20
1158.077066
70
0
0
VERTEX
8
Layer 1
10
2311.850337
20
1158.798237
70
0
0
VERTEX
8
Layer 1
10
2311.850337
20
1158.798237
70
0
0
SEQEND
8
Layer 1
0
POLYLINE
8
Layer 1
62
7
70
0
10
0.000000
20
0.000000
66
1
0
VERTEX
8
Layer 1
10
2328.757562
20
1086.675134
70
0
0
VERTEX
8
Layer 1
10
2330.123307
20
1089.458232
70
0
0
VERTEX
8
Layer 1
10
2331.344381
20
1092.293101
70
0
0
VERTEX
8
Layer 1
10
2332.420294
20
1095.174219
70
0
0
VERTEX
8
Layer 1
10
2333.350559
20
1098.096061
70
0
0
VERTEX
8
Layer 1
10
2334.772184
20
1104.039827
70
0
0
VERTEX
8
Layer 1
10
2335.605346
20
1110.080213
70
0
0
VERTEX
8
Layer 1
10
2335.846134
20
1116.173031
70
0
0
VERTEX
8
Layer 1
10
2335.490635
20
1122.274096
70
0
0
VERTEX
8
Layer 1
10
2335.088057
20
1125.313913
70
0
0
VERTEX
8
Layer 1
10
2334.534940
20
1128.339221
70
0
0
VERTEX
8
Layer 1
10
2333.830796
20
1131.344498
70
0
0
VERTEX
8
Layer 1
10
2332.975137
20
1134.324219
70
0
0
VERTEX
8
Layer 1
10
2331.972917
20
1137.257894
70
0
0
VERTEX
8
Layer 1
10
2330.831791
20
1140.125879
70
0
0
VERTEX
8
Layer 1
10
2329.555318
20
1142.923923
70
0
0
VERTEX
8
Layer 1
10
2328.147059
20
1145.647773
70
0
0
VERTEX
8
Layer 1
10
2324.949423
20
1150.855891
70
0
0
VERTEX
8
Layer 1
10
2321.267359
20
1155.716222
70
0
0
VERTEX
8
Layer 1
10
2317.129347
20
1160.194757
70
0
0
VERTEX
8
Layer 1
10
2312.563867
20
1164.257486
70
0
0
VERTEX
8
Layer 1
10
2310.129726
20
1166.122294
70
0
0
VERTEX
8
Layer 1
10
2307.599397
20
1167.870397
70
0
0
VERTEX
8
Layer 1
10
2304.976440
20
1169.497544
70
0
0
VERTEX
8
Layer 1
10
2302.264416
20
1170.999482
70
0
0
SEQEND
8
Layer 1
0
POLYLINE
8
Layer 1
62
7
70
0
10
0.000000
20
0.000000
66
1
0
VERTEX
8
Layer 1
10
2295.322155
20
1157.693788
70
0
0
VERTEX
8
Layer 1
10
2302.265263
20
1170.999853
70
0
0
SEQEND
8
Layer 1
0
POLYLINE
8
Layer 1
62
7
70
0
10
0.000000
20
0.000000
66
1
0
VERTEX
8
Layer 1
10
2315.453455
20
1093.618003
70
0
0
VERTEX
8
Layer 1
10
2317.482658
20
1098.036401
70
0
0
VERTEX
8
Layer 1
10
2319.026310
20
1102.549965
70
0
0
VERTEX
8
Layer 1
10
2320.094532
20
1107.126486
70
0
0
VERTEX
8
Layer 1
10
2320.697442
20
1111.733756
70
0
0
VERTEX
8
Layer 1
10
2320.845160
20
1116.339565
70
0
0
VERTEX
8
Layer 1
10
2320.547806
20
1120.911706
70
0
0
VERTEX
8
Layer 1
10
2319.815499
20
1125.417968
70
0
0
VERTEX
8
Layer 1
10
2318.658358
20
1129.826144
70
0
0
VERTEX
8
Layer 1
10
2317.086503
20
1134.104025
70
0
0
VERTEX
8
Layer 1
10
2315.110053
20
1138.219401
70
0
0
VERTEX
8
Layer 1
10
2312.739127
20
1142.140064
70
0
0
VERTEX
8
Layer 1
10
2309.983846
20
1145.833805
70
0
0
VERTEX
8
Layer 1
10
2306.854327
20
1149.268416
70
0
0
VERTEX
8
Layer 1
10
2303.360692
20
1152.411687
70
0
0
VERTEX
8
Layer 1
10
2299.513058
20
1155.231410
70
0
0
VERTEX
8
Layer 1
10
2295.321546
20
1157.695376
70
0
0
SEQEND
8
Layer 1
0
POLYLINE
8
Layer 1
62
7
70
0
10
0.000000
20
0.000000
66
1
0
VERTEX
8
Layer 1
10
2315.453455
20
1093.618003
70
0
0
VERTEX
8
Layer 1
10
2304.977829
20
1075.406201
70
0
0
VERTEX
8
Layer 1
10
2294.907924
20
1057.008080
70
0
0
VERTEX
8
Layer 1
10
2285.245087
20
1038.430428
70
0
0
VERTEX
8
Layer 1
10
2275.990664
20
1019.680032
70
0
0
VERTEX
8
Layer 1
10
2267.146003
20
1000.763678
70
0
0
VERTEX
8
Layer 1
10
2258.712449
20
981.688152
70
0
0
VERTEX
8
Layer 1
10
2250.691351
20
962.460242
70
0
0
VERTEX
8
Layer 1
10
2243.084053
20
943.086734
70
0
0
VERTEX
8
Layer 1
10
2235.891904
20
923.574415
70
0
0
VERTEX
8
Layer 1
10
2229.116250
20
903.930071
70
0
0
VERTEX
8
Layer 1
10
2222.758437
20
884.160489
70
0
0
VERTEX
8
Layer 1
10
2216.819813
20
864.272455
70
0
0
VERTEX
8
Layer 1
10
2211.301723
20
844.272757
70
0
0
VERTEX
8
Layer 1
10
2206.205516
20
824.168181
70
0
0
VERTEX
8
Layer 1
10
2201.532536
20
803.965512
70
0
0
VERTEX
8
Layer 1
10
2197.284132
20
783.671539
70
0
0
VERTEX
8
Layer 1
10
2193.461650
20
763.293048
70
0
0
VERTEX
8
Layer 1
10
2190.066436
20
742.836825
70
0
0
VERTEX
8
Layer 1
10
2187.099837
20
722.309657
70
0
0
VERTEX
8
Layer 1
10
2184.563201
20
701.718331
70
0
0
VERTEX
8
Layer 1
10
2182.457873
20
681.069633
70
0
0
VERTEX
8
Layer 1
10
2180.785200
20
660.370350
70
0
0
VERTEX
8
Layer 1
10
2179.546530
20
639.627268
70
0
0
VERTEX
8
Layer 1
10
2178.743209
20
618.847174
70
0
0
VERTEX
8
Layer 1
10
2178.376583
20
598.036855
70
0
0
VERTEX
8
Layer 1
10
2178.447999
20
577.203098
70
0
0
VERTEX
8
Layer 1
10
2178.958804
20
556.352689
70
0
0
VERTEX
8
Layer 1
10
2179.910345
20
535.492414
70
0
0
VERTEX
8
Layer 1
10
2181.303968
20
514.629061
70
0
0
VERTEX
8
Layer 1
10
2183.141021
20
493.769415
70
0
0
VERTEX
8
Layer 1
10
2185.422849
20
472.920265
70
0
0
VERTEX
8
Layer 1
10
2188.150800
20
452.088395
70
0
0
SEQEND
8
Layer 1
0
POLYLINE
8
Layer 1
62
7
70
0
10
0.000000
20
0.000000
66
1
0
VERTEX
8
Layer 1
10
2188.150800
20
452.088395
70
0
0
VERTEX
8
Layer 1
10
2191.454228
20
434.714796
70
0
0
VERTEX
8
Layer 1
10
2195.097165
20
417.414429
70
0
0
VERTEX
8
Layer 1
10
2199.078312
20
400.192240
70
0
0
VERTEX
8
Layer 1
10
2203.396373
20
383.053173
70
0
0
VERTEX
8
Layer 1
10
2208.050050
20
366.002175
70
0
0
VERTEX
8
Layer 1
10
2213.038045
20
349.044190
70
0
0
VERTEX
8
Layer 1
10
2218.359060
20
332.184164
70
0
0
VERTEX
8
Layer 1
10
2224.011798
20
315.427042
70
0
0
SEQEND
8
Layer 1
0
POLYLINE
8
Layer 1
62
7
70
0
10
0.000000
20
0.000000
66
1
0
VERTEX
8
Layer 1
10
2224.011665
20
315.427148
70
0
0
VERTEX
8
Layer 1
10
2237.910607
20
320.235071
70
0
0
SEQEND
8
Layer 1
0
POLYLINE
8
Layer 1
62
7
70
0
10
0.000000
20
0.000000
66
1
0
VERTEX
8
Layer 1
10
2206.764267
20
435.337759
70
0
0
VERTEX
8
Layer 1
10
2209.786501
20
420.726266
70
0
0
VERTEX
8
Layer 1
10
2213.059289
20
406.172251
70
0
0
VERTEX
8
Layer 1
10
2216.581764
20
391.678917
70
0
0
VERTEX
8
Layer 1
10
2220.353059
20
377.249470
70
0
0
VERTEX
8
Layer 1
10
2224.372308
20
362.887115
70
0
0
VERTEX
8
Layer 1
10
2228.638642
20
348.595056
70
0
0
VERTEX
8
Layer 1
10
2233.151195
20
334.376499
70
0
0
VERTEX
8
Layer 1
10
2237.909099
20
320.234648
70
0
0
SEQEND
8
Layer 1
0
POLYLINE
8
Layer 1
62
7
70
0
10
0.000000
20
0.000000
66
1
0
VERTEX
8
Layer 1
10
2200.481267
20
474.812066
70
0
0
VERTEX
8
Layer 1
10
2201.774185
20
464.900602
70
0
0
VERTEX
8
Layer 1
10
2203.252600
20
455.015994
70
0
0
VERTEX
8
Layer 1
10
2204.916099
20
445.160845
70
0
0
VERTEX
8
Layer 1
10
2206.764267
20
435.337759
70
0
0
SEQEND
8
Layer 1
0
POLYLINE
8
Layer 1
62
7
70
0
10
0.000000
20
0.000000
66
1
0
VERTEX
8
Layer 1
10
2328.757350
20
1086.674711
70
0
0
VERTEX
8
Layer 1
10
2318.736302
20
1069.307867
70
0
0
VERTEX
8
Layer 1
10
2309.090368
20
1051.766890
70
0
0
VERTEX
8
Layer 1
10
2299.820826
20
1034.057879
70
0
0
VERTEX
8
Layer 1
10
2290.928955
20
1016.186931
70
0
0
VERTEX
8
Layer 1
10
2282.416033
20
998.160144
70
0
0
VERTEX
8
Layer 1
10
2274.283338
20
979.983616
70
0
0
VERTEX
8
Layer 1
10
2266.532149
20
961.663446
70
0
0
VERTEX
8
Layer 1
10
2259.163744
20
943.205732
70
0
0
VERTEX
8
Layer 1
10
2252.179402
20
924.616570
70
0
0
VERTEX
8
Layer 1
10
2245.580401
20
905.902060
70
0
0
VERTEX
8
Layer 1
10
2239.368019
20
887.068300
70
0
0
VERTEX
8
Layer 1
10
2233.543536
20
868.121387
70
0
0
VERTEX
8
Layer 1
10
2228.108230
20
849.067420
70
0
0
VERTEX
8
Layer 1
10
2223.063378
20
829.912496
70
0
0
VERTEX
8
Layer 1
10
2218.410259
20
810.662714
70
0
0
VERTEX
8
Layer 1
10
2214.150153
20
791.324171
70
0
0
VERTEX
8
Layer 1
10
2210.284337
20
771.902966
70
0
0
VERTEX
8
Layer 1
10
2206.814089
20
752.405197
70
0
0
VERTEX
8
Layer 1
10
2203.740689
20
732.836961
70
0
0
VERTEX
8
Layer 1
10
2201.065414
20
713.204357
70
0
0
VERTEX
8
Layer 1
10
2198.789543
20
693.513483
70
0
0
VERTEX
8
Layer 1
10
2196.914355
20
673.770436
70
0
0
VERTEX
8
Layer 1
10
2195.441128
20
653.981316
70
0
0
VERTEX
8
Layer 1
10
2194.371140
20
634.152219
70
0
0
VERTEX
8
Layer 1
10
2193.705670
20
614.289244
70
0
0
VERTEX
8
Layer 1
10
2193.445996
20
594.398489
70
0
0
VERTEX
8
Layer 1
10
2193.593397
20
574.486052
70
0
0
VERTEX
8
Layer 1
10
2194.149151
20
554.558031
70
0
0
VERTEX
8
Layer 1
10
2195.114537
20
534.620524
70
0
0
VERTEX
8
Layer 1
10
2196.490832
20
514.679628
70
0
0
VERTEX
8
Layer 1
10
2198.279316
20
494.741443
70
0
0
VERTEX
8
Layer 1
10
2200.481267
20
474.812066
70
0
0
SEQEND
8
Layer 1
0
POLYLINE
8
Layer 1
62
7
70
0
10
0.000000
20
0.000000
66
1
0
VERTEX
8
Layer 1
10
2282.563963
20
1108.265874
70
0
0
VERTEX
8
Layer 1
10
2281.396786
20
1108.499779
70
0
0
VERTEX
8
Layer 1
10
2280.269520
20
1108.276060
70
0
0
VERTEX
8
Layer 1
10
2279.308221
20
1107.646233
70
0
0
VERTEX
8
Layer 1
10
2278.638945
20
1106.661813
70
0
0
VERTEX
8
Layer 1
10
2278.403658
20
1105.494914
70
0
0
VERTEX
8
Layer 1
10
2278.626042
20
1104.367384
70
0
0
VERTEX
8
Layer 1
10
2279.254731
20
1103.405340
70
0
0
VERTEX
8
Layer 1
10
2280.238357
20
1102.734899
70
0
0
VERTEX
8
Layer 1
10
2281.405534
20
1102.500993
70
0
0
VERTEX
8
Layer 1
10
2282.532800
20
1102.724712
70
0
0
VERTEX
8
Layer 1
10
2283.494099
20
1103.354540
70
0
0
VERTEX
8
Layer 1
10
2284.163375
20
1104.338960
70
0
0
VERTEX
8
Layer 1
10
2284.398662
20
1105.505859
70
0
0
VERTEX
8
Layer 1
10
2284.176278
20
1106.633389
70
0
0
VERTEX
8
Layer 1
10
2283.547589
20
1107.595433
70
0
0
VERTEX
8
Layer 1
10
2282.563963
20
1108.265874
70
0
0
VERTEX
8
Layer 1
10
2282.563963
20
1108.265874
70
0
0
SEQEND
8
Layer 1
0
POLYLINE
8
Layer 1
62
7
70
0
10
0.000000
20
0.000000
66
1
0
VERTEX
8
Layer 1
10
2113.193563
20
730.172404
70
0
0
VERTEX
8
Layer 1
10
2112.027737
20
730.403473
70
0
0
VERTEX
8
Layer 1
10
2110.902476
20
730.178396
70
0
0
VERTEX
8
Layer 1
10
2109.943188
20
729.548603
70
0
0
VERTEX
8
Layer 1
10
2109.275282
20
728.565523
70
0
0
VERTEX
8
Layer 1
10
2109.040007
20
727.400539
70
0
0
VERTEX
8
Layer 1
10
2109.261021
20
726.274472
70
0
0
VERTEX
8
Layer 1
10
2109.887348
20
725.312918
70
0
0
VERTEX
8
Layer 1
10
2110.868011
20
724.641468
70
0
0
VERTEX
8
Layer 1
10
2112.033837
20
724.410399
70
0
0
VERTEX
8
Layer 1
10
2113.159098
20
724.635476
70
0
0
VERTEX
8
Layer 1
10
2114.118386
20
725.265270
70
0
0
VERTEX
8
Layer 1
10
2114.786292
20
726.248349
70
0
0
VERTEX
8
Layer 1
10
2115.021567
20
727.413334
70
0
0
VERTEX
8
Layer 1
10
2114.800552
20
728.539400
70
0
0
VERTEX
8
Layer 1
10
2114.174225
20
729.500954
70
0
0
VERTEX
8
Layer 1
10
2113.193563
20
730.172404
70
0
0
VERTEX
8
Layer 1
10
2113.193563
20
730.172404
70
0
0
SEQEND
8
Layer 1
0
POLYLINE
8
Layer 1
62
7
70
0
10
0.000000
20
0.000000
66
1
0
VERTEX
8
Layer 1
10
2292.014867
20
1094.473665
70
0
0
VERTEX
8
Layer 1
10
2287.495295
20
1096.266249
70
0
0
VERTEX
8
Layer 1
10
2282.906379
20
1097.568927
70
0
0
VERTEX
8
Layer 1
10
2278.279750
20
1098.393510
70
0
0
VERTEX
8
Layer 1
10
2273.647034
20
1098.751807
70
0
0
VERTEX
8
Layer 1
10
2269.039861
20
1098.655626
70
0
0
VERTEX
8
Layer 1
10
2264.489858
20
1098.116778
70
0
0
VERTEX
8
Layer 1
10
2260.028654
20
1097.147072
70
0
0
VERTEX
8
Layer 1
10
2255.687877
20
1095.758317
70
0
0
VERTEX
8
Layer 1
10
2251.499156
20
1093.962323
70
0
0
VERTEX
8
Layer 1
10
2247.494118
20
1091.770899
70
0
0
VERTEX
8
Layer 1
10
2243.704391
20
1089.195854
70
0
0
VERTEX
8
Layer 1
10
2240.161605
20
1086.248997
70
0
0
VERTEX
8
Layer 1
10
2236.897387
20
1082.942139
70
0
0
VERTEX
8
Layer 1
10
2233.943366
20
1079.287088
70
0
0
VERTEX
8
Layer 1
10
2231.331170
20
1075.295655
70
0
0
VERTEX
8
Layer 1
10
2229.092426
20
1070.979647
70
0
0
SEQEND
8
Layer 1
0
POLYLINE
8
Layer 1
62
7
70
0
10
0.000000
20
0.000000
66
1
0
VERTEX
8
Layer 1
10
2298.244130
20
1108.126492
70
0
0
VERTEX
8
Layer 1
10
2295.392670
20
1109.343072
70
0
0
VERTEX
8
Layer 1
10
2292.497165
20
1110.412445
70
0
0
VERTEX
8
Layer 1
10
2289.563157
20
1111.334414
70
0
0
VERTEX
8
Layer 1
10
2286.596187
20
1112.108782
70
0
0
VERTEX
8
Layer 1
10
2280.585529
20
1113.213936
70
0
0
VERTEX
8
Layer 1
10
2274.509522
20
1113.726338
70
0
0
VERTEX
8
Layer 1
10
2268.412498
20
1113.644422
70
0
0
VERTEX
8
Layer 1
10
2262.338788
20
1112.966618
70
0
0
VERTEX
8
Layer 1
10
2259.324529
20
1112.403769
70
0
0
VERTEX
8
Layer 1
10
2256.332723
20
1111.691360
70
0
0
VERTEX
8
Layer 1
10
2253.368911
20
1110.829195
70
0
0
VERTEX
8
Layer 1
10
2250.438636
20
1109.817079
70
0
0
VERTEX
8
Layer 1
10
2247.562096
20
1108.661044
70
0
0
VERTEX
8
Layer 1
10
2244.758505
20
1107.369773
70
0
0
VERTEX
8
Layer 1
10
2242.031918
20
1105.947046
70
0
0
VERTEX
8
Layer 1
10
2239.386392
20
1104.396643
70
0
0
VERTEX
8
Layer 1
10
2234.354754
20
1100.927926
70
0
0
VERTEX
8
Layer 1
10
2229.696046
20
1096.993863
70
0
0
VERTEX
8
Layer 1
10
2225.442723
20
1092.624691
70
0
0
VERTEX
8
Layer 1
10
2221.627242
20
1087.850649
70
0
0
VERTEX
8
Layer 1
10
2219.893834
20
1085.321252
70
0
0
VERTEX
8
Layer 1
10
2218.282058
20
1082.701976
70
0
0
VERTEX
8
Layer 1
10
2216.795969
20
1079.996602
70
0
0
VERTEX
8
Layer 1
10
2215.439626
20
1077.208910
70
0
0
SEQEND
8
Layer 1
0
POLYLINE
8
Layer 1
62
7
70
0
10
0.000000
20
0.000000
66
1
0
VERTEX
8
Layer 1
10
2292.014391
20
1094.474168
70
0
0
VERTEX
8
Layer 1
10
2298.242754
20
1108.126518
70
0
0
SEQEND
8
Layer 1
0
POLYLINE
8
Layer 1
62
7
70
0
10
0.000000
20
0.000000
66
1
0
VERTEX
8
Layer 1
10
2157.711425
20
258.482597
70
0
0
VERTEX
8
Layer 1
10
2156.544353
20
258.716289
70
0
0
VERTEX
8
Layer 1
10
2155.417241
20
258.492469
70
0
0
VERTEX
8
Layer 1
10
2154.456095
20
257.862646
70
0
0
VERTEX
8
Layer 1
10
2153.786923
20
256.878331
70
0
0
VERTEX
8
Layer 1
10
2153.551635
20
255.711579
70
0
0
VERTEX
8
Layer 1
10
2153.773913
20
254.584162
70
0
0
VERTEX
8
Layer 1
10
2154.402421
20
253.622156
70
0
0
VERTEX
8
Layer 1
10
2155.385820
20
252.951638
70
0
0
VERTEX
8
Layer 1
10
2156.552892
20
252.717946
70
0
0
VERTEX
8
Layer 1
10
2157.680005
20
252.941766
70
0
0
VERTEX
8
Layer 1
10
2158.641150
20
253.571588
70
0
0
VERTEX
8
Layer 1
10
2159.310323
20
254.555904
70
0
0
VERTEX
8
Layer 1
10
2159.545610
20
255.722656
70
0
0
VERTEX
8
Layer 1
10
2159.323332
20
256.850073
70
0
0
VERTEX
8
Layer 1
10
2158.694825
20
257.812079
70
0
0
VERTEX
8
Layer 1
10
2157.711425
20
258.482597
70
0
0
VERTEX
8
Layer 1
10
2157.711425
20
258.482597
70
0
0
SEQEND
8
Layer 1
0
POLYLINE
8
Layer 1
62
7
70
0
10
0.000000
20
0.000000
66
1
0
VERTEX
8
Layer 1
10
2124.058743
20
362.058312
70
0
0
VERTEX
8
Layer 1
10
2122.892383
20
362.290513
70
0
0
VERTEX
8
Layer 1
10
2121.766326
20
362.065982
70
0
0
VERTEX
8
Layer 1
10
2120.806237
20
361.436181
70
0
0
VERTEX
8
Layer 1
10
2120.137782
20
360.452575
70
0
0
VERTEX
8
Layer 1
10
2119.902495
20
359.286833
70
0
0
VERTEX
8
Layer 1
10
2120.124046
20
358.160186
70
0
0
VERTEX
8
Layer 1
10
2120.751304
20
357.198434
70
0
0
VERTEX
8
Layer 1
10
2121.733138
20
356.527379
70
0
0
VERTEX
8
Layer 1
10
2122.899498
20
356.295177
70
0
0
VERTEX
8
Layer 1
10
2124.025555
20
356.519708
70
0
0
VERTEX
8
Layer 1
10
2124.985644
20
357.149509
70
0
0
VERTEX
8
Layer 1
10
2125.654099
20
358.133115
70
0
0
VERTEX
8
Layer 1
10
2125.889386
20
359.298857
70
0
0
VERTEX
8
Layer 1
10
2125.667835
20
360.425504
70
0
0
VERTEX
8
Layer 1
10
2125.040577
20
361.387256
70
0
0
VERTEX
8
Layer 1
10
2124.058743
20
362.058312
70
0
0
VERTEX
8
Layer 1
10
2124.058743
20
362.058312
70
0
0
SEQEND
8
Layer 1
0
POLYLINE
8
Layer 1
62
7
70
0
10
0.000000
20
0.000000
66
1
0
VERTEX
8
Layer 1
10
2229.092426
20
1070.979647
70
0
0
VERTEX
8
Layer 1
10
2218.763633
20
1050.400465
70
0
0
VERTEX
8
Layer 1
10
2208.891272
20
1029.642410
70
0
0
VERTEX
8
Layer 1
10
2199.476392
20
1008.713020
70
0
0
VERTEX
8
Layer 1
10
2190.520045
20
987.619833
70
0
0
VERTEX
8
Layer 1
10
2182.023281
20
966.370389
70
0
0
VERTEX
8
Layer 1
10
2173.987150
20
944.972224
70
0
0
VERTEX
8
Layer 1
10
2166.412704
20
923.432877
70
0
0
VERTEX
8
Layer 1
10
2159.300991
20
901.759886
70
0
0
VERTEX
8
Layer 1
10
2152.653063
20
879.960790
70
0
0
VERTEX
8
Layer 1
10
2146.469971
20
858.043126
70
0
0
VERTEX
8
Layer 1
10
2140.752764
20
836.014433
70
0
0
VERTEX
8
Layer 1
10
2135.502493
20
813.882248
70
0
0
VERTEX
8
Layer 1
10
2130.720209
20
791.654111
70
0
0
VERTEX
8
Layer 1
10
2126.406962
20
769.337558
70
0
0
VERTEX
8
Layer 1
10
2122.563803
20
746.940130
70
0
0
VERTEX
8
Layer 1
10
2119.191782
20
724.469362
70
0
0
VERTEX
8
Layer 1
10
2116.291949
20
701.932794
70
0
0
VERTEX
8
Layer 1
10
2113.865355
20
679.337964
70
0
0
VERTEX
8
Layer 1
10
2111.913050
20
656.692411
70
0
0
VERTEX
8
Layer 1
10
2110.436085
20
634.003671
70
0
0
VERTEX
8
Layer 1
10
2109.435510
20
611.279284
70
0
0
VERTEX
8
Layer 1
10
2108.912376
20
588.526787
70
0
0
VERTEX
8
Layer 1
10
2108.867734
20
565.753719
70
0
0
VERTEX
8
Layer 1
10
2109.302632
20
542.967617
70
0
0
VERTEX
8
Layer 1
10
2110.218123
20
520.176021
70
0
0
VERTEX
8
Layer 1
10
2111.615257
20
497.386468
70
0
0
VERTEX
8
Layer 1
10
2113.495084
20
474.606496
70
0
0
VERTEX
8
Layer 1
10
2115.858654
20
451.843644
70
0
0
VERTEX
8
Layer 1
10
2118.707018
20
429.105450
70
0
0
VERTEX
8
Layer 1
10
2122.041226
20
406.399451
70
0
0
VERTEX
8
Layer 1
10
2125.862329
20
383.733187
70
0
0
VERTEX
8
Layer 1
10
2130.171378
20
361.114195
70
0
0
SEQEND
8
Layer 1
0
POLYLINE
8
Layer 1
62
7
70
0
10
0.000000
20
0.000000
66
1
0
VERTEX
8
Layer 1
10
2130.171378
20
361.114195
70
0
0
VERTEX
8
Layer 1
10
2135.200713
20
342.447758
70
0
0
VERTEX
8
Layer 1
10
2140.554863
20
323.876508
70
0
0
VERTEX
8
Layer 1
10
2146.232412
20
305.404656
70
0
0
VERTEX
8
Layer 1
10
2152.231944
20
287.036411
70
0
0
VERTEX
8
Layer 1
10
2158.552042
20
268.775986
70
0
0
VERTEX
8
Layer 1
10
2165.191290
20
250.627589
70
0
0
VERTEX
8
Layer 1
10
2172.148272
20
232.595434
70
0
0
VERTEX
8
Layer 1
10
2179.421572
20
214.683728
70
0
0
SEQEND
8
Layer 1
0
POLYLINE
8
Layer 1
62
7
70
0
10
0.000000
20
0.000000
66
1
0
VERTEX
8
Layer 1
10
2165.841558
20
209.165268
70
0
0
VERTEX
8
Layer 1
10
2179.421598
20
214.683490
70
0
0
SEQEND
8
Layer 1
0
POLYLINE
8
Layer 1
62
7
70
0
10
0.000000
20
0.000000
66
1
0
VERTEX
8
Layer 1
10
2126.347757
20
318.936810
70
0
0
VERTEX
8
Layer 1
10
2130.670721
20
305.001102
70
0
0
VERTEX
8
Layer 1
10
2135.170239
20
291.123259
70
0
0
VERTEX
8
Layer 1
10
2139.845708
20
277.304949
70
0
0
VERTEX
8
Layer 1
10
2144.696530
20
263.547841
70
0
0
VERTEX
8
Layer 1
10
2149.722102
20
249.853605
70
0
0
VERTEX
8
Layer 1
10
2154.921825
20
236.223910
70
0
0
VERTEX
8
Layer 1
10
2160.295098
20
222.660424
70
0
0
VERTEX
8
Layer 1
10
2165.841320
20
209.164818
70
0
0
SEQEND
8
Layer 1
0
POLYLINE
8
Layer 1
62
7
70
0
10
0.000000
20
0.000000
66
1
0
VERTEX
8
Layer 1
10
2108.248348
20
396.786233
70
0
0
VERTEX
8
Layer 1
10
2109.947034
20
386.931324
70
0
0
VERTEX
8
Layer 1
10
2111.807713
20
377.107790
70
0
0
VERTEX
8
Layer 1
10
2113.829923
20
367.317621
70
0
0
VERTEX
8
Layer 1
10
2116.013201
20
357.562803
70
0
0
VERTEX
8
Layer 1
10
2118.357086
20
347.845325
70
0
0
VERTEX
8
Layer 1
10
2120.861115
20
338.167175
70
0
0
VERTEX
8
Layer 1
10
2123.524826
20
328.530340
70
0
0
VERTEX
8
Layer 1
10
2126.347757
20
318.936810
70
0
0
SEQEND
8
Layer 1
0
POLYLINE
8
Layer 1
62
7
70
0
10
0.000000
20
0.000000
66
1
0
VERTEX
8
Layer 1
10
2215.439626
20
1077.208910
70
0
0
VERTEX
8
Layer 1
10
2205.547659
20
1057.487481
70
0
0
VERTEX
8
Layer 1
10
2196.067634
20
1037.602227
70
0
0
VERTEX
8
Layer 1
10
2187.000564
20
1017.559582
70
0
0
VERTEX
8
Layer 1
10
2178.347463
20
997.365983
70
0
0
VERTEX
8
Layer 1
10
2170.109345
20
977.027864
70
0
0
VERTEX
8
Layer 1
10
2162.287224
20
956.551662
70
0
0
VERTEX
8
Layer 1
10
2154.882114
20
935.943811
70
0
0
VERTEX
8
Layer 1
10
2147.895028
20
915.210749
70
0
0
VERTEX
8
Layer 1
10
2141.326981
20
894.358910
70
0
0
VERTEX
8
Layer 1
10
2135.178986
20
873.394730
70
0
0
VERTEX
8
Layer 1
10
2129.452057
20
852.324644
70
0
0
VERTEX
8
Layer 1
10
2124.147208
20
831.155089
70
0
0
VERTEX
8
Layer 1
10
2119.265453
20
809.892500
70
0
0
VERTEX
8
Layer 1
10
2114.807806
20
788.543312
70
0
0
VERTEX
8
Layer 1
10
2110.775280
20
767.113962
70
0
0
VERTEX
8
Layer 1
10
2107.168889
20
745.610884
70
0
0
VERTEX
8
Layer 1
10
2103.989648
20
724.040515
70
0
0
VERTEX
8
Layer 1
10
2101.238570
20
702.409290
70
0
0
VERTEX
8
Layer 1
10
2098.916668
20
680.723645
70
0
0
VERTEX
8
Layer 1
10
2097.024958
20
658.990015
70
0
0
VERTEX
8
Layer 1
10
2095.564452
20
637.214837
70
0
0
VERTEX
8
Layer 1
10
2094.536164
20
615.404545
70
0
0
VERTEX
8
Layer 1
10
2093.941109
20
593.565575
70
0
0
VERTEX
8
Layer 1
10
2093.780300
20
571.704363
70
0
0
VERTEX
8
Layer 1
10
2094.054750
20
549.827345
70
0
0
VERTEX
8
Layer 1
10
2094.765475
20
527.940956
70
0
0
VERTEX
8
Layer 1
10
2095.913487
20
506.051632
70
0
0
VERTEX
8
Layer 1
10
2097.499801
20
484.165809
70
0
0
VERTEX
8
Layer 1
10
2099.525430
20
462.289921
70
0
0
VERTEX
8
Layer 1
10
2101.991388
20
440.430406
70
0
0
VERTEX
8
Layer 1
10
2104.898690
20
418.593698
70
0
0
VERTEX
8
Layer 1
10
2108.248348
20
396.786233
70
0
0
SEQEND
8
Layer 1
0
POLYLINE
8
Layer 1
62
7
70
0
10
0.000000
20
0.000000
66
1
0
VERTEX
8
Layer 1
10
15.240654
20
1189.345460
70
0
0
VERTEX
8
Layer 1
10
20.133322
20
1189.345460
70
0
0
SEQEND
8
Layer 1
0
POLYLINE
8
Layer 1
62
7
70
0
10
0.000000
20
0.000000
66
1
0
VERTEX
8
Layer 1
10
15.240654
20
1190.206413
70
0
0
VERTEX
8
Layer 1
10
15.240654
20
1189.345460
70
0
0
SEQEND
8
Layer 1
0
POLYLINE
8
Layer 1
62
7
70
0
10
0.000000
20
0.000000
66
1
0
VERTEX
8
Layer 1
10
17.286409
20
1190.206413
70
0
0
VERTEX
8
Layer 1
10
15.240654
20
1190.206413
70
0
0
SEQEND
8
Layer 1
0
POLYLINE
8
Layer 1
62
7
70
0
10
0.000000
20
0.000000
66
1
0
VERTEX
8
Layer 1
10
17.286409
20
1195.419492
70
0
0
VERTEX
8
Layer 1
10
17.286409
20
1190.206413
70
0
0
SEQEND
8
Layer 1
0
POLYLINE
8
Layer 1
62
7
70
0
10
0.000000
20
0.000000
66
1
0
VERTEX
8
Layer 1
10
15.217106
20
1195.419492
70
0
0
VERTEX
8
Layer 1
10
17.286409
20
1195.419492
70
0
0
SEQEND
8
Layer 1
0
POLYLINE
8
Layer 1
62
7
70
0
10
0.000000
20
0.000000
66
1
0
VERTEX
8
Layer 1
10
15.217106
20
1196.198953
70
0
0
VERTEX
8
Layer 1
10
15.217106
20
1195.419492
70
0
0
SEQEND
8
Layer 1
0
POLYLINE
8
Layer 1
62
7
70
0
10
0.000000
20
0.000000
66
1
0
VERTEX
8
Layer 1
10
17.573289
20
1197.345460
70
0
0
VERTEX
8
Layer 1
10
17.255605
20
1196.753330
70
0
0
VERTEX
8
Layer 1
10
16.780941
20
1196.405139
70
0
0
VERTEX
8
Layer 1
10
16.113374
20
1196.240506
70
0
0
VERTEX
8
Layer 1
10
15.216981
20
1196.199046
70
0
0
SEQEND
8
Layer 1
0
POLYLINE
8
Layer 1
62
7
70
0
10
0.000000
20
0.000000
66
1
0
VERTEX
8
Layer 1
10
18.291296
20
1197.345392
70
0
0
VERTEX
8
Layer 1
10
17.573217
20
1197.345392
70
0
0
SEQEND
8
Layer 1
0
POLYLINE
8
Layer 1
62
7
70
0
10
0.000000
20
0.000000
66
1
0
VERTEX
8
Layer 1
10
18.291296
20
1190.206413
70
0
0
VERTEX
8
Layer 1
10
18.291296
20
1197.345392
70
0
0
SEQEND
8
Layer 1
0
POLYLINE
8
Layer 1
62
7
70
0
10
0.000000
20
0.000000
66
1
0
VERTEX
8
Layer 1
10
20.133322
20
1190.206413
70
0
0
VERTEX
8
Layer 1
10
18.291296
20
1190.206413
70
0
0
SEQEND
8
Layer 1
0
POLYLINE
8
Layer 1
62
7
70
0
10
0.000000
20
0.000000
66
1
0
VERTEX
8
Layer 1
10
20.133322
20
1189.345460
70
0
0
VERTEX
8
Layer 1
10
20.133322
20
1190.206413
70
0
0
SEQEND
8
Layer 1
0
POLYLINE
8
Layer 1
62
7
70
0
10
0.000000
20
0.000000
66
1
0
VERTEX
8
Layer 1
10
25.184648
20
1189.195939
70
0
0
VERTEX
8
Layer 1
10
26.503864
20
1189.469230
70
0
0
VERTEX
8
Layer 1
10
27.042205
20
1189.805751
70
0
0
VERTEX
8
Layer 1
10
27.493349
20
1190.270996
70
0
0
VERTEX
8
Layer 1
10
28.114989
20
1191.574076
70
0
0
VERTEX
8
Layer 1
10
28.330673
20
1193.351308
70
0
0
SEQEND
8
Layer 1
0
POLYLINE
8
Layer 1
62
7
70
0
10
0.000000
20
0.000000
66
1
0
VERTEX
8
Layer 1
10
22.038624
20
1193.351308
70
0
0
VERTEX
8
Layer 1
10
22.254307
20
1191.574076
70
0
0
VERTEX
8
Layer 1
10
22.875948
20
1190.270996
70
0
0
VERTEX
8
Layer 1
10
23.327092
20
1189.805751
70
0
0
VERTEX
8
Layer 1
10
23.865433
20
1189.469230
70
0
0
VERTEX
8
Layer 1
10
25.184648
20
1189.195939
70
0
0
SEQEND
8
Layer 1
0
POLYLINE
8
Layer 1
62
7
70
0
10
0.000000
20
0.000000
66
1
0
VERTEX
8
Layer 1
10
25.184648
20
1197.494995
70
0
0
VERTEX
8
Layer 1
10
23.865433
20
1197.223529
70
0
0
VERTEX
8
Layer 1
10
23.327092
20
1196.888878
70
0
0
VERTEX
8
Layer 1
10
22.875948
20
1196.425778
70
0
0
VERTEX
8
Layer 1
10
22.254307
20
1195.126714
70
0
0
VERTEX
8
Layer 1
10
22.038624
20
1193.351308
70
0
0
SEQEND
8
Layer 1
0
POLYLINE
8
Layer 1
62
7
70
0
10
0.000000
20
0.000000
66
1
0
VERTEX
8
Layer 1
10
28.330673
20
1193.351308
70
0
0
VERTEX
8
Layer 1
10
28.114989
20
1195.126714
70
0
0
VERTEX
8
Layer 1
10
27.493349
20
1196.425778
70
0
0
VERTEX
8
Layer 1
10
27.042205
20
1196.888878
70
0
0
VERTEX
8
Layer 1
10
26.503864
20
1197.223529
70
0
0
VERTEX
8
Layer 1
10
25.184648
20
1197.494995
70
0
0
SEQEND
8
Layer 1
0
POLYLINE
8
Layer 1
62
7
70
0
10
0.000000
20
0.000000
66
1
0
VERTEX
8
Layer 1
10
25.184648
20
1190.021094
70
0
0
VERTEX
8
Layer 1
10
24.339141
20
1190.204061
70
0
0
VERTEX
8
Layer 1
10
23.668539
20
1190.786523
70
0
0
VERTEX
8
Layer 1
10
23.226689
20
1191.818824
70
0
0
VERTEX
8
Layer 1
10
23.067439
20
1193.351308
70
0
0
SEQEND
8
Layer 1
0
POLYLINE
8
Layer 1
62
7
70
0
10
0.000000
20
0.000000
66
1
0
VERTEX
8
Layer 1
10
26.620006
20
1190.677635
70
0
0
VERTEX
8
Layer 1
10
25.983080
20
1190.174861
70
0
0
VERTEX
8
Layer 1
10
25.184648
20
1190.021094
70
0
0
SEQEND
8
Layer 1
0
POLYLINE
8
Layer 1
62
7
70
0
10
0.000000
20
0.000000
66
1
0
VERTEX
8
Layer 1
10
23.402245
20
1195.356257
70
0
0
VERTEX
8
Layer 1
10
26.620104
20
1190.677635
70
0
0
SEQEND
8
Layer 1
0
POLYLINE
8
Layer 1
62
7
70
0
10
0.000000
20
0.000000
66
1
0
VERTEX
8
Layer 1
10
23.067439
20
1193.351308
70
0
0
VERTEX
8
Layer 1
10
23.149601
20
1194.479129
70
0
0
VERTEX
8
Layer 1
10
23.402330
20
1195.356368
70
0
0
SEQEND
8
Layer 1
0
POLYLINE
8
Layer 1
62
7
70
0
10
0.000000
20
0.000000
66
1
0
VERTEX
8
Layer 1
10
26.979143
20
1191.370049
70
0
0
VERTEX
8
Layer 1
10
23.761020
20
1196.036764
70
0
0
SEQEND
8
Layer 1
0
POLYLINE
8
Layer 1
62
7
70
0
10
0.000000
20
0.000000
66
1
0
VERTEX
8
Layer 1
10
27.301858
20
1193.351308
70
0
0
VERTEX
8
Layer 1
10
27.221202
20
1192.226309
70
0
0
VERTEX
8
Layer 1
10
26.979040
20
1191.370002
70
0
0
SEQEND
8
Layer 1
0
POLYLINE
8
Layer 1
62
7
70
0
10
0.000000
20
0.000000
66
1
0
VERTEX
8
Layer 1
10
25.184648
20
1196.681521
70
0
0
VERTEX
8
Layer 1
10
26.070569
20
1196.464986
70
0
0
VERTEX
8
Layer 1
10
26.736681
20
1195.826577
70
0
0
VERTEX
8
Layer 1
10
27.156079
20
1194.783086
70
0
0
VERTEX
8
Layer 1
10
27.301858
20
1193.351308
70
0
0
SEQEND
8
Layer 1
0
POLYLINE
8
Layer 1
62
7
70
0
10
0.000000
20
0.000000
66
1
0
VERTEX
8
Layer 1
10
23.760975
20
1196.036664
70
0
0
VERTEX
8
Layer 1
10
24.396585
20
1196.524833
70
0
0
VERTEX
8
Layer 1
10
25.184648
20
1196.681521
70
0
0
SEQEND
8
Layer 1
0
POLYLINE
8
Layer 1
62
7
70
0
10
0.000000
20
0.000000
66
1
0
VERTEX
8
Layer 1
10
32.736040
20
1189.195939
70
0
0
VERTEX
8
Layer 1
10
34.055256
20
1189.469230
70
0
0
VERTEX
8
Layer 1
10
34.593597
20
1189.805751
70
0
0
VERTEX
8
Layer 1
10
35.044741
20
1190.270996
70
0
0
VERTEX
8
Layer 1
10
35.666381
20
1191.574076
70
0
0
VERTEX
8
Layer 1
10
35.882065
20
1193.351308
70
0
0
SEQEND
8
Layer 1
0
POLYLINE
8
Layer 1
62
7
70
0
10
0.000000
20
0.000000
66
1
0
VERTEX
8
Layer 1
10
29.590016
20
1193.351308
70
0
0
VERTEX
8
Layer 1
10
29.805699
20
1191.574076
70
0
0
VERTEX
8
Layer 1
10
30.427340
20
1190.270996
70
0
0
VERTEX
8
Layer 1
10
30.878484
20
1189.805751
70
0
0
VERTEX
8
Layer 1
10
31.416825
20
1189.469230
70
0
0
VERTEX
8
Layer 1
10
32.736040
20
1189.195939
70
0
0
SEQEND
8
Layer 1
0
POLYLINE
8
Layer 1
62
7
70
0
10
0.000000
20
0.000000
66
1
0
VERTEX
8
Layer 1
10
32.736040
20
1197.494995
70
0
0
VERTEX
8
Layer 1
10
31.416825
20
1197.223529
70
0
0
VERTEX
8
Layer 1
10
30.878484
20
1196.888878
70
0
0
VERTEX
8
Layer 1
10
30.427340
20
1196.425778
70
0
0
VERTEX
8
Layer 1
10
29.805699
20
1195.126714
70
0
0
VERTEX
8
Layer 1
10
29.590016
20
1193.351308
70
0
0
SEQEND
8
Layer 1
0
POLYLINE
8
Layer 1
62
7
70
0
10
0.000000
20
0.000000
66
1
0
VERTEX
8
Layer 1
10
35.882065
20
1193.351308
70
0
0
VERTEX
8
Layer 1
10
35.666381
20
1195.126714
70
0
0
VERTEX
8
Layer 1
10
35.044741
20
1196.425778
70
0
0
VERTEX
8
Layer 1
10
34.593597
20
1196.888878
70
0
0
VERTEX
8
Layer 1
10
34.055256
20
1197.223529
70
0
0
VERTEX
8
Layer 1
10
32.736040
20
1197.494995
70
0
0
SEQEND
8
Layer 1
0
POLYLINE
8
Layer 1
62
7
70
0
10
0.000000
20
0.000000
66
1
0
VERTEX
8
Layer 1
10
32.736040
20
1190.021094
70
0
0
VERTEX
8
Layer 1
10
31.890533
20
1190.204061
70
0
0
VERTEX
8
Layer 1
10
31.219931
20
1190.786523
70
0
0
VERTEX
8
Layer 1
10
30.778081
20
1191.818824
70
0
0
VERTEX
8
Layer 1
10
30.618831
20
1193.351308
70
0
0
SEQEND
8
Layer 1
0
POLYLINE
8
Layer 1
62
7
70
0
10
0.000000
20
0.000000
66
1
0
VERTEX
8
Layer 1
10
34.171398
20
1190.677635
70
0
0
VERTEX
8
Layer 1
10
33.534472
20
1190.174861
70
0
0
VERTEX
8
Layer 1
10
32.736040
20
1190.021094
70
0
0
SEQEND
8
Layer 1
0
POLYLINE
8
Layer 1
62
7
70
0
10
0.000000
20
0.000000
66
1
0
VERTEX
8
Layer 1
10
30.953709
20
1195.356257
70
0
0
VERTEX
8
Layer 1
10
34.171303
20
1190.677635
70
0
0
SEQEND
8
Layer 1
0
POLYLINE
8
Layer 1
62
7
70
0
10
0.000000
20
0.000000
66
1
0
VERTEX
8
Layer 1
10
30.618831
20
1193.351308
70
0
0
VERTEX
8
Layer 1
10
30.700993
20
1194.479129
70
0
0
VERTEX
8
Layer 1
10
30.953722
20
1195.356368
70
0
0
SEQEND
8
Layer 1
0
POLYLINE
8
Layer 1
62
7
70
0
10
0.000000
20
0.000000
66
1
0
VERTEX
8
Layer 1
10
34.530342
20
1191.370049
70
0
0
VERTEX
8
Layer 1
10
31.312483
20
1196.036764
70
0
0
SEQEND
8
Layer 1
0
POLYLINE
8
Layer 1
62
7
70
0
10
0.000000
20
0.000000
66
1
0
VERTEX
8
Layer 1
10
34.853249
20
1193.351308
70
0
0
VERTEX
8
Layer 1
10
34.772594
20
1192.226309
70
0
0
VERTEX
8
Layer 1
10
34.530432
20
1191.370002
70
0
0
SEQEND
8
Layer 1
0
POLYLINE
8
Layer 1
62
7
70
0
10
0.000000
20
0.000000
66
1
0
VERTEX
8
Layer 1
10
32.736040
20
1196.681521
70
0
0
VERTEX
8
Layer 1
10
33.621961
20
1196.464986
70
0
0
VERTEX
8
Layer 1
10
34.288073
20
1195.826577
70
0
0
VERTEX
8
Layer 1
10
34.707471
20
1194.783086
70
0
0
VERTEX
8
Layer 1
10
34.853249
20
1193.351308
70
0
0
SEQEND
8
Layer 1
0
POLYLINE
8
Layer 1
62
7
70
0
10
0.000000
20
0.000000
66
1
0
VERTEX
8
Layer 1
10
31.312367
20
1196.036664
70
0
0
VERTEX
8
Layer 1
10
31.947977
20
1196.524833
70
0
0
VERTEX
8
Layer 1
10
32.736040
20
1196.681521
70
0
0
SEQEND
8
Layer 1
0
POLYLINE
8
Layer 1
62
7
70
0
10
0.000000
20
0.000000
66
1
0
VERTEX
8
Layer 1
10
37.260838
20
1189.345460
70
0
0
VERTEX
8
Layer 1
10
38.170210
20
1189.345460
70
0
0
SEQEND
8
Layer 1
0
POLYLINE
8
Layer 1
62
7
70
0
10
0.000000
20
0.000000
66
1
0
VERTEX
8
Layer 1
10
37.260838
20
1195.276882
70
0
0
VERTEX
8
Layer 1
10
37.260838
20
1189.345460
70
0
0
SEQEND
8
Layer 1
0
POLYLINE
8
Layer 1
62
7
70
0
10
0.000000
20
0.000000
66
1
0
VERTEX
8
Layer 1
10
37.990823
20
1195.276882
70
0
0
VERTEX
8
Layer 1
10
37.260838
20
1195.276882
70
0
0
SEQEND
8
Layer 1
0
POLYLINE
8
Layer 1
62
7
70
0
10
0.000000
20
0.000000
66
1
0
VERTEX
8
Layer 1
10
38.110150
20
1194.647703
70
0
0
VERTEX
8
Layer 1
10
37.990823
20
1195.276882
70
0
0
SEQEND
8
Layer 1
0
POLYLINE
8
Layer 1
62
7
70
0
10
0.000000
20
0.000000
66
1
0
VERTEX
8
Layer 1
10
39.390239
20
1195.401537
70
0
0
VERTEX
8
Layer 1
10
38.593267
20
1195.172663
70
0
0
VERTEX
8
Layer 1
10
38.110256
20
1194.647645
70
0
0
SEQEND
8
Layer 1
0
POLYLINE
8
Layer 1
62
7
70
0
10
0.000000
20
0.000000
66
1
0
VERTEX
8
Layer 1
10
40.622323
20
1194.635575
70
0
0
VERTEX
8
Layer 1
10
40.176842
20
1195.198024
70
0
0
VERTEX
8
Layer 1
10
39.390239
20
1195.401537
70
0
0
SEQEND
8
Layer 1
0
POLYLINE
8
Layer 1
62
7
70
0
10
0.000000
20
0.000000
66
1
0
VERTEX
8
Layer 1
10
41.950204
20
1195.401537
70
0
0
VERTEX
8
Layer 1
10
41.111322
20
1195.166628
70
0
0
VERTEX
8
Layer 1
10
40.622323
20
1194.635575
70
0
0
SEQEND
8
Layer 1
0
POLYLINE
8
Layer 1
62
7
70
0
10
0.000000
20
0.000000
66
1
0
VERTEX
8
Layer 1
10
43.337664
20
1193.823660
70
0
0
VERTEX
8
Layer 1
10
43.257117
20
1194.463328
70
0
0
VERTEX
8
Layer 1
10
43.007251
20
1194.962043
70
0
0
VERTEX
8
Layer 1
10
42.575726
20
1195.286035
70
0
0
VERTEX
8
Layer 1
10
41.950204
20
1195.401537
70
0
0
SEQEND
8
Layer 1
0
POLYLINE
8
Layer 1
62
7
70
0
10
0.000000
20
0.000000
66
1
0
VERTEX
8
Layer 1
10
43.337781
20
1189.345460
70
0
0
VERTEX
8
Layer 1
10
43.337781
20
1193.823527
70
0
0
SEQEND
8
Layer 1
0
POLYLINE
8
Layer 1
62
7
70
0
10
0.000000
20
0.000000
66
1
0
VERTEX
8
Layer 1
10
42.428674
20
1189.345460
70
0
0
VERTEX
8
Layer 1
10
43.337781
20
1189.345460
70
0
0
SEQEND
8
Layer 1
0
POLYLINE
8
Layer 1
62
7
70
0
10
0.000000
20
0.000000
66
1
0
VERTEX
8
Layer 1
10
42.428674
20
1193.512907
70
0
0
VERTEX
8
Layer 1
10
42.428674
20
1189.345460
70
0
0
SEQEND
8
Layer 1
0
POLYLINE
8
Layer 1
62
7
70
0
10
0.000000
20
0.000000
66
1
0
VERTEX
8
Layer 1
10
41.674892
20
1194.563923
70
0
0
VERTEX
8
Layer 1
10
42.019889
20
1194.492084
70
0
0
VERTEX
8
Layer 1
10
42.253795
20
1194.284767
70
0
0
VERTEX
8
Layer 1
10
42.428785
20
1193.512912
70
0
0
SEQEND
8
Layer 1
0
POLYLINE
8
Layer 1
62
7
70
0
10
0.000000
20
0.000000
66
1
0
VERTEX
8
Layer 1
10
40.753942
20
1193.274205
70
0
0
VERTEX
8
Layer 1
10
40.822162
20
1193.838456
70
0
0
VERTEX
8
Layer 1
10
41.012607
20
1194.241493
70
0
0
VERTEX
8
Layer 1
10
41.303957
20
1194.483316
70
0
0
VERTEX
8
Layer 1
10
41.674892
20
1194.563923
70
0
0
SEQEND
8
Layer 1
0
POLYLINE
8
Layer 1
62
7
70
0
10
0.000000
20
0.000000
66
1
0
VERTEX
8
Layer 1
10
40.753863
20
1189.345460
70
0
0
VERTEX
8
Layer 1
10
40.753863
20
1193.274253
70
0
0
SEQEND
8
Layer 1
0
POLYLINE
8
Layer 1
62
7
70
0
10
0.000000
20
0.000000
66
1
0
VERTEX
8
Layer 1
10
39.844756
20
1189.345460
70
0
0
VERTEX
8
Layer 1
10
40.753863
20
1189.345460
70
0
0
SEQEND
8
Layer 1
0
POLYLINE
8
Layer 1
62
7
70
0
10
0.000000
20
0.000000
66
1
0
VERTEX
8
Layer 1
10
39.844756
20
1193.525078
70
0
0
VERTEX
8
Layer 1
10
39.844756
20
1189.345460
70
0
0
SEQEND
8
Layer 1
0
POLYLINE
8
Layer 1
62
7
70
0
10
0.000000
20
0.000000
66
1
0
VERTEX
8
Layer 1
10
39.103244
20
1194.563923
70
0
0
VERTEX
8
Layer 1
10
39.446129
20
1194.492272
70
0
0
VERTEX
8
Layer 1
10
39.675771
20
1194.286275
70
0
0
VERTEX
8
Layer 1
10
39.844677
20
1193.524982
70
0
0
SEQEND
8
Layer 1
0
POLYLINE
8
Layer 1
62
7
70
0
10
0.000000
20
0.000000
66
1
0
VERTEX
8
Layer 1
10
38.170223
20
1193.262132
70
0
0
VERTEX
8
Layer 1
10
38.240274
20
1193.828271
70
0
0
VERTEX
8
Layer 1
10
38.434777
20
1194.235458
70
0
0
VERTEX
8
Layer 1
10
38.730258
20
1194.481430
70
0
0
VERTEX
8
Layer 1
10
39.103244
20
1194.563923
70
0
0
SEQEND
8
Layer 1
0
POLYLINE
8
Layer 1
62
7
70
0
10
0.000000
20
0.000000
66
1
0
VERTEX
8
Layer 1
10
38.170210
20
1189.345460
70
0
0
VERTEX
8
Layer 1
10
38.170210
20
1193.262082
70
0
0
SEQEND
8
Layer 1
0
POLYLINE
8
Layer 1
62
7
70
0
10
0.000000
20
0.000000
66
1
0
VERTEX
8
Layer 1
10
44.812302
20
1189.345460
70
0
0
VERTEX
8
Layer 1
10
45.721674
20
1189.345460
70
0
0
SEQEND
8
Layer 1
0
POLYLINE
8
Layer 1
62
7
70
0
10
0.000000
20
0.000000
66
1
0
VERTEX
8
Layer 1
10
44.812302
20
1195.276882
70
0
0
VERTEX
8
Layer 1
10
44.812302
20
1189.345460
70
0
0
SEQEND
8
Layer 1
0
POLYLINE
8
Layer 1
62
7
70
0
10
0.000000
20
0.000000
66
1
0
VERTEX
8
Layer 1
10
45.542022
20
1195.276882
70
0
0
VERTEX
8
Layer 1
10
44.812302
20
1195.276882
70
0
0
SEQEND
8
Layer 1
0
POLYLINE
8
Layer 1
62
7
70
0
10
0.000000
20
0.000000
66
1
0
VERTEX
8
Layer 1
10
45.661613
20
1194.647703
70
0
0
VERTEX
8
Layer 1
10
45.542022
20
1195.276882
70
0
0
SEQEND
8
Layer 1
0
POLYLINE
8
Layer 1
62
7
70
0
10
0.000000
20
0.000000
66
1
0
VERTEX
8
Layer 1
10
46.941631
20
1195.401537
70
0
0
VERTEX
8
Layer 1
10
46.144659
20
1195.172663
70
0
0
VERTEX
8
Layer 1
10
45.661648
20
1194.647645
70
0
0
SEQEND
8
Layer 1
0
POLYLINE
8
Layer 1
62
7
70
0
10
0.000000
20
0.000000
66
1
0
VERTEX
8
Layer 1
10
48.173715
20
1194.635575
70
0
0
VERTEX
8
Layer 1
10
47.728234
20
1195.198024
70
0
0
VERTEX
8
Layer 1
10
46.941631
20
1195.401537
70
0
0
SEQEND
8
Layer 1
0
POLYLINE
8
Layer 1
62
7
70
0
10
0.000000
20
0.000000
66
1
0
VERTEX
8
Layer 1
10
49.501596
20
1195.401537
70
0
0
VERTEX
8
Layer 1
10
48.662714
20
1195.166628
70
0
0
VERTEX
8
Layer 1
10
48.173715
20
1194.635575
70
0
0
SEQEND
8
Layer 1
0
POLYLINE
8
Layer 1
62
7
70
0
10
0.000000
20
0.000000
66
1
0
VERTEX
8
Layer 1
10
50.889056
20
1193.823660
70
0
0
VERTEX
8
Layer 1
10
50.808509
20
1194.463328
70
0
0
VERTEX
8
Layer 1
10
50.558643
20
1194.962043
70
0
0
VERTEX
8
Layer 1
10
50.127118
20
1195.286035
70
0
0
VERTEX
8
Layer 1
10
49.501596
20
1195.401537
70
0
0
SEQEND
8
Layer 1
0
POLYLINE
8
Layer 1
62
7
70
0
10
0.000000
20
0.000000
66
1
0
VERTEX
8
Layer 1
10
50.888980
20
1189.345460
70
0
0
VERTEX
8
Layer 1
10
50.888980
20
1193.823527
70
0
0
SEQEND
8
Layer 1
0
POLYLINE
8
Layer 1
62
7
70
0
10
0.000000
20
0.000000
66
1
0
VERTEX
8
Layer 1
10
49.980137
20
1189.345460
70
0
0
VERTEX
8
Layer 1
10
50.888980
20
1189.345460
70
0
0
SEQEND
8
Layer 1
0
POLYLINE
8
Layer 1
62
7
70
0
10
0.000000
20
0.000000
66
1
0
VERTEX
8
Layer 1
10
49.980137
20
1193.512907
70
0
0
VERTEX
8
Layer 1
10
49.980137
20
1189.345460
70
0
0
SEQEND
8
Layer 1
0
POLYLINE
8
Layer 1
62
7
70
0
10
0.000000
20
0.000000
66
1
0
VERTEX
8
Layer 1
10
49.226284
20
1194.563923
70
0
0
VERTEX
8
Layer 1
10
49.571282
20
1194.492084
70
0
0
VERTEX
8
Layer 1
10
49.805188
20
1194.284767
70
0
0
VERTEX
8
Layer 1
10
49.980179
20
1193.512912
70
0
0
SEQEND
8
Layer 1
0
POLYLINE
8
Layer 1
62
7
70
0
10
0.000000
20
0.000000
66
1
0
VERTEX
8
Layer 1
10
48.305337
20
1193.274205
70
0
0
VERTEX
8
Layer 1
10
48.373556
20
1193.838456
70
0
0
VERTEX
8
Layer 1
10
48.564001
20
1194.241493
70
0
0
VERTEX
8
Layer 1
10
48.855350
20
1194.483316
70
0
0
VERTEX
8
Layer 1
10
49.226284
20
1194.563923
70
0
0
SEQEND
8
Layer 1
0
POLYLINE
8
Layer 1
62
7
70
0
10
0.000000
20
0.000000
66
1
0
VERTEX
8
Layer 1
10
48.305327
20
1189.345460
70
0
0
VERTEX
8
Layer 1
10
48.305327
20
1193.274253
70
0
0
SEQEND
8
Layer 1
0
POLYLINE
8
Layer 1
62
7
70
0
10
0.000000
20
0.000000
66
1
0
VERTEX
8
Layer 1
10
47.395955
20
1189.345460
70
0
0
VERTEX
8
Layer 1
10
48.305327
20
1189.345460
70
0
0
SEQEND
8
Layer 1
0
POLYLINE
8
Layer 1
62
7
70
0
10
0.000000
20
0.000000
66
1
0
VERTEX
8
Layer 1
10
47.395955
20
1193.525078
70
0
0
VERTEX
8
Layer 1
10
47.395955
20
1189.345460
70
0
0
SEQEND
8
Layer 1
0
POLYLINE
8
Layer 1
62
7
70
0
10
0.000000
20
0.000000
66
1
0
VERTEX
8
Layer 1
10
46.654638
20
1194.563923
70
0
0
VERTEX
8
Layer 1
10
46.997523
20
1194.492272
70
0
0
VERTEX
8
Layer 1
10
47.227163
20
1194.286275
70
0
0
VERTEX
8
Layer 1
10
47.396069
20
1193.524982
70
0
0
SEQEND
8
Layer 1
0
POLYLINE
8
Layer 1
62
7
70
0
10
0.000000
20
0.000000
66
1
0
VERTEX
8
Layer 1
10
45.721618
20
1193.262132
70
0
0
VERTEX
8
Layer 1
10
45.791669
20
1193.828271
70
0
0
VERTEX
8
Layer 1
10
45.986172
20
1194.235458
70
0
0
VERTEX
8
Layer 1
10
46.281653
20
1194.481430
70
0
0
VERTEX
8
Layer 1
10
46.654638
20
1194.563923
70
0
0
SEQEND
8
Layer 1
0
POLYLINE
8
Layer 1
62
7
70
0
10
0.000000
20
0.000000
66
1
0
VERTEX
8
Layer 1
10
45.721674
20
1189.345460
70
0
0
VERTEX
8
Layer 1
10
45.721674
20
1193.262082
70
0
0
SEQEND
8
Layer 1
0
POLYLINE
8
Layer 1
62
7
70
0
10
0.000000
20
0.000000
66
1
0
VERTEX
8
Layer 1
10
61.984532
20
1193.276899
70
0
0
VERTEX
8
Layer 1
10
62.941529
20
1194.592670
70
0
0
SEQEND
8
Layer 1
0
POLYLINE
8
Layer 1
62
7
70
0
10
0.000000
20
0.000000
66
1
0
VERTEX
8
Layer 1
10
61.422558
20
1193.671921
70
0
0
VERTEX
8
Layer 1
10
61.984532
20
1193.276899
70
0
0
SEQEND
8
Layer 1
0
POLYLINE
8
Layer 1
62
7
70
0
10
0.000000
20
0.000000
66
1
0
VERTEX
8
Layer 1
10
62.403367
20
1195.023411
70
0
0
VERTEX
8
Layer 1
10
61.422558
20
1193.671921
70
0
0
SEQEND
8
Layer 1
0
POLYLINE
8
Layer 1
62
7
70
0
10
0.000000
20
0.000000
66
1
0
VERTEX
8
Layer 1
10
60.812430
20
1195.513948
70
0
0
VERTEX
8
Layer 1
10
62.403367
20
1195.023411
70
0
0
SEQEND
8
Layer 1
0
POLYLINE
8
Layer 1
62
7
70
0
10
0.000000
20
0.000000
66
1
0
VERTEX
8
Layer 1
10
61.015629
20
1196.171701
70
0
0
VERTEX
8
Layer 1
10
60.812430
20
1195.513948
70
0
0
SEQEND
8
Layer 1
0
POLYLINE
8
Layer 1
62
7
70
0
10
0.000000
20
0.000000
66
1
0
VERTEX
8
Layer 1
10
62.606831
20
1195.657352
70
0
0
VERTEX
8
Layer 1
10
61.015629
20
1196.171701
70
0
0
SEQEND
8
Layer 1
0
POLYLINE
8
Layer 1
62
7
70
0
10
0.000000
20
0.000000
66
1
0
VERTEX
8
Layer 1
10
62.606831
20
1197.320521
70
0
0
VERTEX
8
Layer 1
10
62.606831
20
1195.657352
70
0
0
SEQEND
8
Layer 1
0
POLYLINE
8
Layer 1
62
7
70
0
10
0.000000
20
0.000000
66
1
0
VERTEX
8
Layer 1
10
63.288662
20
1197.320521
70
0
0
VERTEX
8
Layer 1
10
62.606831
20
1197.320521
70
0
0
SEQEND
8
Layer 1
0
POLYLINE
8
Layer 1
62
7
70
0
10
0.000000
20
0.000000
66
1
0
VERTEX
8
Layer 1
10
63.288662
20
1195.657352
70
0
0
VERTEX
8
Layer 1
10
63.288662
20
1197.320521
70
0
0
SEQEND
8
Layer 1
0
POLYLINE
8
Layer 1
62
7
70
0
10
0.000000
20
0.000000
66
1
0
VERTEX
8
Layer 1
10
64.867693
20
1196.171701
70
0
0
VERTEX
8
Layer 1
10
63.288662
20
1195.657352
70
0
0
SEQEND
8
Layer 1
0
POLYLINE
8
Layer 1
62
7
70
0
10
0.000000
20
0.000000
66
1
0
VERTEX
8
Layer 1
10
65.083064
20
1195.513948
70
0
0
VERTEX
8
Layer 1
10
64.867693
20
1196.171701
70
0
0
SEQEND
8
Layer 1
0
POLYLINE
8
Layer 1
62
7
70
0
10
0.000000
20
0.000000
66
1
0
VERTEX
8
Layer 1
10
63.491862
20
1195.023411
70
0
0
VERTEX
8
Layer 1
10
65.083064
20
1195.513948
70
0
0
SEQEND
8
Layer 1
0
POLYLINE
8
Layer 1
62
7
70
0
10
0.000000
20
0.000000
66
1
0
VERTEX
8
Layer 1
10
64.484842
20
1193.671921
70
0
0
VERTEX
8
Layer 1
10
63.491862
20
1195.023411
70
0
0
SEQEND
8
Layer 1
0
POLYLINE
8
Layer 1
62
7
70
0
10
0.000000
20
0.000000
66
1
0
VERTEX
8
Layer 1
10
63.934509
20
1193.265257
70
0
0
VERTEX
8
Layer 1
10
64.484842
20
1193.671921
70
0
0
SEQEND
8
Layer 1
0
POLYLINE
8
Layer 1
62
7
70
0
10
0.000000
20
0.000000
66
1
0
VERTEX
8
Layer 1
10
62.941529
20
1194.592670
70
0
0
VERTEX
8
Layer 1
10
63.934509
20
1193.265257
70
0
0
SEQEND
8
Layer 1
0
POLYLINE
8
Layer 1
62
7
70
0
10
0.000000
20
0.000000
66
1
0
VERTEX
8
Layer 1
10
75.651832
20
1189.345460
70
0
0
VERTEX
8
Layer 1
10
80.544495
20
1189.345460
70
0
0
SEQEND
8
Layer 1
0
POLYLINE
8
Layer 1
62
7
70
0
10
0.000000
20
0.000000
66
1
0
VERTEX
8
Layer 1
10
75.651832
20
1190.206413
70
0
0
VERTEX
8
Layer 1
10
75.651832
20
1189.345460
70
0
0
SEQEND
8
Layer 1
0
POLYLINE
8
Layer 1
62
7
70
0
10
0.000000
20
0.000000
66
1
0
VERTEX
8
Layer 1
10
77.697323
20
1190.206413
70
0
0
VERTEX
8
Layer 1
10
75.651832
20
1190.206413
70
0
0
SEQEND
8
Layer 1
0
POLYLINE
8
Layer 1
62
7
70
0
10
0.000000
20
0.000000
66
1
0
VERTEX
8
Layer 1
10
77.697323
20
1195.419492
70
0
0
VERTEX
8
Layer 1
10
77.697323
20
1190.206413
70
0
0
SEQEND
8
Layer 1
0
POLYLINE
8
Layer 1
62
7
70
0
10
0.000000
20
0.000000
66
1
0
VERTEX
8
Layer 1
10
75.628019
20
1195.419492
70
0
0
VERTEX
8
Layer 1
10
77.697323
20
1195.419492
70
0
0
SEQEND
8
Layer 1
0
POLYLINE
8
Layer 1
62
7
70
0
10
0.000000
20
0.000000
66
1
0
VERTEX
8
Layer 1
10
75.628019
20
1196.198953
70
0
0
VERTEX
8
Layer 1
10
75.628019
20
1195.419492
70
0
0
SEQEND
8
Layer 1
0
POLYLINE
8
Layer 1
62
7
70
0
10
0.000000
20
0.000000
66
1
0
VERTEX
8
Layer 1
10
77.984427
20
1197.345460
70
0
0
VERTEX
8
Layer 1
10
77.666743
20
1196.753330
70
0
0
VERTEX
8
Layer 1
10
77.192079
20
1196.405139
70
0
0
VERTEX
8
Layer 1
10
76.524512
20
1196.240506
70
0
0
VERTEX
8
Layer 1
10
75.628120
20
1196.199046
70
0
0
SEQEND
8
Layer 1
0
POLYLINE
8
Layer 1
62
7
70
0
10
0.000000
20
0.000000
66
1
0
VERTEX
8
Layer 1
10
78.702468
20
1197.345392
70
0
0
VERTEX
8
Layer 1
10
77.984395
20
1197.345392
70
0
0
SEQEND
8
Layer 1
0
POLYLINE
8
Layer 1
62
7
70
0
10
0.000000
20
0.000000
66
1
0
VERTEX
8
Layer 1
10
78.702468
20
1190.206413
70
0
0
VERTEX
8
Layer 1
10
78.702468
20
1197.345392
70
0
0
SEQEND
8
Layer 1
0
POLYLINE
8
Layer 1
62
7
70
0
10
0.000000
20
0.000000
66
1
0
VERTEX
8
Layer 1
10
80.544495
20
1190.206413
70
0
0
VERTEX
8
Layer 1
10
78.702468
20
1190.206413
70
0
0
SEQEND
8
Layer 1
0
POLYLINE
8
Layer 1
62
7
70
0
10
0.000000
20
0.000000
66
1
0
VERTEX
8
Layer 1
10
80.544495
20
1189.345460
70
0
0
VERTEX
8
Layer 1
10
80.544495
20
1190.206413
70
0
0
SEQEND
8
Layer 1
0
POLYLINE
8
Layer 1
62
7
70
0
10
0.000000
20
0.000000
66
1
0
VERTEX
8
Layer 1
10
85.595782
20
1189.195939
70
0
0
VERTEX
8
Layer 1
10
86.914995
20
1189.469230
70
0
0
VERTEX
8
Layer 1
10
87.453336
20
1189.805751
70
0
0
VERTEX
8
Layer 1
10
87.904480
20
1190.270996
70
0
0
VERTEX
8
Layer 1
10
88.526122
20
1191.574076
70
0
0
VERTEX
8
Layer 1
10
88.741806
20
1193.351308
70
0
0
SEQEND
8
Layer 1
0
POLYLINE
8
Layer 1
62
7
70
0
10
0.000000
20
0.000000
66
1
0
VERTEX
8
Layer 1
10
82.449757
20
1193.351308
70
0
0
VERTEX
8
Layer 1
10
82.665441
20
1191.574076
70
0
0
VERTEX
8
Layer 1
10
83.287083
20
1190.270996
70
0
0
VERTEX
8
Layer 1
10
83.738227
20
1189.805751
70
0
0
VERTEX
8
Layer 1
10
84.276568
20
1189.469230
70
0
0
VERTEX
8
Layer 1
10
85.595782
20
1189.195939
70
0
0
SEQEND
8
Layer 1
0
POLYLINE
8
Layer 1
62
7
70
0
10
0.000000
20
0.000000
66
1
0
VERTEX
8
Layer 1
10
85.595782
20
1197.494995
70
0
0
VERTEX
8
Layer 1
10
84.276568
20
1197.223529
70
0
0
VERTEX
8
Layer 1
10
83.738227
20
1196.888878
70
0
0
VERTEX
8
Layer 1
10
83.287083
20
1196.425778
70
0
0
VERTEX
8
Layer 1
10
82.665441
20
1195.126714
70
0
0
VERTEX
8
Layer 1
10
82.449757
20
1193.351308
70
0
0
SEQEND
8
Layer 1
0
POLYLINE
8
Layer 1
62
7
70
0
10
0.000000
20
0.000000
66
1
0
VERTEX
8
Layer 1
10
88.741806
20
1193.351308
70
0
0
VERTEX
8
Layer 1
10
88.526122
20
1195.126714
70
0
0
VERTEX
8
Layer 1
10
87.904480
20
1196.425778
70
0
0
VERTEX
8
Layer 1
10
87.453336
20
1196.888878
70
0
0
VERTEX
8
Layer 1
10
86.914995
20
1197.223529
70
0
0
VERTEX
8
Layer 1
10
85.595782
20
1197.494995
70
0
0
SEQEND
8
Layer 1
0
POLYLINE
8
Layer 1
62
7
70
0
10
0.000000
20
0.000000
66
1
0
VERTEX
8
Layer 1
10
85.595782
20
1190.021094
70
0
0
VERTEX
8
Layer 1
10
84.750275
20
1190.204061
70
0
0
VERTEX
8
Layer 1
10
84.079678
20
1190.786523
70
0
0
VERTEX
8
Layer 1
10
83.637835
20
1191.818824
70
0
0
VERTEX
8
Layer 1
10
83.478588
20
1193.351308
70
0
0
SEQEND
8
Layer 1
0
POLYLINE
8
Layer 1
62
7
70
0
10
0.000000
20
0.000000
66
1
0
VERTEX
8
Layer 1
10
87.031144
20
1190.677635
70
0
0
VERTEX
8
Layer 1
10
86.394217
20
1190.174861
70
0
0
VERTEX
8
Layer 1
10
85.595782
20
1190.021094
70
0
0
SEQEND
8
Layer 1
0
POLYLINE
8
Layer 1
62
7
70
0
10
0.000000
20
0.000000
66
1
0
VERTEX
8
Layer 1
10
83.813418
20
1195.356257
70
0
0
VERTEX
8
Layer 1
10
87.031012
20
1190.677635
70
0
0
SEQEND
8
Layer 1
0
POLYLINE
8
Layer 1
62
7
70
0
10
0.000000
20
0.000000
66
1
0
VERTEX
8
Layer 1
10
83.478588
20
1193.351308
70
0
0
VERTEX
8
Layer 1
10
83.560722
20
1194.479129
70
0
0
VERTEX
8
Layer 1
10
83.813471
20
1195.356368
70
0
0
SEQEND
8
Layer 1
0
POLYLINE
8
Layer 1
62
7
70
0
10
0.000000
20
0.000000
66
1
0
VERTEX
8
Layer 1
10
87.390051
20
1191.370049
70
0
0
VERTEX
8
Layer 1
10
84.172193
20
1196.036764
70
0
0
SEQEND
8
Layer 1
0
POLYLINE
8
Layer 1
62
7
70
0
10
0.000000
20
0.000000
66
1
0
VERTEX
8
Layer 1
10
87.713001
20
1193.351308
70
0
0
VERTEX
8
Layer 1
10
87.632346
20
1192.226309
70
0
0
VERTEX
8
Layer 1
10
87.390183
20
1191.370002
70
0
0
SEQEND
8
Layer 1
0
POLYLINE
8
Layer 1
62
7
70
0
10
0.000000
20
0.000000
66
1
0
VERTEX
8
Layer 1
10
85.595782
20
1196.681521
70
0
0
VERTEX
8
Layer 1
10
86.481710
20
1196.464986
70
0
0
VERTEX
8
Layer 1
10
87.147825
20
1195.826577
70
0
0
VERTEX
8
Layer 1
10
87.567223
20
1194.783086
70
0
0
VERTEX
8
Layer 1
10
87.713001
20
1193.351308
70
0
0
SEQEND
8
Layer 1
0
POLYLINE
8
Layer 1
62
7
70
0
10
0.000000
20
0.000000
66
1
0
VERTEX
8
Layer 1
10
84.172113
20
1196.036664
70
0
0
VERTEX
8
Layer 1
10
84.807728
20
1196.524833
70
0
0
VERTEX
8
Layer 1
10
85.595782
20
1196.681521
70
0
0
SEQEND
8
Layer 1
0
POLYLINE
8
Layer 1
62
7
70
0
10
0.000000
20
0.000000
66
1
0
VERTEX
8
Layer 1
10
93.147192
20
1189.195939
70
0
0
VERTEX
8
Layer 1
10
94.466401
20
1189.469230
70
0
0
VERTEX
8
Layer 1
10
95.004738
20
1189.805751
70
0
0
VERTEX
8
Layer 1
10
95.455877
20
1190.270996
70
0
0
VERTEX
8
Layer 1
10
96.077510
20
1191.574076
70
0
0
VERTEX
8
Layer 1
10
96.293190
20
1193.351308
70
0
0
SEQEND
8
Layer 1
0
POLYLINE
8
Layer 1
62
7
70
0
10
0.000000
20
0.000000
66
1
0
VERTEX
8
Layer 1
10
90.001168
20
1193.351308
70
0
0
VERTEX
8
Layer 1
10
90.216848
20
1191.574076
70
0
0
VERTEX
8
Layer 1
10
90.838484
20
1190.270996
70
0
0
VERTEX
8
Layer 1
10
91.289626
20
1189.805751
70
0
0
VERTEX
8
Layer 1
10
91.827968
20
1189.469230
70
0
0
VERTEX
8
Layer 1
10
93.147192
20
1189.195939
70
0
0
SEQEND
8
Layer 1
0
POLYLINE
8
Layer 1
62
7
70
0
10
0.000000
20
0.000000
66
1
0
VERTEX
8
Layer 1
10
93.147192
20
1197.494995
70
0
0
VERTEX
8
Layer 1
10
91.827968
20
1197.223529
70
0
0
VERTEX
8
Layer 1
10
91.289626
20
1196.888878
70
0
0
VERTEX
8
Layer 1
10
90.838484
20
1196.425778
70
0
0
VERTEX
8
Layer 1
10
90.216848
20
1195.126714
70
0
0
VERTEX
8
Layer 1
10
90.001168
20
1193.351308
70
0
0
SEQEND
8
Layer 1
0
POLYLINE
8
Layer 1
62
7
70
0
10
0.000000
20
0.000000
66
1
0
VERTEX
8
Layer 1
10
96.293216
20
1193.351308
70
0
0
VERTEX
8
Layer 1
10
96.077532
20
1195.126714
70
0
0
VERTEX
8
Layer 1
10
95.455890
20
1196.425778
70
0
0
VERTEX
8
Layer 1
10
95.004746
20
1196.888878
70
0
0
VERTEX
8
Layer 1
10
94.466405
20
1197.223529
70
0
0
VERTEX
8
Layer 1
10
93.147192
20
1197.494995
70
0
0
SEQEND
8
Layer 1
0
POLYLINE
8
Layer 1
62
7
70
0
10
0.000000
20
0.000000
66
1
0
VERTEX
8
Layer 1
10
93.147192
20
1190.021094
70
0
0
VERTEX
8
Layer 1
10
92.301681
20
1190.204061
70
0
0
VERTEX
8
Layer 1
10
91.631075
20
1190.786523
70
0
0
VERTEX
8
Layer 1
10
91.189223
20
1191.818824
70
0
0
VERTEX
8
Layer 1
10
91.029972
20
1193.351308
70
0
0
SEQEND
8
Layer 1
0
POLYLINE
8
Layer 1
62
7
70
0
10
0.000000
20
0.000000
66
1
0
VERTEX
8
Layer 1
10
94.582528
20
1190.677635
70
0
0
VERTEX
8
Layer 1
10
93.945614
20
1190.174861
70
0
0
VERTEX
8
Layer 1
10
93.147192
20
1190.021094
70
0
0
SEQEND
8
Layer 1
0
POLYLINE
8
Layer 1
62
7
70
0
10
0.000000
20
0.000000
66
1
0
VERTEX
8
Layer 1
10
91.364882
20
1195.356257
70
0
0
VERTEX
8
Layer 1
10
94.582475
20
1190.677635
70
0
0
SEQEND
8
Layer 1
0
POLYLINE
8
Layer 1
62
7
70
0
10
0.000000
20
0.000000
66
1
0
VERTEX
8
Layer 1
10
91.029972
20
1193.351308
70
0
0
VERTEX
8
Layer 1
10
91.112106
20
1194.479129
70
0
0
VERTEX
8
Layer 1
10
91.364855
20
1195.356368
70
0
0
SEQEND
8
Layer 1
0
POLYLINE
8
Layer 1
62
7
70
0
10
0.000000
20
0.000000
66
1
0
VERTEX
8
Layer 1
10
94.941515
20
1191.370049
70
0
0
VERTEX
8
Layer 1
10
91.723392
20
1196.036764
70
0
0
SEQEND
8
Layer 1
0
POLYLINE
8
Layer 1
62
7
70
0
10
0.000000
20
0.000000
66
1
0
VERTEX
8
Layer 1
10
95.264385
20
1193.351308
70
0
0
VERTEX
8
Layer 1
10
95.183730
20
1192.226309
70
0
0
VERTEX
8
Layer 1
10
94.941567
20
1191.370002
70
0
0
SEQEND
8
Layer 1
0
POLYLINE
8
Layer 1
62
7
70
0
10
0.000000
20
0.000000
66
1
0
VERTEX
8
Layer 1
10
93.147192
20
1196.681521
70
0
0
VERTEX
8
Layer 1
10
94.033106
20
1196.464986
70
0
0
VERTEX
8
Layer 1
10
94.699213
20
1195.826577
70
0
0
VERTEX
8
Layer 1
10
95.118608
20
1194.783086
70
0
0
VERTEX
8
Layer 1
10
95.264385
20
1193.351308
70
0
0
SEQEND
8
Layer 1
0
POLYLINE
8
Layer 1
62
7
70
0
10
0.000000
20
0.000000
66
1
0
VERTEX
8
Layer 1
10
91.723497
20
1196.036664
70
0
0
VERTEX
8
Layer 1
10
92.359115
20
1196.524833
70
0
0
VERTEX
8
Layer 1
10
93.147192
20
1196.681521
70
0
0
SEQEND
8
Layer 1
0
POLYLINE
8
Layer 1
62
7
70
0
10
0.000000
20
0.000000
66
1
0
VERTEX
8
Layer 1
10
97.672011
20
1189.345460
70
0
0
VERTEX
8
Layer 1
10
98.581383
20
1189.345460
70
0
0
SEQEND
8
Layer 1
0
POLYLINE
8
Layer 1
62
7
70
0
10
0.000000
20
0.000000
66
1
0
VERTEX
8
Layer 1
10
97.672011
20
1195.276882
70
0
0
VERTEX
8
Layer 1
10
97.672011
20
1189.345460
70
0
0
SEQEND
8
Layer 1
0
POLYLINE
8
Layer 1
62
7
70
0
10
0.000000
20
0.000000
66
1
0
VERTEX
8
Layer 1
10
98.401731
20
1195.276882
70
0
0
VERTEX
8
Layer 1
10
97.672011
20
1195.276882
70
0
0
SEQEND
8
Layer 1
0
POLYLINE
8
Layer 1
62
7
70
0
10
0.000000
20
0.000000
66
1
0
VERTEX
8
Layer 1
10
98.521323
20
1194.647703
70
0
0
VERTEX
8
Layer 1
10
98.401731
20
1195.276882
70
0
0
SEQEND
8
Layer 1
0
POLYLINE
8
Layer 1
62
7
70
0
10
0.000000
20
0.000000
66
1
0
VERTEX
8
Layer 1
10
99.801375
20
1195.401537
70
0
0
VERTEX
8
Layer 1
10
99.004405
20
1195.172663
70
0
0
VERTEX
8
Layer 1
10
98.521402
20
1194.647645
70
0
0
SEQEND
8
Layer 1
0
POLYLINE
8
Layer 1
62
7
70
0
10
0.000000
20
0.000000
66
1
0
VERTEX
8
Layer 1
10
101.033459
20
1194.635575
70
0
0
VERTEX
8
Layer 1
10
100.587984
20
1195.198024
70
0
0
VERTEX
8
Layer 1
10
99.801375
20
1195.401537
70
0
0
SEQEND
8
Layer 1
0
POLYLINE
8
Layer 1
62
7
70
0
10
0.000000
20
0.000000
66
1
0
VERTEX
8
Layer 1
10
102.361348
20
1195.401537
70
0
0
VERTEX
8
Layer 1
10
101.522461
20
1195.166628
70
0
0
VERTEX
8
Layer 1
10
101.033459
20
1194.635575
70
0
0
SEQEND
8
Layer 1
0
POLYLINE
8
Layer 1
62
7
70
0
10
0.000000
20
0.000000
66
1
0
VERTEX
8
Layer 1
10
103.748795
20
1193.823660
70
0
0
VERTEX
8
Layer 1
10
103.668251
20
1194.463328
70
0
0
VERTEX
8
Layer 1
10
103.418390
20
1194.962043
70
0
0
VERTEX
8
Layer 1
10
102.986870
20
1195.286035
70
0
0
VERTEX
8
Layer 1
10
102.361348
20
1195.401537
70
0
0
SEQEND
8
Layer 1
0
POLYLINE
8
Layer 1
62
7
70
0
10
0.000000
20
0.000000
66
1
0
VERTEX
8
Layer 1
10
103.748689
20
1189.345460
70
0
0
VERTEX
8
Layer 1
10
103.748689
20
1193.823527
70
0
0
SEQEND
8
Layer 1
0
POLYLINE
8
Layer 1
62
7
70
0
10
0.000000
20
0.000000
66
1
0
VERTEX
8
Layer 1
10
102.839846
20
1189.345460
70
0
0
VERTEX
8
Layer 1
10
103.748689
20
1189.345460
70
0
0
SEQEND
8
Layer 1
0
POLYLINE
8
Layer 1
62
7
70
0
10
0.000000
20
0.000000
66
1
0
VERTEX
8
Layer 1
10
102.839846
20
1193.512907
70
0
0
VERTEX
8
Layer 1
10
102.839846
20
1189.345460
70
0
0
SEQEND
8
Layer 1
0
POLYLINE
8
Layer 1
62
7
70
0
10
0.000000
20
0.000000
66
1
0
VERTEX
8
Layer 1
10
102.086023
20
1194.563923
70
0
0
VERTEX
8
Layer 1
10
102.431025
20
1194.492084
70
0
0
VERTEX
8
Layer 1
10
102.664934
20
1194.284767
70
0
0
VERTEX
8
Layer 1
10
102.839926
20
1193.512912
70
0
0
SEQEND
8
Layer 1
0
POLYLINE
8
Layer 1
62
7
70
0
10
0.000000
20
0.000000
66
1
0
VERTEX
8
Layer 1
10
101.165089
20
1193.274205
70
0
0
VERTEX
8
Layer 1
10
101.233306
20
1193.838456
70
0
0
VERTEX
8
Layer 1
10
101.423745
20
1194.241493
70
0
0
VERTEX
8
Layer 1
10
101.715090
20
1194.483316
70
0
0
VERTEX
8
Layer 1
10
102.086023
20
1194.563923
70
0
0
SEQEND
8
Layer 1
0
POLYLINE
8
Layer 1
62
7
70
0
10
0.000000
20
0.000000
66
1
0
VERTEX
8
Layer 1
10
101.165036
20
1189.345460
70
0
0
VERTEX
8
Layer 1
10
101.165036
20
1193.274253
70
0
0
SEQEND
8
Layer 1
0
POLYLINE
8
Layer 1
62
7
70
0
10
0.000000
20
0.000000
66
1
0
VERTEX
8
Layer 1
10
100.255929
20
1189.345460
70
0
0
VERTEX
8
Layer 1
10
101.165036
20
1189.345460
70
0
0
SEQEND
8
Layer 1
0
POLYLINE
8
Layer 1
62
7
70
0
10
0.000000
20
0.000000
66
1
0
VERTEX
8
Layer 1
10
100.255929
20
1193.525078
70
0
0
VERTEX
8
Layer 1
10
100.255929
20
1189.345460
70
0
0
SEQEND
8
Layer 1
0
POLYLINE
8
Layer 1
62
7
70
0
10
0.000000
20
0.000000
66
1
0
VERTEX
8
Layer 1
10
99.514382
20
1194.563923
70
0
0
VERTEX
8
Layer 1
10
99.857269
20
1194.492272
70
0
0
VERTEX
8
Layer 1
10
100.086913
20
1194.286275
70
0
0
VERTEX
8
Layer 1
10
100.255823
20
1193.524982
70
0
0
SEQEND
8
Layer 1
0
POLYLINE
8
Layer 1
62
7
70
0
10
0.000000
20
0.000000
66
1
0
VERTEX
8
Layer 1
10
98.581356
20
1193.262132
70
0
0
VERTEX
8
Layer 1
10
98.651407
20
1193.828271
70
0
0
VERTEX
8
Layer 1
10
98.845910
20
1194.235458
70
0
0
VERTEX
8
Layer 1
10
99.141392
20
1194.481430
70
0
0
VERTEX
8
Layer 1
10
99.514382
20
1194.563923
70
0
0
SEQEND
8
Layer 1
0
POLYLINE
8
Layer 1
62
7
70
0
10
0.000000
20
0.000000
66
1
0
VERTEX
8
Layer 1
10
98.581383
20
1189.345460
70
0
0
VERTEX
8
Layer 1
10
98.581383
20
1193.262082
70
0
0
SEQEND
8
Layer 1
0
POLYLINE
8
Layer 1
62
7
70
0
10
0.000000
20
0.000000
66
1
0
VERTEX
8
Layer 1
10
105.223475
20
1189.345460
70
0
0
VERTEX
8
Layer 1
10
106.132846
20
1189.345460
70
0
0
SEQEND
8
Layer 1
0
POLYLINE
8
Layer 1
62
7
70
0
10
0.000000
20
0.000000
66
1
0
VERTEX
8
Layer 1
10
105.223475
20
1195.276882
70
0
0
VERTEX
8
Layer 1
10
105.223475
20
1189.345460
70
0
0
SEQEND
8
Layer 1
0
POLYLINE
8
Layer 1
62
7
70
0
10
0.000000
20
0.000000
66
1
0
VERTEX
8
Layer 1
10
105.953194
20
1195.276882
70
0
0
VERTEX
8
Layer 1
10
105.223475
20
1195.276882
70
0
0
SEQEND
8
Layer 1
0
POLYLINE
8
Layer 1
62
7
70
0
10
0.000000
20
0.000000
66
1
0
VERTEX
8
Layer 1
10
106.072786
20
1194.647703
70
0
0
VERTEX
8
Layer 1
10
105.953194
20
1195.276882
70
0
0
SEQEND
8
Layer 1
0
POLYLINE
8
Layer 1
62
7
70
0
10
0.000000
20
0.000000
66
1
0
VERTEX
8
Layer 1
10
107.352759
20
1195.401537
70
0
0
VERTEX
8
Layer 1
10
106.555799
20
1195.172663
70
0
0
VERTEX
8
Layer 1
10
106.072786
20
1194.647645
70
0
0
SEQEND
8
Layer 1
0
POLYLINE
8
Layer 1
62
7
70
0
10
0.000000
20
0.000000
66
1
0
VERTEX
8
Layer 1
10
108.584869
20
1194.635575
70
0
0
VERTEX
8
Layer 1
10
108.139371
20
1195.198024
70
0
0
VERTEX
8
Layer 1
10
107.352759
20
1195.401537
70
0
0
SEQEND
8
Layer 1
0
POLYLINE
8
Layer 1
62
7
70
0
10
0.000000
20
0.000000
66
1
0
VERTEX
8
Layer 1
10
109.912732
20
1195.401537
70
0
0
VERTEX
8
Layer 1
10
109.073858
20
1195.166628
70
0
0
VERTEX
8
Layer 1
10
108.584869
20
1194.635575
70
0
0
SEQEND
8
Layer 1
0
POLYLINE
8
Layer 1
62
7
70
0
10
0.000000
20
0.000000
66
1
0
VERTEX
8
Layer 1
10
111.300205
20
1193.823660
70
0
0
VERTEX
8
Layer 1
10
111.219657
20
1194.463328
70
0
0
VERTEX
8
Layer 1
10
110.969787
20
1194.962043
70
0
0
VERTEX
8
Layer 1
10
110.538258
20
1195.286035
70
0
0
VERTEX
8
Layer 1
10
109.912732
20
1195.401537
70
0
0
SEQEND
8
Layer 1
0
POLYLINE
8
Layer 1
62
7
70
0
10
0.000000
20
0.000000
66
1
0
VERTEX
8
Layer 1
10
111.300152
20
1189.345460
70
0
0
VERTEX
8
Layer 1
10
111.300152
20
1193.823527
70
0
0
SEQEND
8
Layer 1
0
POLYLINE
8
Layer 1
62
7
70
0
10
0.000000
20
0.000000
66
1
0
VERTEX
8
Layer 1
10
110.391310
20
1189.345460
70
0
0
VERTEX
8
Layer 1
10
111.300152
20
1189.345460
70
0
0
SEQEND
8
Layer 1
0
POLYLINE
8
Layer 1
62
7
70
0
10
0.000000
20
0.000000
66
1
0
VERTEX
8
Layer 1
10
110.391310
20
1193.512907
70
0
0
VERTEX
8
Layer 1
10
110.391310
20
1189.345460
70
0
0
SEQEND
8
Layer 1
0
POLYLINE
8
Layer 1
62
7
70
0
10
0.000000
20
0.000000
66
1
0
VERTEX
8
Layer 1
10
109.637433
20
1194.563923
70
0
0
VERTEX
8
Layer 1
10
109.982420
20
1194.492084
70
0
0
VERTEX
8
Layer 1
10
110.216321
20
1194.284767
70
0
0
VERTEX
8
Layer 1
10
110.391310
20
1193.512912
70
0
0
SEQEND
8
Layer 1
0
POLYLINE
8
Layer 1
62
7
70
0
10
0.000000
20
0.000000
66
1
0
VERTEX
8
Layer 1
10
108.716473
20
1193.274205
70
0
0
VERTEX
8
Layer 1
10
108.784694
20
1193.838456
70
0
0
VERTEX
8
Layer 1
10
108.975142
20
1194.241493
70
0
0
VERTEX
8
Layer 1
10
109.266496
20
1194.483316
70
0
0
VERTEX
8
Layer 1
10
109.637433
20
1194.563923
70
0
0
SEQEND
8
Layer 1
0
POLYLINE
8
Layer 1
62
7
70
0
10
0.000000
20
0.000000
66
1
0
VERTEX
8
Layer 1
10
108.716499
20
1189.345460
70
0
0
VERTEX
8
Layer 1
10
108.716499
20
1193.274253
70
0
0
SEQEND
8
Layer 1
0
POLYLINE
8
Layer 1
62
7
70
0
10
0.000000
20
0.000000
66
1
0
VERTEX
8
Layer 1
10
107.807128
20
1189.345460
70
0
0
VERTEX
8
Layer 1
10
108.716499
20
1189.345460
70
0
0
SEQEND
8
Layer 1
0
POLYLINE
8
Layer 1
62
7
70
0
10
0.000000
20
0.000000
66
1
0
VERTEX
8
Layer 1
10
107.807128
20
1193.525078
70
0
0
VERTEX
8
Layer 1
10
107.807128
20
1189.345460
70
0
0
SEQEND
8
Layer 1
0
POLYLINE
8
Layer 1
62
7
70
0
10
0.000000
20
0.000000
66
1
0
VERTEX
8
Layer 1
10
107.065766
20
1194.563923
70
0
0
VERTEX
8
Layer 1
10
107.408653
20
1194.492272
70
0
0
VERTEX
8
Layer 1
10
107.638297
20
1194.286275
70
0
0
VERTEX
8
Layer 1
10
107.807207
20
1193.524982
70
0
0
SEQEND
8
Layer 1
0
POLYLINE
8
Layer 1
62
7
70
0
10
0.000000
20
0.000000
66
1
0
VERTEX
8
Layer 1
10
106.132767
20
1193.262132
70
0
0
VERTEX
8
Layer 1
10
106.202817
20
1193.828271
70
0
0
VERTEX
8
Layer 1
10
106.397317
20
1194.235458
70
0
0
VERTEX
8
Layer 1
10
106.692792
20
1194.481430
70
0
0
VERTEX
8
Layer 1
10
107.065766
20
1194.563923
70
0
0
SEQEND
8
Layer 1
0
POLYLINE
8
Layer 1
62
7
70
0
10
0.000000
20
0.000000
66
1
0
VERTEX
8
Layer 1
10
106.132846
20
1189.345460
70
0
0
VERTEX
8
Layer 1
10
106.132846
20
1193.262082
70
0
0
SEQEND
8
Layer 1
0
POLYLINE
8
Layer 1
62
7
70
0
10
0.000000
20
0.000000
66
1
0
VERTEX
8
Layer 1
10
123.436469
20
1189.195939
70
0
0
VERTEX
8
Layer 1
10
124.436411
20
1189.317014
70
0
0
VERTEX
8
Layer 1
10
125.236804
20
1189.671259
70
0
0
VERTEX
8
Layer 1
10
125.768067
20
1190.245204
70
0
0
VERTEX
8
Layer 1
10
125.960617
20
1191.025377
70
0
0
SEQEND
8
Layer 1
0
POLYLINE
8
Layer 1
62
7
70
0
10
0.000000
20
0.000000
66
1
0
VERTEX
8
Layer 1
10
120.744892
20
1190.690486
70
0
0
VERTEX
8
Layer 1
10
121.160406
20
1190.028188
70
0
0
VERTEX
8
Layer 1
10
121.790147
20
1189.562079
70
0
0
VERTEX
8
Layer 1
10
122.570155
20
1189.286537
70
0
0
VERTEX
8
Layer 1
10
123.436469
20
1189.195939
70
0
0
SEQEND
8
Layer 1
0
POLYLINE
8
Layer 1
62
7
70
0
10
0.000000
20
0.000000
66
1
0
VERTEX
8
Layer 1
10
121.665720
20
1191.025298
70
0
0
VERTEX
8
Layer 1
10
120.744972
20
1190.690600
70
0
0
SEQEND
8
Layer 1
0
POLYLINE
8
Layer 1
62
7
70
0
10
0.000000
20
0.000000
66
1
0
VERTEX
8
Layer 1
10
123.448534
20
1189.997340
70
0
0
VERTEX
8
Layer 1
10
122.808244
20
1190.067178
70
0
0
VERTEX
8
Layer 1
10
122.283535
20
1190.269244
70
0
0
VERTEX
8
Layer 1
10
121.895648
20
1190.592367
70
0
0
VERTEX
8
Layer 1
10
121.665826
20
1191.025377
70
0
0
SEQEND
8
Layer 1
0
POLYLINE
8
Layer 1
62
7
70
0
10
0.000000
20
0.000000
66
1
0
VERTEX
8
Layer 1
10
124.991767
20
1190.953725
70
0
0
VERTEX
8
Layer 1
10
124.885185
20
1190.562139
70
0
0
VERTEX
8
Layer 1
10
124.578945
20
1190.260288
70
0
0
VERTEX
8
Layer 1
10
124.093308
20
1190.066058
70
0
0
VERTEX
8
Layer 1
10
123.448534
20
1189.997340
70
0
0
SEQEND
8
Layer 1
0
POLYLINE
8
Layer 1
62
7
70
0
10
0.000000
20
0.000000
66
1
0
VERTEX
8
Layer 1
10
123.675572
20
1191.921792
70
0
0
VERTEX
8
Layer 1
10
124.638717
20
1191.594738
70
0
0
VERTEX
8
Layer 1
10
124.900504
20
1191.328572
70
0
0
VERTEX
8
Layer 1
10
124.991767
20
1190.953725
70
0
0
SEQEND
8
Layer 1
0
POLYLINE
8
Layer 1
62
7
70
0
10
0.000000
20
0.000000
66
1
0
VERTEX
8
Layer 1
10
122.694684
20
1192.125169
70
0
0
VERTEX
8
Layer 1
10
123.675493
20
1191.921705
70
0
0
SEQEND
8
Layer 1
0
POLYLINE
8
Layer 1
62
7
70
0
10
0.000000
20
0.000000
66
1
0
VERTEX
8
Layer 1
10
120.936477
20
1193.691260
70
0
0
VERTEX
8
Layer 1
10
121.059835
20
1193.086766
70
0
0
VERTEX
8
Layer 1
10
121.411946
20
1192.639179
70
0
0
VERTEX
8
Layer 1
10
121.965868
20
1192.326083
70
0
0
VERTEX
8
Layer 1
10
122.694657
20
1192.125063
70
0
0
SEQEND
8
Layer 1
0
POLYLINE
8
Layer 1
62
7
70
0
10
0.000000
20
0.000000
66
1
0
VERTEX
8
Layer 1
10
123.352755
20
1195.401537
70
0
0
VERTEX
8
Layer 1
10
122.404984
20
1195.285610
70
0
0
VERTEX
8
Layer 1
10
121.637747
20
1194.949874
70
0
0
VERTEX
8
Layer 1
10
121.123945
20
1194.412400
70
0
0
VERTEX
8
Layer 1
10
120.936477
20
1193.691260
70
0
0
SEQEND
8
Layer 1
0
POLYLINE
8
Layer 1
62
7
70
0
10
0.000000
20
0.000000
66
1
0
VERTEX
8
Layer 1
10
125.757338
20
1194.157381
70
0
0
VERTEX
8
Layer 1
10
125.388300
20
1194.704985
70
0
0
VERTEX
8
Layer 1
10
124.842135
20
1195.093419
70
0
0
VERTEX
8
Layer 1
10
124.152426
20
1195.324873
70
0
0
VERTEX
8
Layer 1
10
123.352755
20
1195.401537
70
0
0
SEQEND
8
Layer 1
0
POLYLINE
8
Layer 1
62
7
70
0
10
0.000000
20
0.000000
66
1
0
VERTEX
8
Layer 1
10
124.860031
20
1193.822998
70
0
0
VERTEX
8
Layer 1
10
125.757232
20
1194.157431
70
0
0
SEQEND
8
Layer 1
0
POLYLINE
8
Layer 1
62
7
70
0
10
0.000000
20
0.000000
66
1
0
VERTEX
8
Layer 1
10
123.328598
20
1194.599748
70
0
0
VERTEX
8
Layer 1
10
124.296188
20
1194.404070
70
0
0
VERTEX
8
Layer 1
10
124.639240
20
1194.161116
70
0
0
VERTEX
8
Layer 1
10
124.860137
20
1193.822879
70
0
0
SEQEND
8
Layer 1
0
POLYLINE
8
Layer 1
62
7
70
0
10
0.000000
20
0.000000
66
1
0
VERTEX
8
Layer 1
10
121.905327
20
1193.751230
70
0
0
VERTEX
8
Layer 1
10
122.009979
20
1194.115776
70
0
0
VERTEX
8
Layer 1
10
122.303005
20
1194.381680
70
0
0
VERTEX
8
Layer 1
10
123.328598
20
1194.599748
70
0
0
SEQEND
8
Layer 1
0
POLYLINE
8
Layer 1
62
7
70
0
10
0.000000
20
0.000000
66
1
0
VERTEX
8
Layer 1
10
122.969956
20
1192.938145
70
0
0
VERTEX
8
Layer 1
10
122.190855
20
1193.228157
70
0
0
VERTEX
8
Layer 1
10
121.979130
20
1193.456071
70
0
0
VERTEX
8
Layer 1
10
121.905327
20
1193.751230
70
0
0
SEQEND
8
Layer 1
0
POLYLINE
8
Layer 1
62
7
70
0
10
0.000000
20
0.000000
66
1
0
VERTEX
8
Layer 1
10
123.974736
20
1192.734768
70
0
0
VERTEX
8
Layer 1
10
122.969850
20
1192.938233
70
0
0
SEQEND
8
Layer 1
0
POLYLINE
8
Layer 1
62
7
70
0
10
0.000000
20
0.000000
66
1
0
VERTEX
8
Layer 1
10
125.960617
20
1191.025377
70
0
0
VERTEX
8
Layer 1
10
125.835396
20
1191.689225
70
0
0
VERTEX
8
Layer 1
10
125.461197
20
1192.167070
70
0
0
VERTEX
8
Layer 1
10
124.840210
20
1192.501443
70
0
0
VERTEX
8
Layer 1
10
123.974630
20
1192.734874
70
0
0
SEQEND
8
Layer 1
0
POLYLINE
8
Layer 1
62
7
70
0
10
0.000000
20
0.000000
66
1
0
VERTEX
8
Layer 1
10
133.870643
20
1187.252016
70
0
0
VERTEX
8
Layer 1
10
134.684130
20
1187.431144
70
0
0
SEQEND
8
Layer 1
0
POLYLINE
8
Layer 1
62
7
70
0
10
0.000000
20
0.000000
66
1
0
VERTEX
8
Layer 1
10
132.506956
20
1188.834958
70
0
0
VERTEX
8
Layer 1
10
132.612374
20
1188.061101
70
0
0
VERTEX
8
Layer 1
10
132.901711
20
1187.575468
70
0
0
VERTEX
8
Layer 1
10
133.334592
20
1187.323843
70
0
0
VERTEX
8
Layer 1
10
133.870643
20
1187.252016
70
0
0
SEQEND
8
Layer 1
0
POLYLINE
8
Layer 1
62
7
70
0
10
0.000000
20
0.000000
66
1
0
VERTEX
8
Layer 1
10
132.507009
20
1190.308013
70
0
0
VERTEX
8
Layer 1
10
132.507009
20
1188.835079
70
0
0
SEQEND
8
Layer 1
0
POLYLINE
8
Layer 1
62
7
70
0
10
0.000000
20
0.000000
66
1
0
VERTEX
8
Layer 1
10
130.437626
20
1189.195939
70
0
0
VERTEX
8
Layer 1
10
131.095710
20
1189.277221
70
0
0
VERTEX
8
Layer 1
10
131.665192
20
1189.505371
70
0
0
VERTEX
8
Layer 1
10
132.506956
20
1190.308087
70
0
0
SEQEND
8
Layer 1
0
POLYLINE
8
Layer 1
62
7
70
0
10
0.000000
20
0.000000
66
1
0
VERTEX
8
Layer 1
10
127.758114
20
1192.292507
70
0
0
VERTEX
8
Layer 1
10
127.954737
20
1190.986605
70
0
0
VERTEX
8
Layer 1
10
128.505733
20
1190.013500
70
0
0
VERTEX
8
Layer 1
10
129.352798
20
1189.405756
70
0
0
VERTEX
8
Layer 1
10
130.437626
20
1189.195939
70
0
0
SEQEND
8
Layer 1
0
POLYLINE
8
Layer 1
62
7
70
0
10
0.000000
20
0.000000
66
1
0
VERTEX
8
Layer 1
10
130.449717
20
1195.401537
70
0
0
VERTEX
8
Layer 1
10
129.357899
20
1195.189773
70
0
0
VERTEX
8
Layer 1
10
128.507245
20
1194.577746
70
0
0
VERTEX
8
Layer 1
10
127.954926
20
1193.600357
70
0
0
VERTEX
8
Layer 1
10
127.758114
20
1192.292507
70
0
0
SEQEND
8
Layer 1
0
POLYLINE
8
Layer 1
62
7
70
0
10
0.000000
20
0.000000
66
1
0
VERTEX
8
Layer 1
10
132.506956
20
1194.276930
70
0
0
VERTEX
8
Layer 1
10
132.143502
20
1194.735214
70
0
0
VERTEX
8
Layer 1
10
131.671228
20
1195.090402
70
0
0
VERTEX
8
Layer 1
10
131.102508
20
1195.320005
70
0
0
VERTEX
8
Layer 1
10
130.449717
20
1195.401537
70
0
0
SEQEND
8
Layer 1
0
POLYLINE
8
Layer 1
62
7
70
0
10
0.000000
20
0.000000
66
1
0
VERTEX
8
Layer 1
10
132.686396
20
1195.276882
70
0
0
VERTEX
8
Layer 1
10
132.507009
20
1194.277023
70
0
0
SEQEND
8
Layer 1
0
POLYLINE
8
Layer 1
62
7
70
0
10
0.000000
20
0.000000
66
1
0
VERTEX
8
Layer 1
10
133.524066
20
1195.276882
70
0
0
VERTEX
8
Layer 1
10
132.686396
20
1195.276882
70
0
0
SEQEND
8
Layer 1
0
POLYLINE
8
Layer 1
62
7
70
0
10
0.000000
20
0.000000
66
1
0
VERTEX
8
Layer 1
10
133.524066
20
1189.015260
70
0
0
VERTEX
8
Layer 1
10
133.524066
20
1195.276882
70
0
0
SEQEND
8
Layer 1
0
POLYLINE
8
Layer 1
62
7
70
0
10
0.000000
20
0.000000
66
1
0
VERTEX
8
Layer 1
10
134.110144
20
1188.148823
70
0
0
VERTEX
8
Layer 1
10
133.651072
20
1188.370005
70
0
0
VERTEX
8
Layer 1
10
133.524066
20
1189.015253
70
0
0
SEQEND
8
Layer 1
0
POLYLINE
8
Layer 1
62
7
70
0
10
0.000000
20
0.000000
66
1
0
VERTEX
8
Layer 1
10
134.684130
20
1188.305363
70
0
0
VERTEX
8
Layer 1
10
134.110144
20
1188.148823
70
0
0
SEQEND
8
Layer 1
0
POLYLINE
8
Layer 1
62
7
70
0
10
0.000000
20
0.000000
66
1
0
VERTEX
8
Layer 1
10
134.683998
20
1187.431202
70
0
0
VERTEX
8
Layer 1
10
134.683998
20
1188.305384
70
0
0
SEQEND
8
Layer 1
0
POLYLINE
8
Layer 1
62
7
70
0
10
0.000000
20
0.000000
66
1
0
VERTEX
8
Layer 1
10
130.688795
20
1190.033164
70
0
0
VERTEX
8
Layer 1
10
129.924099
20
1190.182940
70
0
0
VERTEX
8
Layer 1
10
129.326500
20
1190.621852
70
0
0
VERTEX
8
Layer 1
10
128.937503
20
1191.334274
70
0
0
VERTEX
8
Layer 1
10
128.798614
20
1192.304580
70
0
0
SEQEND
8
Layer 1
0
POLYLINE
8
Layer 1
62
7
70
0
10
0.000000
20
0.000000
66
1
0
VERTEX
8
Layer 1
10
132.531086
20
1192.304580
70
0
0
VERTEX
8
Layer 1
10
132.397983
20
1191.344459
70
0
0
VERTEX
8
Layer 1
10
132.022620
20
1190.630906
70
0
0
VERTEX
8
Layer 1
10
131.440918
20
1190.186336
70
0
0
VERTEX
8
Layer 1
10
130.688795
20
1190.033164
70
0
0
SEQEND
8
Layer 1
0
POLYLINE
8
Layer 1
62
7
70
0
10
0.000000
20
0.000000
66
1
0
VERTEX
8
Layer 1
10
130.688795
20
1194.563923
70
0
0
VERTEX
8
Layer 1
10
131.435817
20
1194.412638
70
0
0
VERTEX
8
Layer 1
10
132.018086
20
1193.972218
70
0
0
VERTEX
8
Layer 1
10
132.396283
20
1193.262815
70
0
0
VERTEX
8
Layer 1
10
132.531086
20
1192.304580
70
0
0
SEQEND
8
Layer 1
0
POLYLINE
8
Layer 1
62
7
70
0
10
0.000000
20
0.000000
66
1
0
VERTEX
8
Layer 1
10
128.798614
20
1192.304580
70
0
0
VERTEX
8
Layer 1
10
128.937506
20
1193.272836
70
0
0
VERTEX
8
Layer 1
10
129.326510
20
1193.981126
70
0
0
VERTEX
8
Layer 1
10
129.924110
20
1194.415979
70
0
0
VERTEX
8
Layer 1
10
130.688795
20
1194.563923
70
0
0
SEQEND
8
Layer 1
0
POLYLINE
8
Layer 1
62
7
70
0
10
0.000000
20
0.000000
66
1
0
VERTEX
8
Layer 1
10
138.024861
20
1189.195939
70
0
0
VERTEX
8
Layer 1
10
138.720972
20
1189.284858
70
0
0
VERTEX
8
Layer 1
10
139.260000
20
1189.521776
70
0
0
VERTEX
8
Layer 1
10
139.938801
20
1190.260579
70
0
0
SEQEND
8
Layer 1
0
POLYLINE
8
Layer 1
62
7
70
0
10
0.000000
20
0.000000
66
1
0
VERTEX
8
Layer 1
10
135.931401
20
1191.469691
70
0
0
VERTEX
8
Layer 1
10
136.044884
20
1190.533683
70
0
0
VERTEX
8
Layer 1
10
136.408477
20
1189.816606
70
0
0
VERTEX
8
Layer 1
10
137.056897
20
1189.357634
70
0
0
VERTEX
8
Layer 1
10
138.024861
20
1189.195939
70
0
0
SEQEND
8
Layer 1
0
POLYLINE
8
Layer 1
62
7
70
0
10
0.000000
20
0.000000
66
1
0
VERTEX
8
Layer 1
10
135.931507
20
1195.276882
70
0
0
VERTEX
8
Layer 1
10
135.931507
20
1191.469797
70
0
0
SEQEND
8
Layer 1
0
POLYLINE
8
Layer 1
62
7
70
0
10
0.000000
20
0.000000
66
1
0
VERTEX
8
Layer 1
10
136.960205
20
1195.276882
70
0
0
VERTEX
8
Layer 1
10
135.931507
20
1195.276882
70
0
0
SEQEND
8
Layer 1
0
POLYLINE
8
Layer 1
62
7
70
0
10
0.000000
20
0.000000
66
1
0
VERTEX
8
Layer 1
10
136.960205
20
1191.757134
70
0
0
VERTEX
8
Layer 1
10
136.960205
20
1195.276882
70
0
0
SEQEND
8
Layer 1
0
POLYLINE
8
Layer 1
62
7
70
0
10
0.000000
20
0.000000
66
1
0
VERTEX
8
Layer 1
10
138.288095
20
1190.033164
70
0
0
VERTEX
8
Layer 1
10
137.631460
20
1190.161079
70
0
0
VERTEX
8
Layer 1
10
137.224904
20
1190.517928
70
0
0
VERTEX
8
Layer 1
10
137.017971
20
1191.063373
70
0
0
VERTEX
8
Layer 1
10
136.960205
20
1191.757073
70
0
0
SEQEND
8
Layer 1
0
POLYLINE
8
Layer 1
62
7
70
0
10
0.000000
20
0.000000
66
1
0
VERTEX
8
Layer 1
10
139.915042
20
1192.035888
70
0
0
VERTEX
8
Layer 1
10
139.800469
20
1191.165885
70
0
0
VERTEX
8
Layer 1
10
139.473936
20
1190.539346
70
0
0
VERTEX
8
Layer 1
10
138.961218
20
1190.160397
70
0
0
VERTEX
8
Layer 1
10
138.288095
20
1190.033164
70
0
0
SEQEND
8
Layer 1
0
POLYLINE
8
Layer 1
62
7
70
0
10
0.000000
20
0.000000
66
1
0
VERTEX
8
Layer 1
10
139.915068
20
1195.276882
70
0
0
VERTEX
8
Layer 1
10
139.915068
20
1192.036005
70
0
0
SEQEND
8
Layer 1
0
POLYLINE
8
Layer 1
62
7
70
0
10
0.000000
20
0.000000
66
1
0
VERTEX
8
Layer 1
10
140.931861
20
1195.276882
70
0
0
VERTEX
8
Layer 1
10
139.915068
20
1195.276882
70
0
0
SEQEND
8
Layer 1
0
POLYLINE
8
Layer 1
62
7
70
0
10
0.000000
20
0.000000
66
1
0
VERTEX
8
Layer 1
10
140.931861
20
1189.345460
70
0
0
VERTEX
8
Layer 1
10
140.931861
20
1195.276882
70
0
0
SEQEND
8
Layer 1
0
POLYLINE
8
Layer 1
62
7
70
0
10
0.000000
20
0.000000
66
1
0
VERTEX
8
Layer 1
10
140.106097
20
1189.345460
70
0
0
VERTEX
8
Layer 1
10
140.931861
20
1189.345460
70
0
0
SEQEND
8
Layer 1
0
POLYLINE
8
Layer 1
62
7
70
0
10
0.000000
20
0.000000
66
1
0
VERTEX
8
Layer 1
10
139.938881
20
1190.260653
70
0
0
VERTEX
8
Layer 1
10
140.106097
20
1189.345460
70
0
0
SEQEND
8
Layer 1
0
POLYLINE
8
Layer 1
62
7
70
0
10
0.000000
20
0.000000
66
1
0
VERTEX
8
Layer 1
10
145.277187
20
1189.195939
70
0
0
VERTEX
8
Layer 1
10
146.066434
20
1189.276102
70
0
0
VERTEX
8
Layer 1
10
146.682896
20
1189.496415
70
0
0
VERTEX
8
Layer 1
10
147.137782
20
1189.826614
70
0
0
VERTEX
8
Layer 1
10
147.442296
20
1190.236435
70
0
0
SEQEND
8
Layer 1
0
POLYLINE
8
Layer 1
62
7
70
0
10
0.000000
20
0.000000
66
1
0
VERTEX
8
Layer 1
10
143.171662
20
1190.834565
70
0
0
VERTEX
8
Layer 1
10
143.327388
20
1190.139406
70
0
0
VERTEX
8
Layer 1
10
143.762393
20
1189.624920
70
0
0
VERTEX
8
Layer 1
10
144.428413
20
1189.305600
70
0
0
VERTEX
8
Layer 1
10
145.277187
20
1189.195939
70
0
0
SEQEND
8
Layer 1
0
POLYLINE
8
Layer 1
62
7
70
0
10
0.000000
20
0.000000
66
1
0
VERTEX
8
Layer 1
10
147.358555
20
1193.041730
70
0
0
VERTEX
8
Layer 1
10
145.533528
20
1192.817113
70
0
0
VERTEX
8
Layer 1
10
144.224375
20
1192.402515
70
0
0
VERTEX
8
Layer 1
10
143.435589
20
1191.755733
70
0
0
VERTEX
8
Layer 1
10
143.171662
20
1190.834565
70
0
0
SEQEND
8
Layer 1
0
POLYLINE
8
Layer 1
62
7
70
0
10
0.000000
20
0.000000
66
1
0
VERTEX
8
Layer 1
10
147.358582
20
1193.173711
70
0
0
VERTEX
8
Layer 1
10
147.358582
20
1193.041685
70
0
0
SEQEND
8
Layer 1
0
POLYLINE
8
Layer 1
62
7
70
0
10
0.000000
20
0.000000
66
1
0
VERTEX
8
Layer 1
10
145.923193
20
1194.647645
70
0
0
VERTEX
8
Layer 1
10
146.571315
20
1194.547075
70
0
0
VERTEX
8
Layer 1
10
147.017627
20
1194.256631
70
0
0
VERTEX
8
Layer 1
10
147.275562
20
1193.793218
70
0
0
VERTEX
8
Layer 1
10
147.358555
20
1193.173738
70
0
0
SEQEND
8
Layer 1
0
POLYLINE
8
Layer 1
62
7
70
0
10
0.000000
20
0.000000
66
1
0
VERTEX
8
Layer 1
10
144.475765
20
1193.700996
70
0
0
VERTEX
8
Layer 1
10
144.643064
20
1194.076439
70
0
0
VERTEX
8
Layer 1
10
144.943792
20
1194.376569
70
0
0
VERTEX
8
Layer 1
10
145.372364
20
1194.575574
70
0
0
VERTEX
8
Layer 1
10
145.923193
20
1194.647645
70
0
0
SEQEND
8
Layer 1
0
POLYLINE
8
Layer 1
62
7
70
0
10
0.000000
20
0.000000
66
1
0
VERTEX
8
Layer 1
10
143.530595
20
1193.976721
70
0
0
VERTEX
8
Layer 1
10
144.475685
20
1193.701025
70
0
0
SEQEND
8
Layer 1
0
POLYLINE
8
Layer 1
62
7
70
0
10
0.000000
20
0.000000
66
1
0
VERTEX
8
Layer 1
10
145.946952
20
1195.401537
70
0
0
VERTEX
8
Layer 1
10
145.116923
20
1195.305238
70
0
0
VERTEX
8
Layer 1
10
144.420331
20
1195.026003
70
0
0
VERTEX
8
Layer 1
10
143.882980
20
1194.578325
70
0
0
VERTEX
8
Layer 1
10
143.530674
20
1193.976697
70
0
0
SEQEND
8
Layer 1
0
POLYLINE
8
Layer 1
62
7
70
0
10
0.000000
20
0.000000
66
1
0
VERTEX
8
Layer 1
10
148.339470
20
1193.077554
70
0
0
VERTEX
8
Layer 1
10
148.192732
20
1194.093037
70
0
0
VERTEX
8
Layer 1
10
147.748792
20
1194.819422
70
0
0
VERTEX
8
Layer 1
10
147.002062
20
1195.255869
70
0
0
VERTEX
8
Layer 1
10
145.946952
20
1195.401537
70
0
0
SEQEND
8
Layer 1
0
POLYLINE
8
Layer 1
62
7
70
0
10
0.000000
20
0.000000
66
1
0
VERTEX
8
Layer 1
10
148.339391
20
1191.621138
70
0
0
VERTEX
8
Layer 1
10
148.339391
20
1193.077668
70
0
0
SEQEND
8
Layer 1
0
POLYLINE
8
Layer 1
62
7
70
0
10
0.000000
20
0.000000
66
1
0
VERTEX
8
Layer 1
10
148.554815
20
1189.345471
70
0
0
VERTEX
8
Layer 1
10
148.339470
20
1191.621170
70
0
0
SEQEND
8
Layer 1
0
POLYLINE
8
Layer 1
62
7
70
0
10
0.000000
20
0.000000
66
1
0
VERTEX
8
Layer 1
10
147.669731
20
1189.345460
70
0
0
VERTEX
8
Layer 1
10
148.554762
20
1189.345460
70
0
0
SEQEND
8
Layer 1
0
POLYLINE
8
Layer 1
62
7
70
0
10
0.000000
20
0.000000
66
1
0
VERTEX
8
Layer 1
10
147.442190
20
1190.236311
70
0
0
VERTEX
8
Layer 1
10
147.669731
20
1189.345460
70
0
0
SEQEND
8
Layer 1
0
POLYLINE
8
Layer 1
62
7
70
0
10
0.000000
20
0.000000
66
1
0
VERTEX
8
Layer 1
10
145.516264
20
1189.961515
70
0
0
VERTEX
8
Layer 1
10
144.964443
20
1190.030044
70
0
0
VERTEX
8
Layer 1
10
144.554964
20
1190.222953
70
0
0
VERTEX
8
Layer 1
10
144.300202
20
1190.521221
70
0
0
VERTEX
8
Layer 1
10
144.212531
20
1190.905828
70
0
0
SEQEND
8
Layer 1
0
POLYLINE
8
Layer 1
62
7
70
0
10
0.000000
20
0.000000
66
1
0
VERTEX
8
Layer 1
10
147.358555
20
1191.703334
70
0
0
VERTEX
8
Layer 1
10
147.217073
20
1190.887896
70
0
0
VERTEX
8
Layer 1
10
146.827746
20
1190.349511
70
0
0
VERTEX
8
Layer 1
10
146.243250
20
1190.052582
70
0
0
VERTEX
8
Layer 1
10
145.516264
20
1189.961515
70
0
0
SEQEND
8
Layer 1
0
POLYLINE
8
Layer 1
62
7
70
0
10
0.000000
20
0.000000
66
1
0
VERTEX
8
Layer 1
10
147.358582
20
1192.336042
70
0
0
VERTEX
8
Layer 1
10
147.358582
20
1191.703424
70
0
0
SEQEND
8
Layer 1
0
POLYLINE
8
Layer 1
62
7
70
0
10
0.000000
20
0.000000
66
1
0
VERTEX
8
Layer 1
10
144.212531
20
1190.905828
70
0
0
VERTEX
8
Layer 1
10
144.408064
20
1191.486021
70
0
0
VERTEX
8
Layer 1
10
144.996120
20
1191.902224
70
0
0
VERTEX
8
Layer 1
10
145.978888
20
1192.177803
70
0
0
VERTEX
8
Layer 1
10
147.358555
20
1192.336121
70
0
0
SEQEND
8
Layer 1
0
POLYLINE
8
Layer 1
62
7
70
0
10
0.000000
20
0.000000
66
1
0
VERTEX
8
Layer 1
10
151.548518
20
1189.345460
70
0
0
VERTEX
8
Layer 1
10
152.565311
20
1189.345460
70
0
0
SEQEND
8
Layer 1
0
POLYLINE
8
Layer 1
62
7
70
0
10
0.000000
20
0.000000
66
1
0
VERTEX
8
Layer 1
10
151.548518
20
1195.276882
70
0
0
VERTEX
8
Layer 1
10
151.548518
20
1189.345460
70
0
0
SEQEND
8
Layer 1
0
POLYLINE
8
Layer 1
62
7
70
0
10
0.000000
20
0.000000
66
1
0
VERTEX
8
Layer 1
10
152.326128
20
1195.276882
70
0
0
VERTEX
8
Layer 1
10
151.548518
20
1195.276882
70
0
0
SEQEND
8
Layer 1
0
POLYLINE
8
Layer 1
62
7
70
0
10
0.000000
20
0.000000
66
1
0
VERTEX
8
Layer 1
10
152.553140
20
1193.894171
70
0
0
VERTEX
8
Layer 1
10
152.326128
20
1195.276882
70
0
0
SEQEND
8
Layer 1
0
POLYLINE
8
Layer 1
62
7
70
0
10
0.000000
20
0.000000
66
1
0
VERTEX
8
Layer 1
10
155.256914
20
1195.376616
70
0
0
VERTEX
8
Layer 1
10
154.444187
20
1195.286152
70
0
0
VERTEX
8
Layer 1
10
153.698745
20
1195.011838
70
0
0
VERTEX
8
Layer 1
10
153.056470
20
1194.549295
70
0
0
VERTEX
8
Layer 1
10
152.553246
20
1193.894142
70
0
0
SEQEND
8
Layer 1
0
POLYLINE
8
Layer 1
62
7
70
0
10
0.000000
20
0.000000
66
1
0
VERTEX
8
Layer 1
10
156.202004
20
1195.276927
70
0
0
VERTEX
8
Layer 1
10
155.256914
20
1195.376616
70
0
0
SEQEND
8
Layer 1
0
POLYLINE
8
Layer 1
62
7
70
0
10
0.000000
20
0.000000
66
1
0
VERTEX
8
Layer 1
10
156.202004
20
1194.216168
70
0
0
VERTEX
8
Layer 1
10
156.202004
20
1195.276882
70
0
0
SEQEND
8
Layer 1
0
POLYLINE
8
Layer 1
62
7
70
0
10
0.000000
20
0.000000
66
1
0
VERTEX
8
Layer 1
10
155.041569
20
1194.395310
70
0
0
VERTEX
8
Layer 1
10
156.202004
20
1194.216182
70
0
0
SEQEND
8
Layer 1
0
POLYLINE
8
Layer 1
62
7
70
0
10
0.000000
20
0.000000
66
1
0
VERTEX
8
Layer 1
10
152.565337
20
1191.816652
70
0
0
VERTEX
8
Layer 1
10
152.752101
20
1192.949962
70
0
0
VERTEX
8
Layer 1
10
153.269727
20
1193.755221
70
0
0
VERTEX
8
Layer 1
10
154.054216
20
1194.235859
70
0
0
VERTEX
8
Layer 1
10
155.041569
20
1194.395310
70
0
0
SEQEND
8
Layer 1
0
POLYLINE
8
Layer 1
62
7
70
0
10
0.000000
20
0.000000
66
1
0
VERTEX
8
Layer 1
10
152.565311
20
1189.345460
70
0
0
VERTEX
8
Layer 1
10
152.565311
20
1191.816665
70
0
0
SEQEND
8
Layer 1
0
POLYLINE
8
Layer 1
62
7
70
0
10
0.000000
20
0.000000
66
1
0
VERTEX
8
Layer 1
10
161.229266
20
1189.195939
70
0
0
VERTEX
8
Layer 1
10
162.059640
20
1189.286732
70
0
0
VERTEX
8
Layer 1
10
162.730666
20
1189.536768
70
0
0
VERTEX
8
Layer 1
10
163.258078
20
1189.912534
70
0
0
VERTEX
8
Layer 1
10
163.657609
20
1190.380517
70
0
0
SEQEND
8
Layer 1
0
POLYLINE
8
Layer 1
62
7
70
0
10
0.000000
20
0.000000
66
1
0
VERTEX
8
Layer 1
10
158.238605
20
1192.296013
70
0
0
VERTEX
8
Layer 1
10
158.443483
20
1191.053961
70
0
0
VERTEX
8
Layer 1
10
159.034167
20
1190.072496
70
0
0
VERTEX
8
Layer 1
10
159.974735
20
1189.427770
70
0
0
VERTEX
8
Layer 1
10
161.229266
20
1189.195939
70
0
0
SEQEND
8
Layer 1
0
POLYLINE
8
Layer 1
62
7
70
0
10
0.000000
20
0.000000
66
1
0
VERTEX
8
Layer 1
10
161.181377
20
1195.401537
70
0
0
VERTEX
8
Layer 1
10
160.010063
20
1195.183256
70
0
0
VERTEX
8
Layer 1
10
159.077542
20
1194.560661
70
0
0
VERTEX
8
Layer 1
10
158.461245
20
1193.582123
70
0
0
VERTEX
8
Layer 1
10
158.238605
20
1192.296013
70
0
0
SEQEND
8
Layer 1
0
POLYLINE
8
Layer 1
62
7
70
0
10
0.000000
20
0.000000
66
1
0
VERTEX
8
Layer 1
10
163.992492
20
1192.128566
70
0
0
VERTEX
8
Layer 1
10
163.874593
20
1193.365435
70
0
0
VERTEX
8
Layer 1
10
163.345113
20
1194.409911
70
0
0
VERTEX
8
Layer 1
10
162.436544
20
1195.131958
70
0
0
VERTEX
8
Layer 1
10
161.181377
20
1195.401537
70
0
0
SEQEND
8
Layer 1
0
POLYLINE
8
Layer 1
62
7
70
0
10
0.000000
20
0.000000
66
1
0
VERTEX
8
Layer 1
10
159.255292
20
1192.128609
70
0
0
VERTEX
8
Layer 1
10
163.992386
20
1192.128609
70
0
0
SEQEND
8
Layer 1
0
POLYLINE
8
Layer 1
62
7
70
0
10
0.000000
20
0.000000
66
1
0
VERTEX
8
Layer 1
10
161.277156
20
1190.033164
70
0
0
VERTEX
8
Layer 1
10
160.591176
20
1190.134958
70
0
0
VERTEX
8
Layer 1
10
159.952293
20
1190.479231
70
0
0
VERTEX
8
Layer 1
10
159.470388
20
1191.124322
70
0
0
VERTEX
8
Layer 1
10
159.255345
20
1192.128566
70
0
0
SEQEND
8
Layer 1
0
POLYLINE
8
Layer 1
62
7
70
0
10
0.000000
20
0.000000
66
1
0
VERTEX
8
Layer 1
10
162.760408
20
1190.703726
70
0
0
VERTEX
8
Layer 1
10
162.193724
20
1190.224754
70
0
0
VERTEX
8
Layer 1
10
161.277156
20
1190.033164
70
0
0
SEQEND
8
Layer 1
0
POLYLINE
8
Layer 1
62
7
70
0
10
0.000000
20
0.000000
66
1
0
VERTEX
8
Layer 1
10
163.657688
20
1190.380509
70
0
0
VERTEX
8
Layer 1
10
162.760487
20
1190.703829
70
0
0
SEQEND
8
Layer 1
0
POLYLINE
8
Layer 1
62
7
70
0
10
0.000000
20
0.000000
66
1
0
VERTEX
8
Layer 1
10
162.999935
20
1192.834516
70
0
0
VERTEX
8
Layer 1
10
159.267463
20
1192.834516
70
0
0
SEQEND
8
Layer 1
0
POLYLINE
8
Layer 1
62
7
70
0
10
0.000000
20
0.000000
66
1
0
VERTEX
8
Layer 1
10
161.205507
20
1194.588066
70
0
0
VERTEX
8
Layer 1
10
161.976977
20
1194.434828
70
0
0
VERTEX
8
Layer 1
10
162.533197
20
1194.033306
70
0
0
VERTEX
8
Layer 1
10
162.874173
20
1193.470789
70
0
0
VERTEX
8
Layer 1
10
162.999909
20
1192.834564
70
0
0
SEQEND
8
Layer 1
0
POLYLINE
8
Layer 1
62
7
70
0
10
0.000000
20
0.000000
66
1
0
VERTEX
8
Layer 1
10
159.267436
20
1192.834564
70
0
0
VERTEX
8
Layer 1
10
159.516421
20
1193.651991
70
0
0
VERTEX
8
Layer 1
10
159.958282
20
1194.194375
70
0
0
VERTEX
8
Layer 1
10
160.539238
20
1194.495229
70
0
0
VERTEX
8
Layer 1
10
161.205507
20
1194.588066
70
0
0
SEQEND
8
Layer 1
0
POLYLINE
8
Layer 1
62
7
70
0
10
0.000000
20
0.000000
66
1
0
VERTEX
8
Layer 1
10
38.486387
20
1079.557538
70
0
0
VERTEX
8
Layer 1
10
138.486056
20
1079.557538
70
0
0
SEQEND
8
Layer 1
0
POLYLINE
8
Layer 1
62
7
70
0
10
0.000000
20
0.000000
66
1
0
VERTEX
8
Layer 1
10
38.486387
20
1179.557212
70
0
0
VERTEX
8
Layer 1
10
38.486387
20
1079.557538
70
0
0
SEQEND
8
Layer 1
0
POLYLINE
8
Layer 1
62
7
70
0
10
0.000000
20
0.000000
66
1
0
VERTEX
8
Layer 1
10
138.486056
20
1179.557212
70
0
0
VERTEX
8
Layer 1
10
38.486387
20
1179.557212
70
0
0
SEQEND
8
Layer 1
0
POLYLINE
8
Layer 1
62
7
70
0
10
0.000000
20
0.000000
66
1
0
VERTEX
8
Layer 1
10
138.486056
20
1079.557538
70
0
0
VERTEX
8
Layer 1
10
138.486056
20
1179.557212
70
0
0
SEQEND
8
Layer 1
0
POLYLINE
8
Shape2DView009
62
7
70
0
10
0.000000
20
0.000000
66
1
0
VERTEX
8
Shape2DView009
10
0.133580
20
1206.632436
70
0
0
VERTEX
8
Shape2DView009
10
2413.130540
20
1206.632436
70
0
0
VERTEX
8
Shape2DView009
10
2413.130540
20
0.133956
70
0
0
VERTEX
8
Shape2DView009
10
0.133580
20
0.133956
70
0
0
VERTEX
8
Shape2DView009
10
0.133580
20
1206.632436
70
0
0
SEQEND
8
Shape2DView009
0
POLYLINE
8
Layer 1
62
7
70
0
10
0.000000
20
0.000000
66
1
0
VERTEX
8
Layer 1
10
2019.329151
20
297.185742
70
0
0
VERTEX
8
Layer 1
10
2018.818654
20
298.261109
70
0
0
VERTEX
8
Layer 1
10
2017.965237
20
299.030825
70
0
0
VERTEX
8
Layer 1
10
2016.885573
20
299.424664
70
0
0
VERTEX
8
Layer 1
10
2015.696334
20
299.372396
70
0
0
VERTEX
8
Layer 1
10
2014.620369
20
298.863164
70
0
0
VERTEX
8
Layer 1
10
2013.849650
20
298.010651
70
0
0
VERTEX
8
Layer 1
10
2013.454544
20
296.931450
70
0
0
VERTEX
8
Layer 1
10
2013.505414
20
295.742151
70
0
0
VERTEX
8
Layer 1
10
2014.015911
20
294.666784
70
0
0
VERTEX
8
Layer 1
10
2014.869328
20
293.897068
70
0
0
VERTEX
8
Layer 1
10
2015.948992
20
293.503229
70
0
0
VERTEX
8
Layer 1
10
2017.138231
20
293.555497
70
0
0
VERTEX
8
Layer 1
10
2018.214196
20
294.064730
70
0
0
VERTEX
8
Layer 1
10
2018.984915
20
294.917242
70
0
0
VERTEX
8
Layer 1
10
2019.380021
20
295.996443
70
0
0
VERTEX
8
Layer 1
10
2019.329151
20
297.185742
70
0
0
VERTEX
8
Layer 1
10
2019.329151
20
297.185742
70
0
0
SEQEND
8
Layer 1
0
POLYLINE
8
Layer 1
62
7
70
0
10
0.000000
20
0.000000
66
1
0
VERTEX
8
Layer 1
10
1992.195582
20
368.085882
70
0
0
VERTEX
8
Layer 1
10
1991.685795
20
369.162595
70
0
0
VERTEX
8
Layer 1
10
1990.832323
20
369.933483
70
0
0
VERTEX
8
Layer 1
10
1989.752060
20
370.328092
70
0
0
VERTEX
8
Layer 1
10
1988.561902
20
370.275965
70
0
0
VERTEX
8
Layer 1
10
1987.485189
20
369.766179
70
0
0
VERTEX
8
Layer 1
10
1986.714301
20
368.912706
70
0
0
VERTEX
8
Layer 1
10
1986.319693
20
367.832444
70
0
0
VERTEX
8
Layer 1
10
1986.371819
20
366.642285
70
0
0
VERTEX
8
Layer 1
10
1986.660945
20
365.907510
70
0
0
VERTEX
8
Layer 1
10
1987.122836
20
365.283047
70
0
0
VERTEX
8
Layer 1
10
1987.729478
20
364.797988
70
0
0
VERTEX
8
Layer 1
10
1988.452856
20
364.481421
70
0
0
VERTEX
8
Layer 1
10
1989.233753
20
364.364424
70
0
0
VERTEX
8
Layer 1
10
1990.005499
20
364.452202
70
0
0
VERTEX
8
Layer 1
10
1990.728893
20
364.735040
70
0
0
VERTEX
8
Layer 1
10
1991.364737
20
365.203220
70
0
0
VERTEX
8
Layer 1
10
1991.856508
20
365.820998
70
0
0
VERTEX
8
Layer 1
10
1992.166363
20
366.533239
70
0
0
VERTEX
8
Layer 1
10
1992.283116
20
367.301135
70
0
0
VERTEX
8
Layer 1
10
1992.195582
20
368.085882
70
0
0
VERTEX
8
Layer 1
10
1992.195582
20
368.085882
70
0
0
SEQEND
8
Layer 1
0
POLYLINE
8
Layer 1
62
7
70
0
10
0.000000
20
0.000000
66
1
0
VERTEX
8
Layer 1
10
1979.388521
20
365.927380
70
0
0
VERTEX
8
Layer 1
10
1997.733251
20
288.710064
70
0
0
SEQEND
8
Layer 1
0
POLYLINE
8
Layer 1
62
7
70
0
10
0.000000
20
0.000000
66
1
0
VERTEX
8
Layer 1
10
1997.733251
20
288.710064
70
0
0
VERTEX
8
Layer 1
10
2033.241163
20
256.653214
70
0
0
SEQEND
8
Layer 1
0
POLYLINE
8
Layer 1
62
7
70
0
10
0.000000
20
0.000000
66
1
0
VERTEX
8
Layer 1
10
2040.936242
20
223.108876
70
0
0
VERTEX
8
Layer 1
10
2041.733858
20
225.318705
70
0
0
VERTEX
8
Layer 1
10
2042.350533
20
227.559006
70
0
0
VERTEX
8
Layer 1
10
2042.788508
20
229.820010
70
0
0
VERTEX
8
Layer 1
10
2043.050025
20
232.091946
70
0
0
VERTEX
8
Layer 1
10
2043.137326
20
234.365046
70
0
0
VERTEX
8
Layer 1
10
2043.052651
20
236.629540
70
0
0
VERTEX
8
Layer 1
10
2042.798242
20
238.875659
70
0
0
VERTEX
8
Layer 1
10
2042.376340
20
241.093633
70
0
0
VERTEX
8
Layer 1
10
2041.789188
20
243.273693
70
0
0
VERTEX
8
Layer 1
10
2041.039026
20
245.406070
70
0
0
VERTEX
8
Layer 1
10
2040.128095
20
247.480994
70
0
0
VERTEX
8
Layer 1
10
2039.058638
20
249.488695
70
0
0
VERTEX
8
Layer 1
10
2037.832895
20
251.419405
70
0
0
VERTEX
8
Layer 1
10
2036.453109
20
253.263354
70
0
0
VERTEX
8
Layer 1
10
2034.921520
20
255.010773
70
0
0
VERTEX
8
Layer 1
10
2033.240369
20
256.651891
70
0
0
SEQEND
8
Layer 1
0
POLYLINE
8
Layer 1
62
7
70
0
10
0.000000
20
0.000000
66
1
0
VERTEX
8
Layer 1
10
2029.296045
20
119.917061
70
0
0
VERTEX
8
Layer 1
10
2087.871070
20
264.328793
70
0
0
SEQEND
8
Layer 1
0
POLYLINE
8
Layer 1
62
7
70
0
10
0.000000
20
0.000000
66
1
0
VERTEX
8
Layer 1
10
1999.179885
20
368.801066
70
0
0
VERTEX
8
Layer 1
10
1999.925762
20
364.237949
70
0
0
VERTEX
8
Layer 1
10
2000.829155
20
359.726999
70
0
0
VERTEX
8
Layer 1
10
2001.887383
20
355.271377
70
0
0
VERTEX
8
Layer 1
10
2003.097763
20
350.874242
70
0
0
VERTEX
8
Layer 1
10
2004.457612
20
346.538754
70
0
0
VERTEX
8
Layer 1
10
2005.964247
20
342.268073
70
0
0
VERTEX
8
Layer 1
10
2007.614988
20
338.065357
70
0
0
VERTEX
8
Layer 1
10
2009.407150
20
333.933769
70
0
0
VERTEX
8
Layer 1
10
2011.338051
20
329.876466
70
0
0
VERTEX
8
Layer 1
10
2013.405010
20
325.896608
70
0
0
VERTEX
8
Layer 1
10
2015.605343
20
321.997357
70
0
0
VERTEX
8
Layer 1
10
2017.936368
20
318.181870
70
0
0
VERTEX
8
Layer 1
10
2020.395403
20
314.453309
70
0
0
VERTEX
8
Layer 1
10
2022.979764
20
310.814832
70
0
0
VERTEX
8
Layer 1
10
2025.686770
20
307.269600
70
0
0
VERTEX
8
Layer 1
10
2028.513739
20
303.820773
70
0
0
VERTEX
8
Layer 1
10
2031.457987
20
300.471509
70
0
0
VERTEX
8
Layer 1
10
2034.516832
20
297.224970
70
0
0
VERTEX
8
Layer 1
10
2037.687592
20
294.084314
70
0
0
VERTEX
8
Layer 1
10
2040.967584
20
291.052702
70
0
0
VERTEX
8
Layer 1
10
2044.354125
20
288.133292
70
0
0
VERTEX
8
Layer 1
10
2047.844534
20
285.329246
70
0
0
VERTEX
8
Layer 1
10
2051.436128
20
282.643723
70
0
0
VERTEX
8
Layer 1
10
2055.126224
20
280.079882
70
0
0
VERTEX
8
Layer 1
10
2058.912139
20
277.640883
70
0
0
VERTEX
8
Layer 1
10
2062.791193
20
275.329887
70
0
0
VERTEX
8
Layer 1
10
2066.760700
20
273.150052
70
0
0
VERTEX
8
Layer 1
10
2070.817981
20
271.104539
70
0
0
VERTEX
8
Layer 1
10
2074.960351
20
269.196508
70
0
0
VERTEX
8
Layer 1
10
2079.185129
20
267.429117
70
0
0
VERTEX
8
Layer 1
10
2083.489631
20
265.805528
70
0
0
VERTEX
8
Layer 1
10
2087.871176
20
264.328899
70
0
0
SEQEND
8
Layer 1
0
POLYLINE
8
Layer 1
62
7
70
0
10
0.000000
20
0.000000
66
1
0
VERTEX
8
Layer 1
10
2062.421043
20
1039.795079
70
0
0
VERTEX
8
Layer 1
10
2061.911120
20
1040.871533
70
0
0
VERTEX
8
Layer 1
10
2061.057659
20
1041.642196
70
0
0
VERTEX
8
Layer 1
10
2059.977511
20
1042.036657
70
0
0
VERTEX
8
Layer 1
10
2058.787530
20
1041.984505
70
0
0
VERTEX
8
Layer 1
10
2057.710960
20
1041.474826
70
0
0
VERTEX
8
Layer 1
10
2056.940103
20
1040.621539
70
0
0
VERTEX
8
Layer 1
10
2056.545397
20
1039.541481
70
0
0
VERTEX
8
Layer 1
10
2056.597280
20
1038.351488
70
0
0
VERTEX
8
Layer 1
10
2057.107203
20
1037.275033
70
0
0
VERTEX
8
Layer 1
10
2057.960665
20
1036.504370
70
0
0
VERTEX
8
Layer 1
10
2059.040812
20
1036.109909
70
0
0
VERTEX
8
Layer 1
10
2060.230794
20
1036.162062
70
0
0
VERTEX
8
Layer 1
10
2061.307364
20
1036.671741
70
0
0
VERTEX
8
Layer 1
10
2062.078220
20
1037.525028
70
0
0
VERTEX
8
Layer 1
10
2062.472926
20
1038.605086
70
0
0
VERTEX
8
Layer 1
10
2062.421043
20
1039.795079
70
0
0
VERTEX
8
Layer 1
10
2062.421043
20
1039.795079
70
0
0
SEQEND
8
Layer 1
0
POLYLINE
8
Layer 1
62
7
70
0
10
0.000000
20
0.000000
66
1
0
VERTEX
8
Layer 1
10
1985.291077
20
844.871941
70
0
0
VERTEX
8
Layer 1
10
1984.781156
20
845.948408
70
0
0
VERTEX
8
Layer 1
10
1983.927690
20
846.719080
70
0
0
VERTEX
8
Layer 1
10
1982.847533
20
847.113545
70
0
0
VERTEX
8
Layer 1
10
1981.657542
20
847.061388
70
0
0
VERTEX
8
Layer 1
10
1980.580965
20
846.551699
70
0
0
VERTEX
8
Layer 1
10
1979.810110
20
845.698398
70
0
0
VERTEX
8
Layer 1
10
1979.415413
20
844.618326
70
0
0
VERTEX
8
Layer 1
10
1979.467314
20
843.428323
70
0
0
VERTEX
8
Layer 1
10
1979.977235
20
842.351856
70
0
0
VERTEX
8
Layer 1
10
1980.830701
20
841.581184
70
0
0
VERTEX
8
Layer 1
10
1981.910858
20
841.186720
70
0
0
VERTEX
8
Layer 1
10
1983.100849
20
841.238876
70
0
0
VERTEX
8
Layer 1
10
1984.177426
20
841.748566
70
0
0
VERTEX
8
Layer 1
10
1984.948281
20
842.601866
70
0
0
VERTEX
8
Layer 1
10
1985.342978
20
843.681938
70
0
0
VERTEX
8
Layer 1
10
1985.291077
20
844.871941
70
0
0
VERTEX
8
Layer 1
10
1985.291077
20
844.871941
70
0
0
SEQEND
8
Layer 1
0
POLYLINE
8
Layer 1
62
7
70
0
10
0.000000
20
0.000000
66
1
0
VERTEX
8
Layer 1
10
2019.234589
20
125.901426
70
0
0
VERTEX
8
Layer 1
10
2018.724092
20
126.976793
70
0
0
VERTEX
8
Layer 1
10
2017.870675
20
127.746509
70
0
0
VERTEX
8
Layer 1
10
2016.791011
20
128.140347
70
0
0
VERTEX
8
Layer 1
10
2015.601772
20
128.088080
70
0
0
VERTEX
8
Layer 1
10
2014.525807
20
127.578847
70
0
0
VERTEX
8
Layer 1
10
2013.755088
20
126.726335
70
0
0
VERTEX
8
Layer 1
10
2013.359982
20
125.647134
70
0
0
VERTEX
8
Layer 1
10
2013.410852
20
124.457834
70
0
0
VERTEX
8
Layer 1
10
2013.921349
20
123.382468
70
0
0
VERTEX
8
Layer 1
10
2014.774766
20
122.612751
70
0
0
VERTEX
8
Layer 1
10
2015.854430
20
122.218913
70
0
0
VERTEX
8
Layer 1
10
2017.043669
20
122.271180
70
0
0
VERTEX
8
Layer 1
10
2018.119635
20
122.780413
70
0
0
VERTEX
8
Layer 1
10
2018.890353
20
123.632926
70
0
0
VERTEX
8
Layer 1
10
2019.285459
20
124.712127
70
0
0
VERTEX
8
Layer 1
10
2019.234589
20
125.901426
70
0
0
VERTEX
8
Layer 1
10
2019.234589
20
125.901426
70
0
0
SEQEND
8
Layer 1
0
POLYLINE
8
Layer 1
62
7
70
0
10
0.000000
20
0.000000
66
1
0
VERTEX
8
Layer 1
10
2073.514770
20
1077.874208
70
0
0
VERTEX
8
Layer 1
10
2067.548444
20
1067.811568
70
0
0
VERTEX
8
Layer 1
10
2061.720981
20
1057.686076
70
0
0
VERTEX
8
Layer 1
10
2056.032568
20
1047.499144
70
0
0
VERTEX
8
Layer 1
10
2050.483390
20
1037.252181
70
0
0
VERTEX
8
Layer 1
10
2045.073634
20
1026.946599
70
0
0
VERTEX
8
Layer 1
10
2039.803488
20
1016.583808
70
0
0
VERTEX
8
Layer 1
10
2029.682767
20
995.692241
70
0
0
VERTEX
8
Layer 1
10
2020.122719
20
974.588765
70
0
0
VERTEX
8
Layer 1
10
2011.124837
20
953.284665
70
0
0
VERTEX
8
Layer 1
10
2002.690612
20
931.791224
70
0
0
VERTEX
8
Layer 1
10
1994.821536
20
910.119728
70
0
0
VERTEX
8
Layer 1
10
1987.519100
20
888.281462
70
0
0
VERTEX
8
Layer 1
10
1980.784798
20
866.287709
70
0
0
VERTEX
8
Layer 1
10
1974.620121
20
844.149754
70
0
0
VERTEX
8
Layer 1
10
1969.026560
20
821.878882
70
0
0
VERTEX
8
Layer 1
10
1964.005609
20
799.486378
70
0
0
VERTEX
8
Layer 1
10
1959.558758
20
776.983526
70
0
0
VERTEX
8
Layer 1
10
1955.687500
20
754.381610
70
0
0
VERTEX
8
Layer 1
10
1952.393326
20
731.691916
70
0
0
VERTEX
8
Layer 1
10
1949.677729
20
708.925727
70
0
0
VERTEX
8
Layer 1
10
1947.542201
20
686.094329
70
0
0
VERTEX
8
Layer 1
10
1945.988233
20
663.209005
70
0
0
VERTEX
8
Layer 1
10
1945.017318
20
640.281041
70
0
0
VERTEX
8
Layer 1
10
1944.630947
20
617.321722
70
0
0
VERTEX
8
Layer 1
10
1944.830612
20
594.342331
70
0
0
VERTEX
8
Layer 1
10
1945.617805
20
571.354153
70
0
0
VERTEX
8
Layer 1
10
1946.994019
20
548.368473
70
0
0
VERTEX
8
Layer 1
10
1948.960745
20
525.396575
70
0
0
VERTEX
8
Layer 1
10
1951.519475
20
502.449744
70
0
0
VERTEX
8
Layer 1
10
1954.671701
20
479.539265
70
0
0
VERTEX
8
Layer 1
10
1958.418915
20
456.676422
70
0
0
VERTEX
8
Layer 1
10
1962.762609
20
433.872499
70
0
0
VERTEX
8
Layer 1
10
1965.158602
20
422.496160
70
0
0
VERTEX
8
Layer 1
10
1967.704274
20
411.138782
70
0
0
VERTEX
8
Layer 1
10
1970.399813
20
399.801777
70
0
0
VERTEX
8
Layer 1
10
1973.245404
20
388.486555
70
0
0
VERTEX
8
Layer 1
10
1976.241234
20
377.194526
70
0
0
VERTEX
8
Layer 1
10
1979.387489
20
365.927102
70
0
0
SEQEND
8
Layer 1
0
POLYLINE
8
Layer 1
62
7
70
0
10
0.000000
20
0.000000
66
1
0
VERTEX
8
Layer 1
10
2040.937618
20
223.107897
70
0
0
VERTEX
8
Layer 1
10
2003.349634
20
130.440585
70
0
0
SEQEND
8
Layer 1
0
POLYLINE
8
Layer 1
62
7
70
0
10
0.000000
20
0.000000
66
1
0
VERTEX
8
Layer 1
10
2003.349581
20
130.440559
70
0
0
VERTEX
8
Layer 1
10
2002.552823
20
127.719120
70
0
0
VERTEX
8
Layer 1
10
2002.321137
20
124.977351
70
0
0
VERTEX
8
Layer 1
10
2002.623515
20
122.288572
70
0
0
VERTEX
8
Layer 1
10
2003.428951
20
119.726103
70
0
0
VERTEX
8
Layer 1
10
2004.706437
20
117.363264
70
0
0
VERTEX
8
Layer 1
10
2006.424965
20
115.273377
70
0
0
VERTEX
8
Layer 1
10
2008.553528
20
113.529762
70
0
0
VERTEX
8
Layer 1
10
2011.061120
20
112.205739
70
0
0
VERTEX
8
Layer 1
10
2013.782512
20
111.408822
70
0
0
VERTEX
8
Layer 1
10
2016.524267
20
111.176976
70
0
0
VERTEX
8
Layer 1
10
2019.213064
20
111.479198
70
0
0
VERTEX
8
Layer 1
10
2021.775580
20
112.284484
70
0
0
VERTEX
8
Layer 1
10
2024.138493
20
113.561832
70
0
0
VERTEX
8
Layer 1
10
2026.228481
20
115.280239
70
0
0
VERTEX
8
Layer 1
10
2027.972220
20
117.408700
70
0
0
VERTEX
8
Layer 1
10
2029.296389
20
119.916214
70
0
0
SEQEND
8
Layer 1
0
POLYLINE
8
Layer 1
62
7
70
0
10
0.000000
20
0.000000
66
1
0
VERTEX
8
Layer 1
10
2086.099290
20
1070.265913
70
0
0
VERTEX
8
Layer 1
10
2080.196292
20
1060.351770
70
0
0
VERTEX
8
Layer 1
10
2074.433833
20
1050.374206
70
0
0
VERTEX
8
Layer 1
10
2068.812094
20
1040.334681
70
0
0
VERTEX
8
Layer 1
10
2063.331256
20
1030.234656
70
0
0
VERTEX
8
Layer 1
10
2057.991500
20
1020.075595
70
0
0
VERTEX
8
Layer 1
10
2052.793007
20
1009.858958
70
0
0
VERTEX
8
Layer 1
10
2047.735959
20
999.586207
70
0
0
VERTEX
8
Layer 1
10
2042.820536
20
989.258804
70
0
0
VERTEX
8
Layer 1
10
2038.046920
20
978.878210
70
0
0
VERTEX
8
Layer 1
10
2033.415292
20
968.445888
70
0
0
VERTEX
8
Layer 1
10
2028.925833
20
957.963298
70
0
0
VERTEX
8
Layer 1
10
2024.578724
20
947.431903
70
0
0
VERTEX
8
Layer 1
10
2016.312280
20
926.228543
70
0
0
VERTEX
8
Layer 1
10
2008.617410
20
904.847501
70
0
0
VERTEX
8
Layer 1
10
2001.495562
20
883.300471
70
0
0
VERTEX
8
Layer 1
10
1994.948186
20
861.599147
70
0
0
VERTEX
8
Layer 1
10
1988.976730
20
839.755221
70
0
0
VERTEX
8
Layer 1
10
1983.582644
20
817.780388
70
0
0
VERTEX
8
Layer 1
10
1978.767376
20
795.686340
70
0
0
VERTEX
8
Layer 1
10
1974.532376
20
773.484771
70
0
0
VERTEX
8
Layer 1
10
1970.879091
20
751.187376
70
0
0
VERTEX
8
Layer 1
10
1967.808972
20
728.805846
70
0
0
VERTEX
8
Layer 1
10
1965.323467
20
706.351876
70
0
0
VERTEX
8
Layer 1
10
1963.424026
20
683.837160
70
0
0
VERTEX
8
Layer 1
10
1962.112096
20
661.273390
70
0
0
VERTEX
8
Layer 1
10
1961.389127
20
638.672260
70
0
0
VERTEX
8
Layer 1
10
1961.256569
20
616.045464
70
0
0
VERTEX
8
Layer 1
10
1961.715869
20
593.404695
70
0
0
VERTEX
8
Layer 1
10
1962.768477
20
570.761647
70
0
0
VERTEX
8
Layer 1
10
1964.415842
20
548.128013
70
0
0
VERTEX
8
Layer 1
10
1966.659413
20
525.515486
70
0
0
VERTEX
8
Layer 1
10
1969.500639
20
502.935761
70
0
0
VERTEX
8
Layer 1
10
1971.145825
20
491.661852
70
0
0
VERTEX
8
Layer 1
10
1972.940969
20
480.400530
70
0
0
VERTEX
8
Layer 1
10
1974.886250
20
469.153254
70
0
0
VERTEX
8
Layer 1
10
1976.981851
20
457.921487
70
0
0
VERTEX
8
Layer 1
10
1979.227952
20
446.706690
70
0
0
VERTEX
8
Layer 1
10
1981.624734
20
435.510326
70
0
0
VERTEX
8
Layer 1
10
1984.172380
20
424.333855
70
0
0
VERTEX
8
Layer 1
10
1986.871069
20
413.178739
70
0
0
VERTEX
8
Layer 1
10
1989.720983
20
402.046441
70
0
0
VERTEX
8
Layer 1
10
1992.722303
20
390.938422
70
0
0
VERTEX
8
Layer 1
10
1995.875210
20
379.856143
70
0
0
VERTEX
8
Layer 1
10
1999.179885
20
368.801066
70
0
0
SEQEND
8
Layer 1
0
POLYLINE
8
Layer 1
62
7
70
0
10
0.000000
20
0.000000
66
1
0
VERTEX
8
Layer 1
10
2073.513976
20
1077.873494
70
0
0
VERTEX
8
Layer 1
10
2086.098761
20
1070.266600
70
0
0
SEQEND
8
Layer 1
0
POLYLINE
8
Layer 1
62
7
70
0
10
0.000000
20
0.000000
66
1
0
VERTEX
8
Layer 1
10
1982.567248
20
34.041092
70
0
0
VERTEX
8
Layer 1
10
1981.963493
20
35.066693
70
0
0
VERTEX
8
Layer 1
10
1981.045407
20
35.757592
70
0
0
VERTEX
8
Layer 1
10
1979.935344
20
36.054214
70
0
0
VERTEX
8
Layer 1
10
1978.755659
20
35.896984
70
0
0
VERTEX
8
Layer 1
10
1977.729138
20
35.294794
70
0
0
VERTEX
8
Layer 1
10
1977.036839
20
34.377764
70
0
0
VERTEX
8
Layer 1
10
1976.738523
20
33.268155
70
0
0
VERTEX
8
Layer 1
10
1976.893953
20
32.088231
70
0
0
VERTEX
8
Layer 1
10
1977.497709
20
31.062630
70
0
0
VERTEX
8
Layer 1
10
1978.415795
20
30.371731
70
0
0
VERTEX
8
Layer 1
10
1979.525857
20
30.075109
70
0
0
VERTEX
8
Layer 1
10
1980.705542
20
30.232340
70
0
0
VERTEX
8
Layer 1
10
1981.732063
20
30.834529
70
0
0
VERTEX
8
Layer 1
10
1982.424363
20
31.751560
70
0
0
VERTEX
8
Layer 1
10
1982.722678
20
32.861169
70
0
0
VERTEX
8
Layer 1
10
1982.567248
20
34.041092
70
0
0
VERTEX
8
Layer 1
10
1982.567248
20
34.041092
70
0
0
SEQEND
8
Layer 1
0
POLYLINE
8
Layer 1
62
7
70
0
10
0.000000
20
0.000000
66
1
0
VERTEX
8
Layer 1
10
1893.577746
20
191.056445
70
0
0
VERTEX
8
Layer 1
10
1893.224782
20
191.762776
70
0
0
VERTEX
8
Layer 1
10
1892.709485
20
192.343950
70
0
0
VERTEX
8
Layer 1
10
1892.062331
20
192.773468
70
0
0
VERTEX
8
Layer 1
10
1891.313797
20
193.024832
70
0
0
VERTEX
8
Layer 1
10
1890.525615
20
193.072322
70
0
0
VERTEX
8
Layer 1
10
1889.764655
20
192.916648
70
0
0
VERTEX
8
Layer 1
10
1889.069104
20
192.570955
70
0
0
VERTEX
8
Layer 1
10
1888.477150
20
192.048388
70
0
0
VERTEX
8
Layer 1
10
1888.041931
20
191.389547
70
0
0
VERTEX
8
Layer 1
10
1887.796268
20
190.652700
70
0
0
VERTEX
8
Layer 1
10
1887.747872
20
189.877489
70
0
0
VERTEX
8
Layer 1
10
1887.904451
20
189.103558
70
0
0
VERTEX
8
Layer 1
10
1888.257414
20
188.397226
70
0
0
VERTEX
8
Layer 1
10
1888.772712
20
187.816053
70
0
0
VERTEX
8
Layer 1
10
1889.419866
20
187.386535
70
0
0
VERTEX
8
Layer 1
10
1890.168400
20
187.135171
70
0
0
VERTEX
8
Layer 1
10
1890.956582
20
187.087680
70
0
0
VERTEX
8
Layer 1
10
1891.717542
20
187.243354
70
0
0
VERTEX
8
Layer 1
10
1892.413092
20
187.589047
70
0
0
VERTEX
8
Layer 1
10
1893.005047
20
188.111614
70
0
0
VERTEX
8
Layer 1
10
1893.440266
20
188.770455
70
0
0
VERTEX
8
Layer 1
10
1893.685929
20
189.507303
70
0
0
VERTEX
8
Layer 1
10
1893.734325
20
190.282513
70
0
0
VERTEX
8
Layer 1
10
1893.577746
20
191.056445
70
0
0
VERTEX
8
Layer 1
10
1893.577746
20
191.056445
70
0
0
SEQEND
8
Layer 1
0
POLYLINE
8
Layer 1
62
7
70
0
10
0.000000
20
0.000000
66
1
0
VERTEX
8
Layer 1
10
1886.636622
20
271.109487
70
0
0
VERTEX
8
Layer 1
10
1886.032372
20
272.133912
70
0
0
VERTEX
8
Layer 1
10
1885.114416
20
272.823835
70
0
0
VERTEX
8
Layer 1
10
1884.004907
20
273.119856
70
0
0
VERTEX
8
Layer 1
10
1882.825998
20
272.962572
70
0
0
VERTEX
8
Layer 1
10
1881.800060
20
272.360895
70
0
0
VERTEX
8
Layer 1
10
1881.107834
20
271.444673
70
0
0
VERTEX
8
Layer 1
10
1880.809029
20
270.335910
70
0
0
VERTEX
8
Layer 1
10
1880.963354
20
269.156610
70
0
0
VERTEX
8
Layer 1
10
1881.567605
20
268.132186
70
0
0
VERTEX
8
Layer 1
10
1882.485561
20
267.442262
70
0
0
VERTEX
8
Layer 1
10
1883.595070
20
267.146241
70
0
0
VERTEX
8
Layer 1
10
1884.773979
20
267.303525
70
0
0
VERTEX
8
Layer 1
10
1885.799917
20
267.905203
70
0
0
VERTEX
8
Layer 1
10
1886.492143
20
268.821424
70
0
0
VERTEX
8
Layer 1
10
1886.790947
20
269.930187
70
0
0
VERTEX
8
Layer 1
10
1886.636622
20
271.109487
70
0
0
VERTEX
8
Layer 1
10
1886.636622
20
271.109487
70
0
0
SEQEND
8
Layer 1
0
POLYLINE
8
Layer 1
62
7
70
0
10
0.000000
20
0.000000
66
1
0
VERTEX
8
Layer 1
10
1864.874644
20
792.854950
70
0
0
VERTEX
8
Layer 1
10
1864.269835
20
793.878044
70
0
0
VERTEX
8
Layer 1
10
1863.352027
20
794.566865
70
0
0
VERTEX
8
Layer 1
10
1862.243144
20
794.862208
70
0
0
VERTEX
8
Layer 1
10
1861.065112
20
794.704864
70
0
0
VERTEX
8
Layer 1
10
1860.039833
20
794.103767
70
0
0
VERTEX
8
Layer 1
10
1859.347689
20
793.188461
70
0
0
VERTEX
8
Layer 1
10
1859.048330
20
792.080657
70
0
0
VERTEX
8
Layer 1
10
1859.201402
20
790.902063
70
0
0
VERTEX
8
Layer 1
10
1859.806212
20
789.878969
70
0
0
VERTEX
8
Layer 1
10
1860.724020
20
789.190147
70
0
0
VERTEX
8
Layer 1
10
1861.832903
20
788.894804
70
0
0
VERTEX
8
Layer 1
10
1863.010934
20
789.052148
70
0
0
VERTEX
8
Layer 1
10
1864.036213
20
789.653245
70
0
0
VERTEX
8
Layer 1
10
1864.728357
20
790.568551
70
0
0
VERTEX
8
Layer 1
10
1865.027717
20
791.676356
70
0
0
VERTEX
8
Layer 1
10
1864.874644
20
792.854950
70
0
0
VERTEX
8
Layer 1
10
1864.874644
20
792.854950
70
0
0
SEQEND
8
Layer 1
0
POLYLINE
8
Layer 1
62
7
70
0
10
0.000000
20
0.000000
66
1
0
VERTEX
8
Layer 1
10
1934.957151
20
1020.011811
70
0
0
VERTEX
8
Layer 1
10
1934.353396
20
1021.037412
70
0
0
VERTEX
8
Layer 1
10
1933.435310
20
1021.728312
70
0
0
VERTEX
8
Layer 1
10
1932.325247
20
1022.024934
70
0
0
VERTEX
8
Layer 1
10
1931.145562
20
1021.867703
70
0
0
VERTEX
8
Layer 1
10
1930.119041
20
1021.265514
70
0
0
VERTEX
8
Layer 1
10
1929.426742
20
1020.348483
70
0
0
VERTEX
8
Layer 1
10
1929.128426
20
1019.238874
70
0
0
VERTEX
8
Layer 1
10
1929.283856
20
1018.058951
70
0
0
VERTEX
8
Layer 1
10
1929.887612
20
1017.033349
70
0
0
VERTEX
8
Layer 1
10
1930.805698
20
1016.342450
70
0
0
VERTEX
8
Layer 1
10
1931.915760
20
1016.045828
70
0
0
VERTEX
8
Layer 1
10
1933.095445
20
1016.203059
70
0
0
VERTEX
8
Layer 1
10
1934.121967
20
1016.805248
70
0
0
VERTEX
8
Layer 1
10
1934.814266
20
1017.722279
70
0
0
VERTEX
8
Layer 1
10
1935.112581
20
1018.831888
70
0
0
VERTEX
8
Layer 1
10
1934.957151
20
1020.011811
70
0
0
VERTEX
8
Layer 1
10
1934.957151
20
1020.011811
70
0
0
SEQEND
8
Layer 1
0
POLYLINE
8
Layer 1
62
7
70
0
10
0.000000
20
0.000000
66
1
0
VERTEX
8
Layer 1
10
1944.611308
20
1064.833097
70
0
0
VERTEX
8
Layer 1
10
1957.776562
20
1058.387591
70
0
0
SEQEND
8
Layer 1
0
POLYLINE
8
Layer 1
62
7
70
0
10
0.000000
20
0.000000
66
1
0
VERTEX
8
Layer 1
10
1844.052227
20
110.994290
70
0
0
VERTEX
8
Layer 1
10
1971.699633
20
21.596801
70
0
0
SEQEND
8
Layer 1
0
POLYLINE
8
Layer 1
62
7
70
0
10
0.000000
20
0.000000
66
1
0
VERTEX
8
Layer 1
10
1971.699633
20
21.596801
70
0
0
VERTEX
8
Layer 1
10
1973.289260
20
20.633187
70
0
0
VERTEX
8
Layer 1
10
1974.969842
20
19.897036
70
0
0
VERTEX
8
Layer 1
10
1976.717900
20
19.390407
70
0
0
VERTEX
8
Layer 1
10
1978.509951
20
19.115363
70
0
0
VERTEX
8
Layer 1
10
1980.322513
20
19.073965
70
0
0
VERTEX
8
Layer 1
10
1982.132104
20
19.268275
70
0
0
VERTEX
8
Layer 1
10
1983.915244
20
19.700353
70
0
0
VERTEX
8
Layer 1
10
1985.648449
20
20.372262
70
0
0
VERTEX
8
Layer 1
10
1987.277593
20
21.267445
70
0
0
VERTEX
8
Layer 1
10
1988.755189
20
22.355098
70
0
0
VERTEX
8
Layer 1
10
1990.067713
20
23.615914
70
0
0
VERTEX
8
Layer 1
10
1991.201645
20
25.030585
70
0
0
VERTEX
8
Layer 1
10
1992.143461
20
26.579804
70
0
0
VERTEX
8
Layer 1
10
1992.879640
20
28.244261
70
0
0
VERTEX
8
Layer 1
10
1993.396659
20
30.004650
70
0
0
VERTEX
8
Layer 1
10
1993.680996
20
31.841663
70
0
0
VERTEX
8
Layer 1
10
1993.719938
20
33.700142
70
0
0
VERTEX
8
Layer 1
10
1993.516427
20
35.523562
70
0
0
VERTEX
8
Layer 1
10
1993.080430
20
37.290561
70
0
0
VERTEX
8
Layer 1
10
1992.421910
20
38.979775
70
0
0
VERTEX
8
Layer 1
10
1991.550830
20
40.569843
70
0
0
VERTEX
8
Layer 1
10
1990.477157
20
42.039402
70
0
0
VERTEX
8
Layer 1
10
1989.210854
20
43.367090
70
0
0
VERTEX
8
Layer 1
10
1987.761885
20
44.531544
70
0
0
SEQEND
8
Layer 1
0
POLYLINE
8
Layer 1
62
7
70
0
10
0.000000
20
0.000000
66
1
0
VERTEX
8
Layer 1
10
1905.851619
20
101.898297
70
0
0
VERTEX
8
Layer 1
10
1987.761383
20
44.533184
70
0
0
SEQEND
8
Layer 1
0
POLYLINE
8
Layer 1
62
7
70
0
10
0.000000
20
0.000000
66
1
0
VERTEX
8
Layer 1
10
1894.084449
20
134.237378
70
0
0
VERTEX
8
Layer 1
10
1893.564997
20
131.946153
70
0
0
VERTEX
8
Layer 1
10
1893.228862
20
129.646967
70
0
0
VERTEX
8
Layer 1
10
1893.072616
20
127.349240
70
0
0
VERTEX
8
Layer 1
10
1893.092832
20
125.062390
70
0
0
VERTEX
8
Layer 1
10
1893.286082
20
122.795837
70
0
0
VERTEX
8
Layer 1
10
1893.648939
20
120.559000
70
0
0
VERTEX
8
Layer 1
10
1894.177977
20
118.361297
70
0
0
VERTEX
8
Layer 1
10
1894.869767
20
116.212148
70
0
0
VERTEX
8
Layer 1
10
1895.720882
20
114.120973
70
0
0
VERTEX
8
Layer 1
10
1896.727896
20
112.097189
70
0
0
VERTEX
8
Layer 1
10
1897.887380
20
110.150216
70
0
0
VERTEX
8
Layer 1
10
1899.195908
20
108.289473
70
0
0
VERTEX
8
Layer 1
10
1900.650052
20
106.524380
70
0
0
VERTEX
8
Layer 1
10
1902.246385
20
104.864355
70
0
0
VERTEX
8
Layer 1
10
1903.981480
20
103.318817
70
0
0
VERTEX
8
Layer 1
10
1905.851910
20
101.897186
70
0
0
SEQEND
8
Layer 1
0
POLYLINE
8
Layer 1
62
7
70
0
10
0.000000
20
0.000000
66
1
0
VERTEX
8
Layer 1
10
1893.530465
20
272.439347
70
0
0
VERTEX
8
Layer 1
10
1910.295978
20
194.719279
70
0
0
SEQEND
8
Layer 1
0
POLYLINE
8
Layer 1
62
7
70
0
10
0.000000
20
0.000000
66
1
0
VERTEX
8
Layer 1
10
1957.777355
20
1058.388120
70
0
0
VERTEX
8
Layer 1
10
1947.044434
20
1035.306175
70
0
0
VERTEX
8
Layer 1
10
1936.866406
20
1012.030668
70
0
0
VERTEX
8
Layer 1
10
1927.244074
20
988.571413
70
0
0
VERTEX
8
Layer 1
10
1918.178240
20
964.938226
70
0
0
VERTEX
8
Layer 1
10
1909.669707
20
941.140920
70
0
0
VERTEX
8
Layer 1
10
1901.719275
20
917.189310
70
0
0
VERTEX
8
Layer 1
10
1894.327749
20
893.093210
70
0
0
VERTEX
8
Layer 1
10
1887.495930
20
868.862437
70
0
0
VERTEX
8
Layer 1
10
1881.224620
20
844.506803
70
0
0
VERTEX
8
Layer 1
10
1875.514622
20
820.036124
70
0
0
VERTEX
8
Layer 1
10
1870.366737
20
795.460214
70
0
0
VERTEX
8
Layer 1
10
1865.781770
20
770.788888
70
0
0
VERTEX
8
Layer 1
10
1861.760520
20
746.031960
70
0
0
VERTEX
8
Layer 1
10
1858.303792
20
721.199245
70
0
0
VERTEX
8
Layer 1
10
1855.412387
20
696.300558
70
0
0
VERTEX
8
Layer 1
10
1853.087107
20
671.345713
70
0
0
VERTEX
8
Layer 1
10
1851.328755
20
646.344524
70
0
0
VERTEX
8
Layer 1
10
1850.138133
20
621.306807
70
0
0
VERTEX
8
Layer 1
10
1849.516043
20
596.242376
70
0
0
VERTEX
8
Layer 1
10
1849.463288
20
571.161046
70
0
0
VERTEX
8
Layer 1
10
1849.980670
20
546.072631
70
0
0
VERTEX
8
Layer 1
10
1851.068990
20
520.986945
70
0
0
VERTEX
8
Layer 1
10
1852.729053
20
495.913804
70
0
0
VERTEX
8
Layer 1
10
1854.961659
20
470.863022
70
0
0
VERTEX
8
Layer 1
10
1857.767611
20
445.844413
70
0
0
VERTEX
8
Layer 1
10
1861.147712
20
420.867792
70
0
0
VERTEX
8
Layer 1
10
1865.102763
20
395.942974
70
0
0
VERTEX
8
Layer 1
10
1869.633567
20
371.079774
70
0
0
VERTEX
8
Layer 1
10
1874.740927
20
346.288005
70
0
0
VERTEX
8
Layer 1
10
1880.425643
20
321.577483
70
0
0
VERTEX
8
Layer 1
10
1886.688520
20
296.958022
70
0
0
VERTEX
8
Layer 1
10
1893.530359
20
272.439437
70
0
0
SEQEND
8
Layer 1
0
POLYLINE
8
Layer 1
62
7
70
0
10
0.000000
20
0.000000
66
1
0
VERTEX
8
Layer 1
10
1944.611494
20
1064.833309
70
0
0
VERTEX
8
Layer 1
10
1933.773694
20
1041.431703
70
0
0
VERTEX
8
Layer 1
10
1923.484493
20
1017.838174
70
0
0
VERTEX
8
Layer 1
10
1913.744728
20
994.062208
70
0
0
VERTEX
8
Layer 1
10
1904.555239
20
970.113287
70
0
0
VERTEX
8
Layer 1
10
1895.916867
20
946.000894
70
0
0
VERTEX
8
Layer 1
10
1887.830449
20
921.734514
70
0
0
VERTEX
8
Layer 1
10
1880.296826
20
897.323629
70
0
0
VERTEX
8
Layer 1
10
1873.316837
20
872.777723
70
0
0
VERTEX
8
Layer 1
10
1866.891321
20
848.106280
70
0
0
VERTEX
8
Layer 1
10
1861.021117
20
823.318783
70
0
0
VERTEX
8
Layer 1
10
1855.707066
20
798.424715
70
0
0
VERTEX
8
Layer 1
10
1850.950005
20
773.433560
70
0
0
VERTEX
8
Layer 1
10
1846.750775
20
748.354801
70
0
0
VERTEX
8
Layer 1
10
1843.110216
20
723.197922
70
0
0
VERTEX
8
Layer 1
10
1840.029165
20
697.972406
70
0
0
VERTEX
8
Layer 1
10
1837.508464
20
672.687736
70
0
0
VERTEX
8
Layer 1
10
1835.548950
20
647.353397
70
0
0
VERTEX
8
Layer 1
10
1834.151464
20
621.978871
70
0
0
VERTEX
8
Layer 1
10
1833.316845
20
596.573642
70
0
0
VERTEX
8
Layer 1
10
1833.045932
20
571.147194
70
0
0
VERTEX
8
Layer 1
10
1833.339565
20
545.709009
70
0
0
VERTEX
8
Layer 1
10
1834.198583
20
520.268572
70
0
0
VERTEX
8
Layer 1
10
1835.623825
20
494.835365
70
0
0
VERTEX
8
Layer 1
10
1837.616130
20
469.418873
70
0
0
VERTEX
8
Layer 1
10
1840.176339
20
444.028578
70
0
0
VERTEX
8
Layer 1
10
1843.305290
20
418.673964
70
0
0
VERTEX
8
Layer 1
10
1847.003823
20
393.364515
70
0
0
VERTEX
8
Layer 1
10
1851.272777
20
368.109714
70
0
0
VERTEX
8
Layer 1
10
1856.112991
20
342.919044
70
0
0
VERTEX
8
Layer 1
10
1861.525305
20
317.801989
70
0
0
VERTEX
8
Layer 1
10
1867.510559
20
292.768032
70
0
0
VERTEX
8
Layer 1
10
1874.069591
20
267.826657
70
0
0
SEQEND
8
Layer 1
0
POLYLINE
8
Layer 1
62
7
70
0
10
0.000000
20
0.000000
66
1
0
VERTEX
8
Layer 1
10
1844.052121
20
110.994555
70
0
0
VERTEX
8
Layer 1
10
1849.792695
20
119.674799
70
0
0
VERTEX
8
Layer 1
10
1855.036818
20
128.602904
70
0
0
VERTEX
8
Layer 1
10
1859.780459
20
137.757810
70
0
0
VERTEX
8
Layer 1
10
1864.019585
20
147.118452
70
0
0
VERTEX
8
Layer 1
10
1867.750167
20
156.663767
70
0
0
VERTEX
8
Layer 1
10
1870.968172
20
166.372692
70
0
0
VERTEX
8
Layer 1
10
1873.669569
20
176.224165
70
0
0
VERTEX
8
Layer 1
10
1875.850327
20
186.197122
70
0
0
VERTEX
8
Layer 1
10
1877.506413
20
196.270501
70
0
0
VERTEX
8
Layer 1
10
1878.633797
20
206.423238
70
0
0
VERTEX
8
Layer 1
10
1879.228447
20
216.634270
70
0
0
VERTEX
8
Layer 1
10
1879.286332
20
226.882535
70
0
0
VERTEX
8
Layer 1
10
1878.803421
20
237.146969
70
0
0
VERTEX
8
Layer 1
10
1877.775681
20
247.406510
70
0
0
VERTEX
8
Layer 1
10
1876.199082
20
257.640093
70
0
0
VERTEX
8
Layer 1
10
1874.069591
20
267.826657
70
0
0
SEQEND
8
Layer 1
0
POLYLINE
8
Layer 1
62
7
70
0
10
0.000000
20
0.000000
66
1
0
VERTEX
8
Layer 1
10
1910.295978
20
194.719279
70
0
0
VERTEX
8
Layer 1
10
1894.084263
20
134.238224
70
0
0
SEQEND
8
Layer 1
0
POLYLINE
8
Layer 1
62
7
70
0
10
0.000000
20
0.000000
66
1
0
VERTEX
8
Layer 1
10
1955.550440
20
383.234637
70
0
0
VERTEX
8
Layer 1
10
1954.403454
20
383.549520
70
0
0
VERTEX
8
Layer 1
10
1953.264098
20
383.405827
70
0
0
VERTEX
8
Layer 1
10
1952.261441
20
382.845954
70
0
0
VERTEX
8
Layer 1
10
1951.524551
20
381.912295
70
0
0
VERTEX
8
Layer 1
10
1951.206892
20
380.766075
70
0
0
VERTEX
8
Layer 1
10
1951.347825
20
379.626374
70
0
0
VERTEX
8
Layer 1
10
1951.905268
20
378.622364
70
0
0
VERTEX
8
Layer 1
10
1952.837141
20
377.883216
70
0
0
VERTEX
8
Layer 1
10
1953.984126
20
377.568333
70
0
0
VERTEX
8
Layer 1
10
1955.123482
20
377.712026
70
0
0
VERTEX
8
Layer 1
10
1956.126140
20
378.271899
70
0
0
VERTEX
8
Layer 1
10
1956.863029
20
379.205558
70
0
0
VERTEX
8
Layer 1
10
1957.180689
20
380.351778
70
0
0
VERTEX
8
Layer 1
10
1957.039756
20
381.491479
70
0
0
VERTEX
8
Layer 1
10
1956.482312
20
382.495489
70
0
0
VERTEX
8
Layer 1
10
1955.550440
20
383.234637
70
0
0
VERTEX
8
Layer 1
10
1955.550440
20
383.234637
70
0
0
SEQEND
8
Layer 1
0
POLYLINE
8
Layer 1
62
7
70
0
10
0.000000
20
0.000000
66
1
0
VERTEX
8
Layer 1
10
1934.413406
20
480.860605
70
0
0
VERTEX
8
Layer 1
10
1933.265774
20
481.177151
70
0
0
VERTEX
8
Layer 1
10
1932.125339
20
481.034311
70
0
0
VERTEX
8
Layer 1
10
1931.121542
20
480.474502
70
0
0
VERTEX
8
Layer 1
10
1930.383823
20
479.540140
70
0
0
VERTEX
8
Layer 1
10
1930.066079
20
478.392839
70
0
0
VERTEX
8
Layer 1
10
1930.207729
20
477.252256
70
0
0
VERTEX
8
Layer 1
10
1930.766490
20
476.247875
70
0
0
VERTEX
8
Layer 1
10
1931.700081
20
475.509181
70
0
0
VERTEX
8
Layer 1
10
1932.847714
20
475.192635
70
0
0
VERTEX
8
Layer 1
10
1933.988149
20
475.335475
70
0
0
VERTEX
8
Layer 1
10
1934.991946
20
475.895284
70
0
0
VERTEX
8
Layer 1
10
1935.729665
20
476.829645
70
0
0
VERTEX
8
Layer 1
10
1936.047409
20
477.976947
70
0
0
VERTEX
8
Layer 1
10
1935.905759
20
479.117530
70
0
0
VERTEX
8
Layer 1
10
1935.346998
20
480.121911
70
0
0
VERTEX
8
Layer 1
10
1934.413406
20
480.860605
70
0
0
VERTEX
8
Layer 1
10
1934.413406
20
480.860605
70
0
0
SEQEND
8
Layer 1
0
POLYLINE
8
Layer 1
62
7
70
0
10
0.000000
20
0.000000
66
1
0
VERTEX
8
Layer 1
10
1948.740073
20
805.568269
70
0
0
VERTEX
8
Layer 1
10
1947.592049
20
805.885803
70
0
0
VERTEX
8
Layer 1
10
1946.450967
20
805.743464
70
0
0
VERTEX
8
Layer 1
10
1945.446490
20
805.183684
70
0
0
VERTEX
8
Layer 1
10
1944.708280
20
804.248894
70
0
0
VERTEX
8
Layer 1
10
1944.390496
20
803.100939
70
0
0
VERTEX
8
Layer 1
10
1944.532585
20
801.959826
70
0
0
VERTEX
8
Layer 1
10
1945.092145
20
800.955227
70
0
0
VERTEX
8
Layer 1
10
1946.026775
20
800.216813
70
0
0
VERTEX
8
Layer 1
10
1947.174799
20
799.899279
70
0
0
VERTEX
8
Layer 1
10
1948.315880
20
800.041617
70
0
0
VERTEX
8
Layer 1
10
1949.320358
20
800.601397
70
0
0
VERTEX
8
Layer 1
10
1950.058568
20
801.536188
70
0
0
VERTEX
8
Layer 1
10
1950.376352
20
802.684142
70
0
0
VERTEX
8
Layer 1
10
1950.234263
20
803.825255
70
0
0
VERTEX
8
Layer 1
10
1949.674702
20
804.829854
70
0
0
VERTEX
8
Layer 1
10
1948.740073
20
805.568269
70
0
0
VERTEX
8
Layer 1
10
1948.740073
20
805.568269
70
0
0
SEQEND
8
Layer 1
0
POLYLINE
8
Layer 1
62
7
70
0
10
0.000000
20
0.000000
66
1
0
VERTEX
8
Layer 1
10
2062.272295
20
1181.215539
70
0
0
VERTEX
8
Layer 1
10
2061.124271
20
1181.533073
70
0
0
VERTEX
8
Layer 1
10
2059.983189
20
1181.390735
70
0
0
VERTEX
8
Layer 1
10
2058.978712
20
1180.830955
70
0
0
VERTEX
8
Layer 1
10
2058.240501
20
1179.896164
70
0
0
VERTEX
8
Layer 1
10
2057.922717
20
1178.748210
70
0
0
VERTEX
8
Layer 1
10
2058.064806
20
1177.607097
70
0
0
VERTEX
8
Layer 1
10
2058.624367
20
1176.602498
70
0
0
VERTEX
8
Layer 1
10
2059.558996
20
1175.864083
70
0
0
VERTEX
8
Layer 1
10
2060.707020
20
1175.546549
70
0
0
VERTEX
8
Layer 1
10
2061.848102
20
1175.688888
70
0
0
VERTEX
8
Layer 1
10
2062.852579
20
1176.248668
70
0
0
VERTEX
8
Layer 1
10
2063.590789
20
1177.183458
70
0
0
VERTEX
8
Layer 1
10
2063.908574
20
1178.331413
70
0
0
VERTEX
8
Layer 1
10
2063.766484
20
1179.472526
70
0
0
VERTEX
8
Layer 1
10
2063.206924
20
1180.477125
70
0
0
VERTEX
8
Layer 1
10
2062.272295
20
1181.215539
70
0
0
VERTEX
8
Layer 1
10
2062.272295
20
1181.215539
70
0
0
SEQEND
8
Layer 1
0
POLYLINE
8
Layer 1
62
7
70
0
10
0.000000
20
0.000000
66
1
0
VERTEX
8
Layer 1
10
2077.857794
20
1108.795309
70
0
0
VERTEX
8
Layer 1
10
2079.274205
20
1111.552967
70
0
0
VERTEX
8
Layer 1
10
2080.546915
20
1114.365033
70
0
0
VERTEX
8
Layer 1
10
2081.675335
20
1117.225995
70
0
0
VERTEX
8
Layer 1
10
2082.658875
20
1120.130337
70
0
0
VERTEX
8
Layer 1
10
2084.188954
20
1126.047113
70
0
0
VERTEX
8
Layer 1
10
2085.132435
20
1132.071253
70
0
0
VERTEX
8
Layer 1
10
2085.484600
20
1138.158650
70
0
0
VERTEX
8
Layer 1
10
2085.240729
20
1144.265196
70
0
0
VERTEX
8
Layer 1
10
2084.893805
20
1147.311867
70
0
0
VERTEX
8
Layer 1
10
2084.396104
20
1150.346784
70
0
0
VERTEX
8
Layer 1
10
2083.747034
20
1153.364435
70
0
0
VERTEX
8
Layer 1
10
2082.946007
20
1156.359306
70
0
0
VERTEX
8
Layer 1
10
2081.997601
20
1159.310818
70
0
0
VERTEX
8
Layer 1
10
2080.909111
20
1162.199191
70
0
0
VERTEX
8
Layer 1
10
2079.684019
20
1165.020109
70
0
0
VERTEX
8
Layer 1
10
2078.325806
20
1167.769256
70
0
0
VERTEX
8
Layer 1
10
2075.223942
20
1173.034978
70
0
0
VERTEX
8
Layer 1
10
2071.631372
20
1177.961829
70
0
0
VERTEX
8
Layer 1
10
2067.575949
20
1182.515286
70
0
0
VERTEX
8
Layer 1
10
2063.085525
20
1186.660822
70
0
0
VERTEX
8
Layer 1
10
2060.685892
20
1188.569831
70
0
0
VERTEX
8
Layer 1
10
2058.187953
20
1190.363913
70
0
0
VERTEX
8
Layer 1
10
2055.595189
20
1192.038752
70
0
0
VERTEX
8
Layer 1
10
2052.911083
20
1193.590033
70
0
0
SEQEND
8
Layer 1
0
POLYLINE
8
Layer 1
62
7
70
0
10
0.000000
20
0.000000
66
1
0
VERTEX
8
Layer 1
10
2045.726676
20
1180.413535
70
0
0
VERTEX
8
Layer 1
10
2052.911957
20
1193.590377
70
0
0
SEQEND
8
Layer 1
0
POLYLINE
8
Layer 1
62
7
70
0
10
0.000000
20
0.000000
66
1
0
VERTEX
8
Layer 1
10
2064.682884
20
1115.980299
70
0
0
VERTEX
8
Layer 1
10
2066.726325
20
1120.212687
70
0
0
VERTEX
8
Layer 1
10
2068.331186
20
1124.593696
70
0
0
VERTEX
8
Layer 1
10
2069.493881
20
1129.089806
70
0
0
VERTEX
8
Layer 1
10
2070.210824
20
1133.667502
70
0
0
VERTEX
8
Layer 1
10
2070.478431
20
1138.293266
70
0
0
VERTEX
8
Layer 1
10
2070.293114
20
1142.933582
70
0
0
VERTEX
8
Layer 1
10
2069.651290
20
1147.554931
70
0
0
VERTEX
8
Layer 1
10
2068.549372
20
1152.123798
70
0
0
VERTEX
8
Layer 1
10
2067.001551
20
1156.561480
70
0
0
VERTEX
8
Layer 1
10
2065.038517
20
1160.794127
70
0
0
VERTEX
8
Layer 1
10
2062.681434
20
1164.795506
70
0
0
VERTEX
8
Layer 1
10
2059.951468
20
1168.539380
70
0
0
VERTEX
8
Layer 1
10
2056.869784
20
1171.999515
70
0
0
VERTEX
8
Layer 1
10
2053.457546
20
1175.149673
70
0
0
VERTEX
8
Layer 1
10
2049.735919
20
1177.963621
70
0
0
VERTEX
8
Layer 1
10
2045.726067
20
1180.415123
70
0
0
SEQEND
8
Layer 1
0
POLYLINE
8
Layer 1
62
7
70
0
10
0.000000
20
0.000000
66
1
0
VERTEX
8
Layer 1
10
2064.682884
20
1115.980299
70
0
0
VERTEX
8
Layer 1
10
2053.875977
20
1097.963104
70
0
0
VERTEX
8
Layer 1
10
2043.471317
20
1079.752204
70
0
0
VERTEX
8
Layer 1
10
2033.470374
20
1061.354359
70
0
0
VERTEX
8
Layer 1
10
2023.874618
20
1042.776330
70
0
0
VERTEX
8
Layer 1
10
2014.685520
20
1024.024877
70
0
0
VERTEX
8
Layer 1
10
2005.904550
20
1005.106762
70
0
0
VERTEX
8
Layer 1
10
1997.533180
20
986.028746
70
0
0
VERTEX
8
Layer 1
10
1989.572879
20
966.797589
70
0
0
VERTEX
8
Layer 1
10
1982.025119
20
947.420052
70
0
0
VERTEX
8
Layer 1
10
1974.891370
20
927.902896
70
0
0
VERTEX
8
Layer 1
10
1968.173102
20
908.252882
70
0
0
VERTEX
8
Layer 1
10
1961.871786
20
888.476771
70
0
0
VERTEX
8
Layer 1
10
1955.988893
20
868.581324
70
0
0
VERTEX
8
Layer 1
10
1950.525894
20
848.573301
70
0
0
VERTEX
8
Layer 1
10
1945.484258
20
828.459464
70
0
0
VERTEX
8
Layer 1
10
1940.865457
20
808.246573
70
0
0
VERTEX
8
Layer 1
10
1936.670960
20
787.941389
70
0
0
VERTEX
8
Layer 1
10
1932.902240
20
767.550673
70
0
0
VERTEX
8
Layer 1
10
1929.560766
20
747.081187
70
0
0
VERTEX
8
Layer 1
10
1926.648008
20
726.539690
70
0
0
VERTEX
8
Layer 1
10
1924.165438
20
705.932943
70
0
0
VERTEX
8
Layer 1
10
1922.114526
20
685.267709
70
0
0
VERTEX
8
Layer 1
10
1920.496743
20
664.550746
70
0
0
VERTEX
8
Layer 1
10
1919.313559
20
643.788817
70
0
0
VERTEX
8
Layer 1
10
1918.566444
20
622.988682
70
0
0
VERTEX
8
Layer 1
10
1918.256871
20
602.157103
70
0
0
VERTEX
8
Layer 1
10
1918.386308
20
581.300839
70
0
0
VERTEX
8
Layer 1
10
1918.956226
20
560.426652
70
0
0
VERTEX
8
Layer 1
10
1919.968097
20
539.541302
70
0
0
VERTEX
8
Layer 1
10
1921.423391
20
518.651551
70
0
0
VERTEX
8
Layer 1
10
1923.323578
20
497.764160
70
0
0
VERTEX
8
Layer 1
10
1925.670129
20
476.885888
70
0
0
SEQEND
8
Layer 1
0
POLYLINE
8
Layer 1
62
7
70
0
10
0.000000
20
0.000000
66
1
0
VERTEX
8
Layer 1
10
1925.670129
20
476.885888
70
0
0
VERTEX
8
Layer 1
10
1928.655304
20
459.454790
70
0
0
VERTEX
8
Layer 1
10
1931.981270
20
442.090704
70
0
0
VERTEX
8
Layer 1
10
1935.646820
20
424.798598
70
0
0
VERTEX
8
Layer 1
10
1939.650746
20
407.583440
70
0
0
VERTEX
8
Layer 1
10
1943.991843
20
390.450198
70
0
0
VERTEX
8
Layer 1
10
1948.668902
20
373.403840
70
0
0
VERTEX
8
Layer 1
10
1953.680717
20
356.449335
70
0
0
VERTEX
8
Layer 1
10
1959.026081
20
339.591650
70
0
0
SEQEND
8
Layer 1
0
POLYLINE
8
Layer 1
62
7
70
0
10
0.000000
20
0.000000
66
1
0
VERTEX
8
Layer 1
10
1959.025949
20
339.591730
70
0
0
VERTEX
8
Layer 1
10
1973.010457
20
344.144700
70
0
0
SEQEND
8
Layer 1
0
POLYLINE
8
Layer 1
62
7
70
0
10
0.000000
20
0.000000
66
1
0
VERTEX
8
Layer 1
10
1943.974166
20
459.797679
70
0
0
VERTEX
8
Layer 1
10
1946.728700
20
445.133362
70
0
0
VERTEX
8
Layer 1
10
1949.734798
20
430.521932
70
0
0
VERTEX
8
Layer 1
10
1952.991651
20
415.966607
70
0
0
VERTEX
8
Layer 1
10
1956.498450
20
401.470608
70
0
0
VERTEX
8
Layer 1
10
1960.254389
20
387.037156
70
0
0
VERTEX
8
Layer 1
10
1964.258657
20
372.669470
70
0
0
VERTEX
8
Layer 1
10
1968.510446
20
358.370770
70
0
0
VERTEX
8
Layer 1
10
1973.008949
20
344.144277
70
0
0
SEQEND
8
Layer 1
0
POLYLINE
8
Layer 1
62
7
70
0
10
0.000000
20
0.000000
66
1
0
VERTEX
8
Layer 1
10
1938.414060
20
499.380277
70
0
0
VERTEX
8
Layer 1
10
1939.525516
20
489.446828
70
0
0
VERTEX
8
Layer 1
10
1940.822931
20
479.536838
70
0
0
VERTEX
8
Layer 1
10
1942.305936
20
469.652918
70
0
0
VERTEX
8
Layer 1
10
1943.974166
20
459.797679
70
0
0
SEQEND
8
Layer 1
0
POLYLINE
8
Layer 1
62
7
70
0
10
0.000000
20
0.000000
66
1
0
VERTEX
8
Layer 1
10
2077.857556
20
1108.794912
70
0
0
VERTEX
8
Layer 1
10
2067.520604
20
1091.614222
70
0
0
VERTEX
8
Layer 1
10
2057.555518
20
1074.252569
70
0
0
VERTEX
8
Layer 1
10
2047.963689
20
1056.716026
70
0
0
VERTEX
8
Layer 1
10
2038.746506
20
1039.010667
70
0
0
VERTEX
8
Layer 1
10
2029.905358
20
1021.142565
70
0
0
VERTEX
8
Layer 1
10
2021.441637
20
1003.117795
70
0
0
VERTEX
8
Layer 1
10
2013.356730
20
984.942430
70
0
0
VERTEX
8
Layer 1
10
2005.652029
20
966.622544
70
0
0
VERTEX
8
Layer 1
10
1998.328923
20
948.164210
70
0
0
VERTEX
8
Layer 1
10
1991.388801
20
929.573501
70
0
0
VERTEX
8
Layer 1
10
1984.833054
20
910.856492
70
0
0
VERTEX
8
Layer 1
10
1978.663070
20
892.019256
70
0
0
VERTEX
8
Layer 1
10
1972.880241
20
873.067867
70
0
0
VERTEX
8
Layer 1
10
1967.485955
20
854.008398
70
0
0
VERTEX
8
Layer 1
10
1962.481602
20
834.846923
70
0
0
VERTEX
8
Layer 1
10
1957.868573
20
815.589516
70
0
0
VERTEX
8
Layer 1
10
1953.648256
20
796.242250
70
0
0
VERTEX
8
Layer 1
10
1949.822041
20
776.811198
70
0
0
VERTEX
8
Layer 1
10
1946.391319
20
757.302436
70
0
0
VERTEX
8
Layer 1
10
1943.357479
20
737.722035
70
0
0
VERTEX
8
Layer 1
10
1940.721911
20
718.076070
70
0
0
VERTEX
8
Layer 1
10
1938.486004
20
698.370615
70
0
0
VERTEX
8
Layer 1
10
1936.651149
20
678.611743
70
0
0
VERTEX
8
Layer 1
10
1935.218734
20
658.805527
70
0
0
VERTEX
8
Layer 1
10
1934.190150
20
638.958041
70
0
0
VERTEX
8
Layer 1
10
1933.566786
20
619.075360
70
0
0
VERTEX
8
Layer 1
10
1933.350033
20
599.163556
70
0
0
VERTEX
8
Layer 1
10
1933.541280
20
579.228703
70
0
0
VERTEX
8
Layer 1
10
1934.141916
20
559.276875
70
0
0
VERTEX
8
Layer 1
10
1935.153332
20
539.314146
70
0
0
VERTEX
8
Layer 1
10
1936.576916
20
519.346588
70
0
0
VERTEX
8
Layer 1
10
1938.414060
20
499.380277
70
0
0
SEQEND
8
Layer 1
0
POLYLINE
8
Layer 1
62
7
70
0
10
0.000000
20
0.000000
66
1
0
VERTEX
8
Layer 1
10
1953.752043
20
1176.875373
70
0
0
VERTEX
8
Layer 1
10
1952.614242
20
1177.222730
70
0
0
VERTEX
8
Layer 1
10
1951.471079
20
1177.111316
70
0
0
VERTEX
8
Layer 1
10
1950.452840
20
1176.579881
70
0
0
VERTEX
8
Layer 1
10
1949.689811
20
1175.667175
70
0
0
VERTEX
8
Layer 1
10
1949.340018
20
1174.530121
70
0
0
VERTEX
8
Layer 1
10
1949.448984
20
1173.386723
70
0
0
VERTEX
8
Layer 1
10
1949.978237
20
1172.367348
70
0
0
VERTEX
8
Layer 1
10
1950.889307
20
1171.602366
70
0
0
VERTEX
8
Layer 1
10
1952.027108
20
1171.255008
70
0
0
VERTEX
8
Layer 1
10
1953.170270
20
1171.366422
70
0
0
VERTEX
8
Layer 1
10
1954.188510
20
1171.897857
70
0
0
VERTEX
8
Layer 1
10
1954.951539
20
1172.810563
70
0
0
VERTEX
8
Layer 1
10
1955.301332
20
1173.947617
70
0
0
VERTEX
8
Layer 1
10
1955.192366
20
1175.091016
70
0
0
VERTEX
8
Layer 1
10
1954.663113
20
1176.110391
70
0
0
VERTEX
8
Layer 1
10
1953.752043
20
1176.875373
70
0
0
VERTEX
8
Layer 1
10
1953.752043
20
1176.875373
70
0
0
SEQEND
8
Layer 1
0
POLYLINE
8
Layer 1
62
7
70
0
10
0.000000
20
0.000000
66
1
0
VERTEX
8
Layer 1
10
1747.712476
20
817.447146
70
0
0
VERTEX
8
Layer 1
10
1746.575079
20
817.793393
70
0
0
VERTEX
8
Layer 1
10
1745.432617
20
817.681400
70
0
0
VERTEX
8
Layer 1
10
1744.415131
20
817.149907
70
0
0
VERTEX
8
Layer 1
10
1743.652662
20
816.237656
70
0
0
VERTEX
8
Layer 1
10
1743.302941
20
815.101322
70
0
0
VERTEX
8
Layer 1
10
1743.411443
20
813.958523
70
0
0
VERTEX
8
Layer 1
10
1743.939824
20
812.939418
70
0
0
VERTEX
8
Layer 1
10
1744.849741
20
812.174165
70
0
0
VERTEX
8
Layer 1
10
1745.987139
20
811.827918
70
0
0
VERTEX
8
Layer 1
10
1747.129601
20
811.939911
70
0
0
VERTEX
8
Layer 1
10
1748.147086
20
812.471404
70
0
0
VERTEX
8
Layer 1
10
1748.909555
20
813.383655
70
0
0
VERTEX
8
Layer 1
10
1749.259276
20
814.519989
70
0
0
VERTEX
8
Layer 1
10
1749.150774
20
815.662788
70
0
0
VERTEX
8
Layer 1
10
1748.622393
20
816.681893
70
0
0
VERTEX
8
Layer 1
10
1747.712476
20
817.447146
70
0
0
VERTEX
8
Layer 1
10
1747.712476
20
817.447146
70
0
0
SEQEND
8
Layer 1
0
POLYLINE
8
Layer 1
62
7
70
0
10
0.000000
20
0.000000
66
1
0
VERTEX
8
Layer 1
10
1961.788248
20
1162.213691
70
0
0
VERTEX
8
Layer 1
10
1957.468783
20
1164.445748
70
0
0
VERTEX
8
Layer 1
10
1953.031721
20
1166.197194
70
0
0
VERTEX
8
Layer 1
10
1948.509707
20
1167.476645
70
0
0
VERTEX
8
Layer 1
10
1943.935383
20
1168.292714
70
0
0
VERTEX
8
Layer 1
10
1939.341395
20
1168.654014
70
0
0
VERTEX
8
Layer 1
10
1934.760385
20
1168.569159
70
0
0
VERTEX
8
Layer 1
10
1930.224996
20
1168.046763
70
0
0
VERTEX
8
Layer 1
10
1925.767874
20
1167.095440
70
0
0
VERTEX
8
Layer 1
10
1921.421660
20
1165.723804
70
0
0
VERTEX
8
Layer 1
10
1917.219000
20
1163.940467
70
0
0
VERTEX
8
Layer 1
10
1913.192535
20
1161.754045
70
0
0
VERTEX
8
Layer 1
10
1909.374912
20
1159.173151
70
0
0
VERTEX
8
Layer 1
10
1905.798771
20
1156.206398
70
0
0
VERTEX
8
Layer 1
10
1902.496758
20
1152.862400
70
0
0
VERTEX
8
Layer 1
10
1899.501517
20
1149.149772
70
0
0
VERTEX
8
Layer 1
10
1896.845690
20
1145.077126
70
0
0
SEQEND
8
Layer 1
0
POLYLINE
8
Layer 1
62
7
70
0
10
0.000000
20
0.000000
66
1
0
VERTEX
8
Layer 1
10
1969.341061
20
1175.181327
70
0
0
VERTEX
8
Layer 1
10
1966.520929
20
1176.729761
70
0
0
VERTEX
8
Layer 1
10
1963.656738
20
1178.118661
70
0
0
VERTEX
8
Layer 1
10
1960.753859
20
1179.349442
70
0
0
VERTEX
8
Layer 1
10
1957.817661
20
1180.423522
70
0
0
VERTEX
8
Layer 1
10
1954.853514
20
1181.342318
70
0
0
VERTEX
8
Layer 1
10
1951.866789
20
1182.107246
70
0
0
VERTEX
8
Layer 1
10
1948.862854
20
1182.719724
70
0
0
VERTEX
8
Layer 1
10
1945.847079
20
1183.181169
70
0
0
VERTEX
8
Layer 1
10
1939.801492
20
1183.656626
70
0
0
VERTEX
8
Layer 1
10
1933.772984
20
1183.544953
70
0
0
VERTEX
8
Layer 1
10
1927.804514
20
1182.857485
70
0
0
VERTEX
8
Layer 1
10
1921.939041
20
1181.605558
70
0
0
VERTEX
8
Layer 1
10
1916.219523
20
1179.800507
70
0
0
VERTEX
8
Layer 1
10
1910.688917
20
1177.453669
70
0
0
VERTEX
8
Layer 1
10
1905.390184
20
1174.576378
70
0
0
VERTEX
8
Layer 1
10
1900.366280
20
1171.179971
70
0
0
VERTEX
8
Layer 1
10
1897.970814
20
1169.290641
70
0
0
VERTEX
8
Layer 1
10
1895.660165
20
1167.275782
70
0
0
VERTEX
8
Layer 1
10
1893.439703
20
1165.136812
70
0
0
VERTEX
8
Layer 1
10
1891.314797
20
1162.875148
70
0
0
VERTEX
8
Layer 1
10
1889.290817
20
1160.492207
70
0
0
VERTEX
8
Layer 1
10
1887.373133
20
1157.989404
70
0
0
VERTEX
8
Layer 1
10
1885.567115
20
1155.368158
70
0
0
VERTEX
8
Layer 1
10
1883.878133
20
1152.629886
70
0
0
SEQEND
8
Layer 1
0
POLYLINE
8
Layer 1
62
7
70
0
10
0.000000
20
0.000000
66
1
0
VERTEX
8
Layer 1
10
1961.787852
20
1162.214299
70
0
0
VERTEX
8
Layer 1
10
1969.339712
20
1175.181486
70
0
0
SEQEND
8
Layer 1
0
POLYLINE
8
Layer 1
62
7
70
0
10
0.000000
20
0.000000
66
1
0
VERTEX
8
Layer 1
10
1745.222009
20
343.667713
70
0
0
VERTEX
8
Layer 1
10
1744.084810
20
344.013406
70
0
0
VERTEX
8
Layer 1
10
1742.942696
20
343.901122
70
0
0
VERTEX
8
Layer 1
10
1741.925585
20
343.369598
70
0
0
VERTEX
8
Layer 1
10
1741.163395
20
342.457572
70
0
0
VERTEX
8
Layer 1
10
1740.813710
20
341.321594
70
0
0
VERTEX
8
Layer 1
10
1740.921982
20
340.179092
70
0
0
VERTEX
8
Layer 1
10
1741.449930
20
339.160121
70
0
0
VERTEX
8
Layer 1
10
1742.359274
20
338.394732
70
0
0
VERTEX
8
Layer 1
10
1743.496474
20
338.049039
70
0
0
VERTEX
8
Layer 1
10
1744.638588
20
338.161323
70
0
0
VERTEX
8
Layer 1
10
1745.655698
20
338.692847
70
0
0
VERTEX
8
Layer 1
10
1746.417888
20
339.604873
70
0
0
VERTEX
8
Layer 1
10
1746.767573
20
340.740852
70
0
0
VERTEX
8
Layer 1
10
1746.659302
20
341.883353
70
0
0
VERTEX
8
Layer 1
10
1746.131353
20
342.902324
70
0
0
VERTEX
8
Layer 1
10
1745.222009
20
343.667713
70
0
0
VERTEX
8
Layer 1
10
1745.222009
20
343.667713
70
0
0
SEQEND
8
Layer 1
0
POLYLINE
8
Layer 1
62
7
70
0
10
0.000000
20
0.000000
66
1
0
VERTEX
8
Layer 1
10
1722.009402
20
450.070782
70
0
0
VERTEX
8
Layer 1
10
1720.871582
20
450.418212
70
0
0
VERTEX
8
Layer 1
10
1719.728378
20
450.306840
70
0
0
VERTEX
8
Layer 1
10
1718.710092
20
449.775415
70
0
0
VERTEX
8
Layer 1
10
1717.947025
20
448.862688
70
0
0
VERTEX
8
Layer 1
10
1717.597222
20
447.725595
70
0
0
VERTEX
8
Layer 1
10
1717.706208
20
446.582162
70
0
0
VERTEX
8
Layer 1
10
1718.235507
20
445.562769
70
0
0
VERTEX
8
Layer 1
10
1719.146640
20
444.797799
70
0
0
VERTEX
8
Layer 1
10
1720.284461
20
444.450369
70
0
0
VERTEX
8
Layer 1
10
1721.427664
20
444.561741
70
0
0
VERTEX
8
Layer 1
10
1722.445950
20
445.093166
70
0
0
VERTEX
8
Layer 1
10
1723.209017
20
446.005893
70
0
0
VERTEX
8
Layer 1
10
1723.558821
20
447.142986
70
0
0
VERTEX
8
Layer 1
10
1723.449834
20
448.286420
70
0
0
VERTEX
8
Layer 1
10
1722.920535
20
449.305812
70
0
0
VERTEX
8
Layer 1
10
1722.009402
20
450.070782
70
0
0
VERTEX
8
Layer 1
10
1722.009402
20
450.070782
70
0
0
SEQEND
8
Layer 1
0
POLYLINE
8
Layer 1
62
7
70
0
10
0.000000
20
0.000000
66
1
0
VERTEX
8
Layer 1
10
1896.845690
20
1145.077126
70
0
0
VERTEX
8
Layer 1
10
1884.526508
20
1125.623990
70
0
0
VERTEX
8
Layer 1
10
1872.643764
20
1105.947588
70
0
0
VERTEX
8
Layer 1
10
1861.199250
20
1086.055317
70
0
0
VERTEX
8
Layer 1
10
1850.194759
20
1065.954574
70
0
0
VERTEX
8
Layer 1
10
1839.632085
20
1045.652755
70
0
0
VERTEX
8
Layer 1
10
1829.513021
20
1025.157258
70
0
0
VERTEX
8
Layer 1
10
1819.839359
20
1004.475478
70
0
0
VERTEX
8
Layer 1
10
1810.612893
20
983.614814
70
0
0
VERTEX
8
Layer 1
10
1801.835415
20
962.582661
70
0
0
VERTEX
8
Layer 1
10
1793.508719
20
941.386416
70
0
0
VERTEX
8
Layer 1
10
1785.634598
20
920.033477
70
0
0
VERTEX
8
Layer 1
10
1778.214844
20
898.531239
70
0
0
VERTEX
8
Layer 1
10
1771.251250
20
876.887101
70
0
0
VERTEX
8
Layer 1
10
1764.745611
20
855.108458
70
0
0
VERTEX
8
Layer 1
10
1758.699718
20
833.202708
70
0
0
VERTEX
8
Layer 1
10
1753.115365
20
811.177247
70
0
0
VERTEX
8
Layer 1
10
1747.994344
20
789.039471
70
0
0
VERTEX
8
Layer 1
10
1743.338449
20
766.796779
70
0
0
VERTEX
8
Layer 1
10
1739.149473
20
744.456566
70
0
0
VERTEX
8
Layer 1
10
1735.429209
20
722.026230
70
0
0
VERTEX
8
Layer 1
10
1732.179449
20
699.513166
70
0
0
VERTEX
8
Layer 1
10
1729.401987
20
676.924773
70
0
0
VERTEX
8
Layer 1
10
1727.098616
20
654.268446
70
0
0
VERTEX
8
Layer 1
10
1725.271129
20
631.551583
70
0
0
VERTEX
8
Layer 1
10
1723.921319
20
608.781581
70
0
0
VERTEX
8
Layer 1
10
1723.050978
20
585.965835
70
0
0
VERTEX
8
Layer 1
10
1722.661901
20
563.111744
70
0
0
VERTEX
8
Layer 1
10
1722.755879
20
540.226703
70
0
0
VERTEX
8
Layer 1
10
1723.334706
20
517.318109
70
0
0
VERTEX
8
Layer 1
10
1724.400176
20
494.393360
70
0
0
VERTEX
8
Layer 1
10
1725.954080
20
471.459852
70
0
0
VERTEX
8
Layer 1
10
1727.998212
20
448.524983
70
0
0
SEQEND
8
Layer 1
0
POLYLINE
8
Layer 1
62
7
70
0
10
0.000000
20
0.000000
66
1
0
VERTEX
8
Layer 1
10
1727.998212
20
448.524983
70
0
0
VERTEX
8
Layer 1
10
1731.151148
20
429.451724
70
0
0
VERTEX
8
Layer 1
10
1734.636740
20
410.440963
70
0
0
VERTEX
8
Layer 1
10
1738.453995
20
391.497030
70
0
0
VERTEX
8
Layer 1
10
1742.601923
20
372.624256
70
0
0
VERTEX
8
Layer 1
10
1747.079530
20
353.826970
70
0
0
VERTEX
8
Layer 1
10
1751.885827
20
335.109504
70
0
0
VERTEX
8
Layer 1
10
1757.019821
20
316.476187
70
0
0
VERTEX
8
Layer 1
10
1762.480520
20
297.931350
70
0
0
SEQEND
8
Layer 1
0
POLYLINE
8
Layer 1
62
7
70
0
10
0.000000
20
0.000000
66
1
0
VERTEX
8
Layer 1
10
1748.420077
20
293.787160
70
0
0
VERTEX
8
Layer 1
10
1762.480547
20
297.931110
70
0
0
SEQEND
8
Layer 1
0
POLYLINE
8
Layer 1
62
7
70
0
10
0.000000
20
0.000000
66
1
0
VERTEX
8
Layer 1
10
1720.009737
20
406.934890
70
0
0
VERTEX
8
Layer 1
10
1722.929044
20
392.639094
70
0
0
VERTEX
8
Layer 1
10
1726.029772
20
378.383364
70
0
0
VERTEX
8
Layer 1
10
1729.311491
20
364.169420
70
0
0
VERTEX
8
Layer 1
10
1732.773768
20
349.998983
70
0
0
VERTEX
8
Layer 1
10
1736.416170
20
335.873773
70
0
0
VERTEX
8
Layer 1
10
1740.238266
20
321.795511
70
0
0
VERTEX
8
Layer 1
10
1744.239624
20
307.765918
70
0
0
VERTEX
8
Layer 1
10
1748.419812
20
293.786713
70
0
0
SEQEND
8
Layer 1
0
POLYLINE
8
Layer 1
62
7
70
0
10
0.000000
20
0.000000
66
1
0
VERTEX
8
Layer 1
10
1709.721797
20
486.195712
70
0
0
VERTEX
8
Layer 1
10
1710.434556
20
476.220908
70
0
0
VERTEX
8
Layer 1
10
1711.311622
20
466.261256
70
0
0
VERTEX
8
Layer 1
10
1712.352731
20
456.318781
70
0
0
VERTEX
8
Layer 1
10
1713.557622
20
446.395506
70
0
0
VERTEX
8
Layer 1
10
1714.926030
20
436.493455
70
0
0
VERTEX
8
Layer 1
10
1716.457694
20
426.614653
70
0
0
VERTEX
8
Layer 1
10
1718.152350
20
416.761123
70
0
0
VERTEX
8
Layer 1
10
1720.009737
20
406.934890
70
0
0
SEQEND
8
Layer 1
0
POLYLINE
8
Layer 1
62
7
70
0
10
0.000000
20
0.000000
66
1
0
VERTEX
8
Layer 1
10
1883.878133
20
1152.629886
70
0
0
VERTEX
8
Layer 1
10
1872.078709
20
1133.986944
70
0
0
VERTEX
8
Layer 1
10
1860.672945
20
1115.140122
70
0
0
VERTEX
8
Layer 1
10
1849.662487
20
1096.095723
70
0
0
VERTEX
8
Layer 1
10
1839.048983
20
1076.860051
70
0
0
VERTEX
8
Layer 1
10
1828.834079
20
1057.439408
70
0
0
VERTEX
8
Layer 1
10
1819.019424
20
1037.840099
70
0
0
VERTEX
8
Layer 1
10
1809.606665
20
1018.068426
70
0
0
VERTEX
8
Layer 1
10
1800.597447
20
998.130693
70
0
0
VERTEX
8
Layer 1
10
1791.993420
20
978.033203
70
0
0
VERTEX
8
Layer 1
10
1783.796230
20
957.782259
70
0
0
VERTEX
8
Layer 1
10
1776.007524
20
937.384166
70
0
0
VERTEX
8
Layer 1
10
1768.628950
20
916.845226
70
0
0
VERTEX
8
Layer 1
10
1761.662154
20
896.171742
70
0
0
VERTEX
8
Layer 1
10
1755.108784
20
875.370018
70
0
0
VERTEX
8
Layer 1
10
1748.970488
20
854.446357
70
0
0
VERTEX
8
Layer 1
10
1743.248911
20
833.407062
70
0
0
VERTEX
8
Layer 1
10
1737.945703
20
812.258438
70
0
0
VERTEX
8
Layer 1
10
1733.062509
20
791.006786
70
0
0
VERTEX
8
Layer 1
10
1728.600977
20
769.658411
70
0
0
VERTEX
8
Layer 1
10
1724.562755
20
748.219616
70
0
0
VERTEX
8
Layer 1
10
1720.949489
20
726.696704
70
0
0
VERTEX
8
Layer 1
10
1717.762826
20
705.095979
70
0
0
VERTEX
8
Layer 1
10
1715.004415
20
683.423743
70
0
0
VERTEX
8
Layer 1
10
1712.675902
20
661.686300
70
0
0
VERTEX
8
Layer 1
10
1710.778934
20
639.889954
70
0
0
VERTEX
8
Layer 1
10
1709.315159
20
618.041008
70
0
0
VERTEX
8
Layer 1
10
1708.286224
20
596.145765
70
0
0
VERTEX
8
Layer 1
10
1707.693775
20
574.210528
70
0
0
VERTEX
8
Layer 1
10
1707.539461
20
552.241601
70
0
0
VERTEX
8
Layer 1
10
1707.824929
20
530.245287
70
0
0
VERTEX
8
Layer 1
10
1708.551825
20
508.227890
70
0
0
VERTEX
8
Layer 1
10
1709.721797
20
486.195712
70
0
0
SEQEND
8
Layer 1
0
POLYLINE
8
Layer 1
62
7
70
0
10
0.000000
20
0.000000
66
1
0
VERTEX
8
Layer 1
10
1959.783159
20
284.116083
70
0
0
VERTEX
8
Layer 1
10
1959.272663
20
285.191450
70
0
0
VERTEX
8
Layer 1
10
1958.419246
20
285.961166
70
0
0
VERTEX
8
Layer 1
10
1957.339581
20
286.355004
70
0
0
VERTEX
8
Layer 1
10
1956.150343
20
286.302737
70
0
0
VERTEX
8
Layer 1
10
1955.074377
20
285.793504
70
0
0
VERTEX
8
Layer 1
10
1954.303659
20
284.940992
70
0
0
VERTEX
8
Layer 1
10
1953.908552
20
283.861791
70
0
0
VERTEX
8
Layer 1
10
1953.959423
20
282.672492
70
0
0
VERTEX
8
Layer 1
10
1954.469919
20
281.597125
70
0
0
VERTEX
8
Layer 1
10
1955.323336
20
280.827408
70
0
0
VERTEX
8
Layer 1
10
1956.403001
20
280.433570
70
0
0
VERTEX
8
Layer 1
10
1957.592239
20
280.485837
70
0
0
VERTEX
8
Layer 1
10
1958.668205
20
280.995070
70
0
0
VERTEX
8
Layer 1
10
1959.438923
20
281.847583
70
0
0
VERTEX
8
Layer 1
10
1959.834029
20
282.926784
70
0
0
VERTEX
8
Layer 1
10
1959.783159
20
284.116083
70
0
0
VERTEX
8
Layer 1
10
1959.783159
20
284.116083
70
0
0
SEQEND
8
Layer 1
0
POLYLINE
8
Layer 1
62
7
70
0
10
0.000000
20
0.000000
66
1
0
VERTEX
8
Layer 1
10
1932.649590
20
355.016223
70
0
0
VERTEX
8
Layer 1
10
1932.360464
20
355.750999
70
0
0
VERTEX
8
Layer 1
10
1931.898573
20
356.375461
70
0
0
VERTEX
8
Layer 1
10
1931.291931
20
356.860520
70
0
0
VERTEX
8
Layer 1
10
1930.568554
20
357.177087
70
0
0
VERTEX
8
Layer 1
10
1929.787656
20
357.294084
70
0
0
VERTEX
8
Layer 1
10
1929.015911
20
357.206306
70
0
0
VERTEX
8
Layer 1
10
1928.292516
20
356.923468
70
0
0
VERTEX
8
Layer 1
10
1927.656673
20
356.455289
70
0
0
VERTEX
8
Layer 1
10
1927.164901
20
355.837510
70
0
0
VERTEX
8
Layer 1
10
1926.855046
20
355.125269
70
0
0
VERTEX
8
Layer 1
10
1926.738294
20
354.357373
70
0
0
VERTEX
8
Layer 1
10
1926.825828
20
353.572626
70
0
0
VERTEX
8
Layer 1
10
1927.114954
20
352.837850
70
0
0
VERTEX
8
Layer 1
10
1927.576845
20
352.213388
70
0
0
VERTEX
8
Layer 1
10
1928.183486
20
351.728329
70
0
0
VERTEX
8
Layer 1
10
1928.906864
20
351.411762
70
0
0
VERTEX
8
Layer 1
10
1929.687762
20
351.294765
70
0
0
VERTEX
8
Layer 1
10
1930.459507
20
351.382543
70
0
0
VERTEX
8
Layer 1
10
1931.182902
20
351.665380
70
0
0
VERTEX
8
Layer 1
10
1931.818745
20
352.133560
70
0
0
VERTEX
8
Layer 1
10
1932.310517
20
352.751339
70
0
0
VERTEX
8
Layer 1
10
1932.620371
20
353.463579
70
0
0
VERTEX
8
Layer 1
10
1932.737124
20
354.231476
70
0
0
VERTEX
8
Layer 1
10
1932.649590
20
355.016223
70
0
0
VERTEX
8
Layer 1
10
1932.649590
20
355.016223
70
0
0
SEQEND
8
Layer 1
0
POLYLINE
8
Layer 1
62
7
70
0
10
0.000000
20
0.000000
66
1
0
VERTEX
8
Layer 1
10
1919.842530
20
352.857720
70
0
0
VERTEX
8
Layer 1
10
1938.187260
20
275.640405
70
0
0
SEQEND
8
Layer 1
0
POLYLINE
8
Layer 1
62
7
70
0
10
0.000000
20
0.000000
66
1
0
VERTEX
8
Layer 1
10
1938.187260
20
275.640405
70
0
0
VERTEX
8
Layer 1
10
1973.695171
20
243.583552
70
0
0
SEQEND
8
Layer 1
0
POLYLINE
8
Layer 1
62
7
70
0
10
0.000000
20
0.000000
66
1
0
VERTEX
8
Layer 1
10
1981.390250
20
210.039217
70
0
0
VERTEX
8
Layer 1
10
1982.187866
20
212.249046
70
0
0
VERTEX
8
Layer 1
10
1982.804541
20
214.489347
70
0
0
VERTEX
8
Layer 1
10
1983.242516
20
216.750350
70
0
0
VERTEX
8
Layer 1
10
1983.504033
20
219.022286
70
0
0
VERTEX
8
Layer 1
10
1983.591333
20
221.295386
70
0
0
VERTEX
8
Layer 1
10
1983.506658
20
223.559880
70
0
0
VERTEX
8
Layer 1
10
1983.252249
20
225.805998
70
0
0
VERTEX
8
Layer 1
10
1982.830348
20
228.023972
70
0
0
VERTEX
8
Layer 1
10
1982.243195
20
230.204032
70
0
0
VERTEX
8
Layer 1
10
1981.493033
20
232.336409
70
0
0
VERTEX
8
Layer 1
10
1980.582103
20
234.411332
70
0
0
VERTEX
8
Layer 1
10
1979.512646
20
236.419034
70
0
0
VERTEX
8
Layer 1
10
1978.286903
20
238.349743
70
0
0
VERTEX
8
Layer 1
10
1976.907117
20
240.193692
70
0
0
VERTEX
8
Layer 1
10
1975.375528
20
241.941111
70
0
0
VERTEX
8
Layer 1
10
1973.694378
20
243.582229
70
0
0
SEQEND
8
Layer 1
0
POLYLINE
8
Layer 1
62
7
70
0
10
0.000000
20
0.000000
66
1
0
VERTEX
8
Layer 1
10
1969.750054
20
106.847402
70
0
0
VERTEX
8
Layer 1
10
2028.325079
20
251.259131
70
0
0
SEQEND
8
Layer 1
0
POLYLINE
8
Layer 1
62
7
70
0
10
0.000000
20
0.000000
66
1
0
VERTEX
8
Layer 1
10
1939.633894
20
355.731406
70
0
0
VERTEX
8
Layer 1
10
1940.379770
20
351.168289
70
0
0
VERTEX
8
Layer 1
10
1941.283164
20
346.657340
70
0
0
VERTEX
8
Layer 1
10
1942.341391
20
342.201718
70
0
0
VERTEX
8
Layer 1
10
1943.551771
20
337.804582
70
0
0
VERTEX
8
Layer 1
10
1944.911620
20
333.469094
70
0
0
VERTEX
8
Layer 1
10
1946.418255
20
329.198413
70
0
0
VERTEX
8
Layer 1
10
1948.068995
20
324.995697
70
0
0
VERTEX
8
Layer 1
10
1949.861158
20
320.864108
70
0
0
VERTEX
8
Layer 1
10
1951.792059
20
316.806805
70
0
0
VERTEX
8
Layer 1
10
1953.859018
20
312.826948
70
0
0
VERTEX
8
Layer 1
10
1956.059351
20
308.927696
70
0
0
VERTEX
8
Layer 1
10
1958.390376
20
305.112210
70
0
0
VERTEX
8
Layer 1
10
1960.849410
20
301.383648
70
0
0
VERTEX
8
Layer 1
10
1963.433772
20
297.745172
70
0
0
VERTEX
8
Layer 1
10
1966.140778
20
294.199940
70
0
0
VERTEX
8
Layer 1
10
1968.967746
20
290.751112
70
0
0
VERTEX
8
Layer 1
10
1971.911994
20
287.401848
70
0
0
VERTEX
8
Layer 1
10
1974.970840
20
284.155309
70
0
0
VERTEX
8
Layer 1
10
1978.141599
20
281.014653
70
0
0
VERTEX
8
Layer 1
10
1981.421591
20
277.983040
70
0
0
VERTEX
8
Layer 1
10
1984.808133
20
275.063631
70
0
0
VERTEX
8
Layer 1
10
1988.298542
20
272.259585
70
0
0
VERTEX
8
Layer 1
10
1991.890136
20
269.574061
70
0
0
VERTEX
8
Layer 1
10
1995.580232
20
267.010220
70
0
0
VERTEX
8
Layer 1
10
1999.366147
20
264.571222
70
0
0
VERTEX
8
Layer 1
10
2003.245201
20
262.260225
70
0
0
VERTEX
8
Layer 1
10
2007.214709
20
260.080391
70
0
0
VERTEX
8
Layer 1
10
2011.271989
20
258.034878
70
0
0
VERTEX
8
Layer 1
10
2015.414359
20
256.126846
70
0
0
VERTEX
8
Layer 1
10
2019.639137
20
254.359455
70
0
0
VERTEX
8
Layer 1
10
2023.943639
20
252.735866
70
0
0
VERTEX
8
Layer 1
10
2028.325184
20
251.259237
70
0
0
SEQEND
8
Layer 1
0
POLYLINE
8
Layer 1
62
7
70
0
10
0.000000
20
0.000000
66
1
0
VERTEX
8
Layer 1
10
2002.875051
20
1026.725420
70
0
0
VERTEX
8
Layer 1
10
2002.365128
20
1027.801874
70
0
0
VERTEX
8
Layer 1
10
2001.511667
20
1028.572537
70
0
0
VERTEX
8
Layer 1
10
2000.431519
20
1028.966998
70
0
0
VERTEX
8
Layer 1
10
1999.241538
20
1028.914845
70
0
0
VERTEX
8
Layer 1
10
1998.164968
20
1028.405166
70
0
0
VERTEX
8
Layer 1
10
1997.394111
20
1027.551880
70
0
0
VERTEX
8
Layer 1
10
1996.999406
20
1026.471821
70
0
0
VERTEX
8
Layer 1
10
1997.051289
20
1025.281828
70
0
0
VERTEX
8
Layer 1
10
1997.561212
20
1024.205374
70
0
0
VERTEX
8
Layer 1
10
1998.414673
20
1023.434711
70
0
0
VERTEX
8
Layer 1
10
1999.494821
20
1023.040250
70
0
0
VERTEX
8
Layer 1
10
2000.684802
20
1023.092403
70
0
0
VERTEX
8
Layer 1
10
2001.761372
20
1023.602082
70
0
0
VERTEX
8
Layer 1
10
2002.532229
20
1024.455368
70
0
0
VERTEX
8
Layer 1
10
2002.926934
20
1025.535427
70
0
0
VERTEX
8
Layer 1
10
2002.875051
20
1026.725420
70
0
0
VERTEX
8
Layer 1
10
2002.875051
20
1026.725420
70
0
0
SEQEND
8
Layer 1
0
POLYLINE
8
Layer 1
62
7
70
0
10
0.000000
20
0.000000
66
1
0
VERTEX
8
Layer 1
10
1925.745085
20
831.802282
70
0
0
VERTEX
8
Layer 1
10
1925.235164
20
832.878749
70
0
0
VERTEX
8
Layer 1
10
1924.381698
20
833.649421
70
0
0
VERTEX
8
Layer 1
10
1923.301542
20
834.043885
70
0
0
VERTEX
8
Layer 1
10
1922.111550
20
833.991729
70
0
0
VERTEX
8
Layer 1
10
1921.034973
20
833.482039
70
0
0
VERTEX
8
Layer 1
10
1920.264118
20
832.628739
70
0
0
VERTEX
8
Layer 1
10
1919.869422
20
831.548667
70
0
0
VERTEX
8
Layer 1
10
1919.921322
20
830.358664
70
0
0
VERTEX
8
Layer 1
10
1920.431243
20
829.282197
70
0
0
VERTEX
8
Layer 1
10
1921.284710
20
828.511525
70
0
0
VERTEX
8
Layer 1
10
1922.364866
20
828.117060
70
0
0
VERTEX
8
Layer 1
10
1923.554858
20
828.169217
70
0
0
VERTEX
8
Layer 1
10
1924.631434
20
828.678906
70
0
0
VERTEX
8
Layer 1
10
1925.402290
20
829.532207
70
0
0
VERTEX
8
Layer 1
10
1925.796986
20
830.612279
70
0
0
VERTEX
8
Layer 1
10
1925.745085
20
831.802282
70
0
0
VERTEX
8
Layer 1
10
1925.745085
20
831.802282
70
0
0
SEQEND
8
Layer 1
0
POLYLINE
8
Layer 1
62
7
70
0
10
0.000000
20
0.000000
66
1
0
VERTEX
8
Layer 1
10
1959.688597
20
112.831766
70
0
0
VERTEX
8
Layer 1
10
1959.178101
20
113.907133
70
0
0
VERTEX
8
Layer 1
10
1958.324684
20
114.676850
70
0
0
VERTEX
8
Layer 1
10
1957.245019
20
115.070688
70
0
0
VERTEX
8
Layer 1
10
1956.055781
20
115.018421
70
0
0
VERTEX
8
Layer 1
10
1954.979815
20
114.509188
70
0
0
VERTEX
8
Layer 1
10
1954.209097
20
113.656675
70
0
0
VERTEX
8
Layer 1
10
1953.813990
20
112.577474
70
0
0
VERTEX
8
Layer 1
10
1953.864861
20
111.388175
70
0
0
VERTEX
8
Layer 1
10
1954.375357
20
110.312808
70
0
0
VERTEX
8
Layer 1
10
1955.228774
20
109.543092
70
0
0
VERTEX
8
Layer 1
10
1956.308439
20
109.149254
70
0
0
VERTEX
8
Layer 1
10
1957.497677
20
109.201521
70
0
0
VERTEX
8
Layer 1
10
1958.573643
20
109.710754
70
0
0
VERTEX
8
Layer 1
10
1959.344361
20
110.563266
70
0
0
VERTEX
8
Layer 1
10
1959.739467
20
111.642467
70
0
0
VERTEX
8
Layer 1
10
1959.688597
20
112.831766
70
0
0
VERTEX
8
Layer 1
10
1959.688597
20
112.831766
70
0
0
SEQEND
8
Layer 1
0
POLYLINE
8
Layer 1
62
7
70
0
10
0.000000
20
0.000000
66
1
0
VERTEX
8
Layer 1
10
2013.968779
20
1064.804549
70
0
0
VERTEX
8
Layer 1
10
2008.002453
20
1054.741909
70
0
0
VERTEX
8
Layer 1
10
2002.174990
20
1044.616417
70
0
0
VERTEX
8
Layer 1
10
1996.486576
20
1034.429485
70
0
0
VERTEX
8
Layer 1
10
1990.937398
20
1024.182522
70
0
0
VERTEX
8
Layer 1
10
1985.527643
20
1013.876940
70
0
0
VERTEX
8
Layer 1
10
1980.257496
20
1003.514149
70
0
0
VERTEX
8
Layer 1
10
1970.136775
20
982.622582
70
0
0
VERTEX
8
Layer 1
10
1960.576728
20
961.519106
70
0
0
VERTEX
8
Layer 1
10
1951.578845
20
940.215006
70
0
0
VERTEX
8
Layer 1
10
1943.144620
20
918.721565
70
0
0
VERTEX
8
Layer 1
10
1935.275544
20
897.050069
70
0
0
VERTEX
8
Layer 1
10
1927.973109
20
875.211802
70
0
0
VERTEX
8
Layer 1
10
1921.238807
20
853.218049
70
0
0
VERTEX
8
Layer 1
10
1915.074129
20
831.080095
70
0
0
VERTEX
8
Layer 1
10
1909.480569
20
808.809223
70
0
0
VERTEX
8
Layer 1
10
1904.459617
20
786.416719
70
0
0
VERTEX
8
Layer 1
10
1900.012766
20
763.913866
70
0
0
VERTEX
8
Layer 1
10
1896.141508
20
741.311951
70
0
0
VERTEX
8
Layer 1
10
1892.847335
20
718.622256
70
0
0
VERTEX
8
Layer 1
10
1890.131738
20
695.856068
70
0
0
VERTEX
8
Layer 1
10
1887.996209
20
673.024669
70
0
0
VERTEX
8
Layer 1
10
1886.442242
20
650.139346
70
0
0
VERTEX
8
Layer 1
10
1885.471326
20
627.211382
70
0
0
VERTEX
8
Layer 1
10
1885.084955
20
604.252062
70
0
0
VERTEX
8
Layer 1
10
1885.284620
20
581.272671
70
0
0
VERTEX
8
Layer 1
10
1886.071814
20
558.284493
70
0
0
VERTEX
8
Layer 1
10
1887.448027
20
535.298813
70
0
0
VERTEX
8
Layer 1
10
1889.414753
20
512.326915
70
0
0
VERTEX
8
Layer 1
10
1891.973483
20
489.380085
70
0
0
VERTEX
8
Layer 1
10
1895.125709
20
466.469605
70
0
0
VERTEX
8
Layer 1
10
1898.872923
20
443.606762
70
0
0
VERTEX
8
Layer 1
10
1903.216617
20
420.802840
70
0
0
VERTEX
8
Layer 1
10
1905.612610
20
409.426500
70
0
0
VERTEX
8
Layer 1
10
1908.158283
20
398.069123
70
0
0
VERTEX
8
Layer 1
10
1910.853821
20
386.732117
70
0
0
VERTEX
8
Layer 1
10
1913.699412
20
375.416895
70
0
0
VERTEX
8
Layer 1
10
1916.695242
20
364.124867
70
0
0
VERTEX
8
Layer 1
10
1919.841498
20
352.857442
70
0
0
SEQEND
8
Layer 1
0
POLYLINE
8
Layer 1
62
7
70
0
10
0.000000
20
0.000000
66
1
0
VERTEX
8
Layer 1
10
1981.391626
20
210.038238
70
0
0
VERTEX
8
Layer 1
10
1943.803642
20
117.370926
70
0
0
SEQEND
8
Layer 1
0
POLYLINE
8
Layer 1
62
7
70
0
10
0.000000
20
0.000000
66
1
0
VERTEX
8
Layer 1
10
1943.803589
20
117.370899
70
0
0
VERTEX
8
Layer 1
10
1943.006831
20
114.649461
70
0
0
VERTEX
8
Layer 1
10
1942.775145
20
111.907692
70
0
0
VERTEX
8
Layer 1
10
1943.077524
20
109.218913
70
0
0
VERTEX
8
Layer 1
10
1943.882959
20
106.656443
70
0
0
VERTEX
8
Layer 1
10
1945.160445
20
104.293605
70
0
0
VERTEX
8
Layer 1
10
1946.878973
20
102.203718
70
0
0
VERTEX
8
Layer 1
10
1949.007537
20
100.460102
70
0
0
VERTEX
8
Layer 1
10
1951.515128
20
99.136079
70
0
0
VERTEX
8
Layer 1
10
1954.236520
20
98.339162
70
0
0
VERTEX
8
Layer 1
10
1956.978276
20
98.107317
70
0
0
VERTEX
8
Layer 1
10
1959.667073
20
98.409538
70
0
0
VERTEX
8
Layer 1
10
1962.229589
20
99.214825
70
0
0
VERTEX
8
Layer 1
10
1964.592502
20
100.492173
70
0
0
VERTEX
8
Layer 1
10
1966.682489
20
102.210579
70
0
0
VERTEX
8
Layer 1
10
1968.426228
20
104.339041
70
0
0
VERTEX
8
Layer 1
10
1969.750398
20
106.846555
70
0
0
SEQEND
8
Layer 1
0
POLYLINE
8
Layer 1
62
7
70
0
10
0.000000
20
0.000000
66
1
0
VERTEX
8
Layer 1
10
2026.553299
20
1057.196253
70
0
0
VERTEX
8
Layer 1
10
2020.650300
20
1047.282111
70
0
0
VERTEX
8
Layer 1
10
2014.887841
20
1037.304546
70
0
0
VERTEX
8
Layer 1
10
2009.266102
20
1027.265021
70
0
0
VERTEX
8
Layer 1
10
2003.785264
20
1017.164997
70
0
0
VERTEX
8
Layer 1
10
1998.445508
20
1007.005936
70
0
0
VERTEX
8
Layer 1
10
1993.247015
20
996.789299
70
0
0
VERTEX
8
Layer 1
10
1988.189967
20
986.516548
70
0
0
VERTEX
8
Layer 1
10
1983.274544
20
976.189145
70
0
0
VERTEX
8
Layer 1
10
1978.500929
20
965.808551
70
0
0
VERTEX
8
Layer 1
10
1973.869300
20
955.376228
70
0
0
VERTEX
8
Layer 1
10
1969.379841
20
944.893639
70
0
0
VERTEX
8
Layer 1
10
1965.032732
20
934.362244
70
0
0
VERTEX
8
Layer 1
10
1956.766288
20
913.158884
70
0
0
VERTEX
8
Layer 1
10
1949.071418
20
891.777842
70
0
0
VERTEX
8
Layer 1
10
1941.949570
20
870.230812
70
0
0
VERTEX
8
Layer 1
10
1935.402194
20
848.529488
70
0
0
VERTEX
8
Layer 1
10
1929.430739
20
826.685562
70
0
0
VERTEX
8
Layer 1
10
1924.036652
20
804.710728
70
0
0
VERTEX
8
Layer 1
10
1919.221385
20
782.616681
70
0
0
VERTEX
8
Layer 1
10
1914.986384
20
760.415112
70
0
0
VERTEX
8
Layer 1
10
1911.333100
20
738.117716
70
0
0
VERTEX
8
Layer 1
10
1908.262981
20
715.736187
70
0
0
VERTEX
8
Layer 1
10
1905.777476
20
693.282217
70
0
0
VERTEX
8
Layer 1
10
1903.878034
20
670.767501
70
0
0
VERTEX
8
Layer 1
10
1902.566104
20
648.203731
70
0
0
VERTEX
8
Layer 1
10
1901.843136
20
625.602601
70
0
0
VERTEX
8
Layer 1
10
1901.710577
20
602.975805
70
0
0
VERTEX
8
Layer 1
10
1902.169877
20
580.335036
70
0
0
VERTEX
8
Layer 1
10
1903.222486
20
557.691988
70
0
0
VERTEX
8
Layer 1
10
1904.869851
20
535.058353
70
0
0
VERTEX
8
Layer 1
10
1907.113422
20
512.445827
70
0
0
VERTEX
8
Layer 1
10
1909.954647
20
489.866101
70
0
0
VERTEX
8
Layer 1
10
1911.599834
20
478.592193
70
0
0
VERTEX
8
Layer 1
10
1913.394977
20
467.330870
70
0
0
VERTEX
8
Layer 1
10
1915.340258
20
456.083595
70
0
0
VERTEX
8
Layer 1
10
1917.435859
20
444.851827
70
0
0
VERTEX
8
Layer 1
10
1919.681960
20
433.637031
70
0
0
VERTEX
8
Layer 1
10
1922.078743
20
422.440666
70
0
0
VERTEX
8
Layer 1
10
1924.626388
20
411.264195
70
0
0
VERTEX
8
Layer 1
10
1927.325077
20
400.109080
70
0
0
VERTEX
8
Layer 1
10
1930.174991
20
388.976782
70
0
0
VERTEX
8
Layer 1
10
1933.176311
20
377.868762
70
0
0
VERTEX
8
Layer 1
10
1936.329218
20
366.786483
70
0
0
VERTEX
8
Layer 1
10
1939.633894
20
355.731406
70
0
0
SEQEND
8
Layer 1
0
POLYLINE
8
Layer 1
62
7
70
0
10
0.000000
20
0.000000
66
1
0
VERTEX
8
Layer 1
10
2013.967985
20
1064.803835
70
0
0
VERTEX
8
Layer 1
10
2026.552769
20
1057.196941
70
0
0
SEQEND
8
Layer 1
0
POLYLINE
8
Layer 1
62
7
70
0
10
0.000000
20
0.000000
66
1
0
VERTEX
8
Layer 1
10
1885.429727
20
39.761059
70
0
0
VERTEX
8
Layer 1
10
1885.089741
20
40.473727
70
0
0
VERTEX
8
Layer 1
10
1884.585159
20
41.064228
70
0
0
VERTEX
8
Layer 1
10
1883.945969
20
41.505510
70
0
0
VERTEX
8
Layer 1
10
1883.202158
20
41.770522
70
0
0
VERTEX
8
Layer 1
10
1882.414976
20
41.832420
70
0
0
VERTEX
8
Layer 1
10
1881.651296
20
41.690689
70
0
0
VERTEX
8
Layer 1
10
1880.949540
20
41.357775
70
0
0
VERTEX
8
Layer 1
10
1880.348127
20
40.846122
70
0
0
VERTEX
8
Layer 1
10
1879.900931
20
40.195351
70
0
0
VERTEX
8
Layer 1
10
1879.641834
20
39.463120
70
0
0
VERTEX
8
Layer 1
10
1879.579268
20
38.688924
70
0
0
VERTEX
8
Layer 1
10
1879.721666
20
37.912259
70
0
0
VERTEX
8
Layer 1
10
1880.061652
20
37.199591
70
0
0
VERTEX
8
Layer 1
10
1880.566234
20
36.609090
70
0
0
VERTEX
8
Layer 1
10
1881.205424
20
36.167808
70
0
0
VERTEX
8
Layer 1
10
1881.949235
20
35.902796
70
0
0
VERTEX
8
Layer 1
10
1882.736417
20
35.840898
70
0
0
VERTEX
8
Layer 1
10
1883.500097
20
35.982629
70
0
0
VERTEX
8
Layer 1
10
1884.201853
20
36.315543
70
0
0
VERTEX
8
Layer 1
10
1884.803266
20
36.827196
70
0
0
VERTEX
8
Layer 1
10
1885.250462
20
37.477967
70
0
0
VERTEX
8
Layer 1
10
1885.509559
20
38.210198
70
0
0
VERTEX
8
Layer 1
10
1885.572126
20
38.984394
70
0
0
VERTEX
8
Layer 1
10
1885.429727
20
39.761059
70
0
0
VERTEX
8
Layer 1
10
1885.429727
20
39.761059
70
0
0
SEQEND
8
Layer 1
0
POLYLINE
8
Layer 1
62
7
70
0
10
0.000000
20
0.000000
66
1
0
VERTEX
8
Layer 1
10
1799.326772
20
198.377642
70
0
0
VERTEX
8
Layer 1
10
1798.742670
20
199.415915
70
0
0
VERTEX
8
Layer 1
10
1797.837197
20
200.124995
70
0
0
VERTEX
8
Layer 1
10
1796.731903
20
200.442806
70
0
0
VERTEX
8
Layer 1
10
1795.548342
20
200.307272
70
0
0
VERTEX
8
Layer 1
10
1794.510068
20
199.723170
70
0
0
VERTEX
8
Layer 1
10
1793.800988
20
198.817696
70
0
0
VERTEX
8
Layer 1
10
1793.483177
20
197.712403
70
0
0
VERTEX
8
Layer 1
10
1793.618712
20
196.528841
70
0
0
VERTEX
8
Layer 1
10
1793.958697
20
195.816173
70
0
0
VERTEX
8
Layer 1
10
1794.463279
20
195.225672
70
0
0
VERTEX
8
Layer 1
10
1795.102469
20
194.784390
70
0
0
VERTEX
8
Layer 1
10
1795.846281
20
194.519379
70
0
0
VERTEX
8
Layer 1
10
1796.633463
20
194.457481
70
0
0
VERTEX
8
Layer 1
10
1797.397142
20
194.599211
70
0
0
VERTEX
8
Layer 1
10
1798.098898
20
194.932125
70
0
0
VERTEX
8
Layer 1
10
1798.700311
20
195.443779
70
0
0
VERTEX
8
Layer 1
10
1799.147507
20
196.094549
70
0
0
VERTEX
8
Layer 1
10
1799.406605
20
196.826780
70
0
0
VERTEX
8
Layer 1
10
1799.469171
20
197.600976
70
0
0
VERTEX
8
Layer 1
10
1799.326772
20
198.377642
70
0
0
VERTEX
8
Layer 1
10
1799.326772
20
198.377642
70
0
0
SEQEND
8
Layer 1
0
POLYLINE
8
Layer 1
62
7
70
0
10
0.000000
20
0.000000
66
1
0
VERTEX
8
Layer 1
10
1793.850910
20
278.544251
70
0
0
VERTEX
8
Layer 1
10
1793.265442
20
279.579433
70
0
0
VERTEX
8
Layer 1
10
1792.360270
20
280.285927
70
0
0
VERTEX
8
Layer 1
10
1791.256417
20
280.602127
70
0
0
VERTEX
8
Layer 1
10
1790.074910
20
280.466424
70
0
0
VERTEX
8
Layer 1
10
1789.038202
20
279.883663
70
0
0
VERTEX
8
Layer 1
10
1788.329344
20
278.980341
70
0
0
VERTEX
8
Layer 1
10
1788.010260
20
277.877319
70
0
0
VERTEX
8
Layer 1
10
1788.142875
20
276.695461
70
0
0
VERTEX
8
Layer 1
10
1788.728343
20
275.660279
70
0
0
VERTEX
8
Layer 1
10
1789.633515
20
274.953784
70
0
0
VERTEX
8
Layer 1
10
1790.737368
20
274.637585
70
0
0
VERTEX
8
Layer 1
10
1791.918874
20
274.773288
70
0
0
VERTEX
8
Layer 1
10
1792.955583
20
275.356048
70
0
0
VERTEX
8
Layer 1
10
1793.664441
20
276.259371
70
0
0
VERTEX
8
Layer 1
10
1793.983524
20
277.362393
70
0
0
VERTEX
8
Layer 1
10
1793.850910
20
278.544251
70
0
0
VERTEX
8
Layer 1
10
1793.850910
20
278.544251
70
0
0
SEQEND
8
Layer 1
0
POLYLINE
8
Layer 1
62
7
70
0
10
0.000000
20
0.000000
66
1
0
VERTEX
8
Layer 1
10
1781.634821
20
800.600485
70
0
0
VERTEX
8
Layer 1
10
1781.049504
20
801.636010
70
0
0
VERTEX
8
Layer 1
10
1780.144297
20
802.342792
70
0
0
VERTEX
8
Layer 1
10
1779.040284
20
802.659169
70
0
0
VERTEX
8
Layer 1
10
1777.858548
20
802.523483
70
0
0
VERTEX
8
Layer 1
10
1776.821666
20
801.940572
70
0
0
VERTEX
8
Layer 1
10
1776.112785
20
801.037008
70
0
0
VERTEX
8
Layer 1
10
1775.793845
20
799.933732
70
0
0
VERTEX
8
Layer 1
10
1775.926787
20
798.751685
70
0
0
VERTEX
8
Layer 1
10
1776.512104
20
797.716159
70
0
0
VERTEX
8
Layer 1
10
1777.417312
20
797.009377
70
0
0
VERTEX
8
Layer 1
10
1778.521325
20
796.693000
70
0
0
VERTEX
8
Layer 1
10
1779.703061
20
796.828686
70
0
0
VERTEX
8
Layer 1
10
1780.739942
20
797.411598
70
0
0
VERTEX
8
Layer 1
10
1781.448824
20
798.315162
70
0
0
VERTEX
8
Layer 1
10
1781.767764
20
799.418437
70
0
0
VERTEX
8
Layer 1
10
1781.634821
20
800.600485
70
0
0
VERTEX
8
Layer 1
10
1781.634821
20
800.600485
70
0
0
SEQEND
8
Layer 1
0
POLYLINE
8
Layer 1
62
7
70
0
10
0.000000
20
0.000000
66
1
0
VERTEX
8
Layer 1
10
1855.860090
20
1026.437606
70
0
0
VERTEX
8
Layer 1
10
1855.275129
20
1027.473933
70
0
0
VERTEX
8
Layer 1
10
1854.369846
20
1028.181387
70
0
0
VERTEX
8
Layer 1
10
1853.265462
20
1028.498186
70
0
0
VERTEX
8
Layer 1
10
1852.083195
20
1028.362549
70
0
0
VERTEX
8
Layer 1
10
1851.045905
20
1027.779297
70
0
0
VERTEX
8
Layer 1
10
1850.336960
20
1026.875182
70
0
0
VERTEX
8
Layer 1
10
1850.018341
20
1025.771322
70
0
0
VERTEX
8
Layer 1
10
1850.152029
20
1024.588833
70
0
0
VERTEX
8
Layer 1
10
1850.736990
20
1023.552506
70
0
0
VERTEX
8
Layer 1
10
1851.642272
20
1022.845052
70
0
0
VERTEX
8
Layer 1
10
1852.746657
20
1022.528253
70
0
0
VERTEX
8
Layer 1
10
1853.928924
20
1022.663889
70
0
0
VERTEX
8
Layer 1
10
1854.966213
20
1023.247141
70
0
0
VERTEX
8
Layer 1
10
1855.675158
20
1024.151256
70
0
0
VERTEX
8
Layer 1
10
1855.993777
20
1025.255117
70
0
0
VERTEX
8
Layer 1
10
1855.860090
20
1026.437606
70
0
0
VERTEX
8
Layer 1
10
1855.860090
20
1026.437606
70
0
0
SEQEND
8
Layer 1
0
POLYLINE
8
Layer 1
62
7
70
0
10
0.000000
20
0.000000
66
1
0
VERTEX
8
Layer 1
10
1866.332364
20
1071.074822
70
0
0
VERTEX
8
Layer 1
10
1879.377523
20
1064.389603
70
0
0
SEQEND
8
Layer 1
0
POLYLINE
8
Layer 1
62
7
70
0
10
0.000000
20
0.000000
66
1
0
VERTEX
8
Layer 1
10
1748.345279
20
119.234675
70
0
0
VERTEX
8
Layer 1
10
1874.336344
20
27.517587
70
0
0
SEQEND
8
Layer 1
0
POLYLINE
8
Layer 1
62
7
70
0
10
0.000000
20
0.000000
66
1
0
VERTEX
8
Layer 1
10
1874.336344
20
27.517587
70
0
0
VERTEX
8
Layer 1
10
1875.908089
20
26.524823
70
0
0
VERTEX
8
Layer 1
10
1877.574970
20
25.757844
70
0
0
VERTEX
8
Layer 1
10
1879.313543
20
25.219141
70
0
0
VERTEX
8
Layer 1
10
1881.100363
20
24.911207
70
0
0
VERTEX
8
Layer 1
10
1882.911984
20
24.836536
70
0
0
VERTEX
8
Layer 1
10
1884.724962
20
24.997619
70
0
0
VERTEX
8
Layer 1
10
1886.515852
20
25.396950
70
0
0
VERTEX
8
Layer 1
10
1888.261208
20
26.037021
70
0
0
VERTEX
8
Layer 1
10
1889.906599
20
26.902268
70
0
0
VERTEX
8
Layer 1
10
1891.403969
20
27.962756
70
0
0
VERTEX
8
Layer 1
10
1892.739442
20
29.199424
70
0
0
VERTEX
8
Layer 1
10
1893.899143
20
30.593210
70
0
0
VERTEX
8
Layer 1
10
1894.869196
20
32.125054
70
0
0
VERTEX
8
Layer 1
10
1895.635724
20
33.775894
70
0
0
VERTEX
8
Layer 1
10
1896.184852
20
35.526668
70
0
0
VERTEX
8
Layer 1
10
1896.502703
20
37.358315
70
0
0
VERTEX
8
Layer 1
10
1896.575556
20
39.215908
70
0
0
VERTEX
8
Layer 1
10
1896.405324
20
41.042866
70
0
0
VERTEX
8
Layer 1
10
1896.001582
20
42.817641
70
0
0
VERTEX
8
Layer 1
10
1895.373905
20
44.518691
70
0
0
VERTEX
8
Layer 1
10
1894.531870
20
46.124469
70
0
0
VERTEX
8
Layer 1
10
1893.485051
20
47.613431
70
0
0
VERTEX
8
Layer 1
10
1892.243025
20
48.964031
70
0
0
VERTEX
8
Layer 1
10
1890.815367
20
50.154726
70
0
0
SEQEND
8
Layer 1
0
POLYLINE
8
Layer 1
62
7
70
0
10
0.000000
20
0.000000
66
1
0
VERTEX
8
Layer 1
10
1809.967983
20
109.009971
70
0
0
VERTEX
8
Layer 1
10
1890.814891
20
50.156393
70
0
0
SEQEND
8
Layer 1
0
POLYLINE
8
Layer 1
62
7
70
0
10
0.000000
20
0.000000
66
1
0
VERTEX
8
Layer 1
10
1798.794220
20
141.558839
70
0
0
VERTEX
8
Layer 1
10
1798.232950
20
139.277497
70
0
0
VERTEX
8
Layer 1
10
1797.854821
20
136.984843
70
0
0
VERTEX
8
Layer 1
10
1797.656578
20
134.690357
70
0
0
VERTEX
8
Layer 1
10
1797.634966
20
132.403519
70
0
0
VERTEX
8
Layer 1
10
1797.786731
20
130.133810
70
0
0
VERTEX
8
Layer 1
10
1798.108618
20
127.890710
70
0
0
VERTEX
8
Layer 1
10
1798.597373
20
125.683699
70
0
0
VERTEX
8
Layer 1
10
1799.249742
20
123.522257
70
0
0
VERTEX
8
Layer 1
10
1800.062470
20
121.415864
70
0
0
VERTEX
8
Layer 1
10
1801.032303
20
119.374001
70
0
0
VERTEX
8
Layer 1
10
1802.155986
20
117.406147
70
0
0
VERTEX
8
Layer 1
10
1803.430264
20
115.521784
70
0
0
VERTEX
8
Layer 1
10
1804.851884
20
113.730390
70
0
0
VERTEX
8
Layer 1
10
1806.417591
20
112.041447
70
0
0
VERTEX
8
Layer 1
10
1808.124130
20
110.464435
70
0
0
VERTEX
8
Layer 1
10
1809.968248
20
109.008833
70
0
0
SEQEND
8
Layer 1
0
POLYLINE
8
Layer 1
62
7
70
0
10
0.000000
20
0.000000
66
1
0
VERTEX
8
Layer 1
10
1800.767929
20
279.747807
70
0
0
VERTEX
8
Layer 1
10
1816.109219
20
201.734115
70
0
0
SEQEND
8
Layer 1
0
POLYLINE
8
Layer 1
62
7
70
0
10
0.000000
20
0.000000
66
1
0
VERTEX
8
Layer 1
10
1879.378343
20
1064.390133
70
0
0
VERTEX
8
Layer 1
10
1868.225070
20
1041.508343
70
0
0
VERTEX
8
Layer 1
10
1857.623056
20
1018.422875
70
0
0
VERTEX
8
Layer 1
10
1847.573285
20
995.143526
70
0
0
VERTEX
8
Layer 1
10
1838.076738
20
971.680097
70
0
0
VERTEX
8
Layer 1
10
1829.134396
20
948.042383
70
0
0
VERTEX
8
Layer 1
10
1820.747242
20
924.240185
70
0
0
VERTEX
8
Layer 1
10
1812.916256
20
900.283299
70
0
0
VERTEX
8
Layer 1
10
1805.642421
20
876.181525
70
0
0
VERTEX
8
Layer 1
10
1798.926718
20
851.944661
70
0
0
VERTEX
8
Layer 1
10
1792.770129
20
827.582504
70
0
0
VERTEX
8
Layer 1
10
1787.173635
20
803.104854
70
0
0
VERTEX
8
Layer 1
10
1782.138218
20
778.521508
70
0
0
VERTEX
8
Layer 1
10
1777.664860
20
753.842265
70
0
0
VERTEX
8
Layer 1
10
1773.754543
20
729.076924
70
0
0
VERTEX
8
Layer 1
10
1770.408247
20
704.235281
70
0
0
VERTEX
8
Layer 1
10
1767.626955
20
679.327136
70
0
0
VERTEX
8
Layer 1
10
1765.411649
20
654.362288
70
0
0
VERTEX
8
Layer 1
10
1763.763310
20
629.350533
70
0
0
VERTEX
8
Layer 1
10
1762.682919
20
604.301671
70
0
0
VERTEX
8
Layer 1
10
1762.171459
20
579.225500
70
0
0
VERTEX
8
Layer 1
10
1762.229910
20
554.131817
70
0
0
VERTEX
8
Layer 1
10
1762.859256
20
529.030422
70
0
0
VERTEX
8
Layer 1
10
1764.060476
20
503.931113
70
0
0
VERTEX
8
Layer 1
10
1765.834554
20
478.843688
70
0
0
VERTEX
8
Layer 1
10
1768.182470
20
453.777944
70
0
0
VERTEX
8
Layer 1
10
1771.105206
20
428.743682
70
0
0
VERTEX
8
Layer 1
10
1774.603745
20
403.750698
70
0
0
VERTEX
8
Layer 1
10
1778.679067
20
378.808791
70
0
0
VERTEX
8
Layer 1
10
1783.332154
20
353.927759
70
0
0
VERTEX
8
Layer 1
10
1788.563988
20
329.117401
70
0
0
VERTEX
8
Layer 1
10
1794.375551
20
304.387515
70
0
0
VERTEX
8
Layer 1
10
1800.767824
20
279.747900
70
0
0
SEQEND
8
Layer 1
0
POLYLINE
8
Layer 1
62
7
70
0
10
0.000000
20
0.000000
66
1
0
VERTEX
8
Layer 1
10
1866.332549
20
1071.075034
70
0
0
VERTEX
8
Layer 1
10
1855.068569
20
1047.875554
70
0
0
VERTEX
8
Layer 1
10
1844.349584
20
1024.474151
70
0
0
VERTEX
8
Layer 1
10
1834.176607
20
1000.880292
70
0
0
VERTEX
8
Layer 1
10
1824.550652
20
977.103443
70
0
0
VERTEX
8
Layer 1
10
1815.472730
20
953.153071
70
0
0
VERTEX
8
Layer 1
10
1806.943855
20
929.038641
70
0
0
VERTEX
8
Layer 1
10
1798.965040
20
904.769622
70
0
0
VERTEX
8
Layer 1
10
1791.537296
20
880.355478
70
0
0
VERTEX
8
Layer 1
10
1784.661636
20
855.805677
70
0
0
VERTEX
8
Layer 1
10
1778.339074
20
831.129686
70
0
0
VERTEX
8
Layer 1
10
1772.570622
20
806.336970
70
0
0
VERTEX
8
Layer 1
10
1767.357292
20
781.436996
70
0
0
VERTEX
8
Layer 1
10
1762.700097
20
756.439231
70
0
0
VERTEX
8
Layer 1
10
1758.600050
20
731.353141
70
0
0
VERTEX
8
Layer 1
10
1755.058164
20
706.188193
70
0
0
VERTEX
8
Layer 1
10
1752.075451
20
680.953853
70
0
0
VERTEX
8
Layer 1
10
1749.652924
20
655.659588
70
0
0
VERTEX
8
Layer 1
10
1747.791595
20
630.314865
70
0
0
VERTEX
8
Layer 1
10
1746.492478
20
604.929149
70
0
0
VERTEX
8
Layer 1
10
1745.756584
20
579.511907
70
0
0
VERTEX
8
Layer 1
10
1745.584927
20
554.072606
70
0
0
VERTEX
8
Layer 1
10
1745.978519
20
528.620712
70
0
0
VERTEX
8
Layer 1
10
1746.938373
20
503.165692
70
0
0
VERTEX
8
Layer 1
10
1748.465502
20
477.717013
70
0
0
VERTEX
8
Layer 1
10
1750.560918
20
452.284140
70
0
0
VERTEX
8
Layer 1
10
1753.225633
20
426.876541
70
0
0
VERTEX
8
Layer 1
10
1756.460662
20
401.503681
70
0
0
VERTEX
8
Layer 1
10
1760.267015
20
376.175028
70
0
0
VERTEX
8
Layer 1
10
1764.645707
20
350.900048
70
0
0
VERTEX
8
Layer 1
10
1769.597749
20
325.688207
70
0
0
VERTEX
8
Layer 1
10
1775.124154
20
300.548972
70
0
0
VERTEX
8
Layer 1
10
1781.225935
20
275.491809
70
0
0
SEQEND
8
Layer 1
0
POLYLINE
8
Layer 1
62
7
70
0
10
0.000000
20
0.000000
66
1
0
VERTEX
8
Layer 1
10
1748.345174
20
119.234940
70
0
0
VERTEX
8
Layer 1
10
1754.243540
20
127.808741
70
0
0
VERTEX
8
Layer 1
10
1759.650073
20
136.639443
70
0
0
VERTEX
8
Layer 1
10
1764.560354
20
145.706060
70
0
0
VERTEX
8
Layer 1
10
1768.969969
20
154.987606
70
0
0
VERTEX
8
Layer 1
10
1772.874501
20
164.463095
70
0
0
VERTEX
8
Layer 1
10
1776.269535
20
174.111542
70
0
0
VERTEX
8
Layer 1
10
1779.150654
20
183.911960
70
0
0
VERTEX
8
Layer 1
10
1781.513443
20
193.843365
70
0
0
VERTEX
8
Layer 1
10
1783.353485
20
203.884770
70
0
0
VERTEX
8
Layer 1
10
1784.666365
20
214.015189
70
0
0
VERTEX
8
Layer 1
10
1785.447666
20
224.213637
70
0
0
VERTEX
8
Layer 1
10
1785.692972
20
234.459129
70
0
0
VERTEX
8
Layer 1
10
1785.397869
20
244.730677
70
0
0
VERTEX
8
Layer 1
10
1784.557938
20
255.007297
70
0
0
VERTEX
8
Layer 1
10
1783.168766
20
265.268003
70
0
0
VERTEX
8
Layer 1
10
1781.225935
20
275.491809
70
0
0
SEQEND
8
Layer 1
0
POLYLINE
8
Layer 1
62
7
70
0
10
0.000000
20
0.000000
66
1
0
VERTEX
8
Layer 1
10
1816.109219
20
201.734115
70
0
0
VERTEX
8
Layer 1
10
1798.794061
20
141.559686
70
0
0
SEQEND
8
Layer 1
0
POLYLINE
8
Layer 1
62
7
70
0
10
0.000000
20
0.000000
66
1
0
VERTEX
8
Layer 1
10
1903.067676
20
355.583211
70
0
0
VERTEX
8
Layer 1
10
1901.915188
20
355.876911
70
0
0
VERTEX
8
Layer 1
10
1900.778753
20
355.712329
70
0
0
VERTEX
8
Layer 1
10
1899.786608
20
355.134210
70
0
0
VERTEX
8
Layer 1
10
1899.066993
20
354.187298
70
0
0
VERTEX
8
Layer 1
10
1898.770354
20
353.035562
70
0
0
VERTEX
8
Layer 1
10
1898.932037
20
351.898711
70
0
0
VERTEX
8
Layer 1
10
1899.507623
20
350.905095
70
0
0
VERTEX
8
Layer 1
10
1900.452697
20
350.183067
70
0
0
VERTEX
8
Layer 1
10
1901.605185
20
349.889366
70
0
0
VERTEX
8
Layer 1
10
1902.741620
20
350.053948
70
0
0
VERTEX
8
Layer 1
10
1903.733765
20
350.632068
70
0
0
VERTEX
8
Layer 1
10
1904.453380
20
351.578980
70
0
0
VERTEX
8
Layer 1
10
1904.750019
20
352.730715
70
0
0
VERTEX
8
Layer 1
10
1904.588336
20
353.867566
70
0
0
VERTEX
8
Layer 1
10
1904.012750
20
354.861182
70
0
0
VERTEX
8
Layer 1
10
1903.067676
20
355.583211
70
0
0
VERTEX
8
Layer 1
10
1903.067676
20
355.583211
70
0
0
SEQEND
8
Layer 1
0
POLYLINE
8
Layer 1
62
7
70
0
10
0.000000
20
0.000000
66
1
0
VERTEX
8
Layer 1
10
1880.148941
20
452.806330
70
0
0
VERTEX
8
Layer 1
10
1878.996001
20
453.101132
70
0
0
VERTEX
8
Layer 1
10
1877.858836
20
452.937107
70
0
0
VERTEX
8
Layer 1
10
1876.865930
20
452.359018
70
0
0
VERTEX
8
Layer 1
10
1876.145768
20
451.411629
70
0
0
VERTEX
8
Layer 1
10
1875.849085
20
450.259171
70
0
0
VERTEX
8
Layer 1
10
1876.011254
20
449.121740
70
0
0
VERTEX
8
Layer 1
10
1876.587722
20
448.127892
70
0
0
VERTEX
8
Layer 1
10
1877.533935
20
447.406185
70
0
0
VERTEX
8
Layer 1
10
1878.686875
20
447.111383
70
0
0
VERTEX
8
Layer 1
10
1879.824041
20
447.275408
70
0
0
VERTEX
8
Layer 1
10
1880.816947
20
447.853497
70
0
0
VERTEX
8
Layer 1
10
1881.537108
20
448.800886
70
0
0
VERTEX
8
Layer 1
10
1881.833792
20
449.953344
70
0
0
VERTEX
8
Layer 1
10
1881.671622
20
451.090775
70
0
0
VERTEX
8
Layer 1
10
1881.095154
20
452.084623
70
0
0
VERTEX
8
Layer 1
10
1880.148941
20
452.806330
70
0
0
VERTEX
8
Layer 1
10
1880.148941
20
452.806330
70
0
0
SEQEND
8
Layer 1
0
POLYLINE
8
Layer 1
62
7
70
0
10
0.000000
20
0.000000
66
1
0
VERTEX
8
Layer 1
10
1888.535429
20
777.721649
70
0
0
VERTEX
8
Layer 1
10
1887.382334
20
778.016818
70
0
0
VERTEX
8
Layer 1
10
1886.244923
20
777.852974
70
0
0
VERTEX
8
Layer 1
10
1885.251762
20
777.274889
70
0
0
VERTEX
8
Layer 1
10
1884.531422
20
776.327333
70
0
0
VERTEX
8
Layer 1
10
1884.234730
20
775.174629
70
0
0
VERTEX
8
Layer 1
10
1884.397072
20
774.037002
70
0
0
VERTEX
8
Layer 1
10
1884.973846
20
773.043080
70
0
0
VERTEX
8
Layer 1
10
1885.920449
20
772.321489
70
0
0
VERTEX
8
Layer 1
10
1887.073544
20
772.026320
70
0
0
VERTEX
8
Layer 1
10
1888.210955
20
772.190164
70
0
0
VERTEX
8
Layer 1
10
1889.204115
20
772.768249
70
0
0
VERTEX
8
Layer 1
10
1889.924456
20
773.715804
70
0
0
VERTEX
8
Layer 1
10
1890.221147
20
774.868508
70
0
0
VERTEX
8
Layer 1
10
1890.058805
20
776.006135
70
0
0
VERTEX
8
Layer 1
10
1889.482032
20
777.000058
70
0
0
VERTEX
8
Layer 1
10
1888.535429
20
777.721649
70
0
0
VERTEX
8
Layer 1
10
1888.535429
20
777.721649
70
0
0
SEQEND
8
Layer 1
0
POLYLINE
8
Layer 1
62
7
70
0
10
0.000000
20
0.000000
66
1
0
VERTEX
8
Layer 1
10
1995.179337
20
1155.382237
70
0
0
VERTEX
8
Layer 1
10
1994.025656
20
1155.678837
70
0
0
VERTEX
8
Layer 1
10
1992.887296
20
1155.515715
70
0
0
VERTEX
8
Layer 1
10
1991.893147
20
1154.937667
70
0
0
VERTEX
8
Layer 1
10
1991.172097
20
1153.989490
70
0
0
VERTEX
8
Layer 1
10
1990.875349
20
1152.835847
70
0
0
VERTEX
8
Layer 1
10
1991.038326
20
1151.697466
70
0
0
VERTEX
8
Layer 1
10
1991.616246
20
1150.703242
70
0
0
VERTEX
8
Layer 1
10
1992.564331
20
1149.982072
70
0
0
VERTEX
8
Layer 1
10
1993.718013
20
1149.685471
70
0
0
VERTEX
8
Layer 1
10
1994.856373
20
1149.848594
70
0
0
VERTEX
8
Layer 1
10
1995.850522
20
1150.426641
70
0
0
VERTEX
8
Layer 1
10
1996.571572
20
1151.374819
70
0
0
VERTEX
8
Layer 1
10
1996.868319
20
1152.528462
70
0
0
VERTEX
8
Layer 1
10
1996.705343
20
1153.666843
70
0
0
VERTEX
8
Layer 1
10
1996.127422
20
1154.661066
70
0
0
VERTEX
8
Layer 1
10
1995.179337
20
1155.382237
70
0
0
VERTEX
8
Layer 1
10
1995.179337
20
1155.382237
70
0
0
SEQEND
8
Layer 1
0
POLYLINE
8
Layer 1
62
7
70
0
10
0.000000
20
0.000000
66
1
0
VERTEX
8
Layer 1
10
2012.086562
20
1083.259134
70
0
0
VERTEX
8
Layer 1
10
2013.452307
20
1086.042232
70
0
0
VERTEX
8
Layer 1
10
2014.673381
20
1088.877101
70
0
0
VERTEX
8
Layer 1
10
2015.749294
20
1091.758219
70
0
0
VERTEX
8
Layer 1
10
2016.679559
20
1094.680061
70
0
0
VERTEX
8
Layer 1
10
2018.101184
20
1100.623827
70
0
0
VERTEX
8
Layer 1
10
2018.934346
20
1106.664213
70
0
0
VERTEX
8
Layer 1
10
2019.175134
20
1112.757031
70
0
0
VERTEX
8
Layer 1
10
2018.819635
20
1118.858096
70
0
0
VERTEX
8
Layer 1
10
2018.417057
20
1121.897913
70
0
0
VERTEX
8
Layer 1
10
2017.863940
20
1124.923221
70
0
0
VERTEX
8
Layer 1
10
2017.159796
20
1127.928498
70
0
0
VERTEX
8
Layer 1
10
2016.304137
20
1130.908219
70
0
0
VERTEX
8
Layer 1
10
2015.301917
20
1133.841894
70
0
0
VERTEX
8
Layer 1
10
2014.160791
20
1136.709879
70
0
0
VERTEX
8
Layer 1
10
2012.884318
20
1139.507923
70
0
0
VERTEX
8
Layer 1
10
2011.476059
20
1142.231773
70
0
0
VERTEX
8
Layer 1
10
2008.278423
20
1147.439891
70
0
0
VERTEX
8
Layer 1
10
2004.596359
20
1152.300222
70
0
0
VERTEX
8
Layer 1
10
2000.458347
20
1156.778757
70
0
0
VERTEX
8
Layer 1
10
1995.892867
20
1160.841486
70
0
0
VERTEX
8
Layer 1
10
1993.458726
20
1162.706294
70
0
0
VERTEX
8
Layer 1
10
1990.928397
20
1164.454397
70
0
0
VERTEX
8
Layer 1
10
1988.305440
20
1166.081544
70
0
0
VERTEX
8
Layer 1
10
1985.593416
20
1167.583482
70
0
0
SEQEND
8
Layer 1
0
POLYLINE
8
Layer 1
62
7
70
0
10
0.000000
20
0.000000
66
1
0
VERTEX
8
Layer 1
10
1978.651155
20
1154.277788
70
0
0
VERTEX
8
Layer 1
10
1985.594263
20
1167.583853
70
0
0
SEQEND
8
Layer 1
0
POLYLINE
8
Layer 1
62
7
70
0
10
0.000000
20
0.000000
66
1
0
VERTEX
8
Layer 1
10
1998.782455
20
1090.202003
70
0
0
VERTEX
8
Layer 1
10
2000.811658
20
1094.620401
70
0
0
VERTEX
8
Layer 1
10
2002.355310
20
1099.133965
70
0
0
VERTEX
8
Layer 1
10
2003.423532
20
1103.710486
70
0
0
VERTEX
8
Layer 1
10
2004.026442
20
1108.317756
70
0
0
VERTEX
8
Layer 1
10
2004.174160
20
1112.923565
70
0
0
VERTEX
8
Layer 1
10
2003.876806
20
1117.495706
70
0
0
VERTEX
8
Layer 1
10
2003.144499
20
1122.001968
70
0
0
VERTEX
8
Layer 1
10
2001.987358
20
1126.410144
70
0
0
VERTEX
8
Layer 1
10
2000.415503
20
1130.688025
70
0
0
VERTEX
8
Layer 1
10
1998.439053
20
1134.803401
70
0
0
VERTEX
8
Layer 1
10
1996.068127
20
1138.724064
70
0
0
VERTEX
8
Layer 1
10
1993.312846
20
1142.417805
70
0
0
VERTEX
8
Layer 1
10
1990.183327
20
1145.852416
70
0
0
VERTEX
8
Layer 1
10
1986.689692
20
1148.995687
70
0
0
VERTEX
8
Layer 1
10
1982.842058
20
1151.815410
70
0
0
VERTEX
8
Layer 1
10
1978.650546
20
1154.279376
70
0
0
SEQEND
8
Layer 1
0
POLYLINE
8
Layer 1
62
7
70
0
10
0.000000
20
0.000000
66
1
0
VERTEX
8
Layer 1
10
1998.782455
20
1090.202003
70
0
0
VERTEX
8
Layer 1
10
1988.306829
20
1071.990201
70
0
0
VERTEX
8
Layer 1
10
1978.236924
20
1053.592080
70
0
0
VERTEX
8
Layer 1
10
1968.574087
20
1035.014428
70
0
0
VERTEX
8
Layer 1
10
1959.319664
20
1016.264032
70
0
0
VERTEX
8
Layer 1
10
1950.475003
20
997.347678
70
0
0
VERTEX
8
Layer 1
10
1942.041449
20
978.272152
70
0
0
VERTEX
8
Layer 1
10
1934.020351
20
959.044242
70
0
0
VERTEX
8
Layer 1
10
1926.413053
20
939.670734
70
0
0
VERTEX
8
Layer 1
10
1919.220904
20
920.158415
70
0
0
VERTEX
8
Layer 1
10
1912.445250
20
900.514071
70
0
0
VERTEX
8
Layer 1
10
1906.087437
20
880.744489
70
0
0
VERTEX
8
Layer 1
10
1900.148813
20
860.856455
70
0
0
VERTEX
8
Layer 1
10
1894.630723
20
840.856757
70
0
0
VERTEX
8
Layer 1
10
1889.534516
20
820.752181
70
0
0
VERTEX
8
Layer 1
10
1884.861536
20
800.549512
70
0
0
VERTEX
8
Layer 1
10
1880.613132
20
780.255539
70
0
0
VERTEX
8
Layer 1
10
1876.790650
20
759.877048
70
0
0
VERTEX
8
Layer 1
10
1873.395436
20
739.420825
70
0
0
VERTEX
8
Layer 1
10
1870.428837
20
718.893657
70
0
0
VERTEX
8
Layer 1
10
1867.892201
20
698.302331
70
0
0
VERTEX
8
Layer 1
10
1865.786873
20
677.653633
70
0
0
VERTEX
8
Layer 1
10
1864.114200
20
656.954350
70
0
0
VERTEX
8
Layer 1
10
1862.875530
20
636.211268
70
0
0
VERTEX
8
Layer 1
10
1862.072209
20
615.431174
70
0
0
VERTEX
8
Layer 1
10
1861.705583
20
594.620855
70
0
0
VERTEX
8
Layer 1
10
1861.776999
20
573.787098
70
0
0
VERTEX
8
Layer 1
10
1862.287804
20
552.936689
70
0
0
VERTEX
8
Layer 1
10
1863.239345
20
532.076414
70
0
0
VERTEX
8
Layer 1
10
1864.632968
20
511.213061
70
0
0
VERTEX
8
Layer 1
10
1866.470021
20
490.353415
70
0
0
VERTEX
8
Layer 1
10
1868.751849
20
469.504265
70
0
0
VERTEX
8
Layer 1
10
1871.479800
20
448.672395
70
0
0
SEQEND
8
Layer 1
0
POLYLINE
8
Layer 1
62
7
70
0
10
0.000000
20
0.000000
66
1
0
VERTEX
8
Layer 1
10
1871.479800
20
448.672395
70
0
0
VERTEX
8
Layer 1
10
1874.783228
20
431.298796
70
0
0
VERTEX
8
Layer 1
10
1878.426165
20
413.998429
70
0
0
VERTEX
8
Layer 1
10
1882.407312
20
396.776240
70
0
0
VERTEX
8
Layer 1
10
1886.725373
20
379.637173
70
0
0
VERTEX
8
Layer 1
10
1891.379050
20
362.586175
70
0
0
VERTEX
8
Layer 1
10
1896.367045
20
345.628190
70
0
0
VERTEX
8
Layer 1
10
1901.688060
20
328.768164
70
0
0
VERTEX
8
Layer 1
10
1907.340798
20
312.011042
70
0
0
SEQEND
8
Layer 1
0
POLYLINE
8
Layer 1
62
7
70
0
10
0.000000
20
0.000000
66
1
0
VERTEX
8
Layer 1
10
1907.340665
20
312.011148
70
0
0
VERTEX
8
Layer 1
10
1921.239607
20
316.819071
70
0
0
SEQEND
8
Layer 1
0
POLYLINE
8
Layer 1
62
7
70
0
10
0.000000
20
0.000000
66
1
0
VERTEX
8
Layer 1
10
1890.093267
20
431.921759
70
0
0
VERTEX
8
Layer 1
10
1893.115501
20
417.310266
70
0
0
VERTEX
8
Layer 1
10
1896.388289
20
402.756251
70
0
0
VERTEX
8
Layer 1
10
1899.910764
20
388.262917
70
0
0
VERTEX
8
Layer 1
10
1903.682059
20
373.833470
70
0
0
VERTEX
8
Layer 1
10
1907.701308
20
359.471115
70
0
0
VERTEX
8
Layer 1
10
1911.967642
20
345.179056
70
0
0
VERTEX
8
Layer 1
10
1916.480195
20
330.960499
70
0
0
VERTEX
8
Layer 1
10
1921.238099
20
316.818648
70
0
0
SEQEND
8
Layer 1
0
POLYLINE
8
Layer 1
62
7
70
0
10
0.000000
20
0.000000
66
1
0
VERTEX
8
Layer 1
10
1883.810267
20
471.396066
70
0
0
VERTEX
8
Layer 1
10
1885.103185
20
461.484602
70
0
0
VERTEX
8
Layer 1
10
1886.581600
20
451.599994
70
0
0
VERTEX
8
Layer 1
10
1888.245099
20
441.744845
70
0
0
VERTEX
8
Layer 1
10
1890.093267
20
431.921759
70
0
0
SEQEND
8
Layer 1
0
POLYLINE
8
Layer 1
62
7
70
0
10
0.000000
20
0.000000
66
1
0
VERTEX
8
Layer 1
10
2012.086350
20
1083.258711
70
0
0
VERTEX
8
Layer 1
10
2002.065302
20
1065.891867
70
0
0
VERTEX
8
Layer 1
10
1992.419368
20
1048.350890
70
0
0
VERTEX
8
Layer 1
10
1983.149826
20
1030.641879
70
0
0
VERTEX
8
Layer 1
10
1974.257955
20
1012.770931
70
0
0
VERTEX
8
Layer 1
10
1965.745033
20
994.744144
70
0
0
VERTEX
8
Layer 1
10
1957.612338
20
976.567616
70
0
0
VERTEX
8
Layer 1
10
1949.861149
20
958.247446
70
0
0
VERTEX
8
Layer 1
10
1942.492744
20
939.789732
70
0
0
VERTEX
8
Layer 1
10
1935.508402
20
921.200570
70
0
0
VERTEX
8
Layer 1
10
1928.909401
20
902.486060
70
0
0
VERTEX
8
Layer 1
10
1922.697019
20
883.652300
70
0
0
VERTEX
8
Layer 1
10
1916.872536
20
864.705387
70
0
0
VERTEX
8
Layer 1
10
1911.437230
20
845.651420
70
0
0
VERTEX
8
Layer 1
10
1906.392378
20
826.496496
70
0
0
VERTEX
8
Layer 1
10
1901.739259
20
807.246714
70
0
0
VERTEX
8
Layer 1
10
1897.479153
20
787.908171
70
0
0
VERTEX
8
Layer 1
10
1893.613337
20
768.486966
70
0
0
VERTEX
8
Layer 1
10
1890.143089
20
748.989197
70
0
0
VERTEX
8
Layer 1
10
1887.069689
20
729.420961
70
0
0
VERTEX
8
Layer 1
10
1884.394414
20
709.788357
70
0
0
VERTEX
8
Layer 1
10
1882.118543
20
690.097483
70
0
0
VERTEX
8
Layer 1
10
1880.243355
20
670.354436
70
0
0
VERTEX
8
Layer 1
10
1878.770128
20
650.565316
70
0
0
VERTEX
8
Layer 1
10
1877.700140
20
630.736219
70
0
0
VERTEX
8
Layer 1
10
1877.034670
20
610.873244
70
0
0
VERTEX
8
Layer 1
10
1876.774996
20
590.982489
70
0
0
VERTEX
8
Layer 1
10
1876.922397
20
571.070052
70
0
0
VERTEX
8
Layer 1
10
1877.478151
20
551.142031
70
0
0
VERTEX
8
Layer 1
10
1878.443537
20
531.204524
70
0
0
VERTEX
8
Layer 1
10
1879.819832
20
511.263628
70
0
0
VERTEX
8
Layer 1
10
1881.608316
20
491.325443
70
0
0
VERTEX
8
Layer 1
10
1883.810267
20
471.396066
70
0
0
SEQEND
8
Layer 1
0
POLYLINE
8
Layer 1
62
7
70
0
10
0.000000
20
0.000000
66
1
0
VERTEX
8
Layer 1
10
1965.892963
20
1104.849874
70
0
0
VERTEX
8
Layer 1
10
1964.725786
20
1105.083779
70
0
0
VERTEX
8
Layer 1
10
1963.598520
20
1104.860060
70
0
0
VERTEX
8
Layer 1
10
1962.637221
20
1104.230233
70
0
0
VERTEX
8
Layer 1
10
1961.967945
20
1103.245813
70
0
0
VERTEX
8
Layer 1
10
1961.732658
20
1102.078914
70
0
0
VERTEX
8
Layer 1
10
1961.955042
20
1100.951384
70
0
0
VERTEX
8
Layer 1
10
1962.583731
20
1099.989340
70
0
0
VERTEX
8
Layer 1
10
1963.567357
20
1099.318899
70
0
0
VERTEX
8
Layer 1
10
1964.734534
20
1099.084993
70
0
0
VERTEX
8
Layer 1
10
1965.861800
20
1099.308712
70
0
0
VERTEX
8
Layer 1
10
1966.823099
20
1099.938540
70
0
0
VERTEX
8
Layer 1
10
1967.492375
20
1100.922960
70
0
0
VERTEX
8
Layer 1
10
1967.727662
20
1102.089859
70
0
0
VERTEX
8
Layer 1
10
1967.505278
20
1103.217389
70
0
0
VERTEX
8
Layer 1
10
1966.876589
20
1104.179433
70
0
0
VERTEX
8
Layer 1
10
1965.892963
20
1104.849874
70
0
0
VERTEX
8
Layer 1
10
1965.892963
20
1104.849874
70
0
0
SEQEND
8
Layer 1
0
POLYLINE
8
Layer 1
62
7
70
0
10
0.000000
20
0.000000
66
1
0
VERTEX
8
Layer 1
10
1796.522563
20
726.756404
70
0
0
VERTEX
8
Layer 1
10
1795.356737
20
726.987473
70
0
0
VERTEX
8
Layer 1
10
1794.231476
20
726.762396
70
0
0
VERTEX
8
Layer 1
10
1793.272188
20
726.132603
70
0
0
VERTEX
8
Layer 1
10
1792.604282
20
725.149523
70
0
0
VERTEX
8
Layer 1
10
1792.369007
20
723.984539
70
0
0
VERTEX
8
Layer 1
10
1792.590021
20
722.858472
70
0
0
VERTEX
8
Layer 1
10
1793.216348
20
721.896918
70
0
0
VERTEX
8
Layer 1
10
1794.197011
20
721.225468
70
0
0
VERTEX
8
Layer 1
10
1795.362837
20
720.994399
70
0
0
VERTEX
8
Layer 1
10
1796.488098
20
721.219476
70
0
0
VERTEX
8
Layer 1
10
1797.447386
20
721.849270
70
0
0
VERTEX
8
Layer 1
10
1798.115292
20
722.832349
70
0
0
VERTEX
8
Layer 1
10
1798.350567
20
723.997334
70
0
0
VERTEX
8
Layer 1
10
1798.129552
20
725.123400
70
0
0
VERTEX
8
Layer 1
10
1797.503225
20
726.084954
70
0
0
VERTEX
8
Layer 1
10
1796.522563
20
726.756404
70
0
0
VERTEX
8
Layer 1
10
1796.522563
20
726.756404
70
0
0
SEQEND
8
Layer 1
0
POLYLINE
8
Layer 1
62
7
70
0
10
0.000000
20
0.000000
66
1
0
VERTEX
8
Layer 1
10
1975.343867
20
1091.057665
70
0
0
VERTEX
8
Layer 1
10
1970.824295
20
1092.850249
70
0
0
VERTEX
8
Layer 1
10
1966.235379
20
1094.152927
70
0
0
VERTEX
8
Layer 1
10
1961.608750
20
1094.977510
70
0
0
VERTEX
8
Layer 1
10
1956.976034
20
1095.335807
70
0
0
VERTEX
8
Layer 1
10
1952.368861
20
1095.239626
70
0
0
VERTEX
8
Layer 1
10
1947.818858
20
1094.700778
70
0
0
VERTEX
8
Layer 1
10
1943.357654
20
1093.731072
70
0
0
VERTEX
8
Layer 1
10
1939.016877
20
1092.342317
70
0
0
VERTEX
8
Layer 1
10
1934.828156
20
1090.546323
70
0
0
VERTEX
8
Layer 1
10
1930.823118
20
1088.354899
70
0
0
VERTEX
8
Layer 1
10
1927.033391
20
1085.779854
70
0
0
VERTEX
8
Layer 1
10
1923.490605
20
1082.832997
70
0
0
VERTEX
8
Layer 1
10
1920.226387
20
1079.526139
70
0
0
VERTEX
8
Layer 1
10
1917.272366
20
1075.871088
70
0
0
VERTEX
8
Layer 1
10
1914.660170
20
1071.879655
70
0
0
VERTEX
8
Layer 1
10
1912.421426
20
1067.563647
70
0
0
SEQEND
8
Layer 1
0
POLYLINE
8
Layer 1
62
7
70
0
10
0.000000
20
0.000000
66
1
0
VERTEX
8
Layer 1
10
1981.573130
20
1104.710492
70
0
0
VERTEX
8
Layer 1
10
1978.721670
20
1105.927072
70
0
0
VERTEX
8
Layer 1
10
1975.826165
20
1106.996445
70
0
0
VERTEX
8
Layer 1
10
1972.892157
20
1107.918414
70
0
0
VERTEX
8
Layer 1
10
1969.925187
20
1108.692782
70
0
0
VERTEX
8
Layer 1
10
1963.914529
20
1109.797936
70
0
0
VERTEX
8
Layer 1
10
1957.838522
20
1110.310338
70
0
0
VERTEX
8
Layer 1
10
1951.741498
20
1110.228422
70
0
0
VERTEX
8
Layer 1
10
1945.667788
20
1109.550618
70
0
0
VERTEX
8
Layer 1
10
1942.653529
20
1108.987769
70
0
0
VERTEX
8
Layer 1
10
1939.661723
20
1108.275360
70
0
0
VERTEX
8
Layer 1
10
1936.697911
20
1107.413195
70
0
0
VERTEX
8
Layer 1
10
1933.767636
20
1106.401079
70
0
0
VERTEX
8
Layer 1
10
1930.891096
20
1105.245044
70
0
0
VERTEX
8
Layer 1
10
1928.087505
20
1103.953773
70
0
0
VERTEX
8
Layer 1
10
1925.360918
20
1102.531046
70
0
0
VERTEX
8
Layer 1
10
1922.715392
20
1100.980643
70
0
0
VERTEX
8
Layer 1
10
1917.683754
20
1097.511926
70
0
0
VERTEX
8
Layer 1
10
1913.025046
20
1093.577863
70
0
0
VERTEX
8
Layer 1
10
1908.771723
20
1089.208691
70
0
0
VERTEX
8
Layer 1
10
1904.956242
20
1084.434649
70
0
0
VERTEX
8
Layer 1
10
1903.222834
20
1081.905252
70
0
0
VERTEX
8
Layer 1
10
1901.611058
20
1079.285976
70
0
0
VERTEX
8
Layer 1
10
1900.124969
20
1076.580602
70
0
0
VERTEX
8
Layer 1
10
1898.768626
20
1073.792910
70
0
0
SEQEND
8
Layer 1
0
POLYLINE
8
Layer 1
62
7
70
0
10
0.000000
20
0.000000
66
1
0
VERTEX
8
Layer 1
10
1975.343391
20
1091.058168
70
0
0
VERTEX
8
Layer 1
10
1981.571754
20
1104.710518
70
0
0
SEQEND
8
Layer 1
0
POLYLINE
8
Layer 1
62
7
70
0
10
0.000000
20
0.000000
66
1
0
VERTEX
8
Layer 1
10
1841.040425
20
255.066597
70
0
0
VERTEX
8
Layer 1
10
1839.873353
20
255.300289
70
0
0
VERTEX
8
Layer 1
10
1838.746241
20
255.076469
70
0
0
VERTEX
8
Layer 1
10
1837.785095
20
254.446646
70
0
0
VERTEX
8
Layer 1
10
1837.115923
20
253.462331
70
0
0
VERTEX
8
Layer 1
10
1836.880635
20
252.295579
70
0
0
VERTEX
8
Layer 1
10
1837.102913
20
251.168162
70
0
0
VERTEX
8
Layer 1
10
1837.731421
20
250.206156
70
0
0
VERTEX
8
Layer 1
10
1838.714820
20
249.535638
70
0
0
VERTEX
8
Layer 1
10
1839.881892
20
249.301946
70
0
0
VERTEX
8
Layer 1
10
1841.009005
20
249.525766
70
0
0
VERTEX
8
Layer 1
10
1841.970150
20
250.155588
70
0
0
VERTEX
8
Layer 1
10
1842.639323
20
251.139904
70
0
0
VERTEX
8
Layer 1
10
1842.874610
20
252.306656
70
0
0
VERTEX
8
Layer 1
10
1842.652332
20
253.434073
70
0
0
VERTEX
8
Layer 1
10
1842.023825
20
254.396079
70
0
0
VERTEX
8
Layer 1
10
1841.040425
20
255.066597
70
0
0
VERTEX
8
Layer 1
10
1841.040425
20
255.066597
70
0
0
SEQEND
8
Layer 1
0
POLYLINE
8
Layer 1
62
7
70
0
10
0.000000
20
0.000000
66
1
0
VERTEX
8
Layer 1
10
1807.387743
20
358.642312
70
0
0
VERTEX
8
Layer 1
10
1806.221383
20
358.874513
70
0
0
VERTEX
8
Layer 1
10
1805.095326
20
358.649982
70
0
0
VERTEX
8
Layer 1
10
1804.135237
20
358.020181
70
0
0
VERTEX
8
Layer 1
10
1803.466782
20
357.036575
70
0
0
VERTEX
8
Layer 1
10
1803.231495
20
355.870833
70
0
0
VERTEX
8
Layer 1
10
1803.453046
20
354.744186
70
0
0
VERTEX
8
Layer 1
10
1804.080304
20
353.782434
70
0
0
VERTEX
8
Layer 1
10
1805.062138
20
353.111379
70
0
0
VERTEX
8
Layer 1
10
1806.228498
20
352.879177
70
0
0
VERTEX
8
Layer 1
10
1807.354555
20
353.103708
70
0
0
VERTEX
8
Layer 1
10
1808.314644
20
353.733509
70
0
0
VERTEX
8
Layer 1
10
1808.983099
20
354.717115
70
0
0
VERTEX
8
Layer 1
10
1809.218386
20
355.882857
70
0
0
VERTEX
8
Layer 1
10
1808.996835
20
357.009504
70
0
0
VERTEX
8
Layer 1
10
1808.369577
20
357.971256
70
0
0
VERTEX
8
Layer 1
10
1807.387743
20
358.642312
70
0
0
VERTEX
8
Layer 1
10
1807.387743
20
358.642312
70
0
0
SEQEND
8
Layer 1
0
POLYLINE
8
Layer 1
62
7
70
0
10
0.000000
20
0.000000
66
1
0
VERTEX
8
Layer 1
10
1912.421426
20
1067.563647
70
0
0
VERTEX
8
Layer 1
10
1902.092633
20
1046.984465
70
0
0
VERTEX
8
Layer 1
10
1892.220272
20
1026.226410
70
0
0
VERTEX
8
Layer 1
10
1882.805392
20
1005.297020
70
0
0
VERTEX
8
Layer 1
10
1873.849045
20
984.203833
70
0
0
VERTEX
8
Layer 1
10
1865.352281
20
962.954389
70
0
0
VERTEX
8
Layer 1
10
1857.316150
20
941.556224
70
0
0
VERTEX
8
Layer 1
10
1849.741704
20
920.016877
70
0
0
VERTEX
8
Layer 1
10
1842.629991
20
898.343886
70
0
0
VERTEX
8
Layer 1
10
1835.982063
20
876.544790
70
0
0
VERTEX
8
Layer 1
10
1829.798971
20
854.627126
70
0
0
VERTEX
8
Layer 1
10
1824.081764
20
832.598433
70
0
0
VERTEX
8
Layer 1
10
1818.831493
20
810.466248
70
0
0
VERTEX
8
Layer 1
10
1814.049209
20
788.238111
70
0
0
VERTEX
8
Layer 1
10
1809.735962
20
765.921558
70
0
0
VERTEX
8
Layer 1
10
1805.892803
20
743.524130
70
0
0
VERTEX
8
Layer 1
10
1802.520782
20
721.053362
70
0
0
VERTEX
8
Layer 1
10
1799.620949
20
698.516794
70
0
0
VERTEX
8
Layer 1
10
1797.194355
20
675.921964
70
0
0
VERTEX
8
Layer 1
10
1795.242050
20
653.276411
70
0
0
VERTEX
8
Layer 1
10
1793.765085
20
630.587671
70
0
0
VERTEX
8
Layer 1
10
1792.764510
20
607.863284
70
0
0
VERTEX
8
Layer 1
10
1792.241376
20
585.110787
70
0
0
VERTEX
8
Layer 1
10
1792.196734
20
562.337719
70
0
0
VERTEX
8
Layer 1
10
1792.631632
20
539.551617
70
0
0
VERTEX
8
Layer 1
10
1793.547123
20
516.760021
70
0
0
VERTEX
8
Layer 1
10
1794.944257
20
493.970468
70
0
0
VERTEX
8
Layer 1
10
1796.824084
20
471.190496
70
0
0
VERTEX
8
Layer 1
10
1799.187654
20
448.427644
70
0
0
VERTEX
8
Layer 1
10
1802.036018
20
425.689450
70
0
0
VERTEX
8
Layer 1
10
1805.370226
20
402.983451
70
0
0
VERTEX
8
Layer 1
10
1809.191329
20
380.317187
70
0
0
VERTEX
8
Layer 1
10
1813.500378
20
357.698195
70
0
0
SEQEND
8
Layer 1
0
POLYLINE
8
Layer 1
62
7
70
0
10
0.000000
20
0.000000
66
1
0
VERTEX
8
Layer 1
10
1813.500378
20
357.698195
70
0
0
VERTEX
8
Layer 1
10
1818.529713
20
339.031758
70
0
0
VERTEX
8
Layer 1
10
1823.883863
20
320.460508
70
0
0
VERTEX
8
Layer 1
10
1829.561412
20
301.988656
70
0
0
VERTEX
8
Layer 1
10
1835.560944
20
283.620411
70
0
0
VERTEX
8
Layer 1
10
1841.881042
20
265.359986
70
0
0
VERTEX
8
Layer 1
10
1848.520290
20
247.211589
70
0
0
VERTEX
8
Layer 1
10
1855.477272
20
229.179434
70
0
0
VERTEX
8
Layer 1
10
1862.750572
20
211.267728
70
0
0
SEQEND
8
Layer 1
0
POLYLINE
8
Layer 1
62
7
70
0
10
0.000000
20
0.000000
66
1
0
VERTEX
8
Layer 1
10
1849.170558
20
205.749268
70
0
0
VERTEX
8
Layer 1
10
1862.750598
20
211.267490
70
0
0
SEQEND
8
Layer 1
0
POLYLINE
8
Layer 1
62
7
70
0
10
0.000000
20
0.000000
66
1
0
VERTEX
8
Layer 1
10
1809.676757
20
315.520810
70
0
0
VERTEX
8
Layer 1
10
1813.999721
20
301.585102
70
0
0
VERTEX
8
Layer 1
10
1818.499239
20
287.707259
70
0
0
VERTEX
8
Layer 1
10
1823.174708
20
273.888949
70
0
0
VERTEX
8
Layer 1
10
1828.025530
20
260.131841
70
0
0
VERTEX
8
Layer 1
10
1833.051102
20
246.437605
70
0
0
VERTEX
8
Layer 1
10
1838.250825
20
232.807910
70
0
0
VERTEX
8
Layer 1
10
1843.624098
20
219.244424
70
0
0
VERTEX
8
Layer 1
10
1849.170320
20
205.748818
70
0
0
SEQEND
8
Layer 1
0
POLYLINE
8
Layer 1
62
7
70
0
10
0.000000
20
0.000000
66
1
0
VERTEX
8
Layer 1
10
1791.577348
20
393.370233
70
0
0
VERTEX
8
Layer 1
10
1793.276034
20
383.515324
70
0
0
VERTEX
8
Layer 1
10
1795.136713
20
373.691790
70
0
0
VERTEX
8
Layer 1
10
1797.158923
20
363.901621
70
0
0
VERTEX
8
Layer 1
10
1799.342201
20
354.146803
70
0
0
VERTEX
8
Layer 1
10
1801.686086
20
344.429325
70
0
0
VERTEX
8
Layer 1
10
1804.190115
20
334.751175
70
0
0
VERTEX
8
Layer 1
10
1806.853826
20
325.114340
70
0
0
VERTEX
8
Layer 1
10
1809.676757
20
315.520810
70
0
0
SEQEND
8
Layer 1
0
POLYLINE
8
Layer 1
62
7
70
0
10
0.000000
20
0.000000
66
1
0
VERTEX
8
Layer 1
10
1898.768626
20
1073.792910
70
0
0
VERTEX
8
Layer 1
10
1888.876659
20
1054.071481
70
0
0
VERTEX
8
Layer 1
10
1879.396634
20
1034.186227
70
0
0
VERTEX
8
Layer 1
10
1870.329564
20
1014.143582
70
0
0
VERTEX
8
Layer 1
10
1861.676463
20
993.949983
70
0
0
VERTEX
8
Layer 1
10
1853.438345
20
973.611864
70
0
0
VERTEX
8
Layer 1
10
1845.616224
20
953.135662
70
0
0
VERTEX
8
Layer 1
10
1838.211114
20
932.527811
70
0
0
VERTEX
8
Layer 1
10
1831.224028
20
911.794749
70
0
0
VERTEX
8
Layer 1
10
1824.655981
20
890.942910
70
0
0
VERTEX
8
Layer 1
10
1818.507986
20
869.978730
70
0
0
VERTEX
8
Layer 1
10
1812.781057
20
848.908644
70
0
0
VERTEX
8
Layer 1
10
1807.476208
20
827.739089
70
0
0
VERTEX
8
Layer 1
10
1802.594453
20
806.476500
70
0
0
VERTEX
8
Layer 1
10
1798.136806
20
785.127312
70
0
0
VERTEX
8
Layer 1
10
1794.104280
20
763.697962
70
0
0
VERTEX
8
Layer 1
10
1790.497889
20
742.194884
70
0
0
VERTEX
8
Layer 1
10
1787.318648
20
720.624515
70
0
0
VERTEX
8
Layer 1
10
1784.567570
20
698.993290
70
0
0
VERTEX
8
Layer 1
10
1782.245668
20
677.307645
70
0
0
VERTEX
8
Layer 1
10
1780.353958
20
655.574015
70
0
0
VERTEX
8
Layer 1
10
1778.893452
20
633.798837
70
0
0
VERTEX
8
Layer 1
10
1777.865164
20
611.988545
70
0
0
VERTEX
8
Layer 1
10
1777.270109
20
590.149575
70
0
0
VERTEX
8
Layer 1
10
1777.109300
20
568.288363
70
0
0
VERTEX
8
Layer 1
10
1777.383750
20
546.411345
70
0
0
VERTEX
8
Layer 1
10
1778.094475
20
524.524956
70
0
0
VERTEX
8
Layer 1
10
1779.242487
20
502.635632
70
0
0
VERTEX
8
Layer 1
10
1780.828801
20
480.749809
70
0
0
VERTEX
8
Layer 1
10
1782.854430
20
458.873921
70
0
0
VERTEX
8
Layer 1
10
1785.320388
20
437.014406
70
0
0
VERTEX
8
Layer 1
10
1788.227690
20
415.177698
70
0
0
VERTEX
8
Layer 1
10
1791.577348
20
393.370233
70
0
0
SEQEND
8
Layer 1
0
POLYLINE
8
Layer 1
62
7
70
0
10
0.000000
20
0.000000
66
1
0
VERTEX
8
Layer 1
10
1703.260151
20
288.952742
70
0
0
VERTEX
8
Layer 1
10
1702.749654
20
290.028109
70
0
0
VERTEX
8
Layer 1
10
1701.896237
20
290.797825
70
0
0
VERTEX
8
Layer 1
10
1700.816573
20
291.191664
70
0
0
VERTEX
8
Layer 1
10
1699.627334
20
291.139396
70
0
0
VERTEX
8
Layer 1
10
1698.551369
20
290.630164
70
0
0
VERTEX
8
Layer 1
10
1697.780650
20
289.777651
70
0
0
VERTEX
8
Layer 1
10
1697.385544
20
288.698450
70
0
0
VERTEX
8
Layer 1
10
1697.436414
20
287.509151
70
0
0
VERTEX
8
Layer 1
10
1697.946911
20
286.433784
70
0
0
VERTEX
8
Layer 1
10
1698.800328
20
285.664068
70
0
0
VERTEX
8
Layer 1
10
1699.879992
20
285.270229
70
0
0
VERTEX
8
Layer 1
10
1701.069231
20
285.322497
70
0
0
VERTEX
8
Layer 1
10
1702.145196
20
285.831730
70
0
0
VERTEX
8
Layer 1
10
1702.915915
20
286.684242
70
0
0
VERTEX
8
Layer 1
10
1703.311021
20
287.763443
70
0
0
VERTEX
8
Layer 1
10
1703.260151
20
288.952742
70
0
0
VERTEX
8
Layer 1
10
1703.260151
20
288.952742
70
0
0
SEQEND
8
Layer 1
0
POLYLINE
8
Layer 1
62
7
70
0
10
0.000000
20
0.000000
66
1
0
VERTEX
8
Layer 1
10
1676.126582
20
359.852882
70
0
0
VERTEX
8
Layer 1
10
1675.616795
20
360.929595
70
0
0
VERTEX
8
Layer 1
10
1674.763323
20
361.700483
70
0
0
VERTEX
8
Layer 1
10
1673.683060
20
362.095092
70
0
0
VERTEX
8
Layer 1
10
1672.492902
20
362.042965
70
0
0
VERTEX
8
Layer 1
10
1671.416189
20
361.533179
70
0
0
VERTEX
8
Layer 1
10
1670.645301
20
360.679706
70
0
0
VERTEX
8
Layer 1
10
1670.250693
20
359.599444
70
0
0
VERTEX
8
Layer 1
10
1670.302819
20
358.409285
70
0
0
VERTEX
8
Layer 1
10
1670.591945
20
357.674510
70
0
0
VERTEX
8
Layer 1
10
1671.053836
20
357.050047
70
0
0
VERTEX
8
Layer 1
10
1671.660478
20
356.564988
70
0
0
VERTEX
8
Layer 1
10
1672.383856
20
356.248421
70
0
0
VERTEX
8
Layer 1
10
1673.164753
20
356.131424
70
0
0
VERTEX
8
Layer 1
10
1673.936499
20
356.219202
70
0
0
VERTEX
8
Layer 1
10
1674.659893
20
356.502040
70
0
0
VERTEX
8
Layer 1
10
1675.295737
20
356.970220
70
0
0
VERTEX
8
Layer 1
10
1675.787508
20
357.587998
70
0
0
VERTEX
8
Layer 1
10
1676.097363
20
358.300239
70
0
0
VERTEX
8
Layer 1
10
1676.214116
20
359.068135
70
0
0
VERTEX
8
Layer 1
10
1676.126582
20
359.852882
70
0
0
VERTEX
8
Layer 1
10
1676.126582
20
359.852882
70
0
0
SEQEND
8
Layer 1
0
POLYLINE
8
Layer 1
62
7
70
0
10
0.000000
20
0.000000
66
1
0
VERTEX
8
Layer 1
10
1663.319521
20
357.694380
70
0
0
VERTEX
8
Layer 1
10
1681.664251
20
280.477064
70
0
0
SEQEND
8
Layer 1
0
POLYLINE
8
Layer 1
62
7
70
0
10
0.000000
20
0.000000
66
1
0
VERTEX
8
Layer 1
10
1681.664251
20
280.477064
70
0
0
VERTEX
8
Layer 1
10
1717.172163
20
248.420214
70
0
0
SEQEND
8
Layer 1
0
POLYLINE
8
Layer 1
62
7
70
0
10
0.000000
20
0.000000
66
1
0
VERTEX
8
Layer 1
10
1724.867242
20
214.875876
70
0
0
VERTEX
8
Layer 1
10
1725.664858
20
217.085705
70
0
0
VERTEX
8
Layer 1
10
1726.281533
20
219.326006
70
0
0
VERTEX
8
Layer 1
10
1726.719508
20
221.587010
70
0
0
VERTEX
8
Layer 1
10
1726.981025
20
223.858946
70
0
0
VERTEX
8
Layer 1
10
1727.068326
20
226.132046
70
0
0
VERTEX
8
Layer 1
10
1726.983651
20
228.396540
70
0
0
VERTEX
8
Layer 1
10
1726.729242
20
230.642659
70
0
0
VERTEX
8
Layer 1
10
1726.307340
20
232.860633
70
0
0
VERTEX
8
Layer 1
10
1725.720188
20
235.040693
70
0
0
VERTEX
8
Layer 1
10
1724.970026
20
237.173070
70
0
0
VERTEX
8
Layer 1
10
1724.059095
20
239.247994
70
0
0
VERTEX
8
Layer 1
10
1722.989638
20
241.255695
70
0
0
VERTEX
8
Layer 1
10
1721.763895
20
243.186405
70
0
0
VERTEX
8
Layer 1
10
1720.384109
20
245.030354
70
0
0
VERTEX
8
Layer 1
10
1718.852520
20
246.777773
70
0
0
VERTEX
8
Layer 1
10
1717.171369
20
248.418891
70
0
0
SEQEND
8
Layer 1
0
POLYLINE
8
Layer 1
62
7
70
0
10
0.000000
20
0.000000
66
1
0
VERTEX
8
Layer 1
10
1713.227045
20
111.684061
70
0
0
VERTEX
8
Layer 1
10
1771.802070
20
256.095793
70
0
0
SEQEND
8
Layer 1
0
POLYLINE
8
Layer 1
62
7
70
0
10
0.000000
20
0.000000
66
1
0
VERTEX
8
Layer 1
10
1683.110885
20
360.568066
70
0
0
VERTEX
8
Layer 1
10
1683.856762
20
356.004949
70
0
0
VERTEX
8
Layer 1
10
1684.760155
20
351.493999
70
0
0
VERTEX
8
Layer 1
10
1685.818383
20
347.038377
70
0
0
VERTEX
8
Layer 1
10
1687.028763
20
342.641242
70
0
0
VERTEX
8
Layer 1
10
1688.388612
20
338.305754
70
0
0
VERTEX
8
Layer 1
10
1689.895247
20
334.035073
70
0
0
VERTEX
8
Layer 1
10
1691.545988
20
329.832357
70
0
0
VERTEX
8
Layer 1
10
1693.338150
20
325.700769
70
0
0
VERTEX
8
Layer 1
10
1695.269051
20
321.643466
70
0
0
VERTEX
8
Layer 1
10
1697.336010
20
317.663608
70
0
0
VERTEX
8
Layer 1
10
1699.536343
20
313.764357
70
0
0
VERTEX
8
Layer 1
10
1701.867368
20
309.948870
70
0
0
VERTEX
8
Layer 1
10
1704.326403
20
306.220309
70
0
0
VERTEX
8
Layer 1
10
1706.910764
20
302.581832
70
0
0
VERTEX
8
Layer 1
10
1709.617770
20
299.036600
70
0
0
VERTEX
8
Layer 1
10
1712.444739
20
295.587773
70
0
0
VERTEX
8
Layer 1
10
1715.388987
20
292.238509
70
0
0
VERTEX
8
Layer 1
10
1718.447832
20
288.991970
70
0
0
VERTEX
8
Layer 1
10
1721.618592
20
285.851314
70
0
0
VERTEX
8
Layer 1
10
1724.898584
20
282.819702
70
0
0
VERTEX
8
Layer 1
10
1728.285125
20
279.900292
70
0
0
VERTEX
8
Layer 1
10
1731.775534
20
277.096246
70
0
0
VERTEX
8
Layer 1
10
1735.367128
20
274.410723
70
0
0
VERTEX
8
Layer 1
10
1739.057224
20
271.846882
70
0
0
VERTEX
8
Layer 1
10
1742.843139
20
269.407883
70
0
0
VERTEX
8
Layer 1
10
1746.722193
20
267.096887
70
0
0
VERTEX
8
Layer 1
10
1750.691700
20
264.917052
70
0
0
VERTEX
8
Layer 1
10
1754.748981
20
262.871539
70
0
0
VERTEX
8
Layer 1
10
1758.891351
20
260.963508
70
0
0
VERTEX
8
Layer 1
10
1763.116129
20
259.196117
70
0
0
VERTEX
8
Layer 1
10
1767.420631
20
257.572528
70
0
0
VERTEX
8
Layer 1
10
1771.802176
20
256.095899
70
0
0
SEQEND
8
Layer 1
0
POLYLINE
8
Layer 1
62
7
70
0
10
0.000000
20
0.000000
66
1
0
VERTEX
8
Layer 1
10
1746.352043
20
1031.562079
70
0
0
VERTEX
8
Layer 1
10
1745.842120
20
1032.638533
70
0
0
VERTEX
8
Layer 1
10
1744.988659
20
1033.409196
70
0
0
VERTEX
8
Layer 1
10
1743.908511
20
1033.803657
70
0
0
VERTEX
8
Layer 1
10
1742.718530
20
1033.751505
70
0
0
VERTEX
8
Layer 1
10
1741.641960
20
1033.241826
70
0
0
VERTEX
8
Layer 1
10
1740.871103
20
1032.388539
70
0
0
VERTEX
8
Layer 1
10
1740.476397
20
1031.308481
70
0
0
VERTEX
8
Layer 1
10
1740.528280
20
1030.118488
70
0
0
VERTEX
8
Layer 1
10
1741.038203
20
1029.042033
70
0
0
VERTEX
8
Layer 1
10
1741.891665
20
1028.271370
70
0
0
VERTEX
8
Layer 1
10
1742.971812
20
1027.876909
70
0
0
VERTEX
8
Layer 1
10
1744.161794
20
1027.929062
70
0
0
VERTEX
8
Layer 1
10
1745.238364
20
1028.438741
70
0
0
VERTEX
8
Layer 1
10
1746.009220
20
1029.292028
70
0
0
VERTEX
8
Layer 1
10
1746.403926
20
1030.372086
70
0
0
VERTEX
8
Layer 1
10
1746.352043
20
1031.562079
70
0
0
VERTEX
8
Layer 1
10
1746.352043
20
1031.562079
70
0
0
SEQEND
8
Layer 1
0
POLYLINE
8
Layer 1
62
7
70
0
10
0.000000
20
0.000000
66
1
0
VERTEX
8
Layer 1
10
1669.222077
20
836.638941
70
0
0
VERTEX
8
Layer 1
10
1668.712156
20
837.715408
70
0
0
VERTEX
8
Layer 1
10
1667.858690
20
838.486080
70
0
0
VERTEX
8
Layer 1
10
1666.778533
20
838.880545
70
0
0
VERTEX
8
Layer 1
10
1665.588542
20
838.828388
70
0
0
VERTEX
8
Layer 1
10
1664.511965
20
838.318699
70
0
0
VERTEX
8
Layer 1
10
1663.741110
20
837.465398
70
0
0
VERTEX
8
Layer 1
10
1663.346413
20
836.385326
70
0
0
VERTEX
8
Layer 1
10
1663.398314
20
835.195323
70
0
0
VERTEX
8
Layer 1
10
1663.908235
20
834.118856
70
0
0
VERTEX
8
Layer 1
10
1664.761701
20
833.348184
70
0
0
VERTEX
8
Layer 1
10
1665.841858
20
832.953720
70
0
0
VERTEX
8
Layer 1
10
1667.031849
20
833.005876
70
0
0
VERTEX
8
Layer 1
10
1668.108426
20
833.515566
70
0
0
VERTEX
8
Layer 1
10
1668.879281
20
834.368866
70
0
0
VERTEX
8
Layer 1
10
1669.273978
20
835.448938
70
0
0
VERTEX
8
Layer 1
10
1669.222077
20
836.638941
70
0
0
VERTEX
8
Layer 1
10
1669.222077
20
836.638941
70
0
0
SEQEND
8
Layer 1
0
POLYLINE
8
Layer 1
62
7
70
0
10
0.000000
20
0.000000
66
1
0
VERTEX
8
Layer 1
10
1703.165589
20
117.668426
70
0
0
VERTEX
8
Layer 1
10
1702.655092
20
118.743793
70
0
0
VERTEX
8
Layer 1
10
1701.801675
20
119.513509
70
0
0
VERTEX
8
Layer 1
10
1700.722011
20
119.907347
70
0
0
VERTEX
8
Layer 1
10
1699.532772
20
119.855080
70
0
0
VERTEX
8
Layer 1
10
1698.456807
20
119.345847
70
0
0
VERTEX
8
Layer 1
10
1697.686088
20
118.493335
70
0
0
VERTEX
8
Layer 1
10
1697.290982
20
117.414134
70
0
0
VERTEX
8
Layer 1
10
1697.341852
20
116.224834
70
0
0
VERTEX
8
Layer 1
10
1697.852349
20
115.149468
70
0
0
VERTEX
8
Layer 1
10
1698.705766
20
114.379751
70
0
0
VERTEX
8
Layer 1
10
1699.785430
20
113.985913
70
0
0
VERTEX
8
Layer 1
10
1700.974669
20
114.038180
70
0
0
VERTEX
8
Layer 1
10
1702.050635
20
114.547413
70
0
0
VERTEX
8
Layer 1
10
1702.821353
20
115.399926
70
0
0
VERTEX
8
Layer 1
10
1703.216459
20
116.479127
70
0
0
VERTEX
8
Layer 1
10
1703.165589
20
117.668426
70
0
0
VERTEX
8
Layer 1
10
1703.165589
20
117.668426
70
0
0
SEQEND
8
Layer 1
0
POLYLINE
8
Layer 1
62
7
70
0
10
0.000000
20
0.000000
66
1
0
VERTEX
8
Layer 1
10
1757.445770
20
1069.641208
70
0
0
VERTEX
8
Layer 1
10
1751.479444
20
1059.578568
70
0
0
VERTEX
8
Layer 1
10
1745.651981
20
1049.453076
70
0
0
VERTEX
8
Layer 1
10
1739.963568
20
1039.266144
70
0
0
VERTEX
8
Layer 1
10
1734.414390
20
1029.019181
70
0
0
VERTEX
8
Layer 1
10
1729.004634
20
1018.713599
70
0
0
VERTEX
8
Layer 1
10
1723.734488
20
1008.350808
70
0
0
VERTEX
8
Layer 1
10
1713.613767
20
987.459241
70
0
0
VERTEX
8
Layer 1
10
1704.053719
20
966.355765
70
0
0
VERTEX
8
Layer 1
10
1695.055837
20
945.051665
70
0
0
VERTEX
8
Layer 1
10
1686.621612
20
923.558224
70
0
0
VERTEX
8
Layer 1
10
1678.752536
20
901.886728
70
0
0
VERTEX
8
Layer 1
10
1671.450100
20
880.048462
70
0
0
VERTEX
8
Layer 1
10
1664.715798
20
858.054709
70
0
0
VERTEX
8
Layer 1
10
1658.551121
20
835.916754
70
0
0
VERTEX
8
Layer 1
10
1652.957560
20
813.645882
70
0
0
VERTEX
8
Layer 1
10
1647.936609
20
791.253378
70
0
0
VERTEX
8
Layer 1
10
1643.489758
20
768.750526
70
0
0
VERTEX
8
Layer 1
10
1639.618500
20
746.148610
70
0
0
VERTEX
8
Layer 1
10
1636.324326
20
723.458916
70
0
0
VERTEX
8
Layer 1
10
1633.608729
20
700.692727
70
0
0
VERTEX
8
Layer 1
10
1631.473201
20
677.861329
70
0
0
VERTEX
8
Layer 1
10
1629.919233
20
654.976005
70
0
0
VERTEX
8
Layer 1
10
1628.948318
20
632.048041
70
0
0
VERTEX
8
Layer 1
10
1628.561947
20
609.088722
70
0
0
VERTEX
8
Layer 1
10
1628.761612
20
586.109331
70
0
0
VERTEX
8
Layer 1
10
1629.548805
20
563.121153
70
0
0
VERTEX
8
Layer 1
10
1630.925019
20
540.135473
70
0
0
VERTEX
8
Layer 1
10
1632.891745
20
517.163575
70
0
0
VERTEX
8
Layer 1
10
1635.450475
20
494.216744
70
0
0
VERTEX
8
Layer 1
10
1638.602701
20
471.306265
70
0
0
VERTEX
8
Layer 1
10
1642.349915
20
448.443422
70
0
0
VERTEX
8
Layer 1
10
1646.693609
20
425.639499
70
0
0
VERTEX
8
Layer 1
10
1649.089602
20
414.263160
70
0
0
VERTEX
8
Layer 1
10
1651.635274
20
402.905782
70
0
0
VERTEX
8
Layer 1
10
1654.330813
20
391.568777
70
0
0
VERTEX
8
Layer 1
10
1657.176404
20
380.253555
70
0
0
VERTEX
8
Layer 1
10
1660.172234
20
368.961526
70
0
0
VERTEX
8
Layer 1
10
1663.318489
20
357.694102
70
0
0
SEQEND
8
Layer 1
0
POLYLINE
8
Layer 1
62
7
70
0
10
0.000000
20
0.000000
66
1
0
VERTEX
8
Layer 1
10
1724.868618
20
214.874897
70
0
0
VERTEX
8
Layer 1
10
1687.280634
20
122.207585
70
0
0
SEQEND
8
Layer 1
0
POLYLINE
8
Layer 1
62
7
70
0
10
0.000000
20
0.000000
66
1
0
VERTEX
8
Layer 1
10
1687.280581
20
122.207559
70
0
0
VERTEX
8
Layer 1
10
1686.483823
20
119.486120
70
0
0
VERTEX
8
Layer 1
10
1686.252137
20
116.744351
70
0
0
VERTEX
8
Layer 1
10
1686.554515
20
114.055572
70
0
0
VERTEX
8
Layer 1
10
1687.359951
20
111.493103
70
0
0
VERTEX
8
Layer 1
10
1688.637437
20
109.130264
70
0
0
VERTEX
8
Layer 1
10
1690.355965
20
107.040377
70
0
0
VERTEX
8
Layer 1
10
1692.484528
20
105.296762
70
0
0
VERTEX
8
Layer 1
10
1694.992120
20
103.972739
70
0
0
VERTEX
8
Layer 1
10
1697.713512
20
103.175822
70
0
0
VERTEX
8
Layer 1
10
1700.455267
20
102.943976
70
0
0
VERTEX
8
Layer 1
10
1703.144064
20
103.246198
70
0
0
VERTEX
8
Layer 1
10
1705.706580
20
104.051484
70
0
0
VERTEX
8
Layer 1
10
1708.069493
20
105.328832
70
0
0
VERTEX
8
Layer 1
10
1710.159481
20
107.047239
70
0
0
VERTEX
8
Layer 1
10
1711.903220
20
109.175700
70
0
0
VERTEX
8
Layer 1
10
1713.227389
20
111.683214
70
0
0
SEQEND
8
Layer 1
0
POLYLINE
8
Layer 1
62
7
70
0
10
0.000000
20
0.000000
66
1
0
VERTEX
8
Layer 1
10
1770.030290
20
1062.032913
70
0
0
VERTEX
8
Layer 1
10
1764.127292
20
1052.118770
70
0
0
VERTEX
8
Layer 1
10
1758.364833
20
1042.141206
70
0
0
VERTEX
8
Layer 1
10
1752.743094
20
1032.101681
70
0
0
VERTEX
8
Layer 1
10
1747.262256
20
1022.001656
70
0
0
VERTEX
8
Layer 1
10
1741.922500
20
1011.842595
70
0
0
VERTEX
8
Layer 1
10
1736.724007
20
1001.625958
70
0
0
VERTEX
8
Layer 1
10
1731.666959
20
991.353207
70
0
0
VERTEX
8
Layer 1
10
1726.751536
20
981.025804
70
0
0
VERTEX
8
Layer 1
10
1721.977920
20
970.645210
70
0
0
VERTEX
8
Layer 1
10
1717.346292
20
960.212888
70
0
0
VERTEX
8
Layer 1
10
1712.856833
20
949.730298
70
0
0
VERTEX
8
Layer 1
10
1708.509724
20
939.198903
70
0
0
VERTEX
8
Layer 1
10
1700.243280
20
917.995543
70
0
0
VERTEX
8
Layer 1
10
1692.548410
20
896.614501
70
0
0
VERTEX
8
Layer 1
10
1685.426562
20
875.067471
70
0
0
VERTEX
8
Layer 1
10
1678.879186
20
853.366147
70
0
0
VERTEX
8
Layer 1
10
1672.907730
20
831.522221
70
0
0
VERTEX
8
Layer 1
10
1667.513644
20
809.547388
70
0
0
VERTEX
8
Layer 1
10
1662.698376
20
787.453340
70
0
0
VERTEX
8
Layer 1
10
1658.463376
20
765.251771
70
0
0
VERTEX
8
Layer 1
10
1654.810091
20
742.954376
70
0
0
VERTEX
8
Layer 1
10
1651.739972
20
720.572846
70
0
0
VERTEX
8
Layer 1
10
1649.254467
20
698.118876
70
0
0
VERTEX
8
Layer 1
10
1647.355026
20
675.604160
70
0
0
VERTEX
8
Layer 1
10
1646.043096
20
653.040390
70
0
0
VERTEX
8
Layer 1
10
1645.320127
20
630.439260
70
0
0
VERTEX
8
Layer 1
10
1645.187569
20
607.812464
70
0
0
VERTEX
8
Layer 1
10
1645.646869
20
585.171695
70
0
0
VERTEX
8
Layer 1
10
1646.699477
20
562.528647
70
0
0
VERTEX
8
Layer 1
10
1648.346842
20
539.895013
70
0
0
VERTEX
8
Layer 1
10
1650.590413
20
517.282486
70
0
0
VERTEX
8
Layer 1
10
1653.431639
20
494.702761
70
0
0
VERTEX
8
Layer 1
10
1655.076825
20
483.428852
70
0
0
VERTEX
8
Layer 1
10
1656.871969
20
472.167530
70
0
0
VERTEX
8
Layer 1
10
1658.817250
20
460.920254
70
0
0
VERTEX
8
Layer 1
10
1660.912851
20
449.688487
70
0
0
VERTEX
8
Layer 1
10
1663.158952
20
438.473690
70
0
0
VERTEX
8
Layer 1
10
1665.555734
20
427.277326
70
0
0
VERTEX
8
Layer 1
10
1668.103380
20
416.100855
70
0
0
VERTEX
8
Layer 1
10
1670.802069
20
404.945739
70
0
0
VERTEX
8
Layer 1
10
1673.651983
20
393.813441
70
0
0
VERTEX
8
Layer 1
10
1676.653303
20
382.705422
70
0
0
VERTEX
8
Layer 1
10
1679.806210
20
371.623143
70
0
0
VERTEX
8
Layer 1
10
1683.110885
20
360.568066
70
0
0
SEQEND
8
Layer 1
0
POLYLINE
8
Layer 1
62
7
70
0
10
0.000000
20
0.000000
66
1
0
VERTEX
8
Layer 1
10
1757.444976
20
1069.640494
70
0
0
VERTEX
8
Layer 1
10
1770.029761
20
1062.033600
70
0
0
SEQEND
8
Layer 1
0
POLYLINE
8
Layer 1
62
7
70
0
10
0.000000
20
0.000000
66
1
0
VERTEX
8
Layer 1
10
1666.498248
20
25.808092
70
0
0
VERTEX
8
Layer 1
10
1665.894493
20
26.833693
70
0
0
VERTEX
8
Layer 1
10
1664.976407
20
27.524592
70
0
0
VERTEX
8
Layer 1
10
1663.866344
20
27.821214
70
0
0
VERTEX
8
Layer 1
10
1662.686659
20
27.663984
70
0
0
VERTEX
8
Layer 1
10
1661.660138
20
27.061794
70
0
0
VERTEX
8
Layer 1
10
1660.967839
20
26.144764
70
0
0
VERTEX
8
Layer 1
10
1660.669523
20
25.035155
70
0
0
VERTEX
8
Layer 1
10
1660.824953
20
23.855231
70
0
0
VERTEX
8
Layer 1
10
1661.428709
20
22.829630
70
0
0
VERTEX
8
Layer 1
10
1662.346795
20
22.138731
70
0
0
VERTEX
8
Layer 1
10
1663.456857
20
21.842109
70
0
0
VERTEX
8
Layer 1
10
1664.636542
20
21.999340
70
0
0
VERTEX
8
Layer 1
10
1665.663063
20
22.601529
70
0
0
VERTEX
8
Layer 1
10
1666.355363
20
23.518560
70
0
0
VERTEX
8
Layer 1
10
1666.653678
20
24.628169
70
0
0
VERTEX
8
Layer 1
10
1666.498248
20
25.808092
70
0
0
VERTEX
8
Layer 1
10
1666.498248
20
25.808092
70
0
0
SEQEND
8
Layer 1
0
POLYLINE
8
Layer 1
62
7
70
0
10
0.000000
20
0.000000
66
1
0
VERTEX
8
Layer 1
10
1577.508746
20
182.823445
70
0
0
VERTEX
8
Layer 1
10
1576.905752
20
183.850862
70
0
0
VERTEX
8
Layer 1
10
1575.987461
20
184.543264
70
0
0
VERTEX
8
Layer 1
10
1574.876540
20
184.840807
70
0
0
VERTEX
8
Layer 1
10
1573.695655
20
184.683648
70
0
0
VERTEX
8
Layer 1
10
1572.668237
20
184.080655
70
0
0
VERTEX
8
Layer 1
10
1571.975836
20
183.162364
70
0
0
VERTEX
8
Layer 1
10
1571.678293
20
182.051443
70
0
0
VERTEX
8
Layer 1
10
1571.835451
20
180.870558
70
0
0
VERTEX
8
Layer 1
10
1572.438445
20
179.843140
70
0
0
VERTEX
8
Layer 1
10
1573.356736
20
179.150739
70
0
0
VERTEX
8
Layer 1
10
1574.467657
20
178.853196
70
0
0
VERTEX
8
Layer 1
10
1575.648542
20
179.010354
70
0
0
VERTEX
8
Layer 1
10
1576.675959
20
179.613348
70
0
0
VERTEX
8
Layer 1
10
1577.368361
20
180.531639
70
0
0
VERTEX
8
Layer 1
10
1577.665904
20
181.642560
70
0
0
VERTEX
8
Layer 1
10
1577.508746
20
182.823445
70
0
0
VERTEX
8
Layer 1
10
1577.508746
20
182.823445
70
0
0
SEQEND
8
Layer 1
0
POLYLINE
8
Layer 1
62
7
70
0
10
0.000000
20
0.000000
66
1
0
VERTEX
8
Layer 1
10
1570.567622
20
262.876487
70
0
0
VERTEX
8
Layer 1
10
1569.963372
20
263.900912
70
0
0
VERTEX
8
Layer 1
10
1569.045416
20
264.590835
70
0
0
VERTEX
8
Layer 1
10
1567.935907
20
264.886856
70
0
0
VERTEX
8
Layer 1
10
1566.756998
20
264.729572
70
0
0
VERTEX
8
Layer 1
10
1565.731060
20
264.127895
70
0
0
VERTEX
8
Layer 1
10
1565.038834
20
263.211673
70
0
0
VERTEX
8
Layer 1
10
1564.740029
20
262.102910
70
0
0
VERTEX
8
Layer 1
10
1564.894354
20
260.923610
70
0
0
VERTEX
8
Layer 1
10
1565.498605
20
259.899186
70
0
0
VERTEX
8
Layer 1
10
1566.416561
20
259.209262
70
0
0
VERTEX
8
Layer 1
10
1567.526070
20
258.913241
70
0
0
VERTEX
8
Layer 1
10
1568.704979
20
259.070525
70
0
0
VERTEX
8
Layer 1
10
1569.730917
20
259.672203
70
0
0
VERTEX
8
Layer 1
10
1570.423143
20
260.588424
70
0
0
VERTEX
8
Layer 1
10
1570.721947
20
261.697187
70
0
0
VERTEX
8
Layer 1
10
1570.567622
20
262.876487
70
0
0
VERTEX
8
Layer 1
10
1570.567622
20
262.876487
70
0
0
SEQEND
8
Layer 1
0
POLYLINE
8
Layer 1
62
7
70
0
10
0.000000
20
0.000000
66
1
0
VERTEX
8
Layer 1
10
1548.805644
20
784.621950
70
0
0
VERTEX
8
Layer 1
10
1548.200835
20
785.645044
70
0
0
VERTEX
8
Layer 1
10
1547.283027
20
786.333865
70
0
0
VERTEX
8
Layer 1
10
1546.174144
20
786.629208
70
0
0
VERTEX
8
Layer 1
10
1544.996112
20
786.471864
70
0
0
VERTEX
8
Layer 1
10
1543.970833
20
785.870767
70
0
0
VERTEX
8
Layer 1
10
1543.278689
20
784.955461
70
0
0
VERTEX
8
Layer 1
10
1542.979330
20
783.847657
70
0
0
VERTEX
8
Layer 1
10
1543.132402
20
782.669063
70
0
0
VERTEX
8
Layer 1
10
1543.737212
20
781.645969
70
0
0
VERTEX
8
Layer 1
10
1544.655020
20
780.957147
70
0
0
VERTEX
8
Layer 1
10
1545.763903
20
780.661804
70
0
0
VERTEX
8
Layer 1
10
1546.941934
20
780.819148
70
0
0
VERTEX
8
Layer 1
10
1547.967213
20
781.420245
70
0
0
VERTEX
8
Layer 1
10
1548.659357
20
782.335551
70
0
0
VERTEX
8
Layer 1
10
1548.958717
20
783.443356
70
0
0
VERTEX
8
Layer 1
10
1548.805644
20
784.621950
70
0
0
VERTEX
8
Layer 1
10
1548.805644
20
784.621950
70
0
0
SEQEND
8
Layer 1
0
POLYLINE
8
Layer 1
62
7
70
0
10
0.000000
20
0.000000
66
1
0
VERTEX
8
Layer 1
10
1618.888151
20
1011.778811
70
0
0
VERTEX
8
Layer 1
10
1618.284396
20
1012.804412
70
0
0
VERTEX
8
Layer 1
10
1617.366310
20
1013.495312
70
0
0
VERTEX
8
Layer 1
10
1616.256247
20
1013.791934
70
0
0
VERTEX
8
Layer 1
10
1615.076562
20
1013.634703
70
0
0
VERTEX
8
Layer 1
10
1614.050041
20
1013.032514
70
0
0
VERTEX
8
Layer 1
10
1613.357742
20
1012.115483
70
0
0
VERTEX
8
Layer 1
10
1613.059426
20
1011.005874
70
0
0
VERTEX
8
Layer 1
10
1613.214856
20
1009.825951
70
0
0
VERTEX
8
Layer 1
10
1613.818612
20
1008.800349
70
0
0
VERTEX
8
Layer 1
10
1614.736698
20
1008.109450
70
0
0
VERTEX
8
Layer 1
10
1615.846760
20
1007.812828
70
0
0
VERTEX
8
Layer 1
10
1617.026445
20
1007.970059
70
0
0
VERTEX
8
Layer 1
10
1618.052967
20
1008.572248
70
0
0
VERTEX
8
Layer 1
10
1618.745266
20
1009.489279
70
0
0
VERTEX
8
Layer 1
10
1619.043581
20
1010.598888
70
0
0
VERTEX
8
Layer 1
10
1618.888151
20
1011.778811
70
0
0
VERTEX
8
Layer 1
10
1618.888151
20
1011.778811
70
0
0
SEQEND
8
Layer 1
0
POLYLINE
8
Layer 1
62
7
70
0
10
0.000000
20
0.000000
66
1
0
VERTEX
8
Layer 1
10
1628.542308
20
1056.600097
70
0
0
VERTEX
8
Layer 1
10
1641.707562
20
1050.154591
70
0
0
SEQEND
8
Layer 1
0
POLYLINE
8
Layer 1
62
7
70
0
10
0.000000
20
0.000000
66
1
0
VERTEX
8
Layer 1
10
1527.983227
20
102.761290
70
0
0
VERTEX
8
Layer 1
10
1655.630633
20
13.363801
70
0
0
SEQEND
8
Layer 1
0
POLYLINE
8
Layer 1
62
7
70
0
10
0.000000
20
0.000000
66
1
0
VERTEX
8
Layer 1
10
1655.630633
20
13.363801
70
0
0
VERTEX
8
Layer 1
10
1657.220260
20
12.400187
70
0
0
VERTEX
8
Layer 1
10
1658.900842
20
11.664036
70
0
0
VERTEX
8
Layer 1
10
1660.648900
20
11.157407
70
0
0
VERTEX
8
Layer 1
10
1662.440951
20
10.882363
70
0
0
VERTEX
8
Layer 1
10
1664.253513
20
10.840965
70
0
0
VERTEX
8
Layer 1
10
1666.063104
20
11.035275
70
0
0
VERTEX
8
Layer 1
10
1667.846244
20
11.467353
70
0
0
VERTEX
8
Layer 1
10
1669.579449
20
12.139262
70
0
0
VERTEX
8
Layer 1
10
1671.208593
20
13.034445
70
0
0
VERTEX
8
Layer 1
10
1672.686189
20
14.122098
70
0
0
VERTEX
8
Layer 1
10
1673.998713
20
15.382914
70
0
0
VERTEX
8
Layer 1
10
1675.132645
20
16.797585
70
0
0
VERTEX
8
Layer 1
10
1676.074461
20
18.346804
70
0
0
VERTEX
8
Layer 1
10
1676.810640
20
20.011261
70
0
0
VERTEX
8
Layer 1
10
1677.327659
20
21.771650
70
0
0
VERTEX
8
Layer 1
10
1677.611996
20
23.608663
70
0
0
VERTEX
8
Layer 1
10
1677.650938
20
25.467142
70
0
0
VERTEX
8
Layer 1
10
1677.447427
20
27.290562
70
0
0
VERTEX
8
Layer 1
10
1677.011430
20
29.057561
70
0
0
VERTEX
8
Layer 1
10
1676.352910
20
30.746775
70
0
0
VERTEX
8
Layer 1
10
1675.481830
20
32.336843
70
0
0
VERTEX
8
Layer 1
10
1674.408157
20
33.806402
70
0
0
VERTEX
8
Layer 1
10
1673.141854
20
35.134090
70
0
0
VERTEX
8
Layer 1
10
1671.692885
20
36.298544
70
0
0
SEQEND
8
Layer 1
0
POLYLINE
8
Layer 1
62
7
70
0
10
0.000000
20
0.000000
66
1
0
VERTEX
8
Layer 1
10
1589.782619
20
93.665297
70
0
0
VERTEX
8
Layer 1
10
1671.692383
20
36.300184
70
0
0
SEQEND
8
Layer 1
0
POLYLINE
8
Layer 1
62
7
70
0
10
0.000000
20
0.000000
66
1
0
VERTEX
8
Layer 1
10
1578.015449
20
126.004378
70
0
0
VERTEX
8
Layer 1
10
1577.495997
20
123.713153
70
0
0
VERTEX
8
Layer 1
10
1577.159862
20
121.413967
70
0
0
VERTEX
8
Layer 1
10
1577.003616
20
119.116240
70
0
0
VERTEX
8
Layer 1
10
1577.023832
20
116.829390
70
0
0
VERTEX
8
Layer 1
10
1577.217082
20
114.562837
70
0
0
VERTEX
8
Layer 1
10
1577.579939
20
112.326000
70
0
0
VERTEX
8
Layer 1
10
1578.108977
20
110.128297
70
0
0
VERTEX
8
Layer 1
10
1578.800767
20
107.979148
70
0
0
VERTEX
8
Layer 1
10
1579.651882
20
105.887973
70
0
0
VERTEX
8
Layer 1
10
1580.658896
20
103.864189
70
0
0
VERTEX
8
Layer 1
10
1581.818380
20
101.917216
70
0
0
VERTEX
8
Layer 1
10
1583.126908
20
100.056473
70
0
0
VERTEX
8
Layer 1
10
1584.581052
20
98.291380
70
0
0
VERTEX
8
Layer 1
10
1586.177385
20
96.631355
70
0
0
VERTEX
8
Layer 1
10
1587.912480
20
95.085817
70
0
0
VERTEX
8
Layer 1
10
1589.782910
20
93.664186
70
0
0
SEQEND
8
Layer 1
0
POLYLINE
8
Layer 1
62
7
70
0
10
0.000000
20
0.000000
66
1
0
VERTEX
8
Layer 1
10
1577.461465
20
264.206347
70
0
0
VERTEX
8
Layer 1
10
1594.226978
20
186.486279
70
0
0
SEQEND
8
Layer 1
0
POLYLINE
8
Layer 1
62
7
70
0
10
0.000000
20
0.000000
66
1
0
VERTEX
8
Layer 1
10
1641.708355
20
1050.155120
70
0
0
VERTEX
8
Layer 1
10
1630.975434
20
1027.073175
70
0
0
VERTEX
8
Layer 1
10
1620.797406
20
1003.797668
70
0
0
VERTEX
8
Layer 1
10
1611.175074
20
980.338413
70
0
0
VERTEX
8
Layer 1
10
1602.109240
20
956.705226
70
0
0
VERTEX
8
Layer 1
10
1593.600707
20
932.907920
70
0
0
VERTEX
8
Layer 1
10
1585.650275
20
908.956310
70
0
0
VERTEX
8
Layer 1
10
1578.258749
20
884.860210
70
0
0
VERTEX
8
Layer 1
10
1571.426930
20
860.629437
70
0
0
VERTEX
8
Layer 1
10
1565.155620
20
836.273803
70
0
0
VERTEX
8
Layer 1
10
1559.445622
20
811.803124
70
0
0
VERTEX
8
Layer 1
10
1554.297737
20
787.227214
70
0
0
VERTEX
8
Layer 1
10
1549.712770
20
762.555888
70
0
0
VERTEX
8
Layer 1
10
1545.691520
20
737.798960
70
0
0
VERTEX
8
Layer 1
10
1542.234792
20
712.966245
70
0
0
VERTEX
8
Layer 1
10
1539.343387
20
688.067558
70
0
0
VERTEX
8
Layer 1
10
1537.018107
20
663.112713
70
0
0
VERTEX
8
Layer 1
10
1535.259755
20
638.111524
70
0
0
VERTEX
8
Layer 1
10
1534.069133
20
613.073807
70
0
0
VERTEX
8
Layer 1
10
1533.447043
20
588.009376
70
0
0
VERTEX
8
Layer 1
10
1533.394288
20
562.928046
70
0
0
VERTEX
8
Layer 1
10
1533.911670
20
537.839631
70
0
0
VERTEX
8
Layer 1
10
1534.999990
20
512.753945
70
0
0
VERTEX
8
Layer 1
10
1536.660053
20
487.680804
70
0
0
VERTEX
8
Layer 1
10
1538.892659
20
462.630022
70
0
0
VERTEX
8
Layer 1
10
1541.698611
20
437.611413
70
0
0
VERTEX
8
Layer 1
10
1545.078712
20
412.634792
70
0
0
VERTEX
8
Layer 1
10
1549.033763
20
387.709974
70
0
0
VERTEX
8
Layer 1
10
1553.564567
20
362.846774
70
0
0
VERTEX
8
Layer 1
10
1558.671927
20
338.055005
70
0
0
VERTEX
8
Layer 1
10
1564.356643
20
313.344483
70
0
0
VERTEX
8
Layer 1
10
1570.619520
20
288.725022
70
0
0
VERTEX
8
Layer 1
10
1577.461359
20
264.206437
70
0
0
SEQEND
8
Layer 1
0
POLYLINE
8
Layer 1
62
7
70
0
10
0.000000
20
0.000000
66
1
0
VERTEX
8
Layer 1
10
1628.542494
20
1056.600309
70
0
0
VERTEX
8
Layer 1
10
1617.704694
20
1033.198703
70
0
0
VERTEX
8
Layer 1
10
1607.415493
20
1009.605174
70
0
0
VERTEX
8
Layer 1
10
1597.675728
20
985.829208
70
0
0
VERTEX
8
Layer 1
10
1588.486239
20
961.880287
70
0
0
VERTEX
8
Layer 1
10
1579.847867
20
937.767894
70
0
0
VERTEX
8
Layer 1
10
1571.761449
20
913.501514
70
0
0
VERTEX
8
Layer 1
10
1564.227826
20
889.090629
70
0
0
VERTEX
8
Layer 1
10
1557.247837
20
864.544723
70
0
0
VERTEX
8
Layer 1
10
1550.822321
20
839.873280
70
0
0
VERTEX
8
Layer 1
10
1544.952117
20
815.085783
70
0
0
VERTEX
8
Layer 1
10
1539.638066
20
790.191715
70
0
0
VERTEX
8
Layer 1
10
1534.881005
20
765.200560
70
0
0
VERTEX
8
Layer 1
10
1530.681775
20
740.121801
70
0
0
VERTEX
8
Layer 1
10
1527.041216
20
714.964922
70
0
0
VERTEX
8
Layer 1
10
1523.960165
20
689.739406
70
0
0
VERTEX
8
Layer 1
10
1521.439464
20
664.454736
70
0
0
VERTEX
8
Layer 1
10
1519.479950
20
639.120397
70
0
0
VERTEX
8
Layer 1
10
1518.082464
20
613.745871
70
0
0
VERTEX
8
Layer 1
10
1517.247845
20
588.340642
70
0
0
VERTEX
8
Layer 1
10
1516.976932
20
562.914194
70
0
0
VERTEX
8
Layer 1
10
1517.270565
20
537.476009
70
0
0
VERTEX
8
Layer 1
10
1518.129583
20
512.035572
70
0
0
VERTEX
8
Layer 1
10
1519.554825
20
486.602365
70
0
0
VERTEX
8
Layer 1
10
1521.547130
20
461.185873
70
0
0
VERTEX
8
Layer 1
10
1524.107339
20
435.795578
70
0
0
VERTEX
8
Layer 1
10
1527.236290
20
410.440964
70
0
0
VERTEX
8
Layer 1
10
1530.934823
20
385.131515
70
0
0
VERTEX
8
Layer 1
10
1535.203777
20
359.876714
70
0
0
VERTEX
8
Layer 1
10
1540.043991
20
334.686044
70
0
0
VERTEX
8
Layer 1
10
1545.456305
20
309.568989
70
0
0
VERTEX
8
Layer 1
10
1551.441559
20
284.535032
70
0
0
VERTEX
8
Layer 1
10
1558.000591
20
259.593657
70
0
0
SEQEND
8
Layer 1
0
POLYLINE
8
Layer 1
62
7
70
0
10
0.000000
20
0.000000
66
1
0
VERTEX
8
Layer 1
10
1527.983121
20
102.761555
70
0
0
VERTEX
8
Layer 1
10
1533.723695
20
111.441799
70
0
0
VERTEX
8
Layer 1
10
1538.967818
20
120.369904
70
0
0
VERTEX
8
Layer 1
10
1543.711459
20
129.524810
70
0
0
VERTEX
8
Layer 1
10
1547.950585
20
138.885452
70
0
0
VERTEX
8
Layer 1
10
1551.681167
20
148.430767
70
0
0
VERTEX
8
Layer 1
10
1554.899172
20
158.139692
70
0
0
VERTEX
8
Layer 1
10
1557.600569
20
167.991165
70
0
0
VERTEX
8
Layer 1
10
1559.781327
20
177.964122
70
0
0
VERTEX
8
Layer 1
10
1561.437413
20
188.037501
70
0
0
VERTEX
8
Layer 1
10
1562.564797
20
198.190238
70
0
0
VERTEX
8
Layer 1
10
1563.159447
20
208.401270
70
0
0
VERTEX
8
Layer 1
10
1563.217332
20
218.649535
70
0
0
VERTEX
8
Layer 1
10
1562.734421
20
228.913969
70
0
0
VERTEX
8
Layer 1
10
1561.706681
20
239.173510
70
0
0
VERTEX
8
Layer 1
10
1560.130082
20
249.407093
70
0
0
VERTEX
8
Layer 1
10
1558.000591
20
259.593657
70
0
0
SEQEND
8
Layer 1
0
POLYLINE
8
Layer 1
62
7
70
0
10
0.000000
20
0.000000
66
1
0
VERTEX
8
Layer 1
10
1594.226978
20
186.486279
70
0
0
VERTEX
8
Layer 1
10
1578.015263
20
126.005224
70
0
0
SEQEND
8
Layer 1
0
POLYLINE
8
Layer 1
62
7
70
0
10
0.000000
20
0.000000
66
1
0
VERTEX
8
Layer 1
10
1639.481440
20
375.001637
70
0
0
VERTEX
8
Layer 1
10
1638.334454
20
375.316520
70
0
0
VERTEX
8
Layer 1
10
1637.195098
20
375.172827
70
0
0
VERTEX
8
Layer 1
10
1636.192441
20
374.612954
70
0
0
VERTEX
8
Layer 1
10
1635.455551
20
373.679295
70
0
0
VERTEX
8
Layer 1
10
1635.137892
20
372.533075
70
0
0
VERTEX
8
Layer 1
10
1635.278825
20
371.393374
70
0
0
VERTEX
8
Layer 1
10
1635.836268
20
370.389364
70
0
0
VERTEX
8
Layer 1
10
1636.768141
20
369.650216
70
0
0
VERTEX
8
Layer 1
10
1637.915126
20
369.335333
70
0
0
VERTEX
8
Layer 1
10
1639.054482
20
369.479026
70
0
0
VERTEX
8
Layer 1
10
1640.057140
20
370.038899
70
0
0
VERTEX
8
Layer 1
10
1640.794029
20
370.972558
70
0
0
VERTEX
8
Layer 1
10
1641.111689
20
372.118778
70
0
0
VERTEX
8
Layer 1
10
1640.970756
20
373.258479
70
0
0
VERTEX
8
Layer 1
10
1640.413312
20
374.262489
70
0
0
VERTEX
8
Layer 1
10
1639.481440
20
375.001637
70
0
0
VERTEX
8
Layer 1
10
1639.481440
20
375.001637
70
0
0
SEQEND
8
Layer 1
0
POLYLINE
8
Layer 1
62
7
70
0
10
0.000000
20
0.000000
66
1
0
VERTEX
8
Layer 1
10
1618.344406
20
472.627605
70
0
0
VERTEX
8
Layer 1
10
1617.196774
20
472.944151
70
0
0
VERTEX
8
Layer 1
10
1616.056339
20
472.801311
70
0
0
VERTEX
8
Layer 1
10
1615.052542
20
472.241502
70
0
0
VERTEX
8
Layer 1
10
1614.314823
20
471.307140
70
0
0
VERTEX
8
Layer 1
10
1613.997079
20
470.159839
70
0
0
VERTEX
8
Layer 1
10
1614.138729
20
469.019256
70
0
0
VERTEX
8
Layer 1
10
1614.697490
20
468.014875
70
0
0
VERTEX
8
Layer 1
10
1615.631081
20
467.276181
70
0
0
VERTEX
8
Layer 1
10
1616.778714
20
466.959635
70
0
0
VERTEX
8
Layer 1
10
1617.919149
20
467.102475
70
0
0
VERTEX
8
Layer 1
10
1618.922946
20
467.662284
70
0
0
VERTEX
8
Layer 1
10
1619.660665
20
468.596645
70
0
0
VERTEX
8
Layer 1
10
1619.978409
20
469.743947
70
0
0
VERTEX
8
Layer 1
10
1619.836759
20
470.884530
70
0
0
VERTEX
8
Layer 1
10
1619.277998
20
471.888911
70
0
0
VERTEX
8
Layer 1
10
1618.344406
20
472.627605
70
0
0
VERTEX
8
Layer 1
10
1618.344406
20
472.627605
70
0
0
SEQEND
8
Layer 1
0
POLYLINE
8
Layer 1
62
7
70
0
10
0.000000
20
0.000000
66
1
0
VERTEX
8
Layer 1
10
1632.671073
20
797.335269
70
0
0
VERTEX
8
Layer 1
10
1631.523049
20
797.652803
70
0
0
VERTEX
8
Layer 1
10
1630.381967
20
797.510464
70
0
0
VERTEX
8
Layer 1
10
1629.377490
20
796.950684
70
0
0
VERTEX
8
Layer 1
10
1628.639280
20
796.015894
70
0
0
VERTEX
8
Layer 1
10
1628.321496
20
794.867939
70
0
0
VERTEX
8
Layer 1
10
1628.463585
20
793.726826
70
0
0
VERTEX
8
Layer 1
10
1629.023145
20
792.722227
70
0
0
VERTEX
8
Layer 1
10
1629.957775
20
791.983813
70
0
0
VERTEX
8
Layer 1
10
1631.105799
20
791.666279
70
0
0
VERTEX
8
Layer 1
10
1632.246880
20
791.808617
70
0
0
VERTEX
8
Layer 1
10
1633.251358
20
792.368397
70
0
0
VERTEX
8
Layer 1
10
1633.989568
20
793.303188
70
0
0
VERTEX
8
Layer 1
10
1634.307352
20
794.451142
70
0
0
VERTEX
8
Layer 1
10
1634.165263
20
795.592255
70
0
0
VERTEX
8
Layer 1
10
1633.605702
20
796.596854
70
0
0
VERTEX
8
Layer 1
10
1632.671073
20
797.335269
70
0
0
VERTEX
8
Layer 1
10
1632.671073
20
797.335269
70
0
0
SEQEND
8
Layer 1
0
POLYLINE
8
Layer 1
62
7
70
0
10
0.000000
20
0.000000
66
1
0
VERTEX
8
Layer 1
10
1746.203295
20
1172.982539
70
0
0
VERTEX
8
Layer 1
10
1745.055271
20
1173.300073
70
0
0
VERTEX
8
Layer 1
10
1743.914189
20
1173.157735
70
0
0
VERTEX
8
Layer 1
10
1742.909712
20
1172.597955
70
0
0
VERTEX
8
Layer 1
10
1742.171501
20
1171.663164
70
0
0
VERTEX
8
Layer 1
10
1741.853717
20
1170.515210
70
0
0
VERTEX
8
Layer 1
10
1741.995806
20
1169.374097
70
0
0
VERTEX
8
Layer 1
10
1742.555367
20
1168.369498
70
0
0
VERTEX
8
Layer 1
10
1743.489996
20
1167.631083
70
0
0
VERTEX
8
Layer 1
10
1744.638020
20
1167.313549
70
0
0
VERTEX
8
Layer 1
10
1745.779102
20
1167.455888
70
0
0
VERTEX
8
Layer 1
10
1746.783579
20
1168.015668
70
0
0
VERTEX
8
Layer 1
10
1747.521789
20
1168.950458
70
0
0
VERTEX
8
Layer 1
10
1747.839574
20
1170.098413
70
0
0
VERTEX
8
Layer 1
10
1747.697484
20
1171.239526
70
0
0
VERTEX
8
Layer 1
10
1747.137924
20
1172.244125
70
0
0
VERTEX
8
Layer 1
10
1746.203295
20
1172.982539
70
0
0
VERTEX
8
Layer 1
10
1746.203295
20
1172.982539
70
0
0
SEQEND
8
Layer 1
0
POLYLINE
8
Layer 1
62
7
70
0
10
0.000000
20
0.000000
66
1
0
VERTEX
8
Layer 1
10
1761.788794
20
1100.562309
70
0
0
VERTEX
8
Layer 1
10
1763.205205
20
1103.319967
70
0
0
VERTEX
8
Layer 1
10
1764.477915
20
1106.132033
70
0
0
VERTEX
8
Layer 1
10
1765.606335
20
1108.992995
70
0
0
VERTEX
8
Layer 1
10
1766.589875
20
1111.897337
70
0
0
VERTEX
8
Layer 1
10
1768.119954
20
1117.814113
70
0
0
VERTEX
8
Layer 1
10
1769.063435
20
1123.838253
70
0
0
VERTEX
8
Layer 1
10
1769.415600
20
1129.925650
70
0
0
VERTEX
8
Layer 1
10
1769.171729
20
1136.032196
70
0
0
VERTEX
8
Layer 1
10
1768.824805
20
1139.078867
70
0
0
VERTEX
8
Layer 1
10
1768.327104
20
1142.113784
70
0
0
VERTEX
8
Layer 1
10
1767.678034
20
1145.131435
70
0
0
VERTEX
8
Layer 1
10
1766.877007
20
1148.126306
70
0
0
VERTEX
8
Layer 1
10
1765.928601
20
1151.077818
70
0
0
VERTEX
8
Layer 1
10
1764.840111
20
1153.966191
70
0
0
VERTEX
8
Layer 1
10
1763.615019
20
1156.787109
70
0
0
VERTEX
8
Layer 1
10
1762.256806
20
1159.536256
70
0
0
VERTEX
8
Layer 1
10
1759.154942
20
1164.801978
70
0
0
VERTEX
8
Layer 1
10
1755.562372
20
1169.728829
70
0
0
VERTEX
8
Layer 1
10
1751.506949
20
1174.282286
70
0
0
VERTEX
8
Layer 1
10
1747.016525
20
1178.427822
70
0
0
VERTEX
8
Layer 1
10
1744.616892
20
1180.336831
70
0
0
VERTEX
8
Layer 1
10
1742.118953
20
1182.130913
70
0
0
VERTEX
8
Layer 1
10
1739.526189
20
1183.805752
70
0
0
VERTEX
8
Layer 1
10
1736.842083
20
1185.357033
70
0
0
SEQEND
8
Layer 1
0
POLYLINE
8
Layer 1
62
7
70
0
10
0.000000
20
0.000000
66
1
0
VERTEX
8
Layer 1
10
1729.657676
20
1172.180535
70
0
0
VERTEX
8
Layer 1
10
1736.842957
20
1185.357377
70
0
0
SEQEND
8
Layer 1
0
POLYLINE
8
Layer 1
62
7
70
0
10
0.000000
20
0.000000
66
1
0
VERTEX
8
Layer 1
10
1748.613884
20
1107.747299
70
0
0
VERTEX
8
Layer 1
10
1750.657325
20
1111.979687
70
0
0
VERTEX
8
Layer 1
10
1752.262186
20
1116.360696
70
0
0
VERTEX
8
Layer 1
10
1753.424881
20
1120.856806
70
0
0
VERTEX
8
Layer 1
10
1754.141824
20
1125.434502
70
0
0
VERTEX
8
Layer 1
10
1754.409431
20
1130.060266
70
0
0
VERTEX
8
Layer 1
10
1754.224114
20
1134.700582
70
0
0
VERTEX
8
Layer 1
10
1753.582290
20
1139.321931
70
0
0
VERTEX
8
Layer 1
10
1752.480372
20
1143.890798
70
0
0
VERTEX
8
Layer 1
10
1750.932551
20
1148.328480
70
0
0
VERTEX
8
Layer 1
10
1748.969517
20
1152.561127
70
0
0
VERTEX
8
Layer 1
10
1746.612434
20
1156.562506
70
0
0
VERTEX
8
Layer 1
10
1743.882468
20
1160.306380
70
0
0
VERTEX
8
Layer 1
10
1740.800784
20
1163.766515
70
0
0
VERTEX
8
Layer 1
10
1737.388546
20
1166.916673
70
0
0
VERTEX
8
Layer 1
10
1733.666919
20
1169.730621
70
0
0
VERTEX
8
Layer 1
10
1729.657067
20
1172.182123
70
0
0
SEQEND
8
Layer 1
0
POLYLINE
8
Layer 1
62
7
70
0
10
0.000000
20
0.000000
66
1
0
VERTEX
8
Layer 1
10
1748.613884
20
1107.747299
70
0
0
VERTEX
8
Layer 1
10
1737.806977
20
1089.730104
70
0
0
VERTEX
8
Layer 1
10
1727.402317
20
1071.519204
70
0
0
VERTEX
8
Layer 1
10
1717.401374
20
1053.121359
70
0
0
VERTEX
8
Layer 1
10
1707.805618
20
1034.543330
70
0
0
VERTEX
8
Layer 1
10
1698.616520
20
1015.791877
70
0
0
VERTEX
8
Layer 1
10
1689.835550
20
996.873762
70
0
0
VERTEX
8
Layer 1
10
1681.464180
20
977.795746
70
0
0
VERTEX
8
Layer 1
10
1673.503879
20
958.564589
70
0
0
VERTEX
8
Layer 1
10
1665.956119
20
939.187052
70
0
0
VERTEX
8
Layer 1
10
1658.822370
20
919.669896
70
0
0
VERTEX
8
Layer 1
10
1652.104102
20
900.019882
70
0
0
VERTEX
8
Layer 1
10
1645.802786
20
880.243771
70
0
0
VERTEX
8
Layer 1
10
1639.919893
20
860.348324
70
0
0
VERTEX
8
Layer 1
10
1634.456894
20
840.340301
70
0
0
VERTEX
8
Layer 1
10
1629.415258
20
820.226464
70
0
0
VERTEX
8
Layer 1
10
1624.796457
20
800.013573
70
0
0
VERTEX
8
Layer 1
10
1620.601960
20
779.708389
70
0
0
VERTEX
8
Layer 1
10
1616.833240
20
759.317673
70
0
0
VERTEX
8
Layer 1
10
1613.491766
20
738.848187
70
0
0
VERTEX
8
Layer 1
10
1610.579008
20
718.306690
70
0
0
VERTEX
8
Layer 1
10
1608.096438
20
697.699943
70
0
0
VERTEX
8
Layer 1
10
1606.045526
20
677.034709
70
0
0
VERTEX
8
Layer 1
10
1604.427743
20
656.317746
70
0
0
VERTEX
8
Layer 1
10
1603.244559
20
635.555817
70
0
0
VERTEX
8
Layer 1
10
1602.497444
20
614.755682
70
0
0
VERTEX
8
Layer 1
10
1602.187871
20
593.924103
70
0
0
VERTEX
8
Layer 1
10
1602.317308
20
573.067839
70
0
0
VERTEX
8
Layer 1
10
1602.887226
20
552.193652
70
0
0
VERTEX
8
Layer 1
10
1603.899097
20
531.308302
70
0
0
VERTEX
8
Layer 1
10
1605.354391
20
510.418551
70
0
0
VERTEX
8
Layer 1
10
1607.254578
20
489.531160
70
0
0
VERTEX
8
Layer 1
10
1609.601129
20
468.652888
70
0
0
SEQEND
8
Layer 1
0
POLYLINE
8
Layer 1
62
7
70
0
10
0.000000
20
0.000000
66
1
0
VERTEX
8
Layer 1
10
1609.601129
20
468.652888
70
0
0
VERTEX
8
Layer 1
10
1612.586304
20
451.221790
70
0
0
VERTEX
8
Layer 1
10
1615.912270
20
433.857704
70
0
0
VERTEX
8
Layer 1
10
1619.577820
20
416.565598
70
0
0
VERTEX
8
Layer 1
10
1623.581746
20
399.350440
70
0
0
VERTEX
8
Layer 1
10
1627.922843
20
382.217198
70
0
0
VERTEX
8
Layer 1
10
1632.599902
20
365.170840
70
0
0
VERTEX
8
Layer 1
10
1637.611717
20
348.216335
70
0
0
VERTEX
8
Layer 1
10
1642.957081
20
331.358650
70
0
0
SEQEND
8
Layer 1
0
POLYLINE
8
Layer 1
62
7
70
0
10
0.000000
20
0.000000
66
1
0
VERTEX
8
Layer 1
10
1642.956949
20
331.358730
70
0
0
VERTEX
8
Layer 1
10
1656.941457
20
335.911700
70
0
0
SEQEND
8
Layer 1
0
POLYLINE
8
Layer 1
62
7
70
0
10
0.000000
20
0.000000
66
1
0
VERTEX
8
Layer 1
10
1627.905166
20
451.564679
70
0
0
VERTEX
8
Layer 1
10
1630.659700
20
436.900362
70
0
0
VERTEX
8
Layer 1
10
1633.665798
20
422.288932
70
0
0
VERTEX
8
Layer 1
10
1636.922651
20
407.733607
70
0
0
VERTEX
8
Layer 1
10
1640.429450
20
393.237608
70
0
0
VERTEX
8
Layer 1
10
1644.185389
20
378.804156
70
0
0
VERTEX
8
Layer 1
10
1648.189657
20
364.436470
70
0
0
VERTEX
8
Layer 1
10
1652.441446
20
350.137770
70
0
0
VERTEX
8
Layer 1
10
1656.939949
20
335.911277
70
0
0
SEQEND
8
Layer 1
0
POLYLINE
8
Layer 1
62
7
70
0
10
0.000000
20
0.000000
66
1
0
VERTEX
8
Layer 1
10
1622.345060
20
491.147277
70
0
0
VERTEX
8
Layer 1
10
1623.456516
20
481.213828
70
0
0
VERTEX
8
Layer 1
10
1624.753931
20
471.303838
70
0
0
VERTEX
8
Layer 1
10
1626.236936
20
461.419918
70
0
0
VERTEX
8
Layer 1
10
1627.905166
20
451.564679
70
0
0
SEQEND
8
Layer 1
0
POLYLINE
8
Layer 1
62
7
70
0
10
0.000000
20
0.000000
66
1
0
VERTEX
8
Layer 1
10
1761.788556
20
1100.561912
70
0
0
VERTEX
8
Layer 1
10
1751.451604
20
1083.381222
70
0
0
VERTEX
8
Layer 1
10
1741.486518
20
1066.019569
70
0
0
VERTEX
8
Layer 1
10
1731.894689
20
1048.483026
70
0
0
VERTEX
8
Layer 1
10
1722.677506
20
1030.777667
70
0
0
VERTEX
8
Layer 1
10
1713.836358
20
1012.909565
70
0
0
VERTEX
8
Layer 1
10
1705.372637
20
994.884795
70
0
0
VERTEX
8
Layer 1
10
1697.287730
20
976.709430
70
0
0
VERTEX
8
Layer 1
10
1689.583029
20
958.389544
70
0
0
VERTEX
8
Layer 1
10
1682.259923
20
939.931210
70
0
0
VERTEX
8
Layer 1
10
1675.319801
20
921.340501
70
0
0
VERTEX
8
Layer 1
10
1668.764054
20
902.623492
70
0
0
VERTEX
8
Layer 1
10
1662.594070
20
883.786256
70
0
0
VERTEX
8
Layer 1
10
1656.811241
20
864.834867
70
0
0
VERTEX
8
Layer 1
10
1651.416955
20
845.775398
70
0
0
VERTEX
8
Layer 1
10
1646.412602
20
826.613923
70
0
0
VERTEX
8
Layer 1
10
1641.799573
20
807.356516
70
0
0
VERTEX
8
Layer 1
10
1637.579256
20
788.009250
70
0
0
VERTEX
8
Layer 1
10
1633.753041
20
768.578198
70
0
0
VERTEX
8
Layer 1
10
1630.322319
20
749.069436
70
0
0
VERTEX
8
Layer 1
10
1627.288479
20
729.489035
70
0
0
VERTEX
8
Layer 1
10
1624.652911
20
709.843070
70
0
0
VERTEX
8
Layer 1
10
1622.417004
20
690.137615
70
0
0
VERTEX
8
Layer 1
10
1620.582149
20
670.378743
70
0
0
VERTEX
8
Layer 1
10
1619.149734
20
650.572527
70
0
0
VERTEX
8
Layer 1
10
1618.121150
20
630.725041
70
0
0
VERTEX
8
Layer 1
10
1617.497786
20
610.842360
70
0
0
VERTEX
8
Layer 1
10
1617.281033
20
590.930556
70
0
0
VERTEX
8
Layer 1
10
1617.472280
20
570.995703
70
0
0
VERTEX
8
Layer 1
10
1618.072916
20
551.043875
70
0
0
VERTEX
8
Layer 1
10
1619.084332
20
531.081146
70
0
0
VERTEX
8
Layer 1
10
1620.507916
20
511.113588
70
0
0
VERTEX
8
Layer 1
10
1622.345060
20
491.147277
70
0
0
SEQEND
8
Layer 1
0
POLYLINE
8
Layer 1
62
7
70
0
10
0.000000
20
0.000000
66
1
0
VERTEX
8
Layer 1
10
1637.683043
20
1168.642373
70
0
0
VERTEX
8
Layer 1
10
1636.545242
20
1168.989730
70
0
0
VERTEX
8
Layer 1
10
1635.402079
20
1168.878316
70
0
0
VERTEX
8
Layer 1
10
1634.383840
20
1168.346881
70
0
0
VERTEX
8
Layer 1
10
1633.620811
20
1167.434175
70
0
0
VERTEX
8
Layer 1
10
1633.271018
20
1166.297121
70
0
0
VERTEX
8
Layer 1
10
1633.379984
20
1165.153723
70
0
0
VERTEX
8
Layer 1
10
1633.909237
20
1164.134348
70
0
0
VERTEX
8
Layer 1
10
1634.820307
20
1163.369366
70
0
0
VERTEX
8
Layer 1
10
1635.958108
20
1163.022008
70
0
0
VERTEX
8
Layer 1
10
1637.101270
20
1163.133422
70
0
0
VERTEX
8
Layer 1
10
1638.119510
20
1163.664857
70
0
0
VERTEX
8
Layer 1
10
1638.882539
20
1164.577563
70
0
0
VERTEX
8
Layer 1
10
1639.232332
20
1165.714617
70
0
0
VERTEX
8
Layer 1
10
1639.123366
20
1166.858016
70
0
0
VERTEX
8
Layer 1
10
1638.594113
20
1167.877391
70
0
0
VERTEX
8
Layer 1
10
1637.683043
20
1168.642373
70
0
0
VERTEX
8
Layer 1
10
1637.683043
20
1168.642373
70
0
0
SEQEND
8
Layer 1
0
POLYLINE
8
Layer 1
62
7
70
0
10
0.000000
20
0.000000
66
1
0
VERTEX
8
Layer 1
10
1431.643476
20
809.214146
70
0
0
VERTEX
8
Layer 1
10
1430.506079
20
809.560393
70
0
0
VERTEX
8
Layer 1
10
1429.363617
20
809.448400
70
0
0
VERTEX
8
Layer 1
10
1428.346131
20
808.916907
70
0
0
VERTEX
8
Layer 1
10
1427.583662
20
808.004656
70
0
0
VERTEX
8
Layer 1
10
1427.233941
20
806.868322
70
0
0
VERTEX
8
Layer 1
10
1427.342443
20
805.725523
70
0
0
VERTEX
8
Layer 1
10
1427.870824
20
804.706418
70
0
0
VERTEX
8
Layer 1
10
1428.780741
20
803.941165
70
0
0
VERTEX
8
Layer 1
10
1429.918139
20
803.594918
70
0
0
VERTEX
8
Layer 1
10
1431.060601
20
803.706911
70
0
0
VERTEX
8
Layer 1
10
1432.078086
20
804.238404
70
0
0
VERTEX
8
Layer 1
10
1432.840555
20
805.150655
70
0
0
VERTEX
8
Layer 1
10
1433.190276
20
806.286989
70
0
0
VERTEX
8
Layer 1
10
1433.081774
20
807.429788
70
0
0
VERTEX
8
Layer 1
10
1432.553393
20
808.448893
70
0
0
VERTEX
8
Layer 1
10
1431.643476
20
809.214146
70
0
0
VERTEX
8
Layer 1
10
1431.643476
20
809.214146
70
0
0
SEQEND
8
Layer 1
0
POLYLINE
8
Layer 1
62
7
70
0
10
0.000000
20
0.000000
66
1
0
VERTEX
8
Layer 1
10
1645.719248
20
1153.980691
70
0
0
VERTEX
8
Layer 1
10
1641.399783
20
1156.212748
70
0
0
VERTEX
8
Layer 1
10
1636.962721
20
1157.964194
70
0
0
VERTEX
8
Layer 1
10
1632.440707
20
1159.243645
70
0
0
VERTEX
8
Layer 1
10
1627.866383
20
1160.059714
70
0
0
VERTEX
8
Layer 1
10
1623.272395
20
1160.421014
70
0
0
VERTEX
8
Layer 1
10
1618.691385
20
1160.336159
70
0
0
VERTEX
8
Layer 1
10
1614.155996
20
1159.813763
70
0
0
VERTEX
8
Layer 1
10
1609.698874
20
1158.862440
70
0
0
VERTEX
8
Layer 1
10
1605.352660
20
1157.490804
70
0
0
VERTEX
8
Layer 1
10
1601.150000
20
1155.707467
70
0
0
VERTEX
8
Layer 1
10
1597.123535
20
1153.521045
70
0
0
VERTEX
8
Layer 1
10
1593.305912
20
1150.940151
70
0
0
VERTEX
8
Layer 1
10
1589.729771
20
1147.973398
70
0
0
VERTEX
8
Layer 1
10
1586.427758
20
1144.629400
70
0
0
VERTEX
8
Layer 1
10
1583.432517
20
1140.916772
70
0
0
VERTEX
8
Layer 1
10
1580.776690
20
1136.844126
70
0
0
SEQEND
8
Layer 1
0
POLYLINE
8
Layer 1
62
7
70
0
10
0.000000
20
0.000000
66
1
0
VERTEX
8
Layer 1
10
1653.272061
20
1166.948327
70
0
0
VERTEX
8
Layer 1
10
1650.451929
20
1168.496761
70
0
0
VERTEX
8
Layer 1
10
1647.587738
20
1169.885661
70
0
0
VERTEX
8
Layer 1
10
1644.684859
20
1171.116442
70
0
0
VERTEX
8
Layer 1
10
1641.748661
20
1172.190522
70
0
0
VERTEX
8
Layer 1
10
1638.784514
20
1173.109318
70
0
0
VERTEX
8
Layer 1
10
1635.797789
20
1173.874246
70
0
0
VERTEX
8
Layer 1
10
1632.793854
20
1174.486724
70
0
0
VERTEX
8
Layer 1
10
1629.778079
20
1174.948169
70
0
0
VERTEX
8
Layer 1
10
1623.732492
20
1175.423626
70
0
0
VERTEX
8
Layer 1
10
1617.703984
20
1175.311953
70
0
0
VERTEX
8
Layer 1
10
1611.735514
20
1174.624485
70
0
0
VERTEX
8
Layer 1
10
1605.870041
20
1173.372558
70
0
0
VERTEX
8
Layer 1
10
1600.150523
20
1171.567507
70
0
0
VERTEX
8
Layer 1
10
1594.619917
20
1169.220669
70
0
0
VERTEX
8
Layer 1
10
1589.321184
20
1166.343378
70
0
0
VERTEX
8
Layer 1
10
1584.297280
20
1162.946971
70
0
0
VERTEX
8
Layer 1
10
1581.901814
20
1161.057641
70
0
0
VERTEX
8
Layer 1
10
1579.591165
20
1159.042782
70
0
0
VERTEX
8
Layer 1
10
1577.370703
20
1156.903812
70
0
0
VERTEX
8
Layer 1
10
1575.245797
20
1154.642148
70
0
0
VERTEX
8
Layer 1
10
1573.221817
20
1152.259207
70
0
0
VERTEX
8
Layer 1
10
1571.304133
20
1149.756404
70
0
0
VERTEX
8
Layer 1
10
1569.498115
20
1147.135158
70
0
0
VERTEX
8
Layer 1
10
1567.809133
20
1144.396886
70
0
0
SEQEND
8
Layer 1
0
POLYLINE
8
Layer 1
62
7
70
0
10
0.000000
20
0.000000
66
1
0
VERTEX
8
Layer 1
10
1645.718852
20
1153.981299
70
0
0
VERTEX
8
Layer 1
10
1653.270712
20
1166.948486
70
0
0
SEQEND
8
Layer 1
0
POLYLINE
8
Layer 1
62
7
70
0
10
0.000000
20
0.000000
66
1
0
VERTEX
8
Layer 1
10
1429.153009
20
335.434713
70
0
0
VERTEX
8
Layer 1
10
1428.015810
20
335.780406
70
0
0
VERTEX
8
Layer 1
10
1426.873696
20
335.668122
70
0
0
VERTEX
8
Layer 1
10
1425.856585
20
335.136598
70
0
0
VERTEX
8
Layer 1
10
1425.094395
20
334.224572
70
0
0
VERTEX
8
Layer 1
10
1424.744710
20
333.088594
70
0
0
VERTEX
8
Layer 1
10
1424.852982
20
331.946092
70
0
0
VERTEX
8
Layer 1
10
1425.380930
20
330.927121
70
0
0
VERTEX
8
Layer 1
10
1426.290274
20
330.161732
70
0
0
VERTEX
8
Layer 1
10
1427.427474
20
329.816039
70
0
0
VERTEX
8
Layer 1
10
1428.569588
20
329.928323
70
0
0
VERTEX
8
Layer 1
10
1429.586698
20
330.459847
70
0
0
VERTEX
8
Layer 1
10
1430.348888
20
331.371873
70
0
0
VERTEX
8
Layer 1
10
1430.698573
20
332.507852
70
0
0
VERTEX
8
Layer 1
10
1430.590302
20
333.650353
70
0
0
VERTEX
8
Layer 1
10
1430.062353
20
334.669324
70
0
0
VERTEX
8
Layer 1
10
1429.153009
20
335.434713
70
0
0
VERTEX
8
Layer 1
10
1429.153009
20
335.434713
70
0
0
SEQEND
8
Layer 1
0
POLYLINE
8
Layer 1
62
7
70
0
10
0.000000
20
0.000000
66
1
0
VERTEX
8
Layer 1
10
1405.940402
20
441.837782
70
0
0
VERTEX
8
Layer 1
10
1404.802582
20
442.185212
70
0
0
VERTEX
8
Layer 1
10
1403.659378
20
442.073840
70
0
0
VERTEX
8
Layer 1
10
1402.641092
20
441.542415
70
0
0
VERTEX
8
Layer 1
10
1401.878025
20
440.629688
70
0
0
VERTEX
8
Layer 1
10
1401.528222
20
439.492595
70
0
0
VERTEX
8
Layer 1
10
1401.637208
20
438.349162
70
0
0
VERTEX
8
Layer 1
10
1402.166507
20
437.329769
70
0
0
VERTEX
8
Layer 1
10
1403.077640
20
436.564799
70
0
0
VERTEX
8
Layer 1
10
1404.215461
20
436.217369
70
0
0
VERTEX
8
Layer 1
10
1405.358664
20
436.328741
70
0
0
VERTEX
8
Layer 1
10
1406.376950
20
436.860166
70
0
0
VERTEX
8
Layer 1
10
1407.140017
20
437.772893
70
0
0
VERTEX
8
Layer 1
10
1407.489821
20
438.909986
70
0
0
VERTEX
8
Layer 1
10
1407.380834
20
440.053420
70
0
0
VERTEX
8
Layer 1
10
1406.851535
20
441.072812
70
0
0
VERTEX
8
Layer 1
10
1405.940402
20
441.837782
70
0
0
VERTEX
8
Layer 1
10
1405.940402
20
441.837782
70
0
0
SEQEND
8
Layer 1
0
POLYLINE
8
Layer 1
62
7
70
0
10
0.000000
20
0.000000
66
1
0
VERTEX
8
Layer 1
10
1580.776690
20
1136.844126
70
0
0
VERTEX
8
Layer 1
10
1568.457508
20
1117.390990
70
0
0
VERTEX
8
Layer 1
10
1556.574764
20
1097.714588
70
0
0
VERTEX
8
Layer 1
10
1545.130250
20
1077.822317
70
0
0
VERTEX
8
Layer 1
10
1534.125759
20
1057.721574
70
0
0
VERTEX
8
Layer 1
10
1523.563085
20
1037.419755
70
0
0
VERTEX
8
Layer 1
10
1513.444021
20
1016.924258
70
0
0
VERTEX
8
Layer 1
10
1503.770359
20
996.242478
70
0
0
VERTEX
8
Layer 1
10
1494.543893
20
975.381814
70
0
0
VERTEX
8
Layer 1
10
1485.766415
20
954.349661
70
0
0
VERTEX
8
Layer 1
10
1477.439719
20
933.153416
70
0
0
VERTEX
8
Layer 1
10
1469.565598
20
911.800477
70
0
0
VERTEX
8
Layer 1
10
1462.145844
20
890.298239
70
0
0
VERTEX
8
Layer 1
10
1455.182250
20
868.654101
70
0
0
VERTEX
8
Layer 1
10
1448.676611
20
846.875458
70
0
0
VERTEX
8
Layer 1
10
1442.630718
20
824.969708
70
0
0
VERTEX
8
Layer 1
10
1437.046365
20
802.944247
70
0
0
VERTEX
8
Layer 1
10
1431.925344
20
780.806471
70
0
0
VERTEX
8
Layer 1
10
1427.269449
20
758.563779
70
0
0
VERTEX
8
Layer 1
10
1423.080473
20
736.223566
70
0
0
VERTEX
8
Layer 1
10
1419.360209
20
713.793230
70
0
0
VERTEX
8
Layer 1
10
1416.110449
20
691.280166
70
0
0
VERTEX
8
Layer 1
10
1413.332987
20
668.691773
70
0
0
VERTEX
8
Layer 1
10
1411.029616
20
646.035446
70
0
0
VERTEX
8
Layer 1
10
1409.202129
20
623.318583
70
0
0
VERTEX
8
Layer 1
10
1407.852319
20
600.548581
70
0
0
VERTEX
8
Layer 1
10
1406.981978
20
577.732835
70
0
0
VERTEX
8
Layer 1
10
1406.592901
20
554.878744
70
0
0
VERTEX
8
Layer 1
10
1406.686879
20
531.993703
70
0
0
VERTEX
8
Layer 1
10
1407.265706
20
509.085109
70
0
0
VERTEX
8
Layer 1
10
1408.331176
20
486.160360
70
0
0
VERTEX
8
Layer 1
10
1409.885080
20
463.226852
70
0
0
VERTEX
8
Layer 1
10
1411.929212
20
440.291983
70
0
0
SEQEND
8
Layer 1
0
POLYLINE
8
Layer 1
62
7
70
0
10
0.000000
20
0.000000
66
1
0
VERTEX
8
Layer 1
10
1411.929212
20
440.291983
70
0
0
VERTEX
8
Layer 1
10
1415.082148
20
421.218724
70
0
0
VERTEX
8
Layer 1
10
1418.567740
20
402.207963
70
0
0
VERTEX
8
Layer 1
10
1422.384995
20
383.264030
70
0
0
VERTEX
8
Layer 1
10
1426.532923
20
364.391256
70
0
0
VERTEX
8
Layer 1
10
1431.010530
20
345.593970
70
0
0
VERTEX
8
Layer 1
10
1435.816827
20
326.876504
70
0
0
VERTEX
8
Layer 1
10
1440.950821
20
308.243187
70
0
0
VERTEX
8
Layer 1
10
1446.411520
20
289.698350
70
0
0
SEQEND
8
Layer 1
0
POLYLINE
8
Layer 1
62
7
70
0
10
0.000000
20
0.000000
66
1
0
VERTEX
8
Layer 1
10
1432.351077
20
285.554160
70
0
0
VERTEX
8
Layer 1
10
1446.411547
20
289.698110
70
0
0
SEQEND
8
Layer 1
0
POLYLINE
8
Layer 1
62
7
70
0
10
0.000000
20
0.000000
66
1
0
VERTEX
8
Layer 1
10
1403.940737
20
398.701890
70
0
0
VERTEX
8
Layer 1
10
1406.860044
20
384.406094
70
0
0
VERTEX
8
Layer 1
10
1409.960772
20
370.150364
70
0
0
VERTEX
8
Layer 1
10
1413.242491
20
355.936420
70
0
0
VERTEX
8
Layer 1
10
1416.704768
20
341.765983
70
0
0
VERTEX
8
Layer 1
10
1420.347170
20
327.640773
70
0
0
VERTEX
8
Layer 1
10
1424.169266
20
313.562511
70
0
0
VERTEX
8
Layer 1
10
1428.170624
20
299.532918
70
0
0
VERTEX
8
Layer 1
10
1432.350812
20
285.553713
70
0
0
SEQEND
8
Layer 1
0
POLYLINE
8
Layer 1
62
7
70
0
10
0.000000
20
0.000000
66
1
0
VERTEX
8
Layer 1
10
1393.652797
20
477.962712
70
0
0
VERTEX
8
Layer 1
10
1394.365556
20
467.987908
70
0
0
VERTEX
8
Layer 1
10
1395.242622
20
458.028256
70
0
0
VERTEX
8
Layer 1
10
1396.283731
20
448.085781
70
0
0
VERTEX
8
Layer 1
10
1397.488622
20
438.162506
70
0
0
VERTEX
8
Layer 1
10
1398.857030
20
428.260455
70
0
0
VERTEX
8
Layer 1
10
1400.388694
20
418.381653
70
0
0
VERTEX
8
Layer 1
10
1402.083350
20
408.528123
70
0
0
VERTEX
8
Layer 1
10
1403.940737
20
398.701890
70
0
0
SEQEND
8
Layer 1
0
POLYLINE
8
Layer 1
62
7
70
0
10
0.000000
20
0.000000
66
1
0
VERTEX
8
Layer 1
10
1567.809133
20
1144.396886
70
0
0
VERTEX
8
Layer 1
10
1556.009709
20
1125.753944
70
0
0
VERTEX
8
Layer 1
10
1544.603945
20
1106.907122
70
0
0
VERTEX
8
Layer 1
10
1533.593487
20
1087.862723
70
0
0
VERTEX
8
Layer 1
10
1522.979983
20
1068.627051
70
0
0
VERTEX
8
Layer 1
10
1512.765079
20
1049.206408
70
0
0
VERTEX
8
Layer 1
10
1502.950424
20
1029.607099
70
0
0
VERTEX
8
Layer 1
10
1493.537665
20
1009.835426
70
0
0
VERTEX
8
Layer 1
10
1484.528447
20
989.897693
70
0
0
VERTEX
8
Layer 1
10
1475.924420
20
969.800203
70
0
0
VERTEX
8
Layer 1
10
1467.727230
20
949.549259
70
0
0
VERTEX
8
Layer 1
10
1459.938524
20
929.151166
70
0
0
VERTEX
8
Layer 1
10
1452.559950
20
908.612226
70
0
0
VERTEX
8
Layer 1
10
1445.593154
20
887.938742
70
0
0
VERTEX
8
Layer 1
10
1439.039784
20
867.137018
70
0
0
VERTEX
8
Layer 1
10
1432.901488
20
846.213357
70
0
0
VERTEX
8
Layer 1
10
1427.179911
20
825.174062
70
0
0
VERTEX
8
Layer 1
10
1421.876703
20
804.025438
70
0
0
VERTEX
8
Layer 1
10
1416.993509
20
782.773786
70
0
0
VERTEX
8
Layer 1
10
1412.531977
20
761.425411
70
0
0
VERTEX
8
Layer 1
10
1408.493755
20
739.986616
70
0
0
VERTEX
8
Layer 1
10
1404.880489
20
718.463704
70
0
0
VERTEX
8
Layer 1
10
1401.693826
20
696.862979
70
0
0
VERTEX
8
Layer 1
10
1398.935415
20
675.190743
70
0
0
VERTEX
8
Layer 1
10
1396.606902
20
653.453300
70
0
0
VERTEX
8
Layer 1
10
1394.709934
20
631.656954
70
0
0
VERTEX
8
Layer 1
10
1393.246159
20
609.808008
70
0
0
VERTEX
8
Layer 1
10
1392.217224
20
587.912765
70
0
0
VERTEX
8
Layer 1
10
1391.624775
20
565.977528
70
0
0
VERTEX
8
Layer 1
10
1391.470461
20
544.008601
70
0
0
VERTEX
8
Layer 1
10
1391.755929
20
522.012287
70
0
0
VERTEX
8
Layer 1
10
1392.482825
20
499.994890
70
0
0
VERTEX
8
Layer 1
10
1393.652797
20
477.962712
70
0
0
SEQEND
8
Layer 1
0
POLYLINE
8
Layer 1
62
7
70
0
10
0.000000
20
0.000000
66
1
0
VERTEX
8
Layer 1
10
1643.714159
20
275.883083
70
0
0
VERTEX
8
Layer 1
10
1643.203663
20
276.958450
70
0
0
VERTEX
8
Layer 1
10
1642.350246
20
277.728166
70
0
0
VERTEX
8
Layer 1
10
1641.270581
20
278.122004
70
0
0
VERTEX
8
Layer 1
10
1640.081343
20
278.069737
70
0
0
VERTEX
8
Layer 1
10
1639.005377
20
277.560504
70
0
0
VERTEX
8
Layer 1
10
1638.234659
20
276.707992
70
0
0
VERTEX
8
Layer 1
10
1637.839552
20
275.628791
70
0
0
VERTEX
8
Layer 1
10
1637.890423
20
274.439492
70
0
0
VERTEX
8
Layer 1
10
1638.400919
20
273.364125
70
0
0
VERTEX
8
Layer 1
10
1639.254336
20
272.594408
70
0
0
VERTEX
8
Layer 1
10
1640.334001
20
272.200570
70
0
0
VERTEX
8
Layer 1
10
1641.523239
20
272.252837
70
0
0
VERTEX
8
Layer 1
10
1642.599205
20
272.762070
70
0
0
VERTEX
8
Layer 1
10
1643.369923
20
273.614583
70
0
0
VERTEX
8
Layer 1
10
1643.765029
20
274.693784
70
0
0
VERTEX
8
Layer 1
10
1643.714159
20
275.883083
70
0
0
VERTEX
8
Layer 1
10
1643.714159
20
275.883083
70
0
0
SEQEND
8
Layer 1
0
POLYLINE
8
Layer 1
62
7
70
0
10
0.000000
20
0.000000
66
1
0
VERTEX
8
Layer 1
10
1616.580590
20
346.783223
70
0
0
VERTEX
8
Layer 1
10
1616.070804
20
347.859936
70
0
0
VERTEX
8
Layer 1
10
1615.217332
20
348.630824
70
0
0
VERTEX
8
Layer 1
10
1614.137069
20
349.025432
70
0
0
VERTEX
8
Layer 1
10
1612.946911
20
348.973306
70
0
0
VERTEX
8
Layer 1
10
1611.870197
20
348.463519
70
0
0
VERTEX
8
Layer 1
10
1611.099309
20
347.610047
70
0
0
VERTEX
8
Layer 1
10
1610.704701
20
346.529784
70
0
0
VERTEX
8
Layer 1
10
1610.756828
20
345.339626
70
0
0
VERTEX
8
Layer 1
10
1611.045954
20
344.604850
70
0
0
VERTEX
8
Layer 1
10
1611.507845
20
343.980388
70
0
0
VERTEX
8
Layer 1
10
1612.114486
20
343.495329
70
0
0
VERTEX
8
Layer 1
10
1612.837864
20
343.178762
70
0
0
VERTEX
8
Layer 1
10
1613.618762
20
343.061765
70
0
0
VERTEX
8
Layer 1
10
1614.390507
20
343.149543
70
0
0
VERTEX
8
Layer 1
10
1615.113902
20
343.432380
70
0
0
VERTEX
8
Layer 1
10
1615.749745
20
343.900560
70
0
0
VERTEX
8
Layer 1
10
1616.241517
20
344.518339
70
0
0
VERTEX
8
Layer 1
10
1616.551371
20
345.230579
70
0
0
VERTEX
8
Layer 1
10
1616.668124
20
345.998476
70
0
0
VERTEX
8
Layer 1
10
1616.580590
20
346.783223
70
0
0
VERTEX
8
Layer 1
10
1616.580590
20
346.783223
70
0
0
SEQEND
8
Layer 1
0
POLYLINE
8
Layer 1
62
7
70
0
10
0.000000
20
0.000000
66
1
0
VERTEX
8
Layer 1
10
1603.773530
20
344.624720
70
0
0
VERTEX
8
Layer 1
10
1622.118260
20
267.407405
70
0
0
SEQEND
8
Layer 1
0
POLYLINE
8
Layer 1
62
7
70
0
10
0.000000
20
0.000000
66
1
0
VERTEX
8
Layer 1
10
1622.118260
20
267.407405
70
0
0
VERTEX
8
Layer 1
10
1657.626171
20
235.350552
70
0
0
SEQEND
8
Layer 1
0
POLYLINE
8
Layer 1
62
7
70
0
10
0.000000
20
0.000000
66
1
0
VERTEX
8
Layer 1
10
1665.321250
20
201.806217
70
0
0
VERTEX
8
Layer 1
10
1666.118866
20
204.016046
70
0
0
VERTEX
8
Layer 1
10
1666.735541
20
206.256347
70
0
0
VERTEX
8
Layer 1
10
1667.173516
20
208.517350
70
0
0
VERTEX
8
Layer 1
10
1667.435033
20
210.789286
70
0
0
VERTEX
8
Layer 1
10
1667.522333
20
213.062386
70
0
0
VERTEX
8
Layer 1
10
1667.437658
20
215.326880
70
0
0
VERTEX
8
Layer 1
10
1667.183249
20
217.572998
70
0
0
VERTEX
8
Layer 1
10
1666.761348
20
219.790972
70
0
0
VERTEX
8
Layer 1
10
1666.174195
20
221.971032
70
0
0
VERTEX
8
Layer 1
10
1665.424033
20
224.103409
70
0
0
VERTEX
8
Layer 1
10
1664.513103
20
226.178332
70
0
0
VERTEX
8
Layer 1
10
1663.443646
20
228.186034
70
0
0
VERTEX
8
Layer 1
10
1662.217903
20
230.116743
70
0
0
VERTEX
8
Layer 1
10
1660.838117
20
231.960692
70
0
0
VERTEX
8
Layer 1
10
1659.306528
20
233.708111
70
0
0
VERTEX
8
Layer 1
10
1657.625378
20
235.349229
70
0
0
SEQEND
8
Layer 1
0
POLYLINE
8
Layer 1
62
7
70
0
10
0.000000
20
0.000000
66
1
0
VERTEX
8
Layer 1
10
1653.681054
20
98.614402
70
0
0
VERTEX
8
Layer 1
10
1712.256079
20
243.026131
70
0
0
SEQEND
8
Layer 1
0
POLYLINE
8
Layer 1
62
7
70
0
10
0.000000
20
0.000000
66
1
0
VERTEX
8
Layer 1
10
1623.564894
20
347.498406
70
0
0
VERTEX
8
Layer 1
10
1624.310770
20
342.935289
70
0
0
VERTEX
8
Layer 1
10
1625.214164
20
338.424340
70
0
0
VERTEX
8
Layer 1
10
1626.272391
20
333.968718
70
0
0
VERTEX
8
Layer 1
10
1627.482771
20
329.571582
70
0
0
VERTEX
8
Layer 1
10
1628.842620
20
325.236094
70
0
0
VERTEX
8
Layer 1
10
1630.349255
20
320.965413
70
0
0
VERTEX
8
Layer 1
10
1631.999995
20
316.762697
70
0
0
VERTEX
8
Layer 1
10
1633.792158
20
312.631108
70
0
0
VERTEX
8
Layer 1
10
1635.723059
20
308.573805
70
0
0
VERTEX
8
Layer 1
10
1637.790018
20
304.593948
70
0
0
VERTEX
8
Layer 1
10
1639.990351
20
300.694696
70
0
0
VERTEX
8
Layer 1
10
1642.321376
20
296.879210
70
0
0
VERTEX
8
Layer 1
10
1644.780410
20
293.150648
70
0
0
VERTEX
8
Layer 1
10
1647.364772
20
289.512172
70
0
0
VERTEX
8
Layer 1
10
1650.071778
20
285.966940
70
0
0
VERTEX
8
Layer 1
10
1652.898746
20
282.518112
70
0
0
VERTEX
8
Layer 1
10
1655.842994
20
279.168848
70
0
0
VERTEX
8
Layer 1
10
1658.901840
20
275.922309
70
0
0
VERTEX
8
Layer 1
10
1662.072599
20
272.781653
70
0
0
VERTEX
8
Layer 1
10
1665.352591
20
269.750040
70
0
0
VERTEX
8
Layer 1
10
1668.739133
20
266.830631
70
0
0
VERTEX
8
Layer 1
10
1672.229542
20
264.026585
70
0
0
VERTEX
8
Layer 1
10
1675.821136
20
261.341061
70
0
0
VERTEX
8
Layer 1
10
1679.511232
20
258.777220
70
0
0
VERTEX
8
Layer 1
10
1683.297147
20
256.338222
70
0
0
VERTEX
8
Layer 1
10
1687.176201
20
254.027225
70
0
0
VERTEX
8
Layer 1
10
1691.145709
20
251.847391
70
0
0
VERTEX
8
Layer 1
10
1695.202989
20
249.801878
70
0
0
VERTEX
8
Layer 1
10
1699.345359
20
247.893846
70
0
0
VERTEX
8
Layer 1
10
1703.570137
20
246.126455
70
0
0
VERTEX
8
Layer 1
10
1707.874639
20
244.502866
70
0
0
VERTEX
8
Layer 1
10
1712.256184
20
243.026237
70
0
0
SEQEND
8
Layer 1
0
POLYLINE
8
Layer 1
62
7
70
0
10
0.000000
20
0.000000
66
1
0
VERTEX
8
Layer 1
10
1686.806051
20
1018.492420
70
0
0
VERTEX
8
Layer 1
10
1686.296128
20
1019.568874
70
0
0
VERTEX
8
Layer 1
10
1685.442667
20
1020.339537
70
0
0
VERTEX
8
Layer 1
10
1684.362519
20
1020.733998
70
0
0
VERTEX
8
Layer 1
10
1683.172538
20
1020.681845
70
0
0
VERTEX
8
Layer 1
10
1682.095968
20
1020.172166
70
0
0
VERTEX
8
Layer 1
10
1681.325111
20
1019.318880
70
0
0
VERTEX
8
Layer 1
10
1680.930406
20
1018.238821
70
0
0
VERTEX
8
Layer 1
10
1680.982289
20
1017.048828
70
0
0
VERTEX
8
Layer 1
10
1681.492212
20
1015.972374
70
0
0
VERTEX
8
Layer 1
10
1682.345673
20
1015.201711
70
0
0
VERTEX
8
Layer 1
10
1683.425821
20
1014.807250
70
0
0
VERTEX
8
Layer 1
10
1684.615802
20
1014.859403
70
0
0
VERTEX
8
Layer 1
10
1685.692372
20
1015.369082
70
0
0
VERTEX
8
Layer 1
10
1686.463229
20
1016.222368
70
0
0
VERTEX
8
Layer 1
10
1686.857934
20
1017.302427
70
0
0
VERTEX
8
Layer 1
10
1686.806051
20
1018.492420
70
0
0
VERTEX
8
Layer 1
10
1686.806051
20
1018.492420
70
0
0
SEQEND
8
Layer 1
0
POLYLINE
8
Layer 1
62
7
70
0
10
0.000000
20
0.000000
66
1
0
VERTEX
8
Layer 1
10
1609.676085
20
823.569282
70
0
0
VERTEX
8
Layer 1
10
1609.166164
20
824.645749
70
0
0
VERTEX
8
Layer 1
10
1608.312698
20
825.416421
70
0
0
VERTEX
8
Layer 1
10
1607.232542
20
825.810885
70
0
0
VERTEX
8
Layer 1
10
1606.042550
20
825.758729
70
0
0
VERTEX
8
Layer 1
10
1604.965973
20
825.249039
70
0
0
VERTEX
8
Layer 1
10
1604.195118
20
824.395739
70
0
0
VERTEX
8
Layer 1
10
1603.800422
20
823.315667
70
0
0
VERTEX
8
Layer 1
10
1603.852322
20
822.125664
70
0
0
VERTEX
8
Layer 1
10
1604.362243
20
821.049197
70
0
0
VERTEX
8
Layer 1
10
1605.215710
20
820.278525
70
0
0
VERTEX
8
Layer 1
10
1606.295866
20
819.884060
70
0
0
VERTEX
8
Layer 1
10
1607.485858
20
819.936217
70
0
0
VERTEX
8
Layer 1
10
1608.562434
20
820.445906
70
0
0
VERTEX
8
Layer 1
10
1609.333290
20
821.299207
70
0
0
VERTEX
8
Layer 1
10
1609.727986
20
822.379279
70
0
0
VERTEX
8
Layer 1
10
1609.676085
20
823.569282
70
0
0
VERTEX
8
Layer 1
10
1609.676085
20
823.569282
70
0
0
SEQEND
8
Layer 1
0
POLYLINE
8
Layer 1
62
7
70
0
10
0.000000
20
0.000000
66
1
0
VERTEX
8
Layer 1
10
1643.619597
20
104.598766
70
0
0
VERTEX
8
Layer 1
10
1643.109101
20
105.674133
70
0
0
VERTEX
8
Layer 1
10
1642.255684
20
106.443850
70
0
0
VERTEX
8
Layer 1
10
1641.176019
20
106.837688
70
0
0
VERTEX
8
Layer 1
10
1639.986781
20
106.785421
70
0
0
VERTEX
8
Layer 1
10
1638.910815
20
106.276188
70
0
0
VERTEX
8
Layer 1
10
1638.140097
20
105.423675
70
0
0
VERTEX
8
Layer 1
10
1637.744990
20
104.344474
70
0
0
VERTEX
8
Layer 1
10
1637.795861
20
103.155175
70
0
0
VERTEX
8
Layer 1
10
1638.306357
20
102.079808
70
0
0
VERTEX
8
Layer 1
10
1639.159774
20
101.310092
70
0
0
VERTEX
8
Layer 1
10
1640.239439
20
100.916254
70
0
0
VERTEX
8
Layer 1
10
1641.428677
20
100.968521
70
0
0
VERTEX
8
Layer 1
10
1642.504643
20
101.477754
70
0
0
VERTEX
8
Layer 1
10
1643.275361
20
102.330266
70
0
0
VERTEX
8
Layer 1
10
1643.670467
20
103.409467
70
0
0
VERTEX
8
Layer 1
10
1643.619597
20
104.598766
70
0
0
VERTEX
8
Layer 1
10
1643.619597
20
104.598766
70
0
0
SEQEND
8
Layer 1
0
POLYLINE
8
Layer 1
62
7
70
0
10
0.000000
20
0.000000
66
1
0
VERTEX
8
Layer 1
10
1697.899779
20
1056.571549
70
0
0
VERTEX
8
Layer 1
10
1691.933453
20
1046.508909
70
0
0
VERTEX
8
Layer 1
10
1686.105990
20
1036.383417
70
0
0
VERTEX
8
Layer 1
10
1680.417576
20
1026.196485
70
0
0
VERTEX
8
Layer 1
10
1674.868398
20
1015.949522
70
0
0
VERTEX
8
Layer 1
10
1669.458643
20
1005.643940
70
0
0
VERTEX
8
Layer 1
10
1664.188496
20
995.281149
70
0
0
VERTEX
8
Layer 1
10
1654.067775
20
974.389582
70
0
0
VERTEX
8
Layer 1
10
1644.507728
20
953.286106
70
0
0
VERTEX
8
Layer 1
10
1635.509845
20
931.982006
70
0
0
VERTEX
8
Layer 1
10
1627.075620
20
910.488565
70
0
0
VERTEX
8
Layer 1
10
1619.206544
20
888.817069
70
0
0
VERTEX
8
Layer 1
10
1611.904109
20
866.978802
70
0
0
VERTEX
8
Layer 1
10
1605.169807
20
844.985049
70
0
0
VERTEX
8
Layer 1
10
1599.005129
20
822.847095
70
0
0
VERTEX
8
Layer 1
10
1593.411569
20
800.576223
70
0
0
VERTEX
8
Layer 1
10
1588.390617
20
778.183719
70
0
0
VERTEX
8
Layer 1
10
1583.943766
20
755.680866
70
0
0
VERTEX
8
Layer 1
10
1580.072508
20
733.078951
70
0
0
VERTEX
8
Layer 1
10
1576.778335
20
710.389256
70
0
0
VERTEX
8
Layer 1
10
1574.062738
20
687.623068
70
0
0
VERTEX
8
Layer 1
10
1571.927209
20
664.791669
70
0
0
VERTEX
8
Layer 1
10
1570.373242
20
641.906346
70
0
0
VERTEX
8
Layer 1
10
1569.402326
20
618.978382
70
0
0
VERTEX
8
Layer 1
10
1569.015955
20
596.019062
70
0
0
VERTEX
8
Layer 1
10
1569.215620
20
573.039671
70
0
0
VERTEX
8
Layer 1
10
1570.002814
20
550.051493
70
0
0
VERTEX
8
Layer 1
10
1571.379027
20
527.065813
70
0
0
VERTEX
8
Layer 1
10
1573.345753
20
504.093915
70
0
0
VERTEX
8
Layer 1
10
1575.904483
20
481.147085
70
0
0
VERTEX
8
Layer 1
10
1579.056709
20
458.236605
70
0
0
VERTEX
8
Layer 1
10
1582.803923
20
435.373762
70
0
0
VERTEX
8
Layer 1
10
1587.147617
20
412.569840
70
0
0
VERTEX
8
Layer 1
10
1589.543610
20
401.193500
70
0
0
VERTEX
8
Layer 1
10
1592.089283
20
389.836123
70
0
0
VERTEX
8
Layer 1
10
1594.784821
20
378.499117
70
0
0
VERTEX
8
Layer 1
10
1597.630412
20
367.183895
70
0
0
VERTEX
8
Layer 1
10
1600.626242
20
355.891867
70
0
0
VERTEX
8
Layer 1
10
1603.772498
20
344.624442
70
0
0
SEQEND
8
Layer 1
0
POLYLINE
8
Layer 1
62
7
70
0
10
0.000000
20
0.000000
66
1
0
VERTEX
8
Layer 1
10
1665.322626
20
201.805238
70
0
0
VERTEX
8
Layer 1
10
1627.734642
20
109.137926
70
0
0
SEQEND
8
Layer 1
0
POLYLINE
8
Layer 1
62
7
70
0
10
0.000000
20
0.000000
66
1
0
VERTEX
8
Layer 1
10
1627.734589
20
109.137899
70
0
0
VERTEX
8
Layer 1
10
1626.937831
20
106.416461
70
0
0
VERTEX
8
Layer 1
10
1626.706145
20
103.674692
70
0
0
VERTEX
8
Layer 1
10
1627.008524
20
100.985913
70
0
0
VERTEX
8
Layer 1
10
1627.813959
20
98.423443
70
0
0
VERTEX
8
Layer 1
10
1629.091445
20
96.060605
70
0
0
VERTEX
8
Layer 1
10
1630.809973
20
93.970718
70
0
0
VERTEX
8
Layer 1
10
1632.938537
20
92.227102
70
0
0
VERTEX
8
Layer 1
10
1635.446128
20
90.903079
70
0
0
VERTEX
8
Layer 1
10
1638.167520
20
90.106162
70
0
0
VERTEX
8
Layer 1
10
1640.909276
20
89.874317
70
0
0
VERTEX
8
Layer 1
10
1643.598073
20
90.176538
70
0
0
VERTEX
8
Layer 1
10
1646.160589
20
90.981825
70
0
0
VERTEX
8
Layer 1
10
1648.523502
20
92.259173
70
0
0
VERTEX
8
Layer 1
10
1650.613489
20
93.977579
70
0
0
VERTEX
8
Layer 1
10
1652.357228
20
96.106041
70
0
0
VERTEX
8
Layer 1
10
1653.681398
20
98.613555
70
0
0
SEQEND
8
Layer 1
0
POLYLINE
8
Layer 1
62
7
70
0
10
0.000000
20
0.000000
66
1
0
VERTEX
8
Layer 1
10
1710.484299
20
1048.963253
70
0
0
VERTEX
8
Layer 1
10
1704.581300
20
1039.049111
70
0
0
VERTEX
8
Layer 1
10
1698.818841
20
1029.071546
70
0
0
VERTEX
8
Layer 1
10
1693.197102
20
1019.032021
70
0
0
VERTEX
8
Layer 1
10
1687.716264
20
1008.931997
70
0
0
VERTEX
8
Layer 1
10
1682.376508
20
998.772936
70
0
0
VERTEX
8
Layer 1
10
1677.178015
20
988.556299
70
0
0
VERTEX
8
Layer 1
10
1672.120967
20
978.283548
70
0
0
VERTEX
8
Layer 1
10
1667.205544
20
967.956145
70
0
0
VERTEX
8
Layer 1
10
1662.431929
20
957.575551
70
0
0
VERTEX
8
Layer 1
10
1657.800300
20
947.143228
70
0
0
VERTEX
8
Layer 1
10
1653.310841
20
936.660639
70
0
0
VERTEX
8
Layer 1
10
1648.963732
20
926.129244
70
0
0
VERTEX
8
Layer 1
10
1640.697288
20
904.925884
70
0
0
VERTEX
8
Layer 1
10
1633.002418
20
883.544842
70
0
0
VERTEX
8
Layer 1
10
1625.880570
20
861.997812
70
0
0
VERTEX
8
Layer 1
10
1619.333194
20
840.296488
70
0
0
VERTEX
8
Layer 1
10
1613.361739
20
818.452562
70
0
0
VERTEX
8
Layer 1
10
1607.967652
20
796.477728
70
0
0
VERTEX
8
Layer 1
10
1603.152385
20
774.383681
70
0
0
VERTEX
8
Layer 1
10
1598.917384
20
752.182112
70
0
0
VERTEX
8
Layer 1
10
1595.264100
20
729.884716
70
0
0
VERTEX
8
Layer 1
10
1592.193981
20
707.503187
70
0
0
VERTEX
8
Layer 1
10
1589.708476
20
685.049217
70
0
0
VERTEX
8
Layer 1
10
1587.809034
20
662.534501
70
0
0
VERTEX
8
Layer 1
10
1586.497104
20
639.970731
70
0
0
VERTEX
8
Layer 1
10
1585.774136
20
617.369601
70
0
0
VERTEX
8
Layer 1
10
1585.641577
20
594.742805
70
0
0
VERTEX
8
Layer 1
10
1586.100877
20
572.102036
70
0
0
VERTEX
8
Layer 1
10
1587.153486
20
549.458988
70
0
0
VERTEX
8
Layer 1
10
1588.800851
20
526.825353
70
0
0
VERTEX
8
Layer 1
10
1591.044422
20
504.212827
70
0
0
VERTEX
8
Layer 1
10
1593.885647
20
481.633101
70
0
0
VERTEX
8
Layer 1
10
1595.530834
20
470.359193
70
0
0
VERTEX
8
Layer 1
10
1597.325977
20
459.097870
70
0
0
VERTEX
8
Layer 1
10
1599.271258
20
447.850595
70
0
0
VERTEX
8
Layer 1
10
1601.366859
20
436.618827
70
0
0
VERTEX
8
Layer 1
10
1603.612960
20
425.404031
70
0
0
VERTEX
8
Layer 1
10
1606.009743
20
414.207666
70
0
0
VERTEX
8
Layer 1
10
1608.557388
20
403.031195
70
0
0
VERTEX
8
Layer 1
10
1611.256077
20
391.876080
70
0
0
VERTEX
8
Layer 1
10
1614.105991
20
380.743782
70
0
0
VERTEX
8
Layer 1
10
1617.107311
20
369.635762
70
0
0
VERTEX
8
Layer 1
10
1620.260218
20
358.553483
70
0
0
VERTEX
8
Layer 1
10
1623.564894
20
347.498406
70
0
0
SEQEND
8
Layer 1
0
POLYLINE
8
Layer 1
62
7
70
0
10
0.000000
20
0.000000
66
1
0
VERTEX
8
Layer 1
10
1697.898985
20
1056.570835
70
0
0
VERTEX
8
Layer 1
10
1710.483769
20
1048.963941
70
0
0
SEQEND
8
Layer 1
0
POLYLINE
8
Layer 1
62
7
70
0
10
0.000000
20
0.000000
66
1
0
VERTEX
8
Layer 1
10
1569.360727
20
31.528059
70
0
0
VERTEX
8
Layer 1
10
1568.776625
20
32.566333
70
0
0
VERTEX
8
Layer 1
10
1567.871151
20
33.275413
70
0
0
VERTEX
8
Layer 1
10
1566.765858
20
33.593224
70
0
0
VERTEX
8
Layer 1
10
1565.582296
20
33.457689
70
0
0
VERTEX
8
Layer 1
10
1564.544023
20
32.873587
70
0
0
VERTEX
8
Layer 1
10
1563.834943
20
31.968114
70
0
0
VERTEX
8
Layer 1
10
1563.517132
20
30.862820
70
0
0
VERTEX
8
Layer 1
10
1563.652666
20
29.679259
70
0
0
VERTEX
8
Layer 1
10
1563.992652
20
28.966591
70
0
0
VERTEX
8
Layer 1
10
1564.497234
20
28.376090
70
0
0
VERTEX
8
Layer 1
10
1565.136424
20
27.934808
70
0
0
VERTEX
8
Layer 1
10
1565.880235
20
27.669796
70
0
0
VERTEX
8
Layer 1
10
1566.667417
20
27.607898
70
0
0
VERTEX
8
Layer 1
10
1567.431097
20
27.749629
70
0
0
VERTEX
8
Layer 1
10
1568.132853
20
28.082543
70
0
0
VERTEX
8
Layer 1
10
1568.734266
20
28.594196
70
0
0
VERTEX
8
Layer 1
10
1569.181462
20
29.244967
70
0
0
VERTEX
8
Layer 1
10
1569.440559
20
29.977198
70
0
0
VERTEX
8
Layer 1
10
1569.503126
20
30.751394
70
0
0
VERTEX
8
Layer 1
10
1569.360727
20
31.528059
70
0
0
VERTEX
8
Layer 1
10
1569.360727
20
31.528059
70
0
0
SEQEND
8
Layer 1
0
POLYLINE
8
Layer 1
62
7
70
0
10
0.000000
20
0.000000
66
1
0
VERTEX
8
Layer 1
10
1483.257772
20
190.144642
70
0
0
VERTEX
8
Layer 1
10
1482.917786
20
190.857310
70
0
0
VERTEX
8
Layer 1
10
1482.413205
20
191.447811
70
0
0
VERTEX
8
Layer 1
10
1481.774014
20
191.889092
70
0
0
VERTEX
8
Layer 1
10
1481.030203
20
192.154104
70
0
0
VERTEX
8
Layer 1
10
1480.243021
20
192.216002
70
0
0
VERTEX
8
Layer 1
10
1479.479342
20
192.074272
70
0
0
VERTEX
8
Layer 1
10
1478.777585
20
191.741358
70
0
0
VERTEX
8
Layer 1
10
1478.176173
20
191.229704
70
0
0
VERTEX
8
Layer 1
10
1477.728977
20
190.578934
70
0
0
VERTEX
8
Layer 1
10
1477.469879
20
189.846703
70
0
0
VERTEX
8
Layer 1
10
1477.407313
20
189.072507
70
0
0
VERTEX
8
Layer 1
10
1477.549712
20
188.295841
70
0
0
VERTEX
8
Layer 1
10
1478.133814
20
187.257568
70
0
0
VERTEX
8
Layer 1
10
1479.039287
20
186.548488
70
0
0
VERTEX
8
Layer 1
10
1480.144581
20
186.230677
70
0
0
VERTEX
8
Layer 1
10
1481.328142
20
186.366211
70
0
0
VERTEX
8
Layer 1
10
1482.366415
20
186.950313
70
0
0
VERTEX
8
Layer 1
10
1483.075496
20
187.855787
70
0
0
VERTEX
8
Layer 1
10
1483.393307
20
188.961080
70
0
0
VERTEX
8
Layer 1
10
1483.257772
20
190.144642
70
0
0
VERTEX
8
Layer 1
10
1483.257772
20
190.144642
70
0
0
SEQEND
8
Layer 1
0
POLYLINE
8
Layer 1
62
7
70
0
10
0.000000
20
0.000000
66
1
0
VERTEX
8
Layer 1
10
1477.781910
20
270.311251
70
0
0
VERTEX
8
Layer 1
10
1477.196442
20
271.346433
70
0
0
VERTEX
8
Layer 1
10
1476.291270
20
272.052927
70
0
0
VERTEX
8
Layer 1
10
1475.187417
20
272.369127
70
0
0
VERTEX
8
Layer 1
10
1474.005910
20
272.233424
70
0
0
VERTEX
8
Layer 1
10
1472.969202
20
271.650663
70
0
0
VERTEX
8
Layer 1
10
1472.260344
20
270.747341
70
0
0
VERTEX
8
Layer 1
10
1471.941260
20
269.644319
70
0
0
VERTEX
8
Layer 1
10
1472.073875
20
268.462461
70
0
0
VERTEX
8
Layer 1
10
1472.659343
20
267.427279
70
0
0
VERTEX
8
Layer 1
10
1473.564515
20
266.720784
70
0
0
VERTEX
8
Layer 1
10
1474.668368
20
266.404585
70
0
0
VERTEX
8
Layer 1
10
1475.849874
20
266.540288
70
0
0
VERTEX
8
Layer 1
10
1476.886583
20
267.123048
70
0
0
VERTEX
8
Layer 1
10
1477.595441
20
268.026371
70
0
0
VERTEX
8
Layer 1
10
1477.914524
20
269.129393
70
0
0
VERTEX
8
Layer 1
10
1477.781910
20
270.311251
70
0
0
VERTEX
8
Layer 1
10
1477.781910
20
270.311251
70
0
0
SEQEND
8
Layer 1
0
POLYLINE
8
Layer 1
62
7
70
0
10
0.000000
20
0.000000
66
1
0
VERTEX
8
Layer 1
10
1465.565821
20
792.367485
70
0
0
VERTEX
8
Layer 1
10
1464.980504
20
793.403010
70
0
0
VERTEX
8
Layer 1
10
1464.075297
20
794.109792
70
0
0
VERTEX
8
Layer 1
10
1462.971284
20
794.426169
70
0
0
VERTEX
8
Layer 1
10
1461.789548
20
794.290483
70
0
0
VERTEX
8
Layer 1
10
1460.752666
20
793.707572
70
0
0
VERTEX
8
Layer 1
10
1460.043785
20
792.804008
70
0
0
VERTEX
8
Layer 1
10
1459.724845
20
791.700732
70
0
0
VERTEX
8
Layer 1
10
1459.857787
20
790.518685
70
0
0
VERTEX
8
Layer 1
10
1460.443104
20
789.483159
70
0
0
VERTEX
8
Layer 1
10
1461.348312
20
788.776377
70
0
0
VERTEX
8
Layer 1
10
1462.452325
20
788.460000
70
0
0
VERTEX
8
Layer 1
10
1463.634061
20
788.595686
70
0
0
VERTEX
8
Layer 1
10
1464.670942
20
789.178598
70
0
0
VERTEX
8
Layer 1
10
1465.379824
20
790.082162
70
0
0
VERTEX
8
Layer 1
10
1465.698764
20
791.185437
70
0
0
VERTEX
8
Layer 1
10
1465.565821
20
792.367485
70
0
0
VERTEX
8
Layer 1
10
1465.565821
20
792.367485
70
0
0
SEQEND
8
Layer 1
0
POLYLINE
8
Layer 1
62
7
70
0
10
0.000000
20
0.000000
66
1
0
VERTEX
8
Layer 1
10
1539.791090
20
1018.204606
70
0
0
VERTEX
8
Layer 1
10
1539.206129
20
1019.240933
70
0
0
VERTEX
8
Layer 1
10
1538.300846
20
1019.948387
70
0
0
VERTEX
8
Layer 1
10
1537.196462
20
1020.265186
70
0
0
VERTEX
8
Layer 1
10
1536.014195
20
1020.129549
70
0
0
VERTEX
8
Layer 1
10
1534.976905
20
1019.546297
70
0
0
VERTEX
8
Layer 1
10
1534.267960
20
1018.642182
70
0
0
VERTEX
8
Layer 1
10
1533.949341
20
1017.538322
70
0
0
VERTEX
8
Layer 1
10
1534.083029
20
1016.355833
70
0
0
VERTEX
8
Layer 1
10
1534.667990
20
1015.319506
70
0
0
VERTEX
8
Layer 1
10
1535.573272
20
1014.612052
70
0
0
VERTEX
8
Layer 1
10
1536.677657
20
1014.295253
70
0
0
VERTEX
8
Layer 1
10
1537.859924
20
1014.430889
70
0
0
VERTEX
8
Layer 1
10
1538.897213
20
1015.014141
70
0
0
VERTEX
8
Layer 1
10
1539.606158
20
1015.918256
70
0
0
VERTEX
8
Layer 1
10
1539.924777
20
1017.022117
70
0
0
VERTEX
8
Layer 1
10
1539.791090
20
1018.204606
70
0
0
VERTEX
8
Layer 1
10
1539.791090
20
1018.204606
70
0
0
SEQEND
8
Layer 1
0
POLYLINE
8
Layer 1
62
7
70
0
10
0.000000
20
0.000000
66
1
0
VERTEX
8
Layer 1
10
1550.263364
20
1062.841822
70
0
0
VERTEX
8
Layer 1
10
1563.308523
20
1056.156603
70
0
0
SEQEND
8
Layer 1
0
POLYLINE
8
Layer 1
62
7
70
0
10
0.000000
20
0.000000
66
1
0
VERTEX
8
Layer 1
10
1432.276279
20
111.001675
70
0
0
VERTEX
8
Layer 1
10
1558.267344
20
19.284587
70
0
0
SEQEND
8
Layer 1
0
POLYLINE
8
Layer 1
62
7
70
0
10
0.000000
20
0.000000
66
1
0
VERTEX
8
Layer 1
10
1558.267344
20
19.284587
70
0
0
VERTEX
8
Layer 1
10
1559.839089
20
18.291823
70
0
0
VERTEX
8
Layer 1
10
1561.505970
20
17.524844
70
0
0
VERTEX
8
Layer 1
10
1563.244543
20
16.986141
70
0
0
VERTEX
8
Layer 1
10
1565.031363
20
16.678207
70
0
0
VERTEX
8
Layer 1
10
1566.842984
20
16.603536
70
0
0
VERTEX
8
Layer 1
10
1568.655962
20
16.764619
70
0
0
VERTEX
8
Layer 1
10
1570.446852
20
17.163950
70
0
0
VERTEX
8
Layer 1
10
1572.192208
20
17.804021
70
0
0
VERTEX
8
Layer 1
10
1573.837599
20
18.669268
70
0
0
VERTEX
8
Layer 1
10
1575.334969
20
19.729756
70
0
0
VERTEX
8
Layer 1
10
1576.670442
20
20.966424
70
0
0
VERTEX
8
Layer 1
10
1577.830143
20
22.360210
70
0
0
VERTEX
8
Layer 1
10
1578.800196
20
23.892054
70
0
0
VERTEX
8
Layer 1
10
1579.566724
20
25.542894
70
0
0
VERTEX
8
Layer 1
10
1580.115852
20
27.293668
70
0
0
VERTEX
8
Layer 1
10
1580.433703
20
29.125315
70
0
0
VERTEX
8
Layer 1
10
1580.506556
20
30.982908
70
0
0
VERTEX
8
Layer 1
10
1580.336324
20
32.809866
70
0
0
VERTEX
8
Layer 1
10
1579.932582
20
34.584641
70
0
0
VERTEX
8
Layer 1
10
1579.304905
20
36.285691
70
0
0
VERTEX
8
Layer 1
10
1578.462870
20
37.891469
70
0
0
VERTEX
8
Layer 1
10
1577.416051
20
39.380431
70
0
0
VERTEX
8
Layer 1
10
1576.174025
20
40.731031
70
0
0
VERTEX
8
Layer 1
10
1574.746367
20
41.921726
70
0
0
SEQEND
8
Layer 1
0
POLYLINE
8
Layer 1
62
7
70
0
10
0.000000
20
0.000000
66
1
0
VERTEX
8
Layer 1
10
1493.898983
20
100.776971
70
0
0
VERTEX
8
Layer 1
10
1574.745891
20
41.923393
70
0
0
SEQEND
8
Layer 1
0
POLYLINE
8
Layer 1
62
7
70
0
10
0.000000
20
0.000000
66
1
0
VERTEX
8
Layer 1
10
1482.725220
20
133.325839
70
0
0
VERTEX
8
Layer 1
10
1482.163950
20
131.044497
70
0
0
VERTEX
8
Layer 1
10
1481.785821
20
128.751843
70
0
0
VERTEX
8
Layer 1
10
1481.587578
20
126.457357
70
0
0
VERTEX
8
Layer 1
10
1481.565966
20
124.170519
70
0
0
VERTEX
8
Layer 1
10
1481.717731
20
121.900810
70
0
0
VERTEX
8
Layer 1
10
1482.039618
20
119.657710
70
0
0
VERTEX
8
Layer 1
10
1482.528373
20
117.450699
70
0
0
VERTEX
8
Layer 1
10
1483.180742
20
115.289257
70
0
0
VERTEX
8
Layer 1
10
1483.993470
20
113.182864
70
0
0
VERTEX
8
Layer 1
10
1484.963303
20
111.141001
70
0
0
VERTEX
8
Layer 1
10
1486.086986
20
109.173147
70
0
0
VERTEX
8
Layer 1
10
1487.361264
20
107.288784
70
0
0
VERTEX
8
Layer 1
10
1488.782884
20
105.497390
70
0
0
VERTEX
8
Layer 1
10
1490.348591
20
103.808447
70
0
0
VERTEX
8
Layer 1
10
1492.055130
20
102.231435
70
0
0
VERTEX
8
Layer 1
10
1493.899248
20
100.775833
70
0
0
SEQEND
8
Layer 1
0
POLYLINE
8
Layer 1
62
7
70
0
10
0.000000
20
0.000000
66
1
0
VERTEX
8
Layer 1
10
1484.698929
20
271.514807
70
0
0
VERTEX
8
Layer 1
10
1500.040219
20
193.501115
70
0
0
SEQEND
8
Layer 1
0
POLYLINE
8
Layer 1
62
7
70
0
10
0.000000
20
0.000000
66
1
0
VERTEX
8
Layer 1
10
1563.309343
20
1056.157133
70
0
0
VERTEX
8
Layer 1
10
1552.156070
20
1033.275343
70
0
0
VERTEX
8
Layer 1
10
1541.554056
20
1010.189875
70
0
0
VERTEX
8
Layer 1
10
1531.504285
20
986.910526
70
0
0
VERTEX
8
Layer 1
10
1522.007738
20
963.447097
70
0
0
VERTEX
8
Layer 1
10
1513.065396
20
939.809383
70
0
0
VERTEX
8
Layer 1
10
1504.678242
20
916.007185
70
0
0
VERTEX
8
Layer 1
10
1496.847256
20
892.050299
70
0
0
VERTEX
8
Layer 1
10
1489.573421
20
867.948525
70
0
0
VERTEX
8
Layer 1
10
1482.857718
20
843.711661
70
0
0
VERTEX
8
Layer 1
10
1476.701129
20
819.349504
70
0
0
VERTEX
8
Layer 1
10
1471.104635
20
794.871854
70
0
0
VERTEX
8
Layer 1
10
1466.069218
20
770.288508
70
0
0
VERTEX
8
Layer 1
10
1461.595860
20
745.609265
70
0
0
VERTEX
8
Layer 1
10
1457.685543
20
720.843924
70
0
0
VERTEX
8
Layer 1
10
1454.339247
20
696.002281
70
0
0
VERTEX
8
Layer 1
10
1451.557955
20
671.094136
70
0
0
VERTEX
8
Layer 1
10
1449.342649
20
646.129288
70
0
0
VERTEX
8
Layer 1
10
1447.694310
20
621.117533
70
0
0
VERTEX
8
Layer 1
10
1446.613919
20
596.068671
70
0
0
VERTEX
8
Layer 1
10
1446.102459
20
570.992500
70
0
0
VERTEX
8
Layer 1
10
1446.160910
20
545.898817
70
0
0
VERTEX
8
Layer 1
10
1446.790256
20
520.797422
70
0
0
VERTEX
8
Layer 1
10
1447.991476
20
495.698113
70
0
0
VERTEX
8
Layer 1
10
1449.765554
20
470.610688
70
0
0
VERTEX
8
Layer 1
10
1452.113470
20
445.544944
70
0
0
VERTEX
8
Layer 1
10
1455.036206
20
420.510682
70
0
0
VERTEX
8
Layer 1
10
1458.534745
20
395.517698
70
0
0
VERTEX
8
Layer 1
10
1462.610067
20
370.575791
70
0
0
VERTEX
8
Layer 1
10
1467.263154
20
345.694759
70
0
0
VERTEX
8
Layer 1
10
1472.494988
20
320.884401
70
0
0
VERTEX
8
Layer 1
10
1478.306551
20
296.154515
70
0
0
VERTEX
8
Layer 1
10
1484.698824
20
271.514900
70
0
0
SEQEND
8
Layer 1
0
POLYLINE
8
Layer 1
62
7
70
0
10
0.000000
20
0.000000
66
1
0
VERTEX
8
Layer 1
10
1550.263549
20
1062.842034
70
0
0
VERTEX
8
Layer 1
10
1538.999569
20
1039.642554
70
0
0
VERTEX
8
Layer 1
10
1528.280584
20
1016.241151
70
0
0
VERTEX
8
Layer 1
10
1518.107607
20
992.647292
70
0
0
VERTEX
8
Layer 1
10
1508.481652
20
968.870443
70
0
0
VERTEX
8
Layer 1
10
1499.403730
20
944.920071
70
0
0
VERTEX
8
Layer 1
10
1490.874855
20
920.805641
70
0
0
VERTEX
8
Layer 1
10
1482.896040
20
896.536622
70
0
0
VERTEX
8
Layer 1
10
1475.468296
20
872.122478
70
0
0
VERTEX
8
Layer 1
10
1468.592636
20
847.572677
70
0
0
VERTEX
8
Layer 1
10
1462.270074
20
822.896686
70
0
0
VERTEX
8
Layer 1
10
1456.501622
20
798.103970
70
0
0
VERTEX
8
Layer 1
10
1451.288292
20
773.203996
70
0
0
VERTEX
8
Layer 1
10
1446.631097
20
748.206231
70
0
0
VERTEX
8
Layer 1
10
1442.531050
20
723.120141
70
0
0
VERTEX
8
Layer 1
10
1438.989164
20
697.955193
70
0
0
VERTEX
8
Layer 1
10
1436.006451
20
672.720853
70
0
0
VERTEX
8
Layer 1
10
1433.583924
20
647.426588
70
0
0
VERTEX
8
Layer 1
10
1431.722595
20
622.081865
70
0
0
VERTEX
8
Layer 1
10
1430.423478
20
596.696149
70
0
0
VERTEX
8
Layer 1
10
1429.687584
20
571.278907
70
0
0
VERTEX
8
Layer 1
10
1429.515927
20
545.839606
70
0
0
VERTEX
8
Layer 1
10
1429.909519
20
520.387712
70
0
0
VERTEX
8
Layer 1
10
1430.869373
20
494.932692
70
0
0
VERTEX
8
Layer 1
10
1432.396502
20
469.484013
70
0
0
VERTEX
8
Layer 1
10
1434.491918
20
444.051140
70
0
0
VERTEX
8
Layer 1
10
1437.156633
20
418.643541
70
0
0
VERTEX
8
Layer 1
10
1440.391662
20
393.270681
70
0
0
VERTEX
8
Layer 1
10
1444.198015
20
367.942028
70
0
0
VERTEX
8
Layer 1
10
1448.576707
20
342.667048
70
0
0
VERTEX
8
Layer 1
10
1453.528749
20
317.455207
70
0
0
VERTEX
8
Layer 1
10
1459.055154
20
292.315972
70
0
0
VERTEX
8
Layer 1
10
1465.156935
20
267.258809
70
0
0
SEQEND
8
Layer 1
0
POLYLINE
8
Layer 1
62
7
70
0
10
0.000000
20
0.000000
66
1
0
VERTEX
8
Layer 1
10
1432.276174
20
111.001940
70
0
0
VERTEX
8
Layer 1
10
1438.174540
20
119.575741
70
0
0
VERTEX
8
Layer 1
10
1443.581073
20
128.406443
70
0
0
VERTEX
8
Layer 1
10
1448.491354
20
137.473060
70
0
0
VERTEX
8
Layer 1
10
1452.900969
20
146.754606
70
0
0
VERTEX
8
Layer 1
10
1456.805501
20
156.230095
70
0
0
VERTEX
8
Layer 1
10
1460.200535
20
165.878542
70
0
0
VERTEX
8
Layer 1
10
1463.081654
20
175.678960
70
0
0
VERTEX
8
Layer 1
10
1465.444443
20
185.610365
70
0
0
VERTEX
8
Layer 1
10
1467.284485
20
195.651770
70
0
0
VERTEX
8
Layer 1
10
1468.597365
20
205.782189
70
0
0
VERTEX
8
Layer 1
10
1469.378666
20
215.980637
70
0
0
VERTEX
8
Layer 1
10
1469.623972
20
226.226129
70
0
0
VERTEX
8
Layer 1
10
1469.328869
20
236.497677
70
0
0
VERTEX
8
Layer 1
10
1468.488938
20
246.774297
70
0
0
VERTEX
8
Layer 1
10
1467.099766
20
257.035003
70
0
0
VERTEX
8
Layer 1
10
1465.156935
20
267.258809
70
0
0
SEQEND
8
Layer 1
0
POLYLINE
8
Layer 1
62
7
70
0
10
0.000000
20
0.000000
66
1
0
VERTEX
8
Layer 1
10
1500.040219
20
193.501115
70
0
0
VERTEX
8
Layer 1
10
1482.725061
20
133.326686
70
0
0
SEQEND
8
Layer 1
0
POLYLINE
8
Layer 1
62
7
70
0
10
0.000000
20
0.000000
66
1
0
VERTEX
8
Layer 1
10
1586.998676
20
347.350211
70
0
0
VERTEX
8
Layer 1
10
1585.846188
20
347.643911
70
0
0
VERTEX
8
Layer 1
10
1584.709753
20
347.479329
70
0
0
VERTEX
8
Layer 1
10
1583.717608
20
346.901210
70
0
0
VERTEX
8
Layer 1
10
1582.997993
20
345.954298
70
0
0
VERTEX
8
Layer 1
10
1582.701354
20
344.802562
70
0
0
VERTEX
8
Layer 1
10
1582.863037
20
343.665711
70
0
0
VERTEX
8
Layer 1
10
1583.438623
20
342.672095
70
0
0
VERTEX
8
Layer 1
10
1584.383697
20
341.950067
70
0
0
VERTEX
8
Layer 1
10
1585.536185
20
341.656366
70
0
0
VERTEX
8
Layer 1
10
1586.672620
20
341.820948
70
0
0
VERTEX
8
Layer 1
10
1587.664765
20
342.399068
70
0
0
VERTEX
8
Layer 1
10
1588.384380
20
343.345980
70
0
0
VERTEX
8
Layer 1
10
1588.681019
20
344.497715
70
0
0
VERTEX
8
Layer 1
10
1588.519336
20
345.634566
70
0
0
VERTEX
8
Layer 1
10
1587.943750
20
346.628182
70
0
0
VERTEX
8
Layer 1
10
1586.998676
20
347.350211
70
0
0
VERTEX
8
Layer 1
10
1586.998676
20
347.350211
70
0
0
SEQEND
8
Layer 1
0
POLYLINE
8
Layer 1
62
7
70
0
10
0.000000
20
0.000000
66
1
0
VERTEX
8
Layer 1
10
1564.079941
20
444.573330
70
0
0
VERTEX
8
Layer 1
10
1562.927001
20
444.868132
70
0
0
VERTEX
8
Layer 1
10
1561.789836
20
444.704107
70
0
0
VERTEX
8
Layer 1
10
1560.796930
20
444.126018
70
0
0
VERTEX
8
Layer 1
10
1560.076768
20
443.178629
70
0
0
VERTEX
8
Layer 1
10
1559.780085
20
442.026171
70
0
0
VERTEX
8
Layer 1
10
1559.942254
20
440.888740
70
0
0
VERTEX
8
Layer 1
10
1560.518722
20
439.894892
70
0
0
VERTEX
8
Layer 1
10
1561.464935
20
439.173185
70
0
0
VERTEX
8
Layer 1
10
1562.617875
20
438.878383
70
0
0
VERTEX
8
Layer 1
10
1563.755041
20
439.042408
70
0
0
VERTEX
8
Layer 1
10
1564.747947
20
439.620497
70
0
0
VERTEX
8
Layer 1
10
1565.468108
20
440.567886
70
0
0
VERTEX
8
Layer 1
10
1565.764792
20
441.720344
70
0
0
VERTEX
8
Layer 1
10
1565.602622
20
442.857775
70
0
0
VERTEX
8
Layer 1
10
1565.026154
20
443.851623
70
0
0
VERTEX
8
Layer 1
10
1564.079941
20
444.573330
70
0
0
VERTEX
8
Layer 1
10
1564.079941
20
444.573330
70
0
0
SEQEND
8
Layer 1
0
POLYLINE
8
Layer 1
62
7
70
0
10
0.000000
20
0.000000
66
1
0
VERTEX
8
Layer 1
10
1572.466429
20
769.488649
70
0
0
VERTEX
8
Layer 1
10
1571.313334
20
769.783818
70
0
0
VERTEX
8
Layer 1
10
1570.175923
20
769.619974
70
0
0
VERTEX
8
Layer 1
10
1569.182762
20
769.041889
70
0
0
VERTEX
8
Layer 1
10
1568.462422
20
768.094333
70
0
0
VERTEX
8
Layer 1
10
1568.165730
20
766.941629
70
0
0
VERTEX
8
Layer 1
10
1568.328072
20
765.804002
70
0
0
VERTEX
8
Layer 1
10
1568.904846
20
764.810080
70
0
0
VERTEX
8
Layer 1
10
1569.851449
20
764.088489
70
0
0
VERTEX
8
Layer 1
10
1571.004544
20
763.793320
70
0
0
VERTEX
8
Layer 1
10
1572.141955
20
763.957164
70
0
0
VERTEX
8
Layer 1
10
1573.135115
20
764.535249
70
0
0
VERTEX
8
Layer 1
10
1573.855456
20
765.482804
70
0
0
VERTEX
8
Layer 1
10
1574.152147
20
766.635508
70
0
0
VERTEX
8
Layer 1
10
1573.989805
20
767.773135
70
0
0
VERTEX
8
Layer 1
10
1573.413032
20
768.767058
70
0
0
VERTEX
8
Layer 1
10
1572.466429
20
769.488649
70
0
0
VERTEX
8
Layer 1
10
1572.466429
20
769.488649
70
0
0
SEQEND
8
Layer 1
0
POLYLINE
8
Layer 1
62
7
70
0
10
0.000000
20
0.000000
66
1
0
VERTEX
8
Layer 1
10
1679.110337
20
1147.149237
70
0
0
VERTEX
8
Layer 1
10
1677.956656
20
1147.445837
70
0
0
VERTEX
8
Layer 1
10
1676.818296
20
1147.282715
70
0
0
VERTEX
8
Layer 1
10
1675.824147
20
1146.704667
70
0
0
VERTEX
8
Layer 1
10
1675.103097
20
1145.756490
70
0
0
VERTEX
8
Layer 1
10
1674.806349
20
1144.602847
70
0
0
VERTEX
8
Layer 1
10
1674.969326
20
1143.464466
70
0
0
VERTEX
8
Layer 1
10
1675.547246
20
1142.470242
70
0
0
VERTEX
8
Layer 1
10
1676.495331
20
1141.749072
70
0
0
VERTEX
8
Layer 1
10
1677.649013
20
1141.452471
70
0
0
VERTEX
8
Layer 1
10
1678.787373
20
1141.615594
70
0
0
VERTEX
8
Layer 1
10
1679.781522
20
1142.193641
70
0
0
VERTEX
8
Layer 1
10
1680.502572
20
1143.141819
70
0
0
VERTEX
8
Layer 1
10
1680.799319
20
1144.295462
70
0
0
VERTEX
8
Layer 1
10
1680.636343
20
1145.433843
70
0
0
VERTEX
8
Layer 1
10
1680.058422
20
1146.428066
70
0
0
VERTEX
8
Layer 1
10
1679.110337
20
1147.149237
70
0
0
VERTEX
8
Layer 1
10
1679.110337
20
1147.149237
70
0
0
SEQEND
8
Layer 1
0
POLYLINE
8
Layer 1
62
7
70
0
10
0.000000
20
0.000000
66
1
0
VERTEX
8
Layer 1
10
1696.017562
20
1075.026134
70
0
0
VERTEX
8
Layer 1
10
1697.383307
20
1077.809232
70
0
0
VERTEX
8
Layer 1
10
1698.604381
20
1080.644101
70
0
0
VERTEX
8
Layer 1
10
1699.680294
20
1083.525219
70
0
0
VERTEX
8
Layer 1
10
1700.610559
20
1086.447061
70
0
0
VERTEX
8
Layer 1
10
1702.032184
20
1092.390827
70
0
0
VERTEX
8
Layer 1
10
1702.865346
20
1098.431213
70
0
0
VERTEX
8
Layer 1
10
1703.106134
20
1104.524031
70
0
0
VERTEX
8
Layer 1
10
1702.750635
20
1110.625096
70
0
0
VERTEX
8
Layer 1
10
1702.348057
20
1113.664913
70
0
0
VERTEX
8
Layer 1
10
1701.794940
20
1116.690221
70
0
0
VERTEX
8
Layer 1
10
1701.090796
20
1119.695498
70
0
0
VERTEX
8
Layer 1
10
1700.235137
20
1122.675219
70
0
0
VERTEX
8
Layer 1
10
1699.232917
20
1125.608894
70
0
0
VERTEX
8
Layer 1
10
1698.091791
20
1128.476879
70
0
0
VERTEX
8
Layer 1
10
1696.815318
20
1131.274923
70
0
0
VERTEX
8
Layer 1
10
1695.407059
20
1133.998773
70
0
0
VERTEX
8
Layer 1
10
1692.209423
20
1139.206891
70
0
0
VERTEX
8
Layer 1
10
1688.527359
20
1144.067222
70
0
0
VERTEX
8
Layer 1
10
1684.389347
20
1148.545757
70
0
0
VERTEX
8
Layer 1
10
1679.823867
20
1152.608486
70
0
0
VERTEX
8
Layer 1
10
1677.389726
20
1154.473294
70
0
0
VERTEX
8
Layer 1
10
1674.859397
20
1156.221397
70
0
0
VERTEX
8
Layer 1
10
1672.236440
20
1157.848544
70
0
0
VERTEX
8
Layer 1
10
1669.524416
20
1159.350482
70
0
0
SEQEND
8
Layer 1
0
POLYLINE
8
Layer 1
62
7
70
0
10
0.000000
20
0.000000
66
1
0
VERTEX
8
Layer 1
10
1662.582155
20
1146.044788
70
0
0
VERTEX
8
Layer 1
10
1669.525263
20
1159.350853
70
0
0
SEQEND
8
Layer 1
0
POLYLINE
8
Layer 1
62
7
70
0
10
0.000000
20
0.000000
66
1
0
VERTEX
8
Layer 1
10
1682.713455
20
1081.969003
70
0
0
VERTEX
8
Layer 1
10
1684.742658
20
1086.387401
70
0
0
VERTEX
8
Layer 1
10
1686.286310
20
1090.900965
70
0
0
VERTEX
8
Layer 1
10
1687.354532
20
1095.477486
70
0
0
VERTEX
8
Layer 1
10
1687.957442
20
1100.084756
70
0
0
VERTEX
8
Layer 1
10
1688.105160
20
1104.690565
70
0
0
VERTEX
8
Layer 1
10
1687.807806
20
1109.262706
70
0
0
VERTEX
8
Layer 1
10
1687.075499
20
1113.768968
70
0
0
VERTEX
8
Layer 1
10
1685.918358
20
1118.177144
70
0
0
VERTEX
8
Layer 1
10
1684.346503
20
1122.455025
70
0
0
VERTEX
8
Layer 1
10
1682.370053
20
1126.570401
70
0
0
VERTEX
8
Layer 1
10
1679.999127
20
1130.491064
70
0
0
VERTEX
8
Layer 1
10
1677.243846
20
1134.184805
70
0
0
VERTEX
8
Layer 1
10
1674.114327
20
1137.619416
70
0
0
VERTEX
8
Layer 1
10
1670.620692
20
1140.762687
70
0
0
VERTEX
8
Layer 1
10
1666.773058
20
1143.582410
70
0
0
VERTEX
8
Layer 1
10
1662.581546
20
1146.046376
70
0
0
SEQEND
8
Layer 1
0
POLYLINE
8
Layer 1
62
7
70
0
10
0.000000
20
0.000000
66
1
0
VERTEX
8
Layer 1
10
1682.713455
20
1081.969003
70
0
0
VERTEX
8
Layer 1
10
1672.237829
20
1063.757201
70
0
0
VERTEX
8
Layer 1
10
1662.167924
20
1045.359080
70
0
0
VERTEX
8
Layer 1
10
1652.505087
20
1026.781428
70
0
0
VERTEX
8
Layer 1
10
1643.250664
20
1008.031032
70
0
0
VERTEX
8
Layer 1
10
1634.406003
20
989.114678
70
0
0
VERTEX
8
Layer 1
10
1625.972449
20
970.039152
70
0
0
VERTEX
8
Layer 1
10
1617.951351
20
950.811242
70
0
0
VERTEX
8
Layer 1
10
1610.344053
20
931.437734
70
0
0
VERTEX
8
Layer 1
10
1603.151904
20
911.925415
70
0
0
VERTEX
8
Layer 1
10
1596.376250
20
892.281071
70
0
0
VERTEX
8
Layer 1
10
1590.018437
20
872.511489
70
0
0
VERTEX
8
Layer 1
10
1584.079813
20
852.623455
70
0
0
VERTEX
8
Layer 1
10
1578.561723
20
832.623757
70
0
0
VERTEX
8
Layer 1
10
1573.465516
20
812.519181
70
0
0
VERTEX
8
Layer 1
10
1568.792536
20
792.316512
70
0
0
VERTEX
8
Layer 1
10
1564.544132
20
772.022539
70
0
0
VERTEX
8
Layer 1
10
1560.721650
20
751.644048
70
0
0
VERTEX
8
Layer 1
10
1557.326436
20
731.187825
70
0
0
VERTEX
8
Layer 1
10
1554.359837
20
710.660657
70
0
0
VERTEX
8
Layer 1
10
1551.823201
20
690.069331
70
0
0
VERTEX
8
Layer 1
10
1549.717873
20
669.420633
70
0
0
VERTEX
8
Layer 1
10
1548.045200
20
648.721350
70
0
0
VERTEX
8
Layer 1
10
1546.806530
20
627.978268
70
0
0
VERTEX
8
Layer 1
10
1546.003209
20
607.198174
70
0
0
VERTEX
8
Layer 1
10
1545.636583
20
586.387855
70
0
0
VERTEX
8
Layer 1
10
1545.707999
20
565.554098
70
0
0
VERTEX
8
Layer 1
10
1546.218804
20
544.703689
70
0
0
VERTEX
8
Layer 1
10
1547.170345
20
523.843414
70
0
0
VERTEX
8
Layer 1
10
1548.563968
20
502.980061
70
0
0
VERTEX
8
Layer 1
10
1550.401021
20
482.120415
70
0
0
VERTEX
8
Layer 1
10
1552.682849
20
461.271265
70
0
0
VERTEX
8
Layer 1
10
1555.410800
20
440.439395
70
0
0
SEQEND
8
Layer 1
0
POLYLINE
8
Layer 1
62
7
70
0
10
0.000000
20
0.000000
66
1
0
VERTEX
8
Layer 1
10
1555.410800
20
440.439395
70
0
0
VERTEX
8
Layer 1
10
1558.714228
20
423.065796
70
0
0
VERTEX
8
Layer 1
10
1562.357165
20
405.765429
70
0
0
VERTEX
8
Layer 1
10
1566.338312
20
388.543240
70
0
0
VERTEX
8
Layer 1
10
1570.656373
20
371.404173
70
0
0
VERTEX
8
Layer 1
10
1575.310050
20
354.353175
70
0
0
VERTEX
8
Layer 1
10
1580.298045
20
337.395190
70
0
0
VERTEX
8
Layer 1
10
1585.619060
20
320.535164
70
0
0
VERTEX
8
Layer 1
10
1591.271798
20
303.778042
70
0
0
SEQEND
8
Layer 1
0
POLYLINE
8
Layer 1
62
7
70
0
10
0.000000
20
0.000000
66
1
0
VERTEX
8
Layer 1
10
1591.271665
20
303.778148
70
0
0
VERTEX
8
Layer 1
10
1605.170607
20
308.586071
70
0
0
SEQEND
8
Layer 1
0
POLYLINE
8
Layer 1
62
7
70
0
10
0.000000
20
0.000000
66
1
0
VERTEX
8
Layer 1
10
1574.024267
20
423.688759
70
0
0
VERTEX
8
Layer 1
10
1577.046501
20
409.077266
70
0
0
VERTEX
8
Layer 1
10
1580.319289
20
394.523251
70
0
0
VERTEX
8
Layer 1
10
1583.841764
20
380.029917
70
0
0
VERTEX
8
Layer 1
10
1587.613059
20
365.600470
70
0
0
VERTEX
8
Layer 1
10
1591.632308
20
351.238115
70
0
0
VERTEX
8
Layer 1
10
1595.898642
20
336.946056
70
0
0
VERTEX
8
Layer 1
10
1600.411195
20
322.727499
70
0
0
VERTEX
8
Layer 1
10
1605.169099
20
308.585648
70
0
0
SEQEND
8
Layer 1
0
POLYLINE
8
Layer 1
62
7
70
0
10
0.000000
20
0.000000
66
1
0
VERTEX
8
Layer 1
10
1567.741267
20
463.163066
70
0
0
VERTEX
8
Layer 1
10
1569.034185
20
453.251602
70
0
0
VERTEX
8
Layer 1
10
1570.512600
20
443.366994
70
0
0
VERTEX
8
Layer 1
10
1572.176099
20
433.511845
70
0
0
VERTEX
8
Layer 1
10
1574.024267
20
423.688759
70
0
0
SEQEND
8
Layer 1
0
POLYLINE
8
Layer 1
62
7
70
0
10
0.000000
20
0.000000
66
1
0
VERTEX
8
Layer 1
10
1696.017350
20
1075.025711
70
0
0
VERTEX
8
Layer 1
10
1685.996302
20
1057.658867
70
0
0
VERTEX
8
Layer 1
10
1676.350368
20
1040.117890
70
0
0
VERTEX
8
Layer 1
10
1667.080826
20
1022.408879
70
0
0
VERTEX
8
Layer 1
10
1658.188955
20
1004.537931
70
0
0
VERTEX
8
Layer 1
10
1649.676033
20
986.511144
70
0
0
VERTEX
8
Layer 1
10
1641.543338
20
968.334616
70
0
0
VERTEX
8
Layer 1
10
1633.792149
20
950.014446
70
0
0
VERTEX
8
Layer 1
10
1626.423744
20
931.556732
70
0
0
VERTEX
8
Layer 1
10
1619.439402
20
912.967570
70
0
0
VERTEX
8
Layer 1
10
1612.840401
20
894.253060
70
0
0
VERTEX
8
Layer 1
10
1606.628019
20
875.419300
70
0
0
VERTEX
8
Layer 1
10
1600.803536
20
856.472387
70
0
0
VERTEX
8
Layer 1
10
1595.368230
20
837.418420
70
0
0
VERTEX
8
Layer 1
10
1590.323378
20
818.263496
70
0
0
VERTEX
8
Layer 1
10
1585.670259
20
799.013714
70
0
0
VERTEX
8
Layer 1
10
1581.410153
20
779.675171
70
0
0
VERTEX
8
Layer 1
10
1577.544337
20
760.253966
70
0
0
VERTEX
8
Layer 1
10
1574.074089
20
740.756197
70
0
0
VERTEX
8
Layer 1
10
1571.000689
20
721.187961
70
0
0
VERTEX
8
Layer 1
10
1568.325414
20
701.555357
70
0
0
VERTEX
8
Layer 1
10
1566.049543
20
681.864483
70
0
0
VERTEX
8
Layer 1
10
1564.174355
20
662.121436
70
0
0
VERTEX
8
Layer 1
10
1562.701128
20
642.332316
70
0
0
VERTEX
8
Layer 1
10
1561.631140
20
622.503219
70
0
0
VERTEX
8
Layer 1
10
1560.965670
20
602.640244
70
0
0
VERTEX
8
Layer 1
10
1560.705996
20
582.749489
70
0
0
VERTEX
8
Layer 1
10
1560.853397
20
562.837052
70
0
0
VERTEX
8
Layer 1
10
1561.409151
20
542.909031
70
0
0
VERTEX
8
Layer 1
10
1562.374537
20
522.971524
70
0
0
VERTEX
8
Layer 1
10
1563.750832
20
503.030628
70
0
0
VERTEX
8
Layer 1
10
1565.539316
20
483.092443
70
0
0
VERTEX
8
Layer 1
10
1567.741267
20
463.163066
70
0
0
SEQEND
8
Layer 1
0
POLYLINE
8
Layer 1
62
7
70
0
10
0.000000
20
0.000000
66
1
0
VERTEX
8
Layer 1
10
1649.823963
20
1096.616874
70
0
0
VERTEX
8
Layer 1
10
1648.656786
20
1096.850779
70
0
0
VERTEX
8
Layer 1
10
1647.529520
20
1096.627060
70
0
0
VERTEX
8
Layer 1
10
1646.568221
20
1095.997233
70
0
0
VERTEX
8
Layer 1
10
1645.898945
20
1095.012813
70
0
0
VERTEX
8
Layer 1
10
1645.663658
20
1093.845914
70
0
0
VERTEX
8
Layer 1
10
1645.886042
20
1092.718384
70
0
0
VERTEX
8
Layer 1
10
1646.514731
20
1091.756340
70
0
0
VERTEX
8
Layer 1
10
1647.498357
20
1091.085899
70
0
0
VERTEX
8
Layer 1
10
1648.665534
20
1090.851993
70
0
0
VERTEX
8
Layer 1
10
1649.792800
20
1091.075712
70
0
0
VERTEX
8
Layer 1
10
1650.754099
20
1091.705540
70
0
0
VERTEX
8
Layer 1
10
1651.423375
20
1092.689960
70
0
0
VERTEX
8
Layer 1
10
1651.658662
20
1093.856859
70
0
0
VERTEX
8
Layer 1
10
1651.436278
20
1094.984389
70
0
0
VERTEX
8
Layer 1
10
1650.807589
20
1095.946433
70
0
0
VERTEX
8
Layer 1
10
1649.823963
20
1096.616874
70
0
0
VERTEX
8
Layer 1
10
1649.823963
20
1096.616874
70
0
0
SEQEND
8
Layer 1
0
POLYLINE
8
Layer 1
62
7
70
0
10
0.000000
20
0.000000
66
1
0
VERTEX
8
Layer 1
10
1480.453563
20
718.523404
70
0
0
VERTEX
8
Layer 1
10
1479.287737
20
718.754473
70
0
0
VERTEX
8
Layer 1
10
1478.162476
20
718.529396
70
0
0
VERTEX
8
Layer 1
10
1477.203188
20
717.899603
70
0
0
VERTEX
8
Layer 1
10
1476.535282
20
716.916523
70
0
0
VERTEX
8
Layer 1
10
1476.300007
20
715.751539
70
0
0
VERTEX
8
Layer 1
10
1476.521021
20
714.625472
70
0
0
VERTEX
8
Layer 1
10
1477.147348
20
713.663918
70
0
0
VERTEX
8
Layer 1
10
1478.128011
20
712.992468
70
0
0
VERTEX
8
Layer 1
10
1479.293837
20
712.761399
70
0
0
VERTEX
8
Layer 1
10
1480.419098
20
712.986476
70
0
0
VERTEX
8
Layer 1
10
1481.378386
20
713.616270
70
0
0
VERTEX
8
Layer 1
10
1482.046292
20
714.599349
70
0
0
VERTEX
8
Layer 1
10
1482.281567
20
715.764334
70
0
0
VERTEX
8
Layer 1
10
1482.060552
20
716.890400
70
0
0
VERTEX
8
Layer 1
10
1481.434225
20
717.851954
70
0
0
VERTEX
8
Layer 1
10
1480.453563
20
718.523404
70
0
0
VERTEX
8
Layer 1
10
1480.453563
20
718.523404
70
0
0
SEQEND
8
Layer 1
0
POLYLINE
8
Layer 1
62
7
70
0
10
0.000000
20
0.000000
66
1
0
VERTEX
8
Layer 1
10
1659.274867
20
1082.824665
70
0
0
VERTEX
8
Layer 1
10
1654.755295
20
1084.617249
70
0
0
VERTEX
8
Layer 1
10
1650.166379
20
1085.919927
70
0
0
VERTEX
8
Layer 1
10
1645.539750
20
1086.744510
70
0
0
VERTEX
8
Layer 1
10
1640.907034
20
1087.102807
70
0
0
VERTEX
8
Layer 1
10
1636.299861
20
1087.006626
70
0
0
VERTEX
8
Layer 1
10
1631.749858
20
1086.467778
70
0
0
VERTEX
8
Layer 1
10
1627.288654
20
1085.498072
70
0
0
VERTEX
8
Layer 1
10
1622.947877
20
1084.109317
70
0
0
VERTEX
8
Layer 1
10
1618.759156
20
1082.313323
70
0
0
VERTEX
8
Layer 1
10
1614.754118
20
1080.121899
70
0
0
VERTEX
8
Layer 1
10
1610.964391
20
1077.546854
70
0
0
VERTEX
8
Layer 1
10
1607.421605
20
1074.599997
70
0
0
VERTEX
8
Layer 1
10
1604.157387
20
1071.293139
70
0
0
VERTEX
8
Layer 1
10
1601.203366
20
1067.638088
70
0
0
VERTEX
8
Layer 1
10
1598.591170
20
1063.646655
70
0
0
VERTEX
8
Layer 1
10
1596.352426
20
1059.330647
70
0
0
SEQEND
8
Layer 1
0
POLYLINE
8
Layer 1
62
7
70
0
10
0.000000
20
0.000000
66
1
0
VERTEX
8
Layer 1
10
1665.504130
20
1096.477492
70
0
0
VERTEX
8
Layer 1
10
1662.652670
20
1097.694072
70
0
0
VERTEX
8
Layer 1
10
1659.757165
20
1098.763445
70
0
0
VERTEX
8
Layer 1
10
1656.823157
20
1099.685414
70
0
0
VERTEX
8
Layer 1
10
1653.856187
20
1100.459782
70
0
0
VERTEX
8
Layer 1
10
1647.845529
20
1101.564936
70
0
0
VERTEX
8
Layer 1
10
1641.769522
20
1102.077338
70
0
0
VERTEX
8
Layer 1
10
1635.672498
20
1101.995422
70
0
0
VERTEX
8
Layer 1
10
1629.598788
20
1101.317618
70
0
0
VERTEX
8
Layer 1
10
1626.584529
20
1100.754769
70
0
0
VERTEX
8
Layer 1
10
1623.592723
20
1100.042360
70
0
0
VERTEX
8
Layer 1
10
1620.628911
20
1099.180195
70
0
0
VERTEX
8
Layer 1
10
1617.698636
20
1098.168079
70
0
0
VERTEX
8
Layer 1
10
1614.822096
20
1097.012044
70
0
0
VERTEX
8
Layer 1
10
1612.018505
20
1095.720773
70
0
0
VERTEX
8
Layer 1
10
1609.291918
20
1094.298046
70
0
0
VERTEX
8
Layer 1
10
1606.646392
20
1092.747643
70
0
0
VERTEX
8
Layer 1
10
1601.614754
20
1089.278926
70
0
0
VERTEX
8
Layer 1
10
1596.956046
20
1085.344863
70
0
0
VERTEX
8
Layer 1
10
1592.702723
20
1080.975691
70
0
0
VERTEX
8
Layer 1
10
1588.887242
20
1076.201649
70
0
0
VERTEX
8
Layer 1
10
1587.153834
20
1073.672252
70
0
0
VERTEX
8
Layer 1
10
1585.542058
20
1071.052976
70
0
0
VERTEX
8
Layer 1
10
1584.055969
20
1068.347602
70
0
0
VERTEX
8
Layer 1
10
1582.699626
20
1065.559910
70
0
0
SEQEND
8
Layer 1
0
POLYLINE
8
Layer 1
62
7
70
0
10
0.000000
20
0.000000
66
1
0
VERTEX
8
Layer 1
10
1659.274391
20
1082.825168
70
0
0
VERTEX
8
Layer 1
10
1665.502754
20
1096.477518
70
0
0
SEQEND
8
Layer 1
0
POLYLINE
8
Layer 1
62
7
70
0
10
0.000000
20
0.000000
66
1
0
VERTEX
8
Layer 1
10
1524.971425
20
246.833597
70
0
0
VERTEX
8
Layer 1
10
1523.804353
20
247.067289
70
0
0
VERTEX
8
Layer 1
10
1522.677241
20
246.843469
70
0
0
VERTEX
8
Layer 1
10
1521.716095
20
246.213646
70
0
0
VERTEX
8
Layer 1
10
1521.046923
20
245.229331
70
0
0
VERTEX
8
Layer 1
10
1520.811635
20
244.062579
70
0
0
VERTEX
8
Layer 1
10
1521.033913
20
242.935162
70
0
0
VERTEX
8
Layer 1
10
1521.662421
20
241.973156
70
0
0
VERTEX
8
Layer 1
10
1522.645820
20
241.302638
70
0
0
VERTEX
8
Layer 1
10
1523.812892
20
241.068946
70
0
0
VERTEX
8
Layer 1
10
1524.940005
20
241.292766
70
0
0
VERTEX
8
Layer 1
10
1525.901150
20
241.922588
70
0
0
VERTEX
8
Layer 1
10
1526.570323
20
242.906904
70
0
0
VERTEX
8
Layer 1
10
1526.805610
20
244.073656
70
0
0
VERTEX
8
Layer 1
10
1526.583332
20
245.201073
70
0
0
VERTEX
8
Layer 1
10
1525.954825
20
246.163079
70
0
0
VERTEX
8
Layer 1
10
1524.971425
20
246.833597
70
0
0
VERTEX
8
Layer 1
10
1524.971425
20
246.833597
70
0
0
SEQEND
8
Layer 1
0
POLYLINE
8
Layer 1
62
7
70
0
10
0.000000
20
0.000000
66
1
0
VERTEX
8
Layer 1
10
1491.318743
20
350.409312
70
0
0
VERTEX
8
Layer 1
10
1490.152383
20
350.641513
70
0
0
VERTEX
8
Layer 1
10
1489.026326
20
350.416982
70
0
0
VERTEX
8
Layer 1
10
1488.066237
20
349.787181
70
0
0
VERTEX
8
Layer 1
10
1487.397782
20
348.803575
70
0
0
VERTEX
8
Layer 1
10
1487.162495
20
347.637833
70
0
0
VERTEX
8
Layer 1
10
1487.384046
20
346.511186
70
0
0
VERTEX
8
Layer 1
10
1488.011304
20
345.549434
70
0
0
VERTEX
8
Layer 1
10
1488.993138
20
344.878379
70
0
0
VERTEX
8
Layer 1
10
1490.159498
20
344.646177
70
0
0
VERTEX
8
Layer 1
10
1491.285555
20
344.870708
70
0
0
VERTEX
8
Layer 1
10
1492.245644
20
345.500509
70
0
0
VERTEX
8
Layer 1
10
1492.914099
20
346.484115
70
0
0
VERTEX
8
Layer 1
10
1493.149386
20
347.649857
70
0
0
VERTEX
8
Layer 1
10
1492.927835
20
348.776504
70
0
0
VERTEX
8
Layer 1
10
1492.300577
20
349.738256
70
0
0
VERTEX
8
Layer 1
10
1491.318743
20
350.409312
70
0
0
VERTEX
8
Layer 1
10
1491.318743
20
350.409312
70
0
0
SEQEND
8
Layer 1
0
POLYLINE
8
Layer 1
62
7
70
0
10
0.000000
20
0.000000
66
1
0
VERTEX
8
Layer 1
10
1596.352426
20
1059.330647
70
0
0
VERTEX
8
Layer 1
10
1586.023633
20
1038.751465
70
0
0
VERTEX
8
Layer 1
10
1576.151272
20
1017.993410
70
0
0
VERTEX
8
Layer 1
10
1566.736392
20
997.064020
70
0
0
VERTEX
8
Layer 1
10
1557.780045
20
975.970833
70
0
0
VERTEX
8
Layer 1
10
1549.283281
20
954.721389
70
0
0
VERTEX
8
Layer 1
10
1541.247150
20
933.323224
70
0
0
VERTEX
8
Layer 1
10
1533.672704
20
911.783877
70
0
0
VERTEX
8
Layer 1
10
1526.560991
20
890.110886
70
0
0
VERTEX
8
Layer 1
10
1519.913063
20
868.311790
70
0
0
VERTEX
8
Layer 1
10
1513.729971
20
846.394126
70
0
0
VERTEX
8
Layer 1
10
1508.012764
20
824.365433
70
0
0
VERTEX
8
Layer 1
10
1502.762493
20
802.233248
70
0
0
VERTEX
8
Layer 1
10
1497.980209
20
780.005111
70
0
0
VERTEX
8
Layer 1
10
1493.666962
20
757.688558
70
0
0
VERTEX
8
Layer 1
10
1489.823803
20
735.291130
70
0
0
VERTEX
8
Layer 1
10
1486.451782
20
712.820362
70
0
0
VERTEX
8
Layer 1
10
1483.551949
20
690.283794
70
0
0
VERTEX
8
Layer 1
10
1481.125355
20
667.688964
70
0
0
VERTEX
8
Layer 1
10
1479.173050
20
645.043411
70
0
0
VERTEX
8
Layer 1
10
1477.696085
20
622.354671
70
0
0
VERTEX
8
Layer 1
10
1476.695510
20
599.630284
70
0
0
VERTEX
8
Layer 1
10
1476.172376
20
576.877787
70
0
0
VERTEX
8
Layer 1
10
1476.127734
20
554.104719
70
0
0
VERTEX
8
Layer 1
10
1476.562632
20
531.318617
70
0
0
VERTEX
8
Layer 1
10
1477.478123
20
508.527021
70
0
0
VERTEX
8
Layer 1
10
1478.875257
20
485.737468
70
0
0
VERTEX
8
Layer 1
10
1480.755084
20
462.957496
70
0
0
VERTEX
8
Layer 1
10
1483.118654
20
440.194644
70
0
0
VERTEX
8
Layer 1
10
1485.967018
20
417.456450
70
0
0
VERTEX
8
Layer 1
10
1489.301226
20
394.750451
70
0
0
VERTEX
8
Layer 1
10
1493.122329
20
372.084187
70
0
0
VERTEX
8
Layer 1
10
1497.431378
20
349.465195
70
0
0
SEQEND
8
Layer 1
0
POLYLINE
8
Layer 1
62
7
70
0
10
0.000000
20
0.000000
66
1
0
VERTEX
8
Layer 1
10
1497.431378
20
349.465195
70
0
0
VERTEX
8
Layer 1
10
1502.460713
20
330.798758
70
0
0
VERTEX
8
Layer 1
10
1507.814863
20
312.227508
70
0
0
VERTEX
8
Layer 1
10
1513.492412
20
293.755656
70
0
0
VERTEX
8
Layer 1
10
1519.491944
20
275.387411
70
0
0
VERTEX
8
Layer 1
10
1525.812042
20
257.126986
70
0
0
VERTEX
8
Layer 1
10
1532.451290
20
238.978589
70
0
0
VERTEX
8
Layer 1
10
1539.408272
20
220.946434
70
0
0
VERTEX
8
Layer 1
10
1546.681572
20
203.034728
70
0
0
SEQEND
8
Layer 1
0
POLYLINE
8
Layer 1
62
7
70
0
10
0.000000
20
0.000000
66
1
0
VERTEX
8
Layer 1
10
1533.101558
20
197.516268
70
0
0
VERTEX
8
Layer 1
10
1546.681598
20
203.034490
70
0
0
SEQEND
8
Layer 1
0
POLYLINE
8
Layer 1
62
7
70
0
10
0.000000
20
0.000000
66
1
0
VERTEX
8
Layer 1
10
1493.607757
20
307.287810
70
0
0
VERTEX
8
Layer 1
10
1497.930721
20
293.352102
70
0
0
VERTEX
8
Layer 1
10
1502.430239
20
279.474259
70
0
0
VERTEX
8
Layer 1
10
1507.105708
20
265.655949
70
0
0
VERTEX
8
Layer 1
10
1511.956530
20
251.898841
70
0
0
VERTEX
8
Layer 1
10
1516.982102
20
238.204605
70
0
0
VERTEX
8
Layer 1
10
1522.181825
20
224.574910
70
0
0
VERTEX
8
Layer 1
10
1527.555098
20
211.011424
70
0
0
VERTEX
8
Layer 1
10
1533.101320
20
197.515818
70
0
0
SEQEND
8
Layer 1
0
POLYLINE
8
Layer 1
62
7
70
0
10
0.000000
20
0.000000
66
1
0
VERTEX
8
Layer 1
10
1475.508348
20
385.137233
70
0
0
VERTEX
8
Layer 1
10
1477.207034
20
375.282324
70
0
0
VERTEX
8
Layer 1
10
1479.067713
20
365.458790
70
0
0
VERTEX
8
Layer 1
10
1481.089923
20
355.668621
70
0
0
VERTEX
8
Layer 1
10
1483.273201
20
345.913803
70
0
0
VERTEX
8
Layer 1
10
1485.617086
20
336.196325
70
0
0
VERTEX
8
Layer 1
10
1488.121115
20
326.518175
70
0
0
VERTEX
8
Layer 1
10
1490.784826
20
316.881340
70
0
0
VERTEX
8
Layer 1
10
1493.607757
20
307.287810
70
0
0
SEQEND
8
Layer 1
0
POLYLINE
8
Layer 1
62
7
70
0
10
0.000000
20
0.000000
66
1
0
VERTEX
8
Layer 1
10
1582.699626
20
1065.559910
70
0
0
VERTEX
8
Layer 1
10
1572.807659
20
1045.838481
70
0
0
VERTEX
8
Layer 1
10
1563.327634
20
1025.953227
70
0
0
VERTEX
8
Layer 1
10
1554.260564
20
1005.910582
70
0
0
VERTEX
8
Layer 1
10
1545.607463
20
985.716983
70
0
0
VERTEX
8
Layer 1
10
1537.369345
20
965.378864
70
0
0
VERTEX
8
Layer 1
10
1529.547224
20
944.902662
70
0
0
VERTEX
8
Layer 1
10
1522.142114
20
924.294811
70
0
0
VERTEX
8
Layer 1
10
1515.155028
20
903.561749
70
0
0
VERTEX
8
Layer 1
10
1508.586981
20
882.709910
70
0
0
VERTEX
8
Layer 1
10
1502.438986
20
861.745730
70
0
0
VERTEX
8
Layer 1
10
1496.712057
20
840.675644
70
0
0
VERTEX
8
Layer 1
10
1491.407208
20
819.506089
70
0
0
VERTEX
8
Layer 1
10
1486.525453
20
798.243500
70
0
0
VERTEX
8
Layer 1
10
1482.067806
20
776.894312
70
0
0
VERTEX
8
Layer 1
10
1478.035280
20
755.464962
70
0
0
VERTEX
8
Layer 1
10
1474.428889
20
733.961884
70
0
0
VERTEX
8
Layer 1
10
1471.249648
20
712.391515
70
0
0
VERTEX
8
Layer 1
10
1468.498570
20
690.760290
70
0
0
VERTEX
8
Layer 1
10
1466.176668
20
669.074645
70
0
0
VERTEX
8
Layer 1
10
1464.284958
20
647.341015
70
0
0
VERTEX
8
Layer 1
10
1462.824452
20
625.565837
70
0
0
VERTEX
8
Layer 1
10
1461.796164
20
603.755545
70
0
0
VERTEX
8
Layer 1
10
1461.201109
20
581.916575
70
0
0
VERTEX
8
Layer 1
10
1461.040300
20
560.055363
70
0
0
VERTEX
8
Layer 1
10
1461.314750
20
538.178345
70
0
0
VERTEX
8
Layer 1
10
1462.025475
20
516.291956
70
0
0
VERTEX
8
Layer 1
10
1463.173487
20
494.402632
70
0
0
VERTEX
8
Layer 1
10
1464.759801
20
472.516809
70
0
0
VERTEX
8
Layer 1
10
1466.785430
20
450.640921
70
0
0
VERTEX
8
Layer 1
10
1469.251388
20
428.781406
70
0
0
VERTEX
8
Layer 1
10
1472.158690
20
406.944698
70
0
0
VERTEX
8
Layer 1
10
1475.508348
20
385.137233
70
0
0
SEQEND
8
Layer 1
0
POLYLINE
8
Layer 1
62
7
70
0
10
0.000000
20
0.000000
66
1
0
VERTEX
8
Layer 1
10
1383.826151
20
287.801742
70
0
0
VERTEX
8
Layer 1
10
1383.315654
20
288.877109
70
0
0
VERTEX
8
Layer 1
10
1382.462237
20
289.646825
70
0
0
VERTEX
8
Layer 1
10
1381.382573
20
290.040664
70
0
0
VERTEX
8
Layer 1
10
1380.193334
20
289.988396
70
0
0
VERTEX
8
Layer 1
10
1379.117369
20
289.479164
70
0
0
VERTEX
8
Layer 1
10
1378.346650
20
288.626651
70
0
0
VERTEX
8
Layer 1
10
1377.951544
20
287.547450
70
0
0
VERTEX
8
Layer 1
10
1378.002414
20
286.358151
70
0
0
VERTEX
8
Layer 1
10
1378.512911
20
285.282784
70
0
0
VERTEX
8
Layer 1
10
1379.366328
20
284.513068
70
0
0
VERTEX
8
Layer 1
10
1380.445992
20
284.119229
70
0
0
VERTEX
8
Layer 1
10
1381.635231
20
284.171497
70
0
0
VERTEX
8
Layer 1
10
1382.711196
20
284.680730
70
0
0
VERTEX
8
Layer 1
10
1383.481915
20
285.533242
70
0
0
VERTEX
8
Layer 1
10
1383.877021
20
286.612443
70
0
0
VERTEX
8
Layer 1
10
1383.826151
20
287.801742
70
0
0
VERTEX
8
Layer 1
10
1383.826151
20
287.801742
70
0
0
SEQEND
8
Layer 1
0
POLYLINE
8
Layer 1
62
7
70
0
10
0.000000
20
0.000000
66
1
0
VERTEX
8
Layer 1
10
1356.692582
20
358.701882
70
0
0
VERTEX
8
Layer 1
10
1356.403456
20
359.436658
70
0
0
VERTEX
8
Layer 1
10
1355.941565
20
360.061120
70
0
0
VERTEX
8
Layer 1
10
1355.334923
20
360.546179
70
0
0
VERTEX
8
Layer 1
10
1354.611546
20
360.862746
70
0
0
VERTEX
8
Layer 1
10
1353.830648
20
360.979744
70
0
0
VERTEX
8
Layer 1
10
1353.058902
20
360.891965
70
0
0
VERTEX
8
Layer 1
10
1352.335508
20
360.609128
70
0
0
VERTEX
8
Layer 1
10
1351.699664
20
360.140948
70
0
0
VERTEX
8
Layer 1
10
1351.207893
20
359.523169
70
0
0
VERTEX
8
Layer 1
10
1350.898038
20
358.810929
70
0
0
VERTEX
8
Layer 1
10
1350.781285
20
358.043032
70
0
0
VERTEX
8
Layer 1
10
1350.868819
20
357.258285
70
0
0
VERTEX
8
Layer 1
10
1351.157945
20
356.523510
70
0
0
VERTEX
8
Layer 1
10
1351.619836
20
355.899047
70
0
0
VERTEX
8
Layer 1
10
1352.226478
20
355.413988
70
0
0
VERTEX
8
Layer 1
10
1352.949856
20
355.097421
70
0
0
VERTEX
8
Layer 1
10
1353.730753
20
354.980424
70
0
0
VERTEX
8
Layer 1
10
1354.502499
20
355.068202
70
0
0
VERTEX
8
Layer 1
10
1355.225893
20
355.351040
70
0
0
VERTEX
8
Layer 1
10
1355.861737
20
355.819220
70
0
0
VERTEX
8
Layer 1
10
1356.353508
20
356.436998
70
0
0
VERTEX
8
Layer 1
10
1356.663363
20
357.149239
70
0
0
VERTEX
8
Layer 1
10
1356.780116
20
357.917135
70
0
0
VERTEX
8
Layer 1
10
1356.692582
20
358.701882
70
0
0
VERTEX
8
Layer 1
10
1356.692582
20
358.701882
70
0
0
SEQEND
8
Layer 1
0
POLYLINE
8
Layer 1
62
7
70
0
10
0.000000
20
0.000000
66
1
0
VERTEX
8
Layer 1
10
1343.885521
20
356.543380
70
0
0
VERTEX
8
Layer 1
10
1362.230251
20
279.326064
70
0
0
SEQEND
8
Layer 1
0
POLYLINE
8
Layer 1
62
7
70
0
10
0.000000
20
0.000000
66
1
0
VERTEX
8
Layer 1
10
1362.230251
20
279.326064
70
0
0
VERTEX
8
Layer 1
10
1397.738163
20
247.269214
70
0
0
SEQEND
8
Layer 1
0
POLYLINE
8
Layer 1
62
7
70
0
10
0.000000
20
0.000000
66
1
0
VERTEX
8
Layer 1
10
1405.433242
20
213.724876
70
0
0
VERTEX
8
Layer 1
10
1406.230858
20
215.934705
70
0
0
VERTEX
8
Layer 1
10
1406.847533
20
218.175006
70
0
0
VERTEX
8
Layer 1
10
1407.285508
20
220.436010
70
0
0
VERTEX
8
Layer 1
10
1407.547025
20
222.707946
70
0
0
VERTEX
8
Layer 1
10
1407.634326
20
224.981046
70
0
0
VERTEX
8
Layer 1
10
1407.549651
20
227.245540
70
0
0
VERTEX
8
Layer 1
10
1407.295242
20
229.491659
70
0
0
VERTEX
8
Layer 1
10
1406.873340
20
231.709633
70
0
0
VERTEX
8
Layer 1
10
1406.286188
20
233.889693
70
0
0
VERTEX
8
Layer 1
10
1405.536026
20
236.022070
70
0
0
VERTEX
8
Layer 1
10
1404.625095
20
238.096994
70
0
0
VERTEX
8
Layer 1
10
1403.555638
20
240.104695
70
0
0
VERTEX
8
Layer 1
10
1402.329895
20
242.035405
70
0
0
VERTEX
8
Layer 1
10
1400.950109
20
243.879354
70
0
0
VERTEX
8
Layer 1
10
1399.418520
20
245.626773
70
0
0
VERTEX
8
Layer 1
10
1397.737369
20
247.267891
70
0
0
SEQEND
8
Layer 1
0
POLYLINE
8
Layer 1
62
7
70
0
10
0.000000
20
0.000000
66
1
0
VERTEX
8
Layer 1
10
1393.793045
20
110.533061
70
0
0
VERTEX
8
Layer 1
10
1452.368070
20
254.944793
70
0
0
SEQEND
8
Layer 1
0
POLYLINE
8
Layer 1
62
7
70
0
10
0.000000
20
0.000000
66
1
0
VERTEX
8
Layer 1
10
1363.676885
20
359.417066
70
0
0
VERTEX
8
Layer 1
10
1364.422762
20
354.853949
70
0
0
VERTEX
8
Layer 1
10
1365.326155
20
350.342999
70
0
0
VERTEX
8
Layer 1
10
1366.384383
20
345.887377
70
0
0
VERTEX
8
Layer 1
10
1367.594763
20
341.490242
70
0
0
VERTEX
8
Layer 1
10
1368.954612
20
337.154754
70
0
0
VERTEX
8
Layer 1
10
1370.461247
20
332.884073
70
0
0
VERTEX
8
Layer 1
10
1372.111988
20
328.681357
70
0
0
VERTEX
8
Layer 1
10
1373.904150
20
324.549769
70
0
0
VERTEX
8
Layer 1
10
1375.835051
20
320.492466
70
0
0
VERTEX
8
Layer 1
10
1377.902010
20
316.512608
70
0
0
VERTEX
8
Layer 1
10
1380.102343
20
312.613357
70
0
0
VERTEX
8
Layer 1
10
1382.433368
20
308.797870
70
0
0
VERTEX
8
Layer 1
10
1384.892403
20
305.069309
70
0
0
VERTEX
8
Layer 1
10
1387.476764
20
301.430832
70
0
0
VERTEX
8
Layer 1
10
1390.183770
20
297.885600
70
0
0
VERTEX
8
Layer 1
10
1393.010739
20
294.436773
70
0
0
VERTEX
8
Layer 1
10
1395.954987
20
291.087509
70
0
0
VERTEX
8
Layer 1
10
1399.013832
20
287.840970
70
0
0
VERTEX
8
Layer 1
10
1402.184592
20
284.700314
70
0
0
VERTEX
8
Layer 1
10
1405.464584
20
281.668702
70
0
0
VERTEX
8
Layer 1
10
1408.851125
20
278.749292
70
0
0
VERTEX
8
Layer 1
10
1412.341534
20
275.945246
70
0
0
VERTEX
8
Layer 1
10
1415.933128
20
273.259723
70
0
0
VERTEX
8
Layer 1
10
1419.623224
20
270.695882
70
0
0
VERTEX
8
Layer 1
10
1423.409139
20
268.256883
70
0
0
VERTEX
8
Layer 1
10
1427.288193
20
265.945887
70
0
0
VERTEX
8
Layer 1
10
1431.257700
20
263.766052
70
0
0
VERTEX
8
Layer 1
10
1435.314981
20
261.720539
70
0
0
VERTEX
8
Layer 1
10
1439.457351
20
259.812508
70
0
0
VERTEX
8
Layer 1
10
1443.682129
20
258.045117
70
0
0
VERTEX
8
Layer 1
10
1447.986631
20
256.421528
70
0
0
VERTEX
8
Layer 1
10
1452.368176
20
254.944899
70
0
0
SEQEND
8
Layer 1
0
POLYLINE
8
Layer 1
62
7
70
0
10
0.000000
20
0.000000
66
1
0
VERTEX
8
Layer 1
10
1426.918043
20
1030.411079
70
0
0
VERTEX
8
Layer 1
10
1426.408120
20
1031.487533
70
0
0
VERTEX
8
Layer 1
10
1425.554659
20
1032.258196
70
0
0
VERTEX
8
Layer 1
10
1424.474511
20
1032.652657
70
0
0
VERTEX
8
Layer 1
10
1423.284530
20
1032.600505
70
0
0
VERTEX
8
Layer 1
10
1422.207960
20
1032.090826
70
0
0
VERTEX
8
Layer 1
10
1421.437103
20
1031.237539
70
0
0
VERTEX
8
Layer 1
10
1421.042397
20
1030.157481
70
0
0
VERTEX
8
Layer 1
10
1421.094280
20
1028.967488
70
0
0
VERTEX
8
Layer 1
10
1421.604203
20
1027.891033
70
0
0
VERTEX
8
Layer 1
10
1422.457665
20
1027.120370
70
0
0
VERTEX
8
Layer 1
10
1423.537812
20
1026.725909
70
0
0
VERTEX
8
Layer 1
10
1424.727794
20
1026.778062
70
0
0
VERTEX
8
Layer 1
10
1425.804364
20
1027.287741
70
0
0
VERTEX
8
Layer 1
10
1426.575220
20
1028.141028
70
0
0
VERTEX
8
Layer 1
10
1426.969926
20
1029.221086
70
0
0
VERTEX
8
Layer 1
10
1426.918043
20
1030.411079
70
0
0
VERTEX
8
Layer 1
10
1426.918043
20
1030.411079
70
0
0
SEQEND
8
Layer 1
0
POLYLINE
8
Layer 1
62
7
70
0
10
0.000000
20
0.000000
66
1
0
VERTEX
8
Layer 1
10
1349.788077
20
835.487941
70
0
0
VERTEX
8
Layer 1
10
1349.278156
20
836.564408
70
0
0
VERTEX
8
Layer 1
10
1348.424690
20
837.335080
70
0
0
VERTEX
8
Layer 1
10
1347.344533
20
837.729545
70
0
0
VERTEX
8
Layer 1
10
1346.154542
20
837.677388
70
0
0
VERTEX
8
Layer 1
10
1345.077965
20
837.167699
70
0
0
VERTEX
8
Layer 1
10
1344.307110
20
836.314398
70
0
0
VERTEX
8
Layer 1
10
1343.912413
20
835.234326
70
0
0
VERTEX
8
Layer 1
10
1343.964314
20
834.044323
70
0
0
VERTEX
8
Layer 1
10
1344.474235
20
832.967856
70
0
0
VERTEX
8
Layer 1
10
1345.327701
20
832.197184
70
0
0
VERTEX
8
Layer 1
10
1346.407858
20
831.802720
70
0
0
VERTEX
8
Layer 1
10
1347.597849
20
831.854876
70
0
0
VERTEX
8
Layer 1
10
1348.674426
20
832.364566
70
0
0
VERTEX
8
Layer 1
10
1349.445281
20
833.217866
70
0
0
VERTEX
8
Layer 1
10
1349.839978
20
834.297938
70
0
0
VERTEX
8
Layer 1
10
1349.788077
20
835.487941
70
0
0
VERTEX
8
Layer 1
10
1349.788077
20
835.487941
70
0
0
SEQEND
8
Layer 1
0
POLYLINE
8
Layer 1
62
7
70
0
10
0.000000
20
0.000000
66
1
0
VERTEX
8
Layer 1
10
1383.731589
20
116.517426
70
0
0
VERTEX
8
Layer 1
10
1383.221092
20
117.592793
70
0
0
VERTEX
8
Layer 1
10
1382.367675
20
118.362509
70
0
0
VERTEX
8
Layer 1
10
1381.288011
20
118.756347
70
0
0
VERTEX
8
Layer 1
10
1380.098772
20
118.704080
70
0
0
VERTEX
8
Layer 1
10
1379.022807
20
118.194847
70
0
0
VERTEX
8
Layer 1
10
1378.252088
20
117.342335
70
0
0
VERTEX
8
Layer 1
10
1377.856982
20
116.263134
70
0
0
VERTEX
8
Layer 1
10
1377.907852
20
115.073834
70
0
0
VERTEX
8
Layer 1
10
1378.418349
20
113.998468
70
0
0
VERTEX
8
Layer 1
10
1379.271766
20
113.228751
70
0
0
VERTEX
8
Layer 1
10
1380.351430
20
112.834913
70
0
0
VERTEX
8
Layer 1
10
1381.540669
20
112.887180
70
0
0
VERTEX
8
Layer 1
10
1382.616635
20
113.396413
70
0
0
VERTEX
8
Layer 1
10
1383.387353
20
114.248926
70
0
0
VERTEX
8
Layer 1
10
1383.782459
20
115.328127
70
0
0
VERTEX
8
Layer 1
10
1383.731589
20
116.517426
70
0
0
VERTEX
8
Layer 1
10
1383.731589
20
116.517426
70
0
0
SEQEND
8
Layer 1
0
POLYLINE
8
Layer 1
62
7
70
0
10
0.000000
20
0.000000
66
1
0
VERTEX
8
Layer 1
10
1438.011770
20
1068.490208
70
0
0
VERTEX
8
Layer 1
10
1432.045444
20
1058.427568
70
0
0
VERTEX
8
Layer 1
10
1426.217981
20
1048.302076
70
0
0
VERTEX
8
Layer 1
10
1420.529568
20
1038.115144
70
0
0
VERTEX
8
Layer 1
10
1414.980390
20
1027.868181
70
0
0
VERTEX
8
Layer 1
10
1409.570634
20
1017.562599
70
0
0
VERTEX
8
Layer 1
10
1404.300488
20
1007.199808
70
0
0
VERTEX
8
Layer 1
10
1394.179767
20
986.308241
70
0
0
VERTEX
8
Layer 1
10
1384.619719
20
965.204765
70
0
0
VERTEX
8
Layer 1
10
1375.621837
20
943.900665
70
0
0
VERTEX
8
Layer 1
10
1367.187612
20
922.407224
70
0
0
VERTEX
8
Layer 1
10
1359.318536
20
900.735728
70
0
0
VERTEX
8
Layer 1
10
1352.016100
20
878.897462
70
0
0
VERTEX
8
Layer 1
10
1345.281798
20
856.903709
70
0
0
VERTEX
8
Layer 1
10
1339.117121
20
834.765754
70
0
0
VERTEX
8
Layer 1
10
1333.523560
20
812.494882
70
0
0
VERTEX
8
Layer 1
10
1328.502609
20
790.102378
70
0
0
VERTEX
8
Layer 1
10
1324.055758
20
767.599526
70
0
0
VERTEX
8
Layer 1
10
1320.184500
20
744.997610
70
0
0
VERTEX
8
Layer 1
10
1316.890326
20
722.307916
70
0
0
VERTEX
8
Layer 1
10
1314.174729
20
699.541727
70
0
0
VERTEX
8
Layer 1
10
1312.039201
20
676.710329
70
0
0
VERTEX
8
Layer 1
10
1310.485233
20
653.825005
70
0
0
VERTEX
8
Layer 1
10
1309.514318
20
630.897041
70
0
0
VERTEX
8
Layer 1
10
1309.127947
20
607.937722
70
0
0
VERTEX
8
Layer 1
10
1309.327612
20
584.958331
70
0
0
VERTEX
8
Layer 1
10
1310.114805
20
561.970153
70
0
0
VERTEX
8
Layer 1
10
1311.491019
20
538.984473
70
0
0
VERTEX
8
Layer 1
10
1313.457745
20
516.012575
70
0
0
VERTEX
8
Layer 1
10
1316.016475
20
493.065744
70
0
0
VERTEX
8
Layer 1
10
1319.168701
20
470.155265
70
0
0
VERTEX
8
Layer 1
10
1322.915915
20
447.292422
70
0
0
VERTEX
8
Layer 1
10
1327.259609
20
424.488499
70
0
0
VERTEX
8
Layer 1
10
1329.655602
20
413.112160
70
0
0
VERTEX
8
Layer 1
10
1332.201274
20
401.754782
70
0
0
VERTEX
8
Layer 1
10
1334.896813
20
390.417777
70
0
0
VERTEX
8
Layer 1
10
1337.742404
20
379.102555
70
0
0
VERTEX
8
Layer 1
10
1340.738234
20
367.810526
70
0
0
VERTEX
8
Layer 1
10
1343.884489
20
356.543102
70
0
0
SEQEND
8
Layer 1
0
POLYLINE
8
Layer 1
62
7
70
0
10
0.000000
20
0.000000
66
1
0
VERTEX
8
Layer 1
10
1405.434618
20
213.723897
70
0
0
VERTEX
8
Layer 1
10
1367.846634
20
121.056585
70
0
0
SEQEND
8
Layer 1
0
POLYLINE
8
Layer 1
62
7
70
0
10
0.000000
20
0.000000
66
1
0
VERTEX
8
Layer 1
10
1367.846581
20
121.056559
70
0
0
VERTEX
8
Layer 1
10
1367.049823
20
118.335120
70
0
0
VERTEX
8
Layer 1
10
1366.818137
20
115.593351
70
0
0
VERTEX
8
Layer 1
10
1367.120515
20
112.904572
70
0
0
VERTEX
8
Layer 1
10
1367.925951
20
110.342103
70
0
0
VERTEX
8
Layer 1
10
1369.203437
20
107.979264
70
0
0
VERTEX
8
Layer 1
10
1370.921965
20
105.889377
70
0
0
VERTEX
8
Layer 1
10
1373.050528
20
104.145762
70
0
0
VERTEX
8
Layer 1
10
1375.558120
20
102.821739
70
0
0
VERTEX
8
Layer 1
10
1378.279512
20
102.024822
70
0
0
VERTEX
8
Layer 1
10
1381.021267
20
101.792976
70
0
0
VERTEX
8
Layer 1
10
1383.710064
20
102.095198
70
0
0
VERTEX
8
Layer 1
10
1386.272580
20
102.900484
70
0
0
VERTEX
8
Layer 1
10
1388.635493
20
104.177832
70
0
0
VERTEX
8
Layer 1
10
1390.725481
20
105.896239
70
0
0
VERTEX
8
Layer 1
10
1392.469220
20
108.024700
70
0
0
VERTEX
8
Layer 1
10
1393.793389
20
110.532214
70
0
0
SEQEND
8
Layer 1
0
POLYLINE
8
Layer 1
62
7
70
0
10
0.000000
20
0.000000
66
1
0
VERTEX
8
Layer 1
10
1450.596290
20
1060.881913
70
0
0
VERTEX
8
Layer 1
10
1444.693292
20
1050.967770
70
0
0
VERTEX
8
Layer 1
10
1438.930833
20
1040.990206
70
0
0
VERTEX
8
Layer 1
10
1433.309094
20
1030.950681
70
0
0
VERTEX
8
Layer 1
10
1427.828256
20
1020.850656
70
0
0
VERTEX
8
Layer 1
10
1422.488500
20
1010.691595
70
0
0
VERTEX
8
Layer 1
10
1417.290007
20
1000.474958
70
0
0
VERTEX
8
Layer 1
10
1412.232959
20
990.202207
70
0
0
VERTEX
8
Layer 1
10
1407.317536
20
979.874804
70
0
0
VERTEX
8
Layer 1
10
1402.543920
20
969.494210
70
0
0
VERTEX
8
Layer 1
10
1397.912292
20
959.061888
70
0
0
VERTEX
8
Layer 1
10
1393.422833
20
948.579298
70
0
0
VERTEX
8
Layer 1
10
1389.075724
20
938.047903
70
0
0
VERTEX
8
Layer 1
10
1380.809280
20
916.844543
70
0
0
VERTEX
8
Layer 1
10
1373.114410
20
895.463501
70
0
0
VERTEX
8
Layer 1
10
1365.992562
20
873.916471
70
0
0
VERTEX
8
Layer 1
10
1359.445186
20
852.215147
70
0
0
VERTEX
8
Layer 1
10
1353.473730
20
830.371221
70
0
0
VERTEX
8
Layer 1
10
1348.079644
20
808.396388
70
0
0
VERTEX
8
Layer 1
10
1343.264376
20
786.302340
70
0
0
VERTEX
8
Layer 1
10
1339.029376
20
764.100771
70
0
0
VERTEX
8
Layer 1
10
1335.376091
20
741.803376
70
0
0
VERTEX
8
Layer 1
10
1332.305972
20
719.421846
70
0
0
VERTEX
8
Layer 1
10
1329.820467
20
696.967876
70
0
0
VERTEX
8
Layer 1
10
1327.921026
20
674.453160
70
0
0
VERTEX
8
Layer 1
10
1326.609096
20
651.889390
70
0
0
VERTEX
8
Layer 1
10
1325.886127
20
629.288260
70
0
0
VERTEX
8
Layer 1
10
1325.753569
20
606.661464
70
0
0
VERTEX
8
Layer 1
10
1326.212869
20
584.020695
70
0
0
VERTEX
8
Layer 1
10
1327.265477
20
561.377647
70
0
0
VERTEX
8
Layer 1
10
1328.912842
20
538.744013
70
0
0
VERTEX
8
Layer 1
10
1331.156413
20
516.131486
70
0
0
VERTEX
8
Layer 1
10
1333.997639
20
493.551761
70
0
0
VERTEX
8
Layer 1
10
1335.642825
20
482.277852
70
0
0
VERTEX
8
Layer 1
10
1337.437969
20
471.016530
70
0
0
VERTEX
8
Layer 1
10
1339.383250
20
459.769254
70
0
0
VERTEX
8
Layer 1
10
1341.478851
20
448.537487
70
0
0
VERTEX
8
Layer 1
10
1343.724952
20
437.322690
70
0
0
VERTEX
8
Layer 1
10
1346.121734
20
426.126326
70
0
0
VERTEX
8
Layer 1
10
1348.669380
20
414.949855
70
0
0
VERTEX
8
Layer 1
10
1351.368069
20
403.794739
70
0
0
VERTEX
8
Layer 1
10
1354.217983
20
392.662441
70
0
0
VERTEX
8
Layer 1
10
1357.219303
20
381.554422
70
0
0
VERTEX
8
Layer 1
10
1360.372210
20
370.472143
70
0
0
VERTEX
8
Layer 1
10
1363.676885
20
359.417066
70
0
0
SEQEND
8
Layer 1
0
POLYLINE
8
Layer 1
62
7
70
0
10
0.000000
20
0.000000
66
1
0
VERTEX
8
Layer 1
10
1438.010976
20
1068.489494
70
0
0
VERTEX
8
Layer 1
10
1450.595761
20
1060.882600
70
0
0
SEQEND
8
Layer 1
0
POLYLINE
8
Layer 1
62
7
70
0
10
0.000000
20
0.000000
66
1
0
VERTEX
8
Layer 1
10
1347.064248
20
24.657092
70
0
0
VERTEX
8
Layer 1
10
1346.460493
20
25.682693
70
0
0
VERTEX
8
Layer 1
10
1345.542407
20
26.373592
70
0
0
VERTEX
8
Layer 1
10
1344.432344
20
26.670214
70
0
0
VERTEX
8
Layer 1
10
1343.252659
20
26.512984
70
0
0
VERTEX
8
Layer 1
10
1342.226138
20
25.910794
70
0
0
VERTEX
8
Layer 1
10
1341.533839
20
24.993764
70
0
0
VERTEX
8
Layer 1
10
1341.235523
20
23.884155
70
0
0
VERTEX
8
Layer 1
10
1341.390953
20
22.704231
70
0
0
VERTEX
8
Layer 1
10
1341.994709
20
21.678630
70
0
0
VERTEX
8
Layer 1
10
1342.912795
20
20.987731
70
0
0
VERTEX
8
Layer 1
10
1344.022857
20
20.691109
70
0
0
VERTEX
8
Layer 1
10
1345.202542
20
20.848340
70
0
0
VERTEX
8
Layer 1
10
1346.229063
20
21.450529
70
0
0
VERTEX
8
Layer 1
10
1346.921363
20
22.367560
70
0
0
VERTEX
8
Layer 1
10
1347.219678
20
23.477169
70
0
0
VERTEX
8
Layer 1
10
1347.064248
20
24.657092
70
0
0
VERTEX
8
Layer 1
10
1347.064248
20
24.657092
70
0
0
SEQEND
8
Layer 1
0
POLYLINE
8
Layer 1
62
7
70
0
10
0.000000
20
0.000000
66
1
0
VERTEX
8
Layer 1
10
1258.074746
20
181.672445
70
0
0
VERTEX
8
Layer 1
10
1257.721782
20
182.378776
70
0
0
VERTEX
8
Layer 1
10
1257.206485
20
182.959950
70
0
0
VERTEX
8
Layer 1
10
1256.559331
20
183.389468
70
0
0
VERTEX
8
Layer 1
10
1255.810797
20
183.640832
70
0
0
VERTEX
8
Layer 1
10
1255.022615
20
183.688322
70
0
0
VERTEX
8
Layer 1
10
1254.261655
20
183.532648
70
0
0
VERTEX
8
Layer 1
10
1253.566104
20
183.186955
70
0
0
VERTEX
8
Layer 1
10
1252.974150
20
182.664388
70
0
0
VERTEX
8
Layer 1
10
1252.538931
20
182.005547
70
0
0
VERTEX
8
Layer 1
10
1252.293268
20
181.268700
70
0
0
VERTEX
8
Layer 1
10
1252.244872
20
180.493489
70
0
0
VERTEX
8
Layer 1
10
1252.401451
20
179.719558
70
0
0
VERTEX
8
Layer 1
10
1253.004445
20
178.692140
70
0
0
VERTEX
8
Layer 1
10
1253.922736
20
177.999739
70
0
0
VERTEX
8
Layer 1
10
1255.033657
20
177.702196
70
0
0
VERTEX
8
Layer 1
10
1256.214542
20
177.859354
70
0
0
VERTEX
8
Layer 1
10
1257.241959
20
178.462348
70
0
0
VERTEX
8
Layer 1
10
1257.934361
20
179.380639
70
0
0
VERTEX
8
Layer 1
10
1258.231904
20
180.491560
70
0
0
VERTEX
8
Layer 1
10
1258.074746
20
181.672445
70
0
0
VERTEX
8
Layer 1
10
1258.074746
20
181.672445
70
0
0
SEQEND
8
Layer 1
0
POLYLINE
8
Layer 1
62
7
70
0
10
0.000000
20
0.000000
66
1
0
VERTEX
8
Layer 1
10
1251.133622
20
261.725487
70
0
0
VERTEX
8
Layer 1
10
1250.529372
20
262.749912
70
0
0
VERTEX
8
Layer 1
10
1249.611416
20
263.439835
70
0
0
VERTEX
8
Layer 1
10
1248.501907
20
263.735856
70
0
0
VERTEX
8
Layer 1
10
1247.322998
20
263.578572
70
0
0
VERTEX
8
Layer 1
10
1246.297060
20
262.976895
70
0
0
VERTEX
8
Layer 1
10
1245.604834
20
262.060673
70
0
0
VERTEX
8
Layer 1
10
1245.306029
20
260.951910
70
0
0
VERTEX
8
Layer 1
10
1245.460354
20
259.772610
70
0
0
VERTEX
8
Layer 1
10
1246.064605
20
258.748186
70
0
0
VERTEX
8
Layer 1
10
1246.982561
20
258.058262
70
0
0
VERTEX
8
Layer 1
10
1248.092070
20
257.762241
70
0
0
VERTEX
8
Layer 1
10
1249.270979
20
257.919525
70
0
0
VERTEX
8
Layer 1
10
1250.296917
20
258.521203
70
0
0
VERTEX
8
Layer 1
10
1250.989143
20
259.437424
70
0
0
VERTEX
8
Layer 1
10
1251.287947
20
260.546187
70
0
0
VERTEX
8
Layer 1
10
1251.133622
20
261.725487
70
0
0
VERTEX
8
Layer 1
10
1251.133622
20
261.725487
70
0
0
SEQEND
8
Layer 1
0
POLYLINE
8
Layer 1
62
7
70
0
10
0.000000
20
0.000000
66
1
0
VERTEX
8
Layer 1
10
1229.371644
20
783.470950
70
0
0
VERTEX
8
Layer 1
10
1228.766835
20
784.494044
70
0
0
VERTEX
8
Layer 1
10
1227.849027
20
785.182865
70
0
0
VERTEX
8
Layer 1
10
1226.740144
20
785.478208
70
0
0
VERTEX
8
Layer 1
10
1225.562112
20
785.320864
70
0
0
VERTEX
8
Layer 1
10
1224.536833
20
784.719767
70
0
0
VERTEX
8
Layer 1
10
1223.844689
20
783.804461
70
0
0
VERTEX
8
Layer 1
10
1223.545330
20
782.696657
70
0
0
VERTEX
8
Layer 1
10
1223.698402
20
781.518063
70
0
0
VERTEX
8
Layer 1
10
1224.303212
20
780.494969
70
0
0
VERTEX
8
Layer 1
10
1225.221020
20
779.806147
70
0
0
VERTEX
8
Layer 1
10
1226.329903
20
779.510804
70
0
0
VERTEX
8
Layer 1
10
1227.507934
20
779.668148
70
0
0
VERTEX
8
Layer 1
10
1228.533213
20
780.269245
70
0
0
VERTEX
8
Layer 1
10
1229.225357
20
781.184551
70
0
0
VERTEX
8
Layer 1
10
1229.524717
20
782.292356
70
0
0
VERTEX
8
Layer 1
10
1229.371644
20
783.470950
70
0
0
VERTEX
8
Layer 1
10
1229.371644
20
783.470950
70
0
0
SEQEND
8
Layer 1
0
POLYLINE
8
Layer 1
62
7
70
0
10
0.000000
20
0.000000
66
1
0
VERTEX
8
Layer 1
10
1299.454151
20
1010.627811
70
0
0
VERTEX
8
Layer 1
10
1298.850396
20
1011.653412
70
0
0
VERTEX
8
Layer 1
10
1297.932310
20
1012.344312
70
0
0
VERTEX
8
Layer 1
10
1296.822247
20
1012.640934
70
0
0
VERTEX
8
Layer 1
10
1295.642562
20
1012.483703
70
0
0
VERTEX
8
Layer 1
10
1294.616041
20
1011.881514
70
0
0
VERTEX
8
Layer 1
10
1293.923742
20
1010.964483
70
0
0
VERTEX
8
Layer 1
10
1293.625426
20
1009.854874
70
0
0
VERTEX
8
Layer 1
10
1293.780856
20
1008.674951
70
0
0
VERTEX
8
Layer 1
10
1294.384612
20
1007.649349
70
0
0
VERTEX
8
Layer 1
10
1295.302698
20
1006.958450
70
0
0
VERTEX
8
Layer 1
10
1296.412760
20
1006.661828
70
0
0
VERTEX
8
Layer 1
10
1297.592445
20
1006.819059
70
0
0
VERTEX
8
Layer 1
10
1298.618967
20
1007.421248
70
0
0
VERTEX
8
Layer 1
10
1299.311266
20
1008.338279
70
0
0
VERTEX
8
Layer 1
10
1299.609581
20
1009.447888
70
0
0
VERTEX
8
Layer 1
10
1299.454151
20
1010.627811
70
0
0
VERTEX
8
Layer 1
10
1299.454151
20
1010.627811
70
0
0
SEQEND
8
Layer 1
0
POLYLINE
8
Layer 1
62
7
70
0
10
0.000000
20
0.000000
66
1
0
VERTEX
8
Layer 1
10
1309.108308
20
1055.449097
70
0
0
VERTEX
8
Layer 1
10
1322.273562
20
1049.003591
70
0
0
SEQEND
8
Layer 1
0
POLYLINE
8
Layer 1
62
7
70
0
10
0.000000
20
0.000000
66
1
0
VERTEX
8
Layer 1
10
1208.549227
20
101.610290
70
0
0
VERTEX
8
Layer 1
10
1336.196633
20
12.212801
70
0
0
SEQEND
8
Layer 1
0
POLYLINE
8
Layer 1
62
7
70
0
10
0.000000
20
0.000000
66
1
0
VERTEX
8
Layer 1
10
1336.196633
20
12.212801
70
0
0
VERTEX
8
Layer 1
10
1337.786260
20
11.249187
70
0
0
VERTEX
8
Layer 1
10
1339.466842
20
10.513036
70
0
0
VERTEX
8
Layer 1
10
1341.214900
20
10.006407
70
0
0
VERTEX
8
Layer 1
10
1343.006951
20
9.731363
70
0
0
VERTEX
8
Layer 1
10
1344.819513
20
9.689965
70
0
0
VERTEX
8
Layer 1
10
1346.629104
20
9.884275
70
0
0
VERTEX
8
Layer 1
10
1348.412244
20
10.316353
70
0
0
VERTEX
8
Layer 1
10
1350.145449
20
10.988262
70
0
0
VERTEX
8
Layer 1
10
1351.774593
20
11.883445
70
0
0
VERTEX
8
Layer 1
10
1353.252189
20
12.971098
70
0
0
VERTEX
8
Layer 1
10
1354.564713
20
14.231914
70
0
0
VERTEX
8
Layer 1
10
1355.698645
20
15.646585
70
0
0
VERTEX
8
Layer 1
10
1356.640461
20
17.195804
70
0
0
VERTEX
8
Layer 1
10
1357.376640
20
18.860261
70
0
0
VERTEX
8
Layer 1
10
1357.893659
20
20.620650
70
0
0
VERTEX
8
Layer 1
10
1358.177996
20
22.457663
70
0
0
VERTEX
8
Layer 1
10
1358.216938
20
24.316142
70
0
0
VERTEX
8
Layer 1
10
1358.013427
20
26.139562
70
0
0
VERTEX
8
Layer 1
10
1357.577430
20
27.906561
70
0
0
VERTEX
8
Layer 1
10
1356.918910
20
29.595775
70
0
0
VERTEX
8
Layer 1
10
1356.047830
20
31.185843
70
0
0
VERTEX
8
Layer 1
10
1354.974157
20
32.655402
70
0
0
VERTEX
8
Layer 1
10
1353.707854
20
33.983090
70
0
0
VERTEX
8
Layer 1
10
1352.258885
20
35.147544
70
0
0
SEQEND
8
Layer 1
0
POLYLINE
8
Layer 1
62
7
70
0
10
0.000000
20
0.000000
66
1
0
VERTEX
8
Layer 1
10
1270.348619
20
92.514297
70
0
0
VERTEX
8
Layer 1
10
1352.258383
20
35.149184
70
0
0
SEQEND
8
Layer 1
0
POLYLINE
8
Layer 1
62
7
70
0
10
0.000000
20
0.000000
66
1
0
VERTEX
8
Layer 1
10
1258.581449
20
124.853378
70
0
0
VERTEX
8
Layer 1
10
1258.061997
20
122.562153
70
0
0
VERTEX
8
Layer 1
10
1257.725862
20
120.262967
70
0
0
VERTEX
8
Layer 1
10
1257.569616
20
117.965240
70
0
0
VERTEX
8
Layer 1
10
1257.589832
20
115.678390
70
0
0
VERTEX
8
Layer 1
10
1257.783082
20
113.411837
70
0
0
VERTEX
8
Layer 1
10
1258.145939
20
111.175000
70
0
0
VERTEX
8
Layer 1
10
1258.674977
20
108.977297
70
0
0
VERTEX
8
Layer 1
10
1259.366767
20
106.828148
70
0
0
VERTEX
8
Layer 1
10
1260.217882
20
104.736973
70
0
0
VERTEX
8
Layer 1
10
1261.224896
20
102.713189
70
0
0
VERTEX
8
Layer 1
10
1262.384380
20
100.766216
70
0
0
VERTEX
8
Layer 1
10
1263.692908
20
98.905473
70
0
0
VERTEX
8
Layer 1
10
1265.147052
20
97.140380
70
0
0
VERTEX
8
Layer 1
10
1266.743385
20
95.480355
70
0
0
VERTEX
8
Layer 1
10
1268.478480
20
93.934817
70
0
0
VERTEX
8
Layer 1
10
1270.348910
20
92.513186
70
0
0
SEQEND
8
Layer 1
0
POLYLINE
8
Layer 1
62
7
70
0
10
0.000000
20
0.000000
66
1
0
VERTEX
8
Layer 1
10
1258.027465
20
263.055347
70
0
0
VERTEX
8
Layer 1
10
1274.792978
20
185.335279
70
0
0
SEQEND
8
Layer 1
0
POLYLINE
8
Layer 1
62
7
70
0
10
0.000000
20
0.000000
66
1
0
VERTEX
8
Layer 1
10
1322.274355
20
1049.004120
70
0
0
VERTEX
8
Layer 1
10
1311.541434
20
1025.922175
70
0
0
VERTEX
8
Layer 1
10
1301.363406
20
1002.646668
70
0
0
VERTEX
8
Layer 1
10
1291.741074
20
979.187413
70
0
0
VERTEX
8
Layer 1
10
1282.675240
20
955.554226
70
0
0
VERTEX
8
Layer 1
10
1274.166707
20
931.756920
70
0
0
VERTEX
8
Layer 1
10
1266.216275
20
907.805310
70
0
0
VERTEX
8
Layer 1
10
1258.824749
20
883.709210
70
0
0
VERTEX
8
Layer 1
10
1251.992930
20
859.478437
70
0
0
VERTEX
8
Layer 1
10
1245.721620
20
835.122803
70
0
0
VERTEX
8
Layer 1
10
1240.011622
20
810.652124
70
0
0
VERTEX
8
Layer 1
10
1234.863737
20
786.076214
70
0
0
VERTEX
8
Layer 1
10
1230.278770
20
761.404888
70
0
0
VERTEX
8
Layer 1
10
1226.257520
20
736.647960
70
0
0
VERTEX
8
Layer 1
10
1222.800792
20
711.815245
70
0
0
VERTEX
8
Layer 1
10
1219.909387
20
686.916558
70
0
0
VERTEX
8
Layer 1
10
1217.584107
20
661.961713
70
0
0
VERTEX
8
Layer 1
10
1215.825755
20
636.960524
70
0
0
VERTEX
8
Layer 1
10
1214.635133
20
611.922807
70
0
0
VERTEX
8
Layer 1
10
1214.013043
20
586.858376
70
0
0
VERTEX
8
Layer 1
10
1213.960288
20
561.777046
70
0
0
VERTEX
8
Layer 1
10
1214.477670
20
536.688631
70
0
0
VERTEX
8
Layer 1
10
1215.565990
20
511.602945
70
0
0
VERTEX
8
Layer 1
10
1217.226053
20
486.529804
70
0
0
VERTEX
8
Layer 1
10
1219.458659
20
461.479022
70
0
0
VERTEX
8
Layer 1
10
1222.264611
20
436.460413
70
0
0
VERTEX
8
Layer 1
10
1225.644712
20
411.483792
70
0
0
VERTEX
8
Layer 1
10
1229.599763
20
386.558974
70
0
0
VERTEX
8
Layer 1
10
1234.130567
20
361.695774
70
0
0
VERTEX
8
Layer 1
10
1239.237927
20
336.904005
70
0
0
VERTEX
8
Layer 1
10
1244.922643
20
312.193483
70
0
0
VERTEX
8
Layer 1
10
1251.185520
20
287.574022
70
0
0
VERTEX
8
Layer 1
10
1258.027359
20
263.055437
70
0
0
SEQEND
8
Layer 1
0
POLYLINE
8
Layer 1
62
7
70
0
10
0.000000
20
0.000000
66
1
0
VERTEX
8
Layer 1
10
1309.108494
20
1055.449309
70
0
0
VERTEX
8
Layer 1
10
1298.270694
20
1032.047703
70
0
0
VERTEX
8
Layer 1
10
1287.981493
20
1008.454174
70
0
0
VERTEX
8
Layer 1
10
1278.241728
20
984.678208
70
0
0
VERTEX
8
Layer 1
10
1269.052239
20
960.729287
70
0
0
VERTEX
8
Layer 1
10
1260.413867
20
936.616894
70
0
0
VERTEX
8
Layer 1
10
1252.327449
20
912.350514
70
0
0
VERTEX
8
Layer 1
10
1244.793826
20
887.939629
70
0
0
VERTEX
8
Layer 1
10
1237.813837
20
863.393723
70
0
0
VERTEX
8
Layer 1
10
1231.388321
20
838.722280
70
0
0
VERTEX
8
Layer 1
10
1225.518117
20
813.934783
70
0
0
VERTEX
8
Layer 1
10
1220.204066
20
789.040715
70
0
0
VERTEX
8
Layer 1
10
1215.447005
20
764.049560
70
0
0
VERTEX
8
Layer 1
10
1211.247775
20
738.970801
70
0
0
VERTEX
8
Layer 1
10
1207.607216
20
713.813922
70
0
0
VERTEX
8
Layer 1
10
1204.526165
20
688.588406
70
0
0
VERTEX
8
Layer 1
10
1202.005464
20
663.303736
70
0
0
VERTEX
8
Layer 1
10
1200.045950
20
637.969397
70
0
0
VERTEX
8
Layer 1
10
1198.648464
20
612.594871
70
0
0
VERTEX
8
Layer 1
10
1197.813845
20
587.189642
70
0
0
VERTEX
8
Layer 1
10
1197.542932
20
561.763194
70
0
0
VERTEX
8
Layer 1
10
1197.836565
20
536.325009
70
0
0
VERTEX
8
Layer 1
10
1198.695583
20
510.884572
70
0
0
VERTEX
8
Layer 1
10
1200.120825
20
485.451365
70
0
0
VERTEX
8
Layer 1
10
1202.113130
20
460.034873
70
0
0
VERTEX
8
Layer 1
10
1204.673339
20
434.644578
70
0
0
VERTEX
8
Layer 1
10
1207.802290
20
409.289964
70
0
0
VERTEX
8
Layer 1
10
1211.500823
20
383.980515
70
0
0
VERTEX
8
Layer 1
10
1215.769777
20
358.725714
70
0
0
VERTEX
8
Layer 1
10
1220.609991
20
333.535044
70
0
0
VERTEX
8
Layer 1
10
1226.022305
20
308.417989
70
0
0
VERTEX
8
Layer 1
10
1232.007559
20
283.384032
70
0
0
VERTEX
8
Layer 1
10
1238.566591
20
258.442657
70
0
0
SEQEND
8
Layer 1
0
POLYLINE
8
Layer 1
62
7
70
0
10
0.000000
20
0.000000
66
1
0
VERTEX
8
Layer 1
10
1208.549121
20
101.610555
70
0
0
VERTEX
8
Layer 1
10
1214.289695
20
110.290799
70
0
0
VERTEX
8
Layer 1
10
1219.533818
20
119.218904
70
0
0
VERTEX
8
Layer 1
10
1224.277459
20
128.373810
70
0
0
VERTEX
8
Layer 1
10
1228.516585
20
137.734452
70
0
0
VERTEX
8
Layer 1
10
1232.247167
20
147.279767
70
0
0
VERTEX
8
Layer 1
10
1235.465172
20
156.988692
70
0
0
VERTEX
8
Layer 1
10
1238.166569
20
166.840165
70
0
0
VERTEX
8
Layer 1
10
1240.347327
20
176.813122
70
0
0
VERTEX
8
Layer 1
10
1242.003413
20
186.886501
70
0
0
VERTEX
8
Layer 1
10
1243.130797
20
197.039238
70
0
0
VERTEX
8
Layer 1
10
1243.725447
20
207.250270
70
0
0
VERTEX
8
Layer 1
10
1243.783332
20
217.498535
70
0
0
VERTEX
8
Layer 1
10
1243.300421
20
227.762969
70
0
0
VERTEX
8
Layer 1
10
1242.272681
20
238.022510
70
0
0
VERTEX
8
Layer 1
10
1240.696082
20
248.256093
70
0
0
VERTEX
8
Layer 1
10
1238.566591
20
258.442657
70
0
0
SEQEND
8
Layer 1
0
POLYLINE
8
Layer 1
62
7
70
0
10
0.000000
20
0.000000
66
1
0
VERTEX
8
Layer 1
10
1274.792978
20
185.335279
70
0
0
VERTEX
8
Layer 1
10
1258.581263
20
124.854224
70
0
0
SEQEND
8
Layer 1
0
POLYLINE
8
Layer 1
62
7
70
0
10
0.000000
20
0.000000
66
1
0
VERTEX
8
Layer 1
10
1320.047440
20
373.850637
70
0
0
VERTEX
8
Layer 1
10
1318.900454
20
374.165520
70
0
0
VERTEX
8
Layer 1
10
1317.761098
20
374.021827
70
0
0
VERTEX
8
Layer 1
10
1316.758441
20
373.461954
70
0
0
VERTEX
8
Layer 1
10
1316.021551
20
372.528295
70
0
0
VERTEX
8
Layer 1
10
1315.703892
20
371.382075
70
0
0
VERTEX
8
Layer 1
10
1315.844825
20
370.242374
70
0
0
VERTEX
8
Layer 1
10
1316.402268
20
369.238364
70
0
0
VERTEX
8
Layer 1
10
1317.334141
20
368.499216
70
0
0
VERTEX
8
Layer 1
10
1318.481126
20
368.184333
70
0
0
VERTEX
8
Layer 1
10
1319.620482
20
368.328026
70
0
0
VERTEX
8
Layer 1
10
1320.623140
20
368.887899
70
0
0
VERTEX
8
Layer 1
10
1321.360029
20
369.821558
70
0
0
VERTEX
8
Layer 1
10
1321.677689
20
370.967778
70
0
0
VERTEX
8
Layer 1
10
1321.536756
20
372.107479
70
0
0
VERTEX
8
Layer 1
10
1320.979312
20
373.111489
70
0
0
VERTEX
8
Layer 1
10
1320.047440
20
373.850637
70
0
0
VERTEX
8
Layer 1
10
1320.047440
20
373.850637
70
0
0
SEQEND
8
Layer 1
0
POLYLINE
8
Layer 1
62
7
70
0
10
0.000000
20
0.000000
66
1
0
VERTEX
8
Layer 1
10
1298.910406
20
471.476605
70
0
0
VERTEX
8
Layer 1
10
1297.762774
20
471.793151
70
0
0
VERTEX
8
Layer 1
10
1296.622339
20
471.650311
70
0
0
VERTEX
8
Layer 1
10
1295.618542
20
471.090502
70
0
0
VERTEX
8
Layer 1
10
1294.880823
20
470.156140
70
0
0
VERTEX
8
Layer 1
10
1294.563079
20
469.008839
70
0
0
VERTEX
8
Layer 1
10
1294.704729
20
467.868256
70
0
0
VERTEX
8
Layer 1
10
1295.263490
20
466.863875
70
0
0
VERTEX
8
Layer 1
10
1296.197081
20
466.125181
70
0
0
VERTEX
8
Layer 1
10
1297.344714
20
465.808635
70
0
0
VERTEX
8
Layer 1
10
1298.485149
20
465.951475
70
0
0
VERTEX
8
Layer 1
10
1299.488946
20
466.511284
70
0
0
VERTEX
8
Layer 1
10
1300.226665
20
467.445645
70
0
0
VERTEX
8
Layer 1
10
1300.544409
20
468.592947
70
0
0
VERTEX
8
Layer 1
10
1300.402759
20
469.733530
70
0
0
VERTEX
8
Layer 1
10
1299.843998
20
470.737911
70
0
0
VERTEX
8
Layer 1
10
1298.910406
20
471.476605
70
0
0
VERTEX
8
Layer 1
10
1298.910406
20
471.476605
70
0
0
SEQEND
8
Layer 1
0
POLYLINE
8
Layer 1
62
7
70
0
10
0.000000
20
0.000000
66
1
0
VERTEX
8
Layer 1
10
1313.237073
20
796.184269
70
0
0
VERTEX
8
Layer 1
10
1312.089049
20
796.501803
70
0
0
VERTEX
8
Layer 1
10
1310.947967
20
796.359464
70
0
0
VERTEX
8
Layer 1
10
1309.943490
20
795.799684
70
0
0
VERTEX
8
Layer 1
10
1309.205280
20
794.864894
70
0
0
VERTEX
8
Layer 1
10
1308.887496
20
793.716939
70
0
0
VERTEX
8
Layer 1
10
1309.029585
20
792.575826
70
0
0
VERTEX
8
Layer 1
10
1309.589145
20
791.571227
70
0
0
VERTEX
8
Layer 1
10
1310.523775
20
790.832813
70
0
0
VERTEX
8
Layer 1
10
1311.671799
20
790.515279
70
0
0
VERTEX
8
Layer 1
10
1312.812880
20
790.657617
70
0
0
VERTEX
8
Layer 1
10
1313.817358
20
791.217397
70
0
0
VERTEX
8
Layer 1
10
1314.555568
20
792.152188
70
0
0
VERTEX
8
Layer 1
10
1314.873352
20
793.300142
70
0
0
VERTEX
8
Layer 1
10
1314.731263
20
794.441255
70
0
0
VERTEX
8
Layer 1
10
1314.171702
20
795.445854
70
0
0
VERTEX
8
Layer 1
10
1313.237073
20
796.184269
70
0
0
VERTEX
8
Layer 1
10
1313.237073
20
796.184269
70
0
0
SEQEND
8
Layer 1
0
POLYLINE
8
Layer 1
62
7
70
0
10
0.000000
20
0.000000
66
1
0
VERTEX
8
Layer 1
10
1426.769295
20
1171.831539
70
0
0
VERTEX
8
Layer 1
10
1425.621271
20
1172.149073
70
0
0
VERTEX
8
Layer 1
10
1424.480189
20
1172.006735
70
0
0
VERTEX
8
Layer 1
10
1423.475712
20
1171.446955
70
0
0
VERTEX
8
Layer 1
10
1422.737501
20
1170.512164
70
0
0
VERTEX
8
Layer 1
10
1422.419717
20
1169.364210
70
0
0
VERTEX
8
Layer 1
10
1422.561806
20
1168.223097
70
0
0
VERTEX
8
Layer 1
10
1423.121367
20
1167.218498
70
0
0
VERTEX
8
Layer 1
10
1424.055996
20
1166.480083
70
0
0
VERTEX
8
Layer 1
10
1425.204020
20
1166.162549
70
0
0
VERTEX
8
Layer 1
10
1426.345102
20
1166.304888
70
0
0
VERTEX
8
Layer 1
10
1427.349579
20
1166.864668
70
0
0
VERTEX
8
Layer 1
10
1428.087789
20
1167.799458
70
0
0
VERTEX
8
Layer 1
10
1428.405574
20
1168.947413
70
0
0
VERTEX
8
Layer 1
10
1428.263484
20
1170.088526
70
0
0
VERTEX
8
Layer 1
10
1427.703924
20
1171.093125
70
0
0
VERTEX
8
Layer 1
10
1426.769295
20
1171.831539
70
0
0
VERTEX
8
Layer 1
10
1426.769295
20
1171.831539
70
0
0
SEQEND
8
Layer 1
0
POLYLINE
8
Layer 1
62
7
70
0
10
0.000000
20
0.000000
66
1
0
VERTEX
8
Layer 1
10
1442.354794
20
1099.411309
70
0
0
VERTEX
8
Layer 1
10
1443.771205
20
1102.168967
70
0
0
VERTEX
8
Layer 1
10
1445.043915
20
1104.981033
70
0
0
VERTEX
8
Layer 1
10
1446.172335
20
1107.841995
70
0
0
VERTEX
8
Layer 1
10
1447.155875
20
1110.746337
70
0
0
VERTEX
8
Layer 1
10
1448.685954
20
1116.663113
70
0
0
VERTEX
8
Layer 1
10
1449.629435
20
1122.687253
70
0
0
VERTEX
8
Layer 1
10
1449.981600
20
1128.774650
70
0
0
VERTEX
8
Layer 1
10
1449.737729
20
1134.881196
70
0
0
VERTEX
8
Layer 1
10
1449.390805
20
1137.927867
70
0
0
VERTEX
8
Layer 1
10
1448.893104
20
1140.962784
70
0
0
VERTEX
8
Layer 1
10
1448.244034
20
1143.980435
70
0
0
VERTEX
8
Layer 1
10
1447.443007
20
1146.975306
70
0
0
VERTEX
8
Layer 1
10
1446.494601
20
1149.926818
70
0
0
VERTEX
8
Layer 1
10
1445.406111
20
1152.815191
70
0
0
VERTEX
8
Layer 1
10
1444.181019
20
1155.636109
70
0
0
VERTEX
8
Layer 1
10
1442.822806
20
1158.385256
70
0
0
VERTEX
8
Layer 1
10
1439.720942
20
1163.650978
70
0
0
VERTEX
8
Layer 1
10
1436.128372
20
1168.577829
70
0
0
VERTEX
8
Layer 1
10
1432.072949
20
1173.131286
70
0
0
VERTEX
8
Layer 1
10
1427.582525
20
1177.276822
70
0
0
VERTEX
8
Layer 1
10
1425.182892
20
1179.185831
70
0
0
VERTEX
8
Layer 1
10
1422.684953
20
1180.979913
70
0
0
VERTEX
8
Layer 1
10
1420.092189
20
1182.654752
70
0
0
VERTEX
8
Layer 1
10
1417.408083
20
1184.206033
70
0
0
SEQEND
8
Layer 1
0
POLYLINE
8
Layer 1
62
7
70
0
10
0.000000
20
0.000000
66
1
0
VERTEX
8
Layer 1
10
1410.223676
20
1171.029535
70
0
0
VERTEX
8
Layer 1
10
1417.408957
20
1184.206377
70
0
0
SEQEND
8
Layer 1
0
POLYLINE
8
Layer 1
62
7
70
0
10
0.000000
20
0.000000
66
1
0
VERTEX
8
Layer 1
10
1429.179884
20
1106.596299
70
0
0
VERTEX
8
Layer 1
10
1431.223325
20
1110.828687
70
0
0
VERTEX
8
Layer 1
10
1432.828186
20
1115.209696
70
0
0
VERTEX
8
Layer 1
10
1433.990881
20
1119.705806
70
0
0
VERTEX
8
Layer 1
10
1434.707824
20
1124.283502
70
0
0
VERTEX
8
Layer 1
10
1434.975431
20
1128.909266
70
0
0
VERTEX
8
Layer 1
10
1434.790114
20
1133.549582
70
0
0
VERTEX
8
Layer 1
10
1434.148290
20
1138.170931
70
0
0
VERTEX
8
Layer 1
10
1433.046372
20
1142.739798
70
0
0
VERTEX
8
Layer 1
10
1431.498551
20
1147.177480
70
0
0
VERTEX
8
Layer 1
10
1429.535517
20
1151.410127
70
0
0
VERTEX
8
Layer 1
10
1427.178434
20
1155.411506
70
0
0
VERTEX
8
Layer 1
10
1424.448468
20
1159.155380
70
0
0
VERTEX
8
Layer 1
10
1421.366784
20
1162.615515
70
0
0
VERTEX
8
Layer 1
10
1417.954546
20
1165.765673
70
0
0
VERTEX
8
Layer 1
10
1414.232919
20
1168.579621
70
0
0
VERTEX
8
Layer 1
10
1410.223067
20
1171.031123
70
0
0
SEQEND
8
Layer 1
0
POLYLINE
8
Layer 1
62
7
70
0
10
0.000000
20
0.000000
66
1
0
VERTEX
8
Layer 1
10
1429.179884
20
1106.596299
70
0
0
VERTEX
8
Layer 1
10
1418.372977
20
1088.579104
70
0
0
VERTEX
8
Layer 1
10
1407.968317
20
1070.368204
70
0
0
VERTEX
8
Layer 1
10
1397.967374
20
1051.970359
70
0
0
VERTEX
8
Layer 1
10
1388.371618
20
1033.392330
70
0
0
VERTEX
8
Layer 1
10
1379.182520
20
1014.640877
70
0
0
VERTEX
8
Layer 1
10
1370.401550
20
995.722762
70
0
0
VERTEX
8
Layer 1
10
1362.030180
20
976.644746
70
0
0
VERTEX
8
Layer 1
10
1354.069879
20
957.413589
70
0
0
VERTEX
8
Layer 1
10
1346.522119
20
938.036052
70
0
0
VERTEX
8
Layer 1
10
1339.388370
20
918.518896
70
0
0
VERTEX
8
Layer 1
10
1332.670102
20
898.868882
70
0
0
VERTEX
8
Layer 1
10
1326.368786
20
879.092771
70
0
0
VERTEX
8
Layer 1
10
1320.485893
20
859.197324
70
0
0
VERTEX
8
Layer 1
10
1315.022894
20
839.189301
70
0
0
VERTEX
8
Layer 1
10
1309.981258
20
819.075464
70
0
0
VERTEX
8
Layer 1
10
1305.362457
20
798.862573
70
0
0
VERTEX
8
Layer 1
10
1301.167960
20
778.557389
70
0
0
VERTEX
8
Layer 1
10
1297.399240
20
758.166673
70
0
0
VERTEX
8
Layer 1
10
1294.057766
20
737.697187
70
0
0
VERTEX
8
Layer 1
10
1291.145008
20
717.155690
70
0
0
VERTEX
8
Layer 1
10
1288.662438
20
696.548943
70
0
0
VERTEX
8
Layer 1
10
1286.611526
20
675.883709
70
0
0
VERTEX
8
Layer 1
10
1284.993743
20
655.166746
70
0
0
VERTEX
8
Layer 1
10
1283.810559
20
634.404817
70
0
0
VERTEX
8
Layer 1
10
1283.063444
20
613.604682
70
0
0
VERTEX
8
Layer 1
10
1282.753871
20
592.773103
70
0
0
VERTEX
8
Layer 1
10
1282.883308
20
571.916839
70
0
0
VERTEX
8
Layer 1
10
1283.453226
20
551.042652
70
0
0
VERTEX
8
Layer 1
10
1284.465097
20
530.157302
70
0
0
VERTEX
8
Layer 1
10
1285.920391
20
509.267551
70
0
0
VERTEX
8
Layer 1
10
1287.820578
20
488.380160
70
0
0
VERTEX
8
Layer 1
10
1290.167129
20
467.501888
70
0
0
SEQEND
8
Layer 1
0
POLYLINE
8
Layer 1
62
7
70
0
10
0.000000
20
0.000000
66
1
0
VERTEX
8
Layer 1
10
1290.167129
20
467.501888
70
0
0
VERTEX
8
Layer 1
10
1293.152304
20
450.070790
70
0
0
VERTEX
8
Layer 1
10
1296.478270
20
432.706704
70
0
0
VERTEX
8
Layer 1
10
1300.143820
20
415.414598
70
0
0
VERTEX
8
Layer 1
10
1304.147746
20
398.199440
70
0
0
VERTEX
8
Layer 1
10
1308.488843
20
381.066198
70
0
0
VERTEX
8
Layer 1
10
1313.165902
20
364.019840
70
0
0
VERTEX
8
Layer 1
10
1318.177717
20
347.065335
70
0
0
VERTEX
8
Layer 1
10
1323.523081
20
330.207650
70
0
0
SEQEND
8
Layer 1
0
POLYLINE
8
Layer 1
62
7
70
0
10
0.000000
20
0.000000
66
1
0
VERTEX
8
Layer 1
10
1323.522949
20
330.207730
70
0
0
VERTEX
8
Layer 1
10
1337.507457
20
334.760700
70
0
0
SEQEND
8
Layer 1
0
POLYLINE
8
Layer 1
62
7
70
0
10
0.000000
20
0.000000
66
1
0
VERTEX
8
Layer 1
10
1308.471166
20
450.413679
70
0
0
VERTEX
8
Layer 1
10
1311.225700
20
435.749362
70
0
0
VERTEX
8
Layer 1
10
1314.231798
20
421.137932
70
0
0
VERTEX
8
Layer 1
10
1317.488651
20
406.582607
70
0
0
VERTEX
8
Layer 1
10
1320.995450
20
392.086608
70
0
0
VERTEX
8
Layer 1
10
1324.751389
20
377.653156
70
0
0
VERTEX
8
Layer 1
10
1328.755657
20
363.285470
70
0
0
VERTEX
8
Layer 1
10
1333.007446
20
348.986770
70
0
0
VERTEX
8
Layer 1
10
1337.505949
20
334.760277
70
0
0
SEQEND
8
Layer 1
0
POLYLINE
8
Layer 1
62
7
70
0
10
0.000000
20
0.000000
66
1
0
VERTEX
8
Layer 1
10
1302.911060
20
489.996277
70
0
0
VERTEX
8
Layer 1
10
1304.022516
20
480.062828
70
0
0
VERTEX
8
Layer 1
10
1305.319931
20
470.152838
70
0
0
VERTEX
8
Layer 1
10
1306.802936
20
460.268918
70
0
0
VERTEX
8
Layer 1
10
1308.471166
20
450.413679
70
0
0
SEQEND
8
Layer 1
0
POLYLINE
8
Layer 1
62
7
70
0
10
0.000000
20
0.000000
66
1
0
VERTEX
8
Layer 1
10
1442.354556
20
1099.410912
70
0
0
VERTEX
8
Layer 1
10
1432.017604
20
1082.230222
70
0
0
VERTEX
8
Layer 1
10
1422.052518
20
1064.868569
70
0
0
VERTEX
8
Layer 1
10
1412.460689
20
1047.332026
70
0
0
VERTEX
8
Layer 1
10
1403.243506
20
1029.626667
70
0
0
VERTEX
8
Layer 1
10
1394.402358
20
1011.758565
70
0
0
VERTEX
8
Layer 1
10
1385.938637
20
993.733795
70
0
0
VERTEX
8
Layer 1
10
1377.853730
20
975.558430
70
0
0
VERTEX
8
Layer 1
10
1370.149029
20
957.238544
70
0
0
VERTEX
8
Layer 1
10
1362.825923
20
938.780210
70
0
0
VERTEX
8
Layer 1
10
1355.885801
20
920.189501
70
0
0
VERTEX
8
Layer 1
10
1349.330054
20
901.472492
70
0
0
VERTEX
8
Layer 1
10
1343.160070
20
882.635256
70
0
0
VERTEX
8
Layer 1
10
1337.377241
20
863.683867
70
0
0
VERTEX
8
Layer 1
10
1331.982955
20
844.624398
70
0
0
VERTEX
8
Layer 1
10
1326.978602
20
825.462923
70
0
0
VERTEX
8
Layer 1
10
1322.365573
20
806.205516
70
0
0
VERTEX
8
Layer 1
10
1318.145256
20
786.858250
70
0
0
VERTEX
8
Layer 1
10
1314.319041
20
767.427198
70
0
0
VERTEX
8
Layer 1
10
1310.888319
20
747.918436
70
0
0
VERTEX
8
Layer 1
10
1307.854479
20
728.338035
70
0
0
VERTEX
8
Layer 1
10
1305.218911
20
708.692070
70
0
0
VERTEX
8
Layer 1
10
1302.983004
20
688.986615
70
0
0
VERTEX
8
Layer 1
10
1301.148149
20
669.227743
70
0
0
VERTEX
8
Layer 1
10
1299.715734
20
649.421527
70
0
0
VERTEX
8
Layer 1
10
1298.687150
20
629.574041
70
0
0
VERTEX
8
Layer 1
10
1298.063786
20
609.691360
70
0
0
VERTEX
8
Layer 1
10
1297.847033
20
589.779556
70
0
0
VERTEX
8
Layer 1
10
1298.038280
20
569.844703
70
0
0
VERTEX
8
Layer 1
10
1298.638916
20
549.892875
70
0
0
VERTEX
8
Layer 1
10
1299.650332
20
529.930146
70
0
0
VERTEX
8
Layer 1
10
1301.073916
20
509.962588
70
0
0
VERTEX
8
Layer 1
10
1302.911060
20
489.996277
70
0
0
SEQEND
8
Layer 1
0
POLYLINE
8
Layer 1
62
7
70
0
10
0.000000
20
0.000000
66
1
0
VERTEX
8
Layer 1
10
1318.249043
20
1167.491373
70
0
0
VERTEX
8
Layer 1
10
1317.111242
20
1167.838730
70
0
0
VERTEX
8
Layer 1
10
1315.968079
20
1167.727316
70
0
0
VERTEX
8
Layer 1
10
1314.949840
20
1167.195881
70
0
0
VERTEX
8
Layer 1
10
1314.186811
20
1166.283175
70
0
0
VERTEX
8
Layer 1
10
1313.837018
20
1165.146121
70
0
0
VERTEX
8
Layer 1
10
1313.945984
20
1164.002723
70
0
0
VERTEX
8
Layer 1
10
1314.475237
20
1162.983348
70
0
0
VERTEX
8
Layer 1
10
1315.386307
20
1162.218366
70
0
0
VERTEX
8
Layer 1
10
1316.524108
20
1161.871008
70
0
0
VERTEX
8
Layer 1
10
1317.667270
20
1161.982422
70
0
0
VERTEX
8
Layer 1
10
1318.685510
20
1162.513857
70
0
0
VERTEX
8
Layer 1
10
1319.448539
20
1163.426563
70
0
0
VERTEX
8
Layer 1
10
1319.798332
20
1164.563617
70
0
0
VERTEX
8
Layer 1
10
1319.689366
20
1165.707016
70
0
0
VERTEX
8
Layer 1
10
1319.160113
20
1166.726391
70
0
0
VERTEX
8
Layer 1
10
1318.249043
20
1167.491373
70
0
0
VERTEX
8
Layer 1
10
1318.249043
20
1167.491373
70
0
0
SEQEND
8
Layer 1
0
POLYLINE
8
Layer 1
62
7
70
0
10
0.000000
20
0.000000
66
1
0
VERTEX
8
Layer 1
10
1112.209476
20
808.063146
70
0
0
VERTEX
8
Layer 1
10
1111.072079
20
808.409393
70
0
0
VERTEX
8
Layer 1
10
1109.929617
20
808.297400
70
0
0
VERTEX
8
Layer 1
10
1108.912131
20
807.765907
70
0
0
VERTEX
8
Layer 1
10
1108.149662
20
806.853656
70
0
0
VERTEX
8
Layer 1
10
1107.799941
20
805.717322
70
0
0
VERTEX
8
Layer 1
10
1107.908443
20
804.574523
70
0
0
VERTEX
8
Layer 1
10
1108.436824
20
803.555418
70
0
0
VERTEX
8
Layer 1
10
1109.346741
20
802.790165
70
0
0
VERTEX
8
Layer 1
10
1110.484139
20
802.443918
70
0
0
VERTEX
8
Layer 1
10
1111.626601
20
802.555911
70
0
0
VERTEX
8
Layer 1
10
1112.644086
20
803.087404
70
0
0
VERTEX
8
Layer 1
10
1113.406555
20
803.999655
70
0
0
VERTEX
8
Layer 1
10
1113.756276
20
805.135989
70
0
0
VERTEX
8
Layer 1
10
1113.647774
20
806.278788
70
0
0
VERTEX
8
Layer 1
10
1113.119393
20
807.297893
70
0
0
VERTEX
8
Layer 1
10
1112.209476
20
808.063146
70
0
0
VERTEX
8
Layer 1
10
1112.209476
20
808.063146
70
0
0
SEQEND
8
Layer 1
0
POLYLINE
8
Layer 1
62
7
70
0
10
0.000000
20
0.000000
66
1
0
VERTEX
8
Layer 1
10
1326.285248
20
1152.829691
70
0
0
VERTEX
8
Layer 1
10
1321.965783
20
1155.061748
70
0
0
VERTEX
8
Layer 1
10
1317.528721
20
1156.813194
70
0
0
VERTEX
8
Layer 1
10
1313.006707
20
1158.092645
70
0
0
VERTEX
8
Layer 1
10
1308.432383
20
1158.908714
70
0
0
VERTEX
8
Layer 1
10
1303.838395
20
1159.270014
70
0
0
VERTEX
8
Layer 1
10
1299.257385
20
1159.185159
70
0
0
VERTEX
8
Layer 1
10
1294.721996
20
1158.662763
70
0
0
VERTEX
8
Layer 1
10
1290.264874
20
1157.711440
70
0
0
VERTEX
8
Layer 1
10
1285.918660
20
1156.339804
70
0
0
VERTEX
8
Layer 1
10
1281.716000
20
1154.556467
70
0
0
VERTEX
8
Layer 1
10
1277.689535
20
1152.370045
70
0
0
VERTEX
8
Layer 1
10
1273.871912
20
1149.789151
70
0
0
VERTEX
8
Layer 1
10
1270.295771
20
1146.822398
70
0
0
VERTEX
8
Layer 1
10
1266.993758
20
1143.478400
70
0
0
VERTEX
8
Layer 1
10
1263.998517
20
1139.765772
70
0
0
VERTEX
8
Layer 1
10
1261.342690
20
1135.693126
70
0
0
SEQEND
8
Layer 1
0
POLYLINE
8
Layer 1
62
7
70
0
10
0.000000
20
0.000000
66
1
0
VERTEX
8
Layer 1
10
1333.838061
20
1165.797327
70
0
0
VERTEX
8
Layer 1
10
1331.017929
20
1167.345761
70
0
0
VERTEX
8
Layer 1
10
1328.153738
20
1168.734661
70
0
0
VERTEX
8
Layer 1
10
1325.250859
20
1169.965442
70
0
0
VERTEX
8
Layer 1
10
1322.314661
20
1171.039522
70
0
0
VERTEX
8
Layer 1
10
1319.350514
20
1171.958318
70
0
0
VERTEX
8
Layer 1
10
1316.363789
20
1172.723246
70
0
0
VERTEX
8
Layer 1
10
1313.359854
20
1173.335724
70
0
0
VERTEX
8
Layer 1
10
1310.344079
20
1173.797169
70
0
0
VERTEX
8
Layer 1
10
1304.298492
20
1174.272626
70
0
0
VERTEX
8
Layer 1
10
1298.269984
20
1174.160953
70
0
0
VERTEX
8
Layer 1
10
1292.301514
20
1173.473485
70
0
0
VERTEX
8
Layer 1
10
1286.436041
20
1172.221558
70
0
0
VERTEX
8
Layer 1
10
1280.716523
20
1170.416507
70
0
0
VERTEX
8
Layer 1
10
1275.185917
20
1168.069669
70
0
0
VERTEX
8
Layer 1
10
1269.887184
20
1165.192378
70
0
0
VERTEX
8
Layer 1
10
1264.863280
20
1161.795971
70
0
0
VERTEX
8
Layer 1
10
1262.467814
20
1159.906641
70
0
0
VERTEX
8
Layer 1
10
1260.157165
20
1157.891782
70
0
0
VERTEX
8
Layer 1
10
1257.936703
20
1155.752812
70
0
0
VERTEX
8
Layer 1
10
1255.811797
20
1153.491148
70
0
0
VERTEX
8
Layer 1
10
1253.787817
20
1151.108207
70
0
0
VERTEX
8
Layer 1
10
1251.870133
20
1148.605404
70
0
0
VERTEX
8
Layer 1
10
1250.064115
20
1145.984158
70
0
0
VERTEX
8
Layer 1
10
1248.375133
20
1143.245886
70
0
0
SEQEND
8
Layer 1
0
POLYLINE
8
Layer 1
62
7
70
0
10
0.000000
20
0.000000
66
1
0
VERTEX
8
Layer 1
10
1326.284852
20
1152.830299
70
0
0
VERTEX
8
Layer 1
10
1333.836712
20
1165.797486
70
0
0
SEQEND
8
Layer 1
0
POLYLINE
8
Layer 1
62
7
70
0
10
0.000000
20
0.000000
66
1
0
VERTEX
8
Layer 1
10
1109.719009
20
334.283713
70
0
0
VERTEX
8
Layer 1
10
1108.581810
20
334.629406
70
0
0
VERTEX
8
Layer 1
10
1107.439696
20
334.517122
70
0
0
VERTEX
8
Layer 1
10
1106.422585
20
333.985598
70
0
0
VERTEX
8
Layer 1
10
1105.660395
20
333.073572
70
0
0
VERTEX
8
Layer 1
10
1105.310710
20
331.937594
70
0
0
VERTEX
8
Layer 1
10
1105.418982
20
330.795092
70
0
0
VERTEX
8
Layer 1
10
1105.946930
20
329.776121
70
0
0
VERTEX
8
Layer 1
10
1106.856274
20
329.010732
70
0
0
VERTEX
8
Layer 1
10
1107.993474
20
328.665039
70
0
0
VERTEX
8
Layer 1
10
1109.135588
20
328.777323
70
0
0
VERTEX
8
Layer 1
10
1110.152698
20
329.308847
70
0
0
VERTEX
8
Layer 1
10
1110.914888
20
330.220873
70
0
0
VERTEX
8
Layer 1
10
1111.264573
20
331.356852
70
0
0
VERTEX
8
Layer 1
10
1111.156302
20
332.499353
70
0
0
VERTEX
8
Layer 1
10
1110.628353
20
333.518324
70
0
0
VERTEX
8
Layer 1
10
1109.719009
20
334.283713
70
0
0
VERTEX
8
Layer 1
10
1109.719009
20
334.283713
70
0
0
SEQEND
8
Layer 1
0
POLYLINE
8
Layer 1
62
7
70
0
10
0.000000
20
0.000000
66
1
0
VERTEX
8
Layer 1
10
1086.506402
20
440.686782
70
0
0
VERTEX
8
Layer 1
10
1085.368582
20
441.034212
70
0
0
VERTEX
8
Layer 1
10
1084.225378
20
440.922840
70
0
0
VERTEX
8
Layer 1
10
1083.207092
20
440.391415
70
0
0
VERTEX
8
Layer 1
10
1082.444025
20
439.478688
70
0
0
VERTEX
8
Layer 1
10
1082.094222
20
438.341595
70
0
0
VERTEX
8
Layer 1
10
1082.203208
20
437.198162
70
0
0
VERTEX
8
Layer 1
10
1082.732507
20
436.178769
70
0
0
VERTEX
8
Layer 1
10
1083.643640
20
435.413799
70
0
0
VERTEX
8
Layer 1
10
1084.781461
20
435.066369
70
0
0
VERTEX
8
Layer 1
10
1085.924664
20
435.177741
70
0
0
VERTEX
8
Layer 1
10
1086.942950
20
435.709166
70
0
0
VERTEX
8
Layer 1
10
1087.706017
20
436.621893
70
0
0
VERTEX
8
Layer 1
10
1088.055821
20
437.758986
70
0
0
VERTEX
8
Layer 1
10
1087.946834
20
438.902420
70
0
0
VERTEX
8
Layer 1
10
1087.417535
20
439.921812
70
0
0
VERTEX
8
Layer 1
10
1086.506402
20
440.686782
70
0
0
VERTEX
8
Layer 1
10
1086.506402
20
440.686782
70
0
0
SEQEND
8
Layer 1
0
POLYLINE
8
Layer 1
62
7
70
0
10
0.000000
20
0.000000
66
1
0
VERTEX
8
Layer 1
10
1261.342690
20
1135.693126
70
0
0
VERTEX
8
Layer 1
10
1249.023508
20
1116.239990
70
0
0
VERTEX
8
Layer 1
10
1237.140764
20
1096.563588
70
0
0
VERTEX
8
Layer 1
10
1225.696250
20
1076.671317
70
0
0
VERTEX
8
Layer 1
10
1214.691759
20
1056.570574
70
0
0
VERTEX
8
Layer 1
10
1204.129085
20
1036.268755
70
0
0
VERTEX
8
Layer 1
10
1194.010021
20
1015.773258
70
0
0
VERTEX
8
Layer 1
10
1184.336359
20
995.091478
70
0
0
VERTEX
8
Layer 1
10
1175.109893
20
974.230814
70
0
0
VERTEX
8
Layer 1
10
1166.332415
20
953.198661
70
0
0
VERTEX
8
Layer 1
10
1158.005719
20
932.002416
70
0
0
VERTEX
8
Layer 1
10
1150.131598
20
910.649477
70
0
0
VERTEX
8
Layer 1
10
1142.711844
20
889.147239
70
0
0
VERTEX
8
Layer 1
10
1135.748250
20
867.503101
70
0
0
VERTEX
8
Layer 1
10
1129.242611
20
845.724458
70
0
0
VERTEX
8
Layer 1
10
1123.196718
20
823.818708
70
0
0
VERTEX
8
Layer 1
10
1117.612365
20
801.793247
70
0
0
VERTEX
8
Layer 1
10
1112.491344
20
779.655471
70
0
0
VERTEX
8
Layer 1
10
1107.835449
20
757.412779
70
0
0
VERTEX
8
Layer 1
10
1103.646473
20
735.072566
70
0
0
VERTEX
8
Layer 1
10
1099.926209
20
712.642230
70
0
0
VERTEX
8
Layer 1
10
1096.676449
20
690.129166
70
0
0
VERTEX
8
Layer 1
10
1093.898987
20
667.540773
70
0
0
VERTEX
8
Layer 1
10
1091.595616
20
644.884446
70
0
0
VERTEX
8
Layer 1
10
1089.768129
20
622.167583
70
0
0
VERTEX
8
Layer 1
10
1088.418319
20
599.397581
70
0
0
VERTEX
8
Layer 1
10
1087.547978
20
576.581835
70
0
0
VERTEX
8
Layer 1
10
1087.158901
20
553.727744
70
0
0
VERTEX
8
Layer 1
10
1087.252879
20
530.842703
70
0
0
VERTEX
8
Layer 1
10
1087.831706
20
507.934109
70
0
0
VERTEX
8
Layer 1
10
1088.897176
20
485.009360
70
0
0
VERTEX
8
Layer 1
10
1090.451080
20
462.075852
70
0
0
VERTEX
8
Layer 1
10
1092.495212
20
439.140983
70
0
0
SEQEND
8
Layer 1
0
POLYLINE
8
Layer 1
62
7
70
0
10
0.000000
20
0.000000
66
1
0
VERTEX
8
Layer 1
10
1092.495212
20
439.140983
70
0
0
VERTEX
8
Layer 1
10
1095.648148
20
420.067724
70
0
0
VERTEX
8
Layer 1
10
1099.133740
20
401.056963
70
0
0
VERTEX
8
Layer 1
10
1102.950995
20
382.113030
70
0
0
VERTEX
8
Layer 1
10
1107.098923
20
363.240256
70
0
0
VERTEX
8
Layer 1
10
1111.576530
20
344.442970
70
0
0
VERTEX
8
Layer 1
10
1116.382827
20
325.725504
70
0
0
VERTEX
8
Layer 1
10
1121.516821
20
307.092187
70
0
0
VERTEX
8
Layer 1
10
1126.977520
20
288.547350
70
0
0
SEQEND
8
Layer 1
0
POLYLINE
8
Layer 1
62
7
70
0
10
0.000000
20
0.000000
66
1
0
VERTEX
8
Layer 1
10
1112.917077
20
284.403160
70
0
0
VERTEX
8
Layer 1
10
1126.977547
20
288.547110
70
0
0
SEQEND
8
Layer 1
0
POLYLINE
8
Layer 1
62
7
70
0
10
0.000000
20
0.000000
66
1
0
VERTEX
8
Layer 1
10
1084.506737
20
397.550890
70
0
0
VERTEX
8
Layer 1
10
1087.426044
20
383.255094
70
0
0
VERTEX
8
Layer 1
10
1090.526772
20
368.999364
70
0
0
VERTEX
8
Layer 1
10
1093.808491
20
354.785420
70
0
0
VERTEX
8
Layer 1
10
1097.270768
20
340.614983
70
0
0
VERTEX
8
Layer 1
10
1100.913170
20
326.489773
70
0
0
VERTEX
8
Layer 1
10
1104.735266
20
312.411511
70
0
0
VERTEX
8
Layer 1
10
1108.736624
20
298.381918
70
0
0
VERTEX
8
Layer 1
10
1112.916812
20
284.402713
70
0
0
SEQEND
8
Layer 1
0
POLYLINE
8
Layer 1
62
7
70
0
10
0.000000
20
0.000000
66
1
0
VERTEX
8
Layer 1
10
1074.218797
20
476.811712
70
0
0
VERTEX
8
Layer 1
10
1074.931556
20
466.836908
70
0
0
VERTEX
8
Layer 1
10
1075.808622
20
456.877256
70
0
0
VERTEX
8
Layer 1
10
1076.849731
20
446.934781
70
0
0
VERTEX
8
Layer 1
10
1078.054622
20
437.011506
70
0
0
VERTEX
8
Layer 1
10
1079.423030
20
427.109455
70
0
0
VERTEX
8
Layer 1
10
1080.954694
20
417.230653
70
0
0
VERTEX
8
Layer 1
10
1082.649350
20
407.377123
70
0
0
VERTEX
8
Layer 1
10
1084.506737
20
397.550890
70
0
0
SEQEND
8
Layer 1
0
POLYLINE
8
Layer 1
62
7
70
0
10
0.000000
20
0.000000
66
1
0
VERTEX
8
Layer 1
10
1248.375133
20
1143.245886
70
0
0
VERTEX
8
Layer 1
10
1236.575709
20
1124.602944
70
0
0
VERTEX
8
Layer 1
10
1225.169945
20
1105.756122
70
0
0
VERTEX
8
Layer 1
10
1214.159487
20
1086.711723
70
0
0
VERTEX
8
Layer 1
10
1203.545983
20
1067.476051
70
0
0
VERTEX
8
Layer 1
10
1193.331079
20
1048.055408
70
0
0
VERTEX
8
Layer 1
10
1183.516424
20
1028.456099
70
0
0
VERTEX
8
Layer 1
10
1174.103665
20
1008.684426
70
0
0
VERTEX
8
Layer 1
10
1165.094447
20
988.746693
70
0
0
VERTEX
8
Layer 1
10
1156.490420
20
968.649203
70
0
0
VERTEX
8
Layer 1
10
1148.293230
20
948.398259
70
0
0
VERTEX
8
Layer 1
10
1140.504524
20
928.000166
70
0
0
VERTEX
8
Layer 1
10
1133.125950
20
907.461226
70
0
0
VERTEX
8
Layer 1
10
1126.159154
20
886.787742
70
0
0
VERTEX
8
Layer 1
10
1119.605784
20
865.986018
70
0
0
VERTEX
8
Layer 1
10
1113.467488
20
845.062357
70
0
0
VERTEX
8
Layer 1
10
1107.745911
20
824.023062
70
0
0
VERTEX
8
Layer 1
10
1102.442703
20
802.874438
70
0
0
VERTEX
8
Layer 1
10
1097.559509
20
781.622786
70
0
0
VERTEX
8
Layer 1
10
1093.097977
20
760.274411
70
0
0
VERTEX
8
Layer 1
10
1089.059755
20
738.835616
70
0
0
VERTEX
8
Layer 1
10
1085.446489
20
717.312704
70
0
0
VERTEX
8
Layer 1
10
1082.259826
20
695.711979
70
0
0
VERTEX
8
Layer 1
10
1079.501415
20
674.039743
70
0
0
VERTEX
8
Layer 1
10
1077.172902
20
652.302300
70
0
0
VERTEX
8
Layer 1
10
1075.275934
20
630.505954
70
0
0
VERTEX
8
Layer 1
10
1073.812159
20
608.657008
70
0
0
VERTEX
8
Layer 1
10
1072.783224
20
586.761765
70
0
0
VERTEX
8
Layer 1
10
1072.190775
20
564.826528
70
0
0
VERTEX
8
Layer 1
10
1072.036461
20
542.857601
70
0
0
VERTEX
8
Layer 1
10
1072.321929
20
520.861287
70
0
0
VERTEX
8
Layer 1
10
1073.048825
20
498.843890
70
0
0
VERTEX
8
Layer 1
10
1074.218797
20
476.811712
70
0
0
SEQEND
8
Layer 1
0
POLYLINE
8
Layer 1
62
7
70
0
10
0.000000
20
0.000000
66
1
0
VERTEX
8
Layer 1
10
1324.280159
20
274.732083
70
0
0
VERTEX
8
Layer 1
10
1323.769663
20
275.807450
70
0
0
VERTEX
8
Layer 1
10
1322.916246
20
276.577166
70
0
0
VERTEX
8
Layer 1
10
1321.836581
20
276.971004
70
0
0
VERTEX
8
Layer 1
10
1320.647343
20
276.918737
70
0
0
VERTEX
8
Layer 1
10
1319.571377
20
276.409504
70
0
0
VERTEX
8
Layer 1
10
1318.800659
20
275.556992
70
0
0
VERTEX
8
Layer 1
10
1318.405552
20
274.477791
70
0
0
VERTEX
8
Layer 1
10
1318.456423
20
273.288492
70
0
0
VERTEX
8
Layer 1
10
1318.966919
20
272.213125
70
0
0
VERTEX
8
Layer 1
10
1319.820336
20
271.443408
70
0
0
VERTEX
8
Layer 1
10
1320.900001
20
271.049570
70
0
0
VERTEX
8
Layer 1
10
1322.089239
20
271.101837
70
0
0
VERTEX
8
Layer 1
10
1323.165205
20
271.611070
70
0
0
VERTEX
8
Layer 1
10
1323.935923
20
272.463583
70
0
0
VERTEX
8
Layer 1
10
1324.331029
20
273.542784
70
0
0
VERTEX
8
Layer 1
10
1324.280159
20
274.732083
70
0
0
VERTEX
8
Layer 1
10
1324.280159
20
274.732083
70
0
0
SEQEND
8
Layer 1
0
POLYLINE
8
Layer 1
62
7
70
0
10
0.000000
20
0.000000
66
1
0
VERTEX
8
Layer 1
10
1297.146590
20
345.632223
70
0
0
VERTEX
8
Layer 1
10
1296.636804
20
346.708936
70
0
0
VERTEX
8
Layer 1
10
1295.783332
20
347.479824
70
0
0
VERTEX
8
Layer 1
10
1294.703069
20
347.874432
70
0
0
VERTEX
8
Layer 1
10
1293.512911
20
347.822306
70
0
0
VERTEX
8
Layer 1
10
1292.436197
20
347.312519
70
0
0
VERTEX
8
Layer 1
10
1291.665309
20
346.459047
70
0
0
VERTEX
8
Layer 1
10
1291.270701
20
345.378784
70
0
0
VERTEX
8
Layer 1
10
1291.322828
20
344.188626
70
0
0
VERTEX
8
Layer 1
10
1291.611954
20
343.453850
70
0
0
VERTEX
8
Layer 1
10
1292.073845
20
342.829388
70
0
0
VERTEX
8
Layer 1
10
1292.680486
20
342.344329
70
0
0
VERTEX
8
Layer 1
10
1293.403864
20
342.027762
70
0
0
VERTEX
8
Layer 1
10
1294.184762
20
341.910765
70
0
0
VERTEX
8
Layer 1
10
1294.956507
20
341.998543
70
0
0
VERTEX
8
Layer 1
10
1295.679902
20
342.281380
70
0
0
VERTEX
8
Layer 1
10
1296.315745
20
342.749560
70
0
0
VERTEX
8
Layer 1
10
1296.807517
20
343.367339
70
0
0
VERTEX
8
Layer 1
10
1297.117371
20
344.079579
70
0
0
VERTEX
8
Layer 1
10
1297.234124
20
344.847476
70
0
0
VERTEX
8
Layer 1
10
1297.146590
20
345.632223
70
0
0
VERTEX
8
Layer 1
10
1297.146590
20
345.632223
70
0
0
SEQEND
8
Layer 1
0
POLYLINE
8
Layer 1
62
7
70
0
10
0.000000
20
0.000000
66
1
0
VERTEX
8
Layer 1
10
1284.339530
20
343.473720
70
0
0
VERTEX
8
Layer 1
10
1302.684260
20
266.256405
70
0
0
SEQEND
8
Layer 1
0
POLYLINE
8
Layer 1
62
7
70
0
10
0.000000
20
0.000000
66
1
0
VERTEX
8
Layer 1
10
1302.684260
20
266.256405
70
0
0
VERTEX
8
Layer 1
10
1338.192171
20
234.199552
70
0
0
SEQEND
8
Layer 1
0
POLYLINE
8
Layer 1
62
7
70
0
10
0.000000
20
0.000000
66
1
0
VERTEX
8
Layer 1
10
1345.887250
20
200.655217
70
0
0
VERTEX
8
Layer 1
10
1346.684866
20
202.865046
70
0
0
VERTEX
8
Layer 1
10
1347.301541
20
205.105347
70
0
0
VERTEX
8
Layer 1
10
1347.739516
20
207.366350
70
0
0
VERTEX
8
Layer 1
10
1348.001033
20
209.638286
70
0
0
VERTEX
8
Layer 1
10
1348.088333
20
211.911386
70
0
0
VERTEX
8
Layer 1
10
1348.003658
20
214.175880
70
0
0
VERTEX
8
Layer 1
10
1347.749249
20
216.421998
70
0
0
VERTEX
8
Layer 1
10
1347.327348
20
218.639972
70
0
0
VERTEX
8
Layer 1
10
1346.740195
20
220.820032
70
0
0
VERTEX
8
Layer 1
10
1345.990033
20
222.952409
70
0
0
VERTEX
8
Layer 1
10
1345.079103
20
225.027332
70
0
0
VERTEX
8
Layer 1
10
1344.009646
20
227.035034
70
0
0
VERTEX
8
Layer 1
10
1342.783903
20
228.965743
70
0
0
VERTEX
8
Layer 1
10
1341.404117
20
230.809692
70
0
0
VERTEX
8
Layer 1
10
1339.872528
20
232.557111
70
0
0
VERTEX
8
Layer 1
10
1338.191378
20
234.198229
70
0
0
SEQEND
8
Layer 1
0
POLYLINE
8
Layer 1
62
7
70
0
10
0.000000
20
0.000000
66
1
0
VERTEX
8
Layer 1
10
1334.247054
20
97.463402
70
0
0
VERTEX
8
Layer 1
10
1392.822079
20
241.875131
70
0
0
SEQEND
8
Layer 1
0
POLYLINE
8
Layer 1
62
7
70
0
10
0.000000
20
0.000000
66
1
0
VERTEX
8
Layer 1
10
1304.130894
20
346.347406
70
0
0
VERTEX
8
Layer 1
10
1304.876770
20
341.784289
70
0
0
VERTEX
8
Layer 1
10
1305.780164
20
337.273340
70
0
0
VERTEX
8
Layer 1
10
1306.838391
20
332.817718
70
0
0
VERTEX
8
Layer 1
10
1308.048771
20
328.420582
70
0
0
VERTEX
8
Layer 1
10
1309.408620
20
324.085094
70
0
0
VERTEX
8
Layer 1
10
1310.915255
20
319.814413
70
0
0
VERTEX
8
Layer 1
10
1312.565995
20
315.611697
70
0
0
VERTEX
8
Layer 1
10
1314.358158
20
311.480108
70
0
0
VERTEX
8
Layer 1
10
1316.289059
20
307.422805
70
0
0
VERTEX
8
Layer 1
10
1318.356018
20
303.442948
70
0
0
VERTEX
8
Layer 1
10
1320.556351
20
299.543696
70
0
0
VERTEX
8
Layer 1
10
1322.887376
20
295.728210
70
0
0
VERTEX
8
Layer 1
10
1325.346410
20
291.999648
70
0
0
VERTEX
8
Layer 1
10
1327.930772
20
288.361172
70
0
0
VERTEX
8
Layer 1
10
1330.637778
20
284.815940
70
0
0
VERTEX
8
Layer 1
10
1333.464746
20
281.367112
70
0
0
VERTEX
8
Layer 1
10
1336.408994
20
278.017848
70
0
0
VERTEX
8
Layer 1
10
1339.467840
20
274.771309
70
0
0
VERTEX
8
Layer 1
10
1342.638599
20
271.630653
70
0
0
VERTEX
8
Layer 1
10
1345.918591
20
268.599040
70
0
0
VERTEX
8
Layer 1
10
1349.305133
20
265.679631
70
0
0
VERTEX
8
Layer 1
10
1352.795542
20
262.875585
70
0
0
VERTEX
8
Layer 1
10
1356.387136
20
260.190061
70
0
0
VERTEX
8
Layer 1
10
1360.077232
20
257.626220
70
0
0
VERTEX
8
Layer 1
10
1363.863147
20
255.187222
70
0
0
VERTEX
8
Layer 1
10
1367.742201
20
252.876225
70
0
0
VERTEX
8
Layer 1
10
1371.711709
20
250.696391
70
0
0
VERTEX
8
Layer 1
10
1375.768989
20
248.650878
70
0
0
VERTEX
8
Layer 1
10
1379.911359
20
246.742846
70
0
0
VERTEX
8
Layer 1
10
1384.136137
20
244.975455
70
0
0
VERTEX
8
Layer 1
10
1388.440639
20
243.351866
70
0
0
VERTEX
8
Layer 1
10
1392.822184
20
241.875237
70
0
0
SEQEND
8
Layer 1
0
POLYLINE
8
Layer 1
62
7
70
0
10
0.000000
20
0.000000
66
1
0
VERTEX
8
Layer 1
10
1367.372051
20
1017.341420
70
0
0
VERTEX
8
Layer 1
10
1366.862128
20
1018.417874
70
0
0
VERTEX
8
Layer 1
10
1366.008667
20
1019.188537
70
0
0
VERTEX
8
Layer 1
10
1364.928519
20
1019.582998
70
0
0
VERTEX
8
Layer 1
10
1363.738538
20
1019.530845
70
0
0
VERTEX
8
Layer 1
10
1362.661968
20
1019.021166
70
0
0
VERTEX
8
Layer 1
10
1361.891111
20
1018.167880
70
0
0
VERTEX
8
Layer 1
10
1361.496406
20
1017.087821
70
0
0
VERTEX
8
Layer 1
10
1361.548289
20
1015.897828
70
0
0
VERTEX
8
Layer 1
10
1362.058212
20
1014.821374
70
0
0
VERTEX
8
Layer 1
10
1362.911673
20
1014.050711
70
0
0
VERTEX
8
Layer 1
10
1363.991821
20
1013.656250
70
0
0
VERTEX
8
Layer 1
10
1365.181802
20
1013.708403
70
0
0
VERTEX
8
Layer 1
10
1366.258372
20
1014.218082
70
0
0
VERTEX
8
Layer 1
10
1367.029229
20
1015.071368
70
0
0
VERTEX
8
Layer 1
10
1367.423934
20
1016.151427
70
0
0
VERTEX
8
Layer 1
10
1367.372051
20
1017.341420
70
0
0
VERTEX
8
Layer 1
10
1367.372051
20
1017.341420
70
0
0
SEQEND
8
Layer 1
0
POLYLINE
8
Layer 1
62
7
70
0
10
0.000000
20
0.000000
66
1
0
VERTEX
8
Layer 1
10
1290.242085
20
822.418282
70
0
0
VERTEX
8
Layer 1
10
1289.732164
20
823.494749
70
0
0
VERTEX
8
Layer 1
10
1288.878698
20
824.265421
70
0
0
VERTEX
8
Layer 1
10
1287.798542
20
824.659885
70
0
0
VERTEX
8
Layer 1
10
1286.608550
20
824.607729
70
0
0
VERTEX
8
Layer 1
10
1285.531973
20
824.098039
70
0
0
VERTEX
8
Layer 1
10
1284.761118
20
823.244739
70
0
0
VERTEX
8
Layer 1
10
1284.366422
20
822.164667
70
0
0
VERTEX
8
Layer 1
10
1284.418322
20
820.974664
70
0
0
VERTEX
8
Layer 1
10
1284.928243
20
819.898197
70
0
0
VERTEX
8
Layer 1
10
1285.781710
20
819.127525
70
0
0
VERTEX
8
Layer 1
10
1286.861866
20
818.733060
70
0
0
VERTEX
8
Layer 1
10
1288.051858
20
818.785217
70
0
0
VERTEX
8
Layer 1
10
1289.128434
20
819.294906
70
0
0
VERTEX
8
Layer 1
10
1289.899290
20
820.148207
70
0
0
VERTEX
8
Layer 1
10
1290.293986
20
821.228279
70
0
0
VERTEX
8
Layer 1
10
1290.242085
20
822.418282
70
0
0
VERTEX
8
Layer 1
10
1290.242085
20
822.418282
70
0
0
SEQEND
8
Layer 1
0
POLYLINE
8
Layer 1
62
7
70
0
10
0.000000
20
0.000000
66
1
0
VERTEX
8
Layer 1
10
1324.185597
20
103.447766
70
0
0
VERTEX
8
Layer 1
10
1323.675101
20
104.523133
70
0
0
VERTEX
8
Layer 1
10
1322.821684
20
105.292850
70
0
0
VERTEX
8
Layer 1
10
1321.742019
20
105.686688
70
0
0
VERTEX
8
Layer 1
10
1320.552781
20
105.634421
70
0
0
VERTEX
8
Layer 1
10
1319.476815
20
105.125188
70
0
0
VERTEX
8
Layer 1
10
1318.706097
20
104.272675
70
0
0
VERTEX
8
Layer 1
10
1318.310990
20
103.193474
70
0
0
VERTEX
8
Layer 1
10
1318.361861
20
102.004175
70
0
0
VERTEX
8
Layer 1
10
1318.872357
20
100.928808
70
0
0
VERTEX
8
Layer 1
10
1319.725774
20
100.159092
70
0
0
VERTEX
8
Layer 1
10
1320.805439
20
99.765254
70
0
0
VERTEX
8
Layer 1
10
1321.994677
20
99.817521
70
0
0
VERTEX
8
Layer 1
10
1323.070643
20
100.326754
70
0
0
VERTEX
8
Layer 1
10
1323.841361
20
101.179266
70
0
0
VERTEX
8
Layer 1
10
1324.236467
20
102.258467
70
0
0
VERTEX
8
Layer 1
10
1324.185597
20
103.447766
70
0
0
VERTEX
8
Layer 1
10
1324.185597
20
103.447766
70
0
0
SEQEND
8
Layer 1
0
POLYLINE
8
Layer 1
62
7
70
0
10
0.000000
20
0.000000
66
1
0
VERTEX
8
Layer 1
10
1378.465779
20
1055.420549
70
0
0
VERTEX
8
Layer 1
10
1372.499453
20
1045.357909
70
0
0
VERTEX
8
Layer 1
10
1366.671990
20
1035.232417
70
0
0
VERTEX
8
Layer 1
10
1360.983576
20
1025.045485
70
0
0
VERTEX
8
Layer 1
10
1355.434398
20
1014.798522
70
0
0
VERTEX
8
Layer 1
10
1350.024643
20
1004.492940
70
0
0
VERTEX
8
Layer 1
10
1344.754496
20
994.130149
70
0
0
VERTEX
8
Layer 1
10
1334.633775
20
973.238582
70
0
0
VERTEX
8
Layer 1
10
1325.073728
20
952.135106
70
0
0
VERTEX
8
Layer 1
10
1316.075845
20
930.831006
70
0
0
VERTEX
8
Layer 1
10
1307.641620
20
909.337565
70
0
0
VERTEX
8
Layer 1
10
1299.772544
20
887.666069
70
0
0
VERTEX
8
Layer 1
10
1292.470109
20
865.827802
70
0
0
VERTEX
8
Layer 1
10
1285.735807
20
843.834049
70
0
0
VERTEX
8
Layer 1
10
1279.571129
20
821.696095
70
0
0
VERTEX
8
Layer 1
10
1273.977569
20
799.425223
70
0
0
VERTEX
8
Layer 1
10
1268.956617
20
777.032719
70
0
0
VERTEX
8
Layer 1
10
1264.509766
20
754.529866
70
0
0
VERTEX
8
Layer 1
10
1260.638508
20
731.927951
70
0
0
VERTEX
8
Layer 1
10
1257.344335
20
709.238256
70
0
0
VERTEX
8
Layer 1
10
1254.628738
20
686.472068
70
0
0
VERTEX
8
Layer 1
10
1252.493209
20
663.640669
70
0
0
VERTEX
8
Layer 1
10
1250.939242
20
640.755346
70
0
0
VERTEX
8
Layer 1
10
1249.968326
20
617.827382
70
0
0
VERTEX
8
Layer 1
10
1249.581955
20
594.868062
70
0
0
VERTEX
8
Layer 1
10
1249.781620
20
571.888671
70
0
0
VERTEX
8
Layer 1
10
1250.568814
20
548.900493
70
0
0
VERTEX
8
Layer 1
10
1251.945027
20
525.914813
70
0
0
VERTEX
8
Layer 1
10
1253.911753
20
502.942915
70
0
0
VERTEX
8
Layer 1
10
1256.470483
20
479.996085
70
0
0
VERTEX
8
Layer 1
10
1259.622709
20
457.085605
70
0
0
VERTEX
8
Layer 1
10
1263.369923
20
434.222762
70
0
0
VERTEX
8
Layer 1
10
1267.713617
20
411.418840
70
0
0
VERTEX
8
Layer 1
10
1270.109610
20
400.042500
70
0
0
VERTEX
8
Layer 1
10
1272.655283
20
388.685123
70
0
0
VERTEX
8
Layer 1
10
1275.350821
20
377.348117
70
0
0
VERTEX
8
Layer 1
10
1278.196412
20
366.032895
70
0
0
VERTEX
8
Layer 1
10
1281.192242
20
354.740867
70
0
0
VERTEX
8
Layer 1
10
1284.338498
20
343.473442
70
0
0
SEQEND
8
Layer 1
0
POLYLINE
8
Layer 1
62
7
70
0
10
0.000000
20
0.000000
66
1
0
VERTEX
8
Layer 1
10
1345.888626
20
200.654238
70
0
0
VERTEX
8
Layer 1
10
1308.300642
20
107.986926
70
0
0
SEQEND
8
Layer 1
0
POLYLINE
8
Layer 1
62
7
70
0
10
0.000000
20
0.000000
66
1
0
VERTEX
8
Layer 1
10
1308.300589
20
107.986899
70
0
0
VERTEX
8
Layer 1
10
1307.503831
20
105.265461
70
0
0
VERTEX
8
Layer 1
10
1307.272145
20
102.523692
70
0
0
VERTEX
8
Layer 1
10
1307.574524
20
99.834913
70
0
0
VERTEX
8
Layer 1
10
1308.379959
20
97.272443
70
0
0
VERTEX
8
Layer 1
10
1309.657445
20
94.909605
70
0
0
VERTEX
8
Layer 1
10
1311.375973
20
92.819718
70
0
0
VERTEX
8
Layer 1
10
1313.504537
20
91.076102
70
0
0
VERTEX
8
Layer 1
10
1316.012128
20
89.752079
70
0
0
VERTEX
8
Layer 1
10
1318.733520
20
88.955162
70
0
0
VERTEX
8
Layer 1
10
1321.475276
20
88.723317
70
0
0
VERTEX
8
Layer 1
10
1324.164073
20
89.025538
70
0
0
VERTEX
8
Layer 1
10
1326.726589
20
89.830825
70
0
0
VERTEX
8
Layer 1
10
1329.089502
20
91.108173
70
0
0
VERTEX
8
Layer 1
10
1331.179489
20
92.826579
70
0
0
VERTEX
8
Layer 1
10
1332.923228
20
94.955041
70
0
0
VERTEX
8
Layer 1
10
1334.247398
20
97.462555
70
0
0
SEQEND
8
Layer 1
0
POLYLINE
8
Layer 1
62
7
70
0
10
0.000000
20
0.000000
66
1
0
VERTEX
8
Layer 1
10
1391.050299
20
1047.812253
70
0
0
VERTEX
8
Layer 1
10
1385.147300
20
1037.898111
70
0
0
VERTEX
8
Layer 1
10
1379.384841
20
1027.920546
70
0
0
VERTEX
8
Layer 1
10
1373.763102
20
1017.881021
70
0
0
VERTEX
8
Layer 1
10
1368.282264
20
1007.780997
70
0
0
VERTEX
8
Layer 1
10
1362.942508
20
997.621936
70
0
0
VERTEX
8
Layer 1
10
1357.744015
20
987.405299
70
0
0
VERTEX
8
Layer 1
10
1352.686967
20
977.132548
70
0
0
VERTEX
8
Layer 1
10
1347.771544
20
966.805145
70
0
0
VERTEX
8
Layer 1
10
1342.997929
20
956.424551
70
0
0
VERTEX
8
Layer 1
10
1338.366300
20
945.992228
70
0
0
VERTEX
8
Layer 1
10
1333.876841
20
935.509639
70
0
0
VERTEX
8
Layer 1
10
1329.529732
20
924.978244
70
0
0
VERTEX
8
Layer 1
10
1321.263288
20
903.774884
70
0
0
VERTEX
8
Layer 1
10
1313.568418
20
882.393842
70
0
0
VERTEX
8
Layer 1
10
1306.446570
20
860.846812
70
0
0
VERTEX
8
Layer 1
10
1299.899194
20
839.145488
70
0
0
VERTEX
8
Layer 1
10
1293.927739
20
817.301562
70
0
0
VERTEX
8
Layer 1
10
1288.533652
20
795.326728
70
0
0
VERTEX
8
Layer 1
10
1283.718385
20
773.232681
70
0
0
VERTEX
8
Layer 1
10
1279.483384
20
751.031112
70
0
0
VERTEX
8
Layer 1
10
1275.830100
20
728.733716
70
0
0
VERTEX
8
Layer 1
10
1272.759981
20
706.352187
70
0
0
VERTEX
8
Layer 1
10
1270.274476
20
683.898217
70
0
0
VERTEX
8
Layer 1
10
1268.375034
20
661.383501
70
0
0
VERTEX
8
Layer 1
10
1267.063104
20
638.819731
70
0
0
VERTEX
8
Layer 1
10
1266.340136
20
616.218601
70
0
0
VERTEX
8
Layer 1
10
1266.207577
20
593.591805
70
0
0
VERTEX
8
Layer 1
10
1266.666877
20
570.951036
70
0
0
VERTEX
8
Layer 1
10
1267.719486
20
548.307988
70
0
0
VERTEX
8
Layer 1
10
1269.366851
20
525.674353
70
0
0
VERTEX
8
Layer 1
10
1271.610422
20
503.061827
70
0
0
VERTEX
8
Layer 1
10
1274.451647
20
480.482101
70
0
0
VERTEX
8
Layer 1
10
1276.096834
20
469.208193
70
0
0
VERTEX
8
Layer 1
10
1277.891977
20
457.946870
70
0
0
VERTEX
8
Layer 1
10
1279.837258
20
446.699595
70
0
0
VERTEX
8
Layer 1
10
1281.932859
20
435.467827
70
0
0
VERTEX
8
Layer 1
10
1284.178960
20
424.253031
70
0
0
VERTEX
8
Layer 1
10
1286.575743
20
413.056666
70
0
0
VERTEX
8
Layer 1
10
1289.123388
20
401.880195
70
0
0
VERTEX
8
Layer 1
10
1291.822077
20
390.725080
70
0
0
VERTEX
8
Layer 1
10
1294.671991
20
379.592782
70
0
0
VERTEX
8
Layer 1
10
1297.673311
20
368.484762
70
0
0
VERTEX
8
Layer 1
10
1300.826218
20
357.402483
70
0
0
VERTEX
8
Layer 1
10
1304.130894
20
346.347406
70
0
0
SEQEND
8
Layer 1
0
POLYLINE
8
Layer 1
62
7
70
0
10
0.000000
20
0.000000
66
1
0
VERTEX
8
Layer 1
10
1378.464985
20
1055.419835
70
0
0
VERTEX
8
Layer 1
10
1391.049769
20
1047.812941
70
0
0
SEQEND
8
Layer 1
0
POLYLINE
8
Layer 1
62
7
70
0
10
0.000000
20
0.000000
66
1
0
VERTEX
8
Layer 1
10
1249.926727
20
30.377059
70
0
0
VERTEX
8
Layer 1
10
1249.586741
20
31.089727
70
0
0
VERTEX
8
Layer 1
10
1249.082159
20
31.680228
70
0
0
VERTEX
8
Layer 1
10
1248.442969
20
32.121510
70
0
0
VERTEX
8
Layer 1
10
1247.699158
20
32.386522
70
0
0
VERTEX
8
Layer 1
10
1246.911976
20
32.448420
70
0
0
VERTEX
8
Layer 1
10
1246.148296
20
32.306689
70
0
0
VERTEX
8
Layer 1
10
1245.446540
20
31.973775
70
0
0
VERTEX
8
Layer 1
10
1244.845127
20
31.462122
70
0
0
VERTEX
8
Layer 1
10
1244.397931
20
30.811351
70
0
0
VERTEX
8
Layer 1
10
1244.138834
20
30.079120
70
0
0
VERTEX
8
Layer 1
10
1244.076268
20
29.304924
70
0
0
VERTEX
8
Layer 1
10
1244.218666
20
28.528259
70
0
0
VERTEX
8
Layer 1
10
1244.558652
20
27.815591
70
0
0
VERTEX
8
Layer 1
10
1245.063234
20
27.225090
70
0
0
VERTEX
8
Layer 1
10
1245.702424
20
26.783808
70
0
0
VERTEX
8
Layer 1
10
1246.446235
20
26.518796
70
0
0
VERTEX
8
Layer 1
10
1247.233417
20
26.456898
70
0
0
VERTEX
8
Layer 1
10
1247.997097
20
26.598629
70
0
0
VERTEX
8
Layer 1
10
1248.698853
20
26.931543
70
0
0
VERTEX
8
Layer 1
10
1249.300266
20
27.443196
70
0
0
VERTEX
8
Layer 1
10
1249.747462
20
28.093967
70
0
0
VERTEX
8
Layer 1
10
1250.006559
20
28.826198
70
0
0
VERTEX
8
Layer 1
10
1250.069126
20
29.600394
70
0
0
VERTEX
8
Layer 1
10
1249.926727
20
30.377059
70
0
0
VERTEX
8
Layer 1
10
1249.926727
20
30.377059
70
0
0
SEQEND
8
Layer 1
0
POLYLINE
8
Layer 1
62
7
70
0
10
0.000000
20
0.000000
66
1
0
VERTEX
8
Layer 1
10
1163.823772
20
188.993642
70
0
0
VERTEX
8
Layer 1
10
1163.239670
20
190.031915
70
0
0
VERTEX
8
Layer 1
10
1162.334197
20
190.740995
70
0
0
VERTEX
8
Layer 1
10
1161.228903
20
191.058806
70
0
0
VERTEX
8
Layer 1
10
1160.045342
20
190.923272
70
0
0
VERTEX
8
Layer 1
10
1159.007068
20
190.339170
70
0
0
VERTEX
8
Layer 1
10
1158.297988
20
189.433696
70
0
0
VERTEX
8
Layer 1
10
1157.980177
20
188.328403
70
0
0
VERTEX
8
Layer 1
10
1158.115712
20
187.144841
70
0
0
VERTEX
8
Layer 1
10
1158.455697
20
186.432173
70
0
0
VERTEX
8
Layer 1
10
1158.960279
20
185.841672
70
0
0
VERTEX
8
Layer 1
10
1159.599469
20
185.400390
70
0
0
VERTEX
8
Layer 1
10
1160.343281
20
185.135379
70
0
0
VERTEX
8
Layer 1
10
1161.130463
20
185.073481
70
0
0
VERTEX
8
Layer 1
10
1161.894142
20
185.215211
70
0
0
VERTEX
8
Layer 1
10
1162.595898
20
185.548125
70
0
0
VERTEX
8
Layer 1
10
1163.197311
20
186.059779
70
0
0
VERTEX
8
Layer 1
10
1163.644507
20
186.710549
70
0
0
VERTEX
8
Layer 1
10
1163.903605
20
187.442780
70
0
0
VERTEX
8
Layer 1
10
1163.966171
20
188.216976
70
0
0
VERTEX
8
Layer 1
10
1163.823772
20
188.993642
70
0
0
VERTEX
8
Layer 1
10
1163.823772
20
188.993642
70
0
0
SEQEND
8
Layer 1
0
POLYLINE
8
Layer 1
62
7
70
0
10
0.000000
20
0.000000
66
1
0
VERTEX
8
Layer 1
10
1158.347910
20
269.160251
70
0
0
VERTEX
8
Layer 1
10
1157.762442
20
270.195433
70
0
0
VERTEX
8
Layer 1
10
1156.857270
20
270.901927
70
0
0
VERTEX
8
Layer 1
10
1155.753417
20
271.218127
70
0
0
VERTEX
8
Layer 1
10
1154.571910
20
271.082424
70
0
0
VERTEX
8
Layer 1
10
1153.535202
20
270.499663
70
0
0
VERTEX
8
Layer 1
10
1152.826344
20
269.596341
70
0
0
VERTEX
8
Layer 1
10
1152.507260
20
268.493319
70
0
0
VERTEX
8
Layer 1
10
1152.639875
20
267.311461
70
0
0
VERTEX
8
Layer 1
10
1153.225343
20
266.276279
70
0
0
VERTEX
8
Layer 1
10
1154.130515
20
265.569784
70
0
0
VERTEX
8
Layer 1
10
1155.234368
20
265.253585
70
0
0
VERTEX
8
Layer 1
10
1156.415874
20
265.389288
70
0
0
VERTEX
8
Layer 1
10
1157.452583
20
265.972048
70
0
0
VERTEX
8
Layer 1
10
1158.161441
20
266.875371
70
0
0
VERTEX
8
Layer 1
10
1158.480524
20
267.978393
70
0
0
VERTEX
8
Layer 1
10
1158.347910
20
269.160251
70
0
0
VERTEX
8
Layer 1
10
1158.347910
20
269.160251
70
0
0
SEQEND
8
Layer 1
0
POLYLINE
8
Layer 1
62
7
70
0
10
0.000000
20
0.000000
66
1
0
VERTEX
8
Layer 1
10
1146.131821
20
791.216485
70
0
0
VERTEX
8
Layer 1
10
1145.546504
20
792.252010
70
0
0
VERTEX
8
Layer 1
10
1144.641297
20
792.958792
70
0
0
VERTEX
8
Layer 1
10
1143.537284
20
793.275169
70
0
0
VERTEX
8
Layer 1
10
1142.355548
20
793.139483
70
0
0
VERTEX
8
Layer 1
10
1141.318666
20
792.556572
70
0
0
VERTEX
8
Layer 1
10
1140.609785
20
791.653008
70
0
0
VERTEX
8
Layer 1
10
1140.290845
20
790.549732
70
0
0
VERTEX
8
Layer 1
10
1140.423787
20
789.367685
70
0
0
VERTEX
8
Layer 1
10
1141.009104
20
788.332159
70
0
0
VERTEX
8
Layer 1
10
1141.914312
20
787.625377
70
0
0
VERTEX
8
Layer 1
10
1143.018325
20
787.309000
70
0
0
VERTEX
8
Layer 1
10
1144.200061
20
787.444686
70
0
0
VERTEX
8
Layer 1
10
1145.236942
20
788.027598
70
0
0
VERTEX
8
Layer 1
10
1145.945824
20
788.931162
70
0
0
VERTEX
8
Layer 1
10
1146.264764
20
790.034437
70
0
0
VERTEX
8
Layer 1
10
1146.131821
20
791.216485
70
0
0
VERTEX
8
Layer 1
10
1146.131821
20
791.216485
70
0
0
SEQEND
8
Layer 1
0
POLYLINE
8
Layer 1
62
7
70
0
10
0.000000
20
0.000000
66
1
0
VERTEX
8
Layer 1
10
1220.357090
20
1017.053606
70
0
0
VERTEX
8
Layer 1
10
1219.772129
20
1018.089933
70
0
0
VERTEX
8
Layer 1
10
1218.866846
20
1018.797387
70
0
0
VERTEX
8
Layer 1
10
1217.762462
20
1019.114186
70
0
0
VERTEX
8
Layer 1
10
1216.580195
20
1018.978549
70
0
0
VERTEX
8
Layer 1
10
1215.542905
20
1018.395297
70
0
0
VERTEX
8
Layer 1
10
1214.833960
20
1017.491182
70
0
0
VERTEX
8
Layer 1
10
1214.515341
20
1016.387322
70
0
0
VERTEX
8
Layer 1
10
1214.649029
20
1015.204833
70
0
0
VERTEX
8
Layer 1
10
1215.233990
20
1014.168506
70
0
0
VERTEX
8
Layer 1
10
1216.139272
20
1013.461052
70
0
0
VERTEX
8
Layer 1
10
1217.243657
20
1013.144253
70
0
0
VERTEX
8
Layer 1
10
1218.425924
20
1013.279889
70
0
0
VERTEX
8
Layer 1
10
1219.463213
20
1013.863141
70
0
0
VERTEX
8
Layer 1
10
1220.172158
20
1014.767256
70
0
0
VERTEX
8
Layer 1
10
1220.490777
20
1015.871117
70
0
0
VERTEX
8
Layer 1
10
1220.357090
20
1017.053606
70
0
0
VERTEX
8
Layer 1
10
1220.357090
20
1017.053606
70
0
0
SEQEND
8
Layer 1
0
POLYLINE
8
Layer 1
62
7
70
0
10
0.000000
20
0.000000
66
1
0
VERTEX
8
Layer 1
10
1230.829364
20
1061.690822
70
0
0
VERTEX
8
Layer 1
10
1243.874523
20
1055.005603
70
0
0
SEQEND
8
Layer 1
0
POLYLINE
8
Layer 1
62
7
70
0
10
0.000000
20
0.000000
66
1
0
VERTEX
8
Layer 1
10
1112.842279
20
109.850675
70
0
0
VERTEX
8
Layer 1
10
1238.833344
20
18.133587
70
0
0
SEQEND
8
Layer 1
0
POLYLINE
8
Layer 1
62
7
70
0
10
0.000000
20
0.000000
66
1
0
VERTEX
8
Layer 1
10
1238.833344
20
18.133587
70
0
0
VERTEX
8
Layer 1
10
1240.405089
20
17.140823
70
0
0
VERTEX
8
Layer 1
10
1242.071970
20
16.373844
70
0
0
VERTEX
8
Layer 1
10
1243.810543
20
15.835141
70
0
0
VERTEX
8
Layer 1
10
1245.597363
20
15.527207
70
0
0
VERTEX
8
Layer 1
10
1247.408984
20
15.452536
70
0
0
VERTEX
8
Layer 1
10
1249.221962
20
15.613619
70
0
0
VERTEX
8
Layer 1
10
1251.012852
20
16.012950
70
0
0
VERTEX
8
Layer 1
10
1252.758208
20
16.653021
70
0
0
VERTEX
8
Layer 1
10
1254.403599
20
17.518268
70
0
0
VERTEX
8
Layer 1
10
1255.900969
20
18.578756
70
0
0
VERTEX
8
Layer 1
10
1257.236442
20
19.815424
70
0
0
VERTEX
8
Layer 1
10
1258.396143
20
21.209210
70
0
0
VERTEX
8
Layer 1
10
1259.366196
20
22.741054
70
0
0
VERTEX
8
Layer 1
10
1260.132724
20
24.391894
70
0
0
VERTEX
8
Layer 1
10
1260.681852
20
26.142668
70
0
0
VERTEX
8
Layer 1
10
1260.999703
20
27.974315
70
0
0
VERTEX
8
Layer 1
10
1261.072556
20
29.831908
70
0
0
VERTEX
8
Layer 1
10
1260.902324
20
31.658866
70
0
0
VERTEX
8
Layer 1
10
1260.498582
20
33.433641
70
0
0
VERTEX
8
Layer 1
10
1259.870905
20
35.134691
70
0
0
VERTEX
8
Layer 1
10
1259.028870
20
36.740469
70
0
0
VERTEX
8
Layer 1
10
1257.982051
20
38.229431
70
0
0
VERTEX
8
Layer 1
10
1256.740025
20
39.580031
70
0
0
VERTEX
8
Layer 1
10
1255.312367
20
40.770726
70
0
0
SEQEND
8
Layer 1
0
POLYLINE
8
Layer 1
62
7
70
0
10
0.000000
20
0.000000
66
1
0
VERTEX
8
Layer 1
10
1174.464983
20
99.625971
70
0
0
VERTEX
8
Layer 1
10
1255.311891
20
40.772393
70
0
0
SEQEND
8
Layer 1
0
POLYLINE
8
Layer 1
62
7
70
0
10
0.000000
20
0.000000
66
1
0
VERTEX
8
Layer 1
10
1163.291220
20
132.174839
70
0
0
VERTEX
8
Layer 1
10
1162.729950
20
129.893497
70
0
0
VERTEX
8
Layer 1
10
1162.351821
20
127.600843
70
0
0
VERTEX
8
Layer 1
10
1162.153578
20
125.306357
70
0
0
VERTEX
8
Layer 1
10
1162.131966
20
123.019519
70
0
0
VERTEX
8
Layer 1
10
1162.283731
20
120.749810
70
0
0
VERTEX
8
Layer 1
10
1162.605618
20
118.506710
70
0
0
VERTEX
8
Layer 1
10
1163.094373
20
116.299699
70
0
0
VERTEX
8
Layer 1
10
1163.746742
20
114.138257
70
0
0
VERTEX
8
Layer 1
10
1164.559470
20
112.031864
70
0
0
VERTEX
8
Layer 1
10
1165.529303
20
109.990001
70
0
0
VERTEX
8
Layer 1
10
1166.652986
20
108.022147
70
0
0
VERTEX
8
Layer 1
10
1167.927264
20
106.137784
70
0
0
VERTEX
8
Layer 1
10
1169.348884
20
104.346390
70
0
0
VERTEX
8
Layer 1
10
1170.914591
20
102.657447
70
0
0
VERTEX
8
Layer 1
10
1172.621130
20
101.080435
70
0
0
VERTEX
8
Layer 1
10
1174.465248
20
99.624833
70
0
0
SEQEND
8
Layer 1
0
POLYLINE
8
Layer 1
62
7
70
0
10
0.000000
20
0.000000
66
1
0
VERTEX
8
Layer 1
10
1165.264929
20
270.363807
70
0
0
VERTEX
8
Layer 1
10
1180.606219
20
192.350115
70
0
0
SEQEND
8
Layer 1
0
POLYLINE
8
Layer 1
62
7
70
0
10
0.000000
20
0.000000
66
1
0
VERTEX
8
Layer 1
10
1243.875343
20
1055.006133
70
0
0
VERTEX
8
Layer 1
10
1232.722070
20
1032.124343
70
0
0
VERTEX
8
Layer 1
10
1222.120056
20
1009.038875
70
0
0
VERTEX
8
Layer 1
10
1212.070285
20
985.759526
70
0
0
VERTEX
8
Layer 1
10
1202.573738
20
962.296097
70
0
0
VERTEX
8
Layer 1
10
1193.631396
20
938.658383
70
0
0
VERTEX
8
Layer 1
10
1185.244242
20
914.856185
70
0
0
VERTEX
8
Layer 1
10
1177.413256
20
890.899299
70
0
0
VERTEX
8
Layer 1
10
1170.139421
20
866.797525
70
0
0
VERTEX
8
Layer 1
10
1163.423718
20
842.560661
70
0
0
VERTEX
8
Layer 1
10
1157.267129
20
818.198504
70
0
0
VERTEX
8
Layer 1
10
1151.670635
20
793.720854
70
0
0
VERTEX
8
Layer 1
10
1146.635218
20
769.137508
70
0
0
VERTEX
8
Layer 1
10
1142.161860
20
744.458265
70
0
0
VERTEX
8
Layer 1
10
1138.251543
20
719.692924
70
0
0
VERTEX
8
Layer 1
10
1134.905247
20
694.851281
70
0
0
VERTEX
8
Layer 1
10
1132.123955
20
669.943136
70
0
0
VERTEX
8
Layer 1
10
1129.908649
20
644.978288
70
0
0
VERTEX
8
Layer 1
10
1128.260310
20
619.966533
70
0
0
VERTEX
8
Layer 1
10
1127.179919
20
594.917671
70
0
0
VERTEX
8
Layer 1
10
1126.668459
20
569.841500
70
0
0
VERTEX
8
Layer 1
10
1126.726910
20
544.747817
70
0
0
VERTEX
8
Layer 1
10
1127.356256
20
519.646422
70
0
0
VERTEX
8
Layer 1
10
1128.557476
20
494.547113
70
0
0
VERTEX
8
Layer 1
10
1130.331554
20
469.459688
70
0
0
VERTEX
8
Layer 1
10
1132.679470
20
444.393944
70
0
0
VERTEX
8
Layer 1
10
1135.602206
20
419.359682
70
0
0
VERTEX
8
Layer 1
10
1139.100745
20
394.366698
70
0
0
VERTEX
8
Layer 1
10
1143.176067
20
369.424791
70
0
0
VERTEX
8
Layer 1
10
1147.829154
20
344.543759
70
0
0
VERTEX
8
Layer 1
10
1153.060988
20
319.733401
70
0
0
VERTEX
8
Layer 1
10
1158.872551
20
295.003515
70
0
0
VERTEX
8
Layer 1
10
1165.264824
20
270.363900
70
0
0
SEQEND
8
Layer 1
0
POLYLINE
8
Layer 1
62
7
70
0
10
0.000000
20
0.000000
66
1
0
VERTEX
8
Layer 1
10
1230.829549
20
1061.691034
70
0
0
VERTEX
8
Layer 1
10
1219.565569
20
1038.491554
70
0
0
VERTEX
8
Layer 1
10
1208.846584
20
1015.090151
70
0
0
VERTEX
8
Layer 1
10
1198.673607
20
991.496292
70
0
0
VERTEX
8
Layer 1
10
1189.047652
20
967.719443
70
0
0
VERTEX
8
Layer 1
10
1179.969730
20
943.769071
70
0
0
VERTEX
8
Layer 1
10
1171.440855
20
919.654641
70
0
0
VERTEX
8
Layer 1
10
1163.462040
20
895.385622
70
0
0
VERTEX
8
Layer 1
10
1156.034296
20
870.971478
70
0
0
VERTEX
8
Layer 1
10
1149.158636
20
846.421677
70
0
0
VERTEX
8
Layer 1
10
1142.836074
20
821.745686
70
0
0
VERTEX
8
Layer 1
10
1137.067622
20
796.952970
70
0
0
VERTEX
8
Layer 1
10
1131.854292
20
772.052996
70
0
0
VERTEX
8
Layer 1
10
1127.197097
20
747.055231
70
0
0
VERTEX
8
Layer 1
10
1123.097050
20
721.969141
70
0
0
VERTEX
8
Layer 1
10
1119.555164
20
696.804193
70
0
0
VERTEX
8
Layer 1
10
1116.572451
20
671.569853
70
0
0
VERTEX
8
Layer 1
10
1114.149924
20
646.275588
70
0
0
VERTEX
8
Layer 1
10
1112.288595
20
620.930865
70
0
0
VERTEX
8
Layer 1
10
1110.989478
20
595.545149
70
0
0
VERTEX
8
Layer 1
10
1110.253584
20
570.127907
70
0
0
VERTEX
8
Layer 1
10
1110.081927
20
544.688606
70
0
0
VERTEX
8
Layer 1
10
1110.475519
20
519.236712
70
0
0
VERTEX
8
Layer 1
10
1111.435373
20
493.781692
70
0
0
VERTEX
8
Layer 1
10
1112.962502
20
468.333013
70
0
0
VERTEX
8
Layer 1
10
1115.057918
20
442.900140
70
0
0
VERTEX
8
Layer 1
10
1117.722633
20
417.492541
70
0
0
VERTEX
8
Layer 1
10
1120.957662
20
392.119681
70
0
0
VERTEX
8
Layer 1
10
1124.764015
20
366.791028
70
0
0
VERTEX
8
Layer 1
10
1129.142707
20
341.516048
70
0
0
VERTEX
8
Layer 1
10
1134.094749
20
316.304207
70
0
0
VERTEX
8
Layer 1
10
1139.621154
20
291.164972
70
0
0
VERTEX
8
Layer 1
10
1145.722935
20
266.107809
70
0
0
SEQEND
8
Layer 1
0
POLYLINE
8
Layer 1
62
7
70
0
10
0.000000
20
0.000000
66
1
0
VERTEX
8
Layer 1
10
1112.842174
20
109.850940
70
0
0
VERTEX
8
Layer 1
10
1118.740540
20
118.424741
70
0
0
VERTEX
8
Layer 1
10
1124.147073
20
127.255443
70
0
0
VERTEX
8
Layer 1
10
1129.057354
20
136.322060
70
0
0
VERTEX
8
Layer 1
10
1133.466969
20
145.603606
70
0
0
VERTEX
8
Layer 1
10
1137.371501
20
155.079095
70
0
0
VERTEX
8
Layer 1
10
1140.766535
20
164.727542
70
0
0
VERTEX
8
Layer 1
10
1143.647654
20
174.527960
70
0
0
VERTEX
8
Layer 1
10
1146.010443
20
184.459365
70
0
0
VERTEX
8
Layer 1
10
1147.850485
20
194.500770
70
0
0
VERTEX
8
Layer 1
10
1149.163365
20
204.631189
70
0
0
VERTEX
8
Layer 1
10
1149.944666
20
214.829637
70
0
0
VERTEX
8
Layer 1
10
1150.189972
20
225.075129
70
0
0
VERTEX
8
Layer 1
10
1149.894869
20
235.346677
70
0
0
VERTEX
8
Layer 1
10
1149.054938
20
245.623297
70
0
0
VERTEX
8
Layer 1
10
1147.665766
20
255.884003
70
0
0
VERTEX
8
Layer 1
10
1145.722935
20
266.107809
70
0
0
SEQEND
8
Layer 1
0
POLYLINE
8
Layer 1
62
7
70
0
10
0.000000
20
0.000000
66
1
0
VERTEX
8
Layer 1
10
1180.606219
20
192.350115
70
0
0
VERTEX
8
Layer 1
10
1163.291061
20
132.175686
70
0
0
SEQEND
8
Layer 1
0
POLYLINE
8
Layer 1
62
7
70
0
10
0.000000
20
0.000000
66
1
0
VERTEX
8
Layer 1
10
1267.564676
20
346.199211
70
0
0
VERTEX
8
Layer 1
10
1266.412188
20
346.492911
70
0
0
VERTEX
8
Layer 1
10
1265.275753
20
346.328329
70
0
0
VERTEX
8
Layer 1
10
1264.283608
20
345.750210
70
0
0
VERTEX
8
Layer 1
10
1263.563993
20
344.803298
70
0
0
VERTEX
8
Layer 1
10
1263.267354
20
343.651562
70
0
0
VERTEX
8
Layer 1
10
1263.429037
20
342.514711
70
0
0
VERTEX
8
Layer 1
10
1264.004623
20
341.521095
70
0
0
VERTEX
8
Layer 1
10
1264.949697
20
340.799067
70
0
0
VERTEX
8
Layer 1
10
1266.102185
20
340.505366
70
0
0
VERTEX
8
Layer 1
10
1267.238620
20
340.669948
70
0
0
VERTEX
8
Layer 1
10
1268.230765
20
341.248068
70
0
0
VERTEX
8
Layer 1
10
1268.950380
20
342.194980
70
0
0
VERTEX
8
Layer 1
10
1269.247019
20
343.346715
70
0
0
VERTEX
8
Layer 1
10
1269.085336
20
344.483566
70
0
0
VERTEX
8
Layer 1
10
1268.509750
20
345.477182
70
0
0
VERTEX
8
Layer 1
10
1267.564676
20
346.199211
70
0
0
VERTEX
8
Layer 1
10
1267.564676
20
346.199211
70
0
0
SEQEND
8
Layer 1
0
POLYLINE
8
Layer 1
62
7
70
0
10
0.000000
20
0.000000
66
1
0
VERTEX
8
Layer 1
10
1244.645941
20
443.422330
70
0
0
VERTEX
8
Layer 1
10
1243.493001
20
443.717132
70
0
0
VERTEX
8
Layer 1
10
1242.355836
20
443.553107
70
0
0
VERTEX
8
Layer 1
10
1241.362930
20
442.975018
70
0
0
VERTEX
8
Layer 1
10
1240.642768
20
442.027629
70
0
0
VERTEX
8
Layer 1
10
1240.346085
20
440.875171
70
0
0
VERTEX
8
Layer 1
10
1240.508254
20
439.737740
70
0
0
VERTEX
8
Layer 1
10
1241.084722
20
438.743892
70
0
0
VERTEX
8
Layer 1
10
1242.030935
20
438.022185
70
0
0
VERTEX
8
Layer 1
10
1243.183875
20
437.727383
70
0
0
VERTEX
8
Layer 1
10
1244.321041
20
437.891408
70
0
0
VERTEX
8
Layer 1
10
1245.313947
20
438.469497
70
0
0
VERTEX
8
Layer 1
10
1246.034108
20
439.416886
70
0
0
VERTEX
8
Layer 1
10
1246.330792
20
440.569344
70
0
0
VERTEX
8
Layer 1
10
1246.168622
20
441.706775
70
0
0
VERTEX
8
Layer 1
10
1245.592154
20
442.700623
70
0
0
VERTEX
8
Layer 1
10
1244.645941
20
443.422330
70
0
0
VERTEX
8
Layer 1
10
1244.645941
20
443.422330
70
0
0
SEQEND
8
Layer 1
0
POLYLINE
8
Layer 1
62
7
70
0
10
0.000000
20
0.000000
66
1
0
VERTEX
8
Layer 1
10
1253.032429
20
768.337649
70
0
0
VERTEX
8
Layer 1
10
1251.879334
20
768.632818
70
0
0
VERTEX
8
Layer 1
10
1250.741923
20
768.468974
70
0
0
VERTEX
8
Layer 1
10
1249.748762
20
767.890889
70
0
0
VERTEX
8
Layer 1
10
1249.028422
20
766.943333
70
0
0
VERTEX
8
Layer 1
10
1248.731730
20
765.790629
70
0
0
VERTEX
8
Layer 1
10
1248.894072
20
764.653002
70
0
0
VERTEX
8
Layer 1
10
1249.470846
20
763.659080
70
0
0
VERTEX
8
Layer 1
10
1250.417449
20
762.937489
70
0
0
VERTEX
8
Layer 1
10
1251.570544
20
762.642320
70
0
0
VERTEX
8
Layer 1
10
1252.707955
20
762.806164
70
0
0
VERTEX
8
Layer 1
10
1253.701115
20
763.384249
70
0
0
VERTEX
8
Layer 1
10
1254.421456
20
764.331804
70
0
0
VERTEX
8
Layer 1
10
1254.718147
20
765.484508
70
0
0
VERTEX
8
Layer 1
10
1254.555805
20
766.622135
70
0
0
VERTEX
8
Layer 1
10
1253.979032
20
767.616058
70
0
0
VERTEX
8
Layer 1
10
1253.032429
20
768.337649
70
0
0
VERTEX
8
Layer 1
10
1253.032429
20
768.337649
70
0
0
SEQEND
8
Layer 1
0
POLYLINE
8
Layer 1
62
7
70
0
10
0.000000
20
0.000000
66
1
0
VERTEX
8
Layer 1
10
1359.676337
20
1145.998237
70
0
0
VERTEX
8
Layer 1
10
1358.522656
20
1146.294837
70
0
0
VERTEX
8
Layer 1
10
1357.384296
20
1146.131715
70
0
0
VERTEX
8
Layer 1
10
1356.390147
20
1145.553667
70
0
0
VERTEX
8
Layer 1
10
1355.669097
20
1144.605490
70
0
0
VERTEX
8
Layer 1
10
1355.372349
20
1143.451847
70
0
0
VERTEX
8
Layer 1
10
1355.535326
20
1142.313466
70
0
0
VERTEX
8
Layer 1
10
1356.113246
20
1141.319242
70
0
0
VERTEX
8
Layer 1
10
1357.061331
20
1140.598072
70
0
0
VERTEX
8
Layer 1
10
1358.215013
20
1140.301471
70
0
0
VERTEX
8
Layer 1
10
1359.353373
20
1140.464594
70
0
0
VERTEX
8
Layer 1
10
1360.347522
20
1141.042641
70
0
0
VERTEX
8
Layer 1
10
1361.068572
20
1141.990819
70
0
0
VERTEX
8
Layer 1
10
1361.365319
20
1143.144462
70
0
0
VERTEX
8
Layer 1
10
1361.202343
20
1144.282843
70
0
0
VERTEX
8
Layer 1
10
1360.624422
20
1145.277066
70
0
0
VERTEX
8
Layer 1
10
1359.676337
20
1145.998237
70
0
0
VERTEX
8
Layer 1
10
1359.676337
20
1145.998237
70
0
0
SEQEND
8
Layer 1
0
POLYLINE
8
Layer 1
62
7
70
0
10
0.000000
20
0.000000
66
1
0
VERTEX
8
Layer 1
10
1376.583562
20
1073.875134
70
0
0
VERTEX
8
Layer 1
10
1377.949307
20
1076.658232
70
0
0
VERTEX
8
Layer 1
10
1379.170381
20
1079.493101
70
0
0
VERTEX
8
Layer 1
10
1380.246294
20
1082.374219
70
0
0
VERTEX
8
Layer 1
10
1381.176559
20
1085.296061
70
0
0
VERTEX
8
Layer 1
10
1382.598184
20
1091.239827
70
0
0
VERTEX
8
Layer 1
10
1383.431346
20
1097.280213
70
0
0
VERTEX
8
Layer 1
10
1383.672134
20
1103.373031
70
0
0
VERTEX
8
Layer 1
10
1383.316635
20
1109.474096
70
0
0
VERTEX
8
Layer 1
10
1382.914057
20
1112.513913
70
0
0
VERTEX
8
Layer 1
10
1382.360940
20
1115.539221
70
0
0
VERTEX
8
Layer 1
10
1381.656796
20
1118.544498
70
0
0
VERTEX
8
Layer 1
10
1380.801137
20
1121.524219
70
0
0
VERTEX
8
Layer 1
10
1379.798917
20
1124.457894
70
0
0
VERTEX
8
Layer 1
10
1378.657791
20
1127.325879
70
0
0
VERTEX
8
Layer 1
10
1377.381318
20
1130.123923
70
0
0
VERTEX
8
Layer 1
10
1375.973059
20
1132.847773
70
0
0
VERTEX
8
Layer 1
10
1372.775423
20
1138.055891
70
0
0
VERTEX
8
Layer 1
10
1369.093359
20
1142.916222
70
0
0
VERTEX
8
Layer 1
10
1364.955347
20
1147.394757
70
0
0
VERTEX
8
Layer 1
10
1360.389867
20
1151.457486
70
0
0
VERTEX
8
Layer 1
10
1357.955726
20
1153.322294
70
0
0
VERTEX
8
Layer 1
10
1355.425397
20
1155.070397
70
0
0
VERTEX
8
Layer 1
10
1352.802440
20
1156.697544
70
0
0
VERTEX
8
Layer 1
10
1350.090416
20
1158.199482
70
0
0
SEQEND
8
Layer 1
0
POLYLINE
8
Layer 1
62
7
70
0
10
0.000000
20
0.000000
66
1
0
VERTEX
8
Layer 1
10
1343.148155
20
1144.893788
70
0
0
VERTEX
8
Layer 1
10
1350.091263
20
1158.199853
70
0
0
SEQEND
8
Layer 1
0
POLYLINE
8
Layer 1
62
7
70
0
10
0.000000
20
0.000000
66
1
0
VERTEX
8
Layer 1
10
1363.279455
20
1080.818003
70
0
0
VERTEX
8
Layer 1
10
1365.308658
20
1085.236401
70
0
0
VERTEX
8
Layer 1
10
1366.852310
20
1089.749965
70
0
0
VERTEX
8
Layer 1
10
1367.920532
20
1094.326486
70
0
0
VERTEX
8
Layer 1
10
1368.523442
20
1098.933756
70
0
0
VERTEX
8
Layer 1
10
1368.671160
20
1103.539565
70
0
0
VERTEX
8
Layer 1
10
1368.373806
20
1108.111706
70
0
0
VERTEX
8
Layer 1
10
1367.641499
20
1112.617968
70
0
0
VERTEX
8
Layer 1
10
1366.484358
20
1117.026144
70
0
0
VERTEX
8
Layer 1
10
1364.912503
20
1121.304025
70
0
0
VERTEX
8
Layer 1
10
1362.936053
20
1125.419401
70
0
0
VERTEX
8
Layer 1
10
1360.565127
20
1129.340064
70
0
0
VERTEX
8
Layer 1
10
1357.809846
20
1133.033805
70
0
0
VERTEX
8
Layer 1
10
1354.680327
20
1136.468416
70
0
0
VERTEX
8
Layer 1
10
1351.186692
20
1139.611687
70
0
0
VERTEX
8
Layer 1
10
1347.339058
20
1142.431410
70
0
0
VERTEX
8
Layer 1
10
1343.147546
20
1144.895376
70
0
0
SEQEND
8
Layer 1
0
POLYLINE
8
Layer 1
62
7
70
0
10
0.000000
20
0.000000
66
1
0
VERTEX
8
Layer 1
10
1363.279455
20
1080.818003
70
0
0
VERTEX
8
Layer 1
10
1352.803829
20
1062.606201
70
0
0
VERTEX
8
Layer 1
10
1342.733924
20
1044.208080
70
0
0
VERTEX
8
Layer 1
10
1333.071087
20
1025.630428
70
0
0
VERTEX
8
Layer 1
10
1323.816664
20
1006.880032
70
0
0
VERTEX
8
Layer 1
10
1314.972003
20
987.963678
70
0
0
VERTEX
8
Layer 1
10
1306.538449
20
968.888152
70
0
0
VERTEX
8
Layer 1
10
1298.517351
20
949.660242
70
0
0
VERTEX
8
Layer 1
10
1290.910053
20
930.286734
70
0
0
VERTEX
8
Layer 1
10
1283.717904
20
910.774415
70
0
0
VERTEX
8
Layer 1
10
1276.942250
20
891.130071
70
0
0
VERTEX
8
Layer 1
10
1270.584437
20
871.360489
70
0
0
VERTEX
8
Layer 1
10
1264.645813
20
851.472455
70
0
0
VERTEX
8
Layer 1
10
1259.127723
20
831.472757
70
0
0
VERTEX
8
Layer 1
10
1254.031516
20
811.368181
70
0
0
VERTEX
8
Layer 1
10
1249.358536
20
791.165512
70
0
0
VERTEX
8
Layer 1
10
1245.110132
20
770.871539
70
0
0
VERTEX
8
Layer 1
10
1241.287650
20
750.493048
70
0
0
VERTEX
8
Layer 1
10
1237.892436
20
730.036825
70
0
0
VERTEX
8
Layer 1
10
1234.925837
20
709.509657
70
0
0
VERTEX
8
Layer 1
10
1232.389201
20
688.918331
70
0
0
VERTEX
8
Layer 1
10
1230.283873
20
668.269633
70
0
0
VERTEX
8
Layer 1
10
1228.611200
20
647.570350
70
0
0
VERTEX
8
Layer 1
10
1227.372530
20
626.827268
70
0
0
VERTEX
8
Layer 1
10
1226.569209
20
606.047174
70
0
0
VERTEX
8
Layer 1
10
1226.202583
20
585.236855
70
0
0
VERTEX
8
Layer 1
10
1226.273999
20
564.403098
70
0
0
VERTEX
8
Layer 1
10
1226.784804
20
543.552689
70
0
0
VERTEX
8
Layer 1
10
1227.736345
20
522.692414
70
0
0
VERTEX
8
Layer 1
10
1229.129968
20
501.829061
70
0
0
VERTEX
8
Layer 1
10
1230.967021
20
480.969415
70
0
0
VERTEX
8
Layer 1
10
1233.248849
20
460.120265
70
0
0
VERTEX
8
Layer 1
10
1235.976800
20
439.288395
70
0
0
SEQEND
8
Layer 1
0
POLYLINE
8
Layer 1
62
7
70
0
10
0.000000
20
0.000000
66
1
0
VERTEX
8
Layer 1
10
1235.976800
20
439.288395
70
0
0
VERTEX
8
Layer 1
10
1239.280228
20
421.914796
70
0
0
VERTEX
8
Layer 1
10
1242.923165
20
404.614429
70
0
0
VERTEX
8
Layer 1
10
1246.904312
20
387.392240
70
0
0
VERTEX
8
Layer 1
10
1251.222373
20
370.253173
70
0
0
VERTEX
8
Layer 1
10
1255.876050
20
353.202175
70
0
0
VERTEX
8
Layer 1
10
1260.864045
20
336.244190
70
0
0
VERTEX
8
Layer 1
10
1266.185060
20
319.384164
70
0
0
VERTEX
8
Layer 1
10
1271.837798
20
302.627042
70
0
0
SEQEND
8
Layer 1
0
POLYLINE
8
Layer 1
62
7
70
0
10
0.000000
20
0.000000
66
1
0
VERTEX
8
Layer 1
10
1271.837665
20
302.627148
70
0
0
VERTEX
8
Layer 1
10
1285.736607
20
307.435071
70
0
0
SEQEND
8
Layer 1
0
POLYLINE
8
Layer 1
62
7
70
0
10
0.000000
20
0.000000
66
1
0
VERTEX
8
Layer 1
10
1254.590267
20
422.537759
70
0
0
VERTEX
8
Layer 1
10
1257.612501
20
407.926266
70
0
0
VERTEX
8
Layer 1
10
1260.885289
20
393.372251
70
0
0
VERTEX
8
Layer 1
10
1264.407764
20
378.878917
70
0
0
VERTEX
8
Layer 1
10
1268.179059
20
364.449470
70
0
0
VERTEX
8
Layer 1
10
1272.198308
20
350.087115
70
0
0
VERTEX
8
Layer 1
10
1276.464642
20
335.795056
70
0
0
VERTEX
8
Layer 1
10
1280.977195
20
321.576499
70
0
0
VERTEX
8
Layer 1
10
1285.735099
20
307.434648
70
0
0
SEQEND
8
Layer 1
0
POLYLINE
8
Layer 1
62
7
70
0
10
0.000000
20
0.000000
66
1
0
VERTEX
8
Layer 1
10
1248.307267
20
462.012066
70
0
0
VERTEX
8
Layer 1
10
1249.600185
20
452.100602
70
0
0
VERTEX
8
Layer 1
10
1251.078600
20
442.215994
70
0
0
VERTEX
8
Layer 1
10
1252.742099
20
432.360845
70
0
0
VERTEX
8
Layer 1
10
1254.590267
20
422.537759
70
0
0
SEQEND
8
Layer 1
0
POLYLINE
8
Layer 1
62
7
70
0
10
0.000000
20
0.000000
66
1
0
VERTEX
8
Layer 1
10
1376.583350
20
1073.874711
70
0
0
VERTEX
8
Layer 1
10
1366.562302
20
1056.507867
70
0
0
VERTEX
8
Layer 1
10
1356.916368
20
1038.966890
70
0
0
VERTEX
8
Layer 1
10
1347.646826
20
1021.257879
70
0
0
VERTEX
8
Layer 1
10
1338.754955
20
1003.386931
70
0
0
VERTEX
8
Layer 1
10
1330.242033
20
985.360144
70
0
0
VERTEX
8
Layer 1
10
1322.109338
20
967.183616
70
0
0
VERTEX
8
Layer 1
10
1314.358149
20
948.863446
70
0
0
VERTEX
8
Layer 1
10
1306.989744
20
930.405732
70
0
0
VERTEX
8
Layer 1
10
1300.005402
20
911.816570
70
0
0
VERTEX
8
Layer 1
10
1293.406401
20
893.102060
70
0
0
VERTEX
8
Layer 1
10
1287.194019
20
874.268300
70
0
0
VERTEX
8
Layer 1
10
1281.369536
20
855.321387
70
0
0
VERTEX
8
Layer 1
10
1275.934230
20
836.267420
70
0
0
VERTEX
8
Layer 1
10
1270.889378
20
817.112496
70
0
0
VERTEX
8
Layer 1
10
1266.236259
20
797.862714
70
0
0
VERTEX
8
Layer 1
10
1261.976153
20
778.524171
70
0
0
VERTEX
8
Layer 1
10
1258.110337
20
759.102966
70
0
0
VERTEX
8
Layer 1
10
1254.640089
20
739.605197
70
0
0
VERTEX
8
Layer 1
10
1251.566689
20
720.036961
70
0
0
VERTEX
8
Layer 1
10
1248.891414
20
700.404357
70
0
0
VERTEX
8
Layer 1
10
1246.615543
20
680.713483
70
0
0
VERTEX
8
Layer 1
10
1244.740355
20
660.970436
70
0
0
VERTEX
8
Layer 1
10
1243.267128
20
641.181316
70
0
0
VERTEX
8
Layer 1
10
1242.197140
20
621.352219
70
0
0
VERTEX
8
Layer 1
10
1241.531670
20
601.489244
70
0
0
VERTEX
8
Layer 1
10
1241.271996
20
581.598489
70
0
0
VERTEX
8
Layer 1
10
1241.419397
20
561.686052
70
0
0
VERTEX
8
Layer 1
10
1241.975151
20
541.758031
70
0
0
VERTEX
8
Layer 1
10
1242.940537
20
521.820524
70
0
0
VERTEX
8
Layer 1
10
1244.316832
20
501.879628
70
0
0
VERTEX
8
Layer 1
10
1246.105316
20
481.941443
70
0
0
VERTEX
8
Layer 1
10
1248.307267
20
462.012066
70
0
0
SEQEND
8
Layer 1
0
POLYLINE
8
Layer 1
62
7
70
0
10
0.000000
20
0.000000
66
1
0
VERTEX
8
Layer 1
10
1330.389963
20
1095.465874
70
0
0
VERTEX
8
Layer 1
10
1329.222786
20
1095.699779
70
0
0
VERTEX
8
Layer 1
10
1328.095520
20
1095.476060
70
0
0
VERTEX
8
Layer 1
10
1327.134221
20
1094.846233
70
0
0
VERTEX
8
Layer 1
10
1326.464945
20
1093.861813
70
0
0
VERTEX
8
Layer 1
10
1326.229658
20
1092.694914
70
0
0
VERTEX
8
Layer 1
10
1326.452042
20
1091.567384
70
0
0
VERTEX
8
Layer 1
10
1327.080731
20
1090.605340
70
0
0
VERTEX
8
Layer 1
10
1328.064357
20
1089.934899
70
0
0
VERTEX
8
Layer 1
10
1329.231534
20
1089.700993
70
0
0
VERTEX
8
Layer 1
10
1330.358800
20
1089.924712
70
0
0
VERTEX
8
Layer 1
10
1331.320099
20
1090.554540
70
0
0
VERTEX
8
Layer 1
10
1331.989375
20
1091.538960
70
0
0
VERTEX
8
Layer 1
10
1332.224662
20
1092.705859
70
0
0
VERTEX
8
Layer 1
10
1332.002278
20
1093.833389
70
0
0
VERTEX
8
Layer 1
10
1331.373589
20
1094.795433
70
0
0
VERTEX
8
Layer 1
10
1330.389963
20
1095.465874
70
0
0
VERTEX
8
Layer 1
10
1330.389963
20
1095.465874
70
0
0
SEQEND
8
Layer 1
0
POLYLINE
8
Layer 1
62
7
70
0
10
0.000000
20
0.000000
66
1
0
VERTEX
8
Layer 1
10
1161.019563
20
717.372404
70
0
0
VERTEX
8
Layer 1
10
1159.853737
20
717.603473
70
0
0
VERTEX
8
Layer 1
10
1158.728476
20
717.378396
70
0
0
VERTEX
8
Layer 1
10
1157.769188
20
716.748603
70
0
0
VERTEX
8
Layer 1
10
1157.101282
20
715.765523
70
0
0
VERTEX
8
Layer 1
10
1156.866007
20
714.600539
70
0
0
VERTEX
8
Layer 1
10
1157.087021
20
713.474472
70
0
0
VERTEX
8
Layer 1
10
1157.713348
20
712.512918
70
0
0
VERTEX
8
Layer 1
10
1158.694011
20
711.841468
70
0
0
VERTEX
8
Layer 1
10
1159.859837
20
711.610399
70
0
0
VERTEX
8
Layer 1
10
1160.985098
20
711.835476
70
0
0
VERTEX
8
Layer 1
10
1161.944386
20
712.465270
70
0
0
VERTEX
8
Layer 1
10
1162.612292
20
713.448349
70
0
0
VERTEX
8
Layer 1
10
1162.847567
20
714.613334
70
0
0
VERTEX
8
Layer 1
10
1162.626552
20
715.739400
70
0
0
VERTEX
8
Layer 1
10
1162.000225
20
716.700954
70
0
0
VERTEX
8
Layer 1
10
1161.019563
20
717.372404
70
0
0
VERTEX
8
Layer 1
10
1161.019563
20
717.372404
70
0
0
SEQEND
8
Layer 1
0
POLYLINE
8
Layer 1
62
7
70
0
10
0.000000
20
0.000000
66
1
0
VERTEX
8
Layer 1
10
1339.840867
20
1081.673665
70
0
0
VERTEX
8
Layer 1
10
1335.321295
20
1083.466249
70
0
0
VERTEX
8
Layer 1
10
1330.732379
20
1084.768927
70
0
0
VERTEX
8
Layer 1
10
1326.105750
20
1085.593510
70
0
0
VERTEX
8
Layer 1
10
1321.473034
20
1085.951807
70
0
0
VERTEX
8
Layer 1
10
1316.865861
20
1085.855626
70
0
0
VERTEX
8
Layer 1
10
1312.315858
20
1085.316778
70
0
0
VERTEX
8
Layer 1
10
1307.854654
20
1084.347072
70
0
0
VERTEX
8
Layer 1
10
1303.513877
20
1082.958317
70
0
0
VERTEX
8
Layer 1
10
1299.325156
20
1081.162323
70
0
0
VERTEX
8
Layer 1
10
1295.320118
20
1078.970899
70
0
0
VERTEX
8
Layer 1
10
1291.530391
20
1076.395854
70
0
0
VERTEX
8
Layer 1
10
1287.987605
20
1073.448997
70
0
0
VERTEX
8
Layer 1
10
1284.723387
20
1070.142139
70
0
0
VERTEX
8
Layer 1
10
1281.769366
20
1066.487088
70
0
0
VERTEX
8
Layer 1
10
1279.157170
20
1062.495655
70
0
0
VERTEX
8
Layer 1
10
1276.918426
20
1058.179647
70
0
0
SEQEND
8
Layer 1
0
POLYLINE
8
Layer 1
62
7
70
0
10
0.000000
20
0.000000
66
1
0
VERTEX
8
Layer 1
10
1346.070130
20
1095.326492
70
0
0
VERTEX
8
Layer 1
10
1343.218670
20
1096.543072
70
0
0
VERTEX
8
Layer 1
10
1340.323165
20
1097.612445
70
0
0
VERTEX
8
Layer 1
10
1337.389157
20
1098.534414
70
0
0
VERTEX
8
Layer 1
10
1334.422187
20
1099.308782
70
0
0
VERTEX
8
Layer 1
10
1328.411529
20
1100.413936
70
0
0
VERTEX
8
Layer 1
10
1322.335522
20
1100.926338
70
0
0
VERTEX
8
Layer 1
10
1316.238498
20
1100.844422
70
0
0
VERTEX
8
Layer 1
10
1310.164788
20
1100.166618
70
0
0
VERTEX
8
Layer 1
10
1307.150529
20
1099.603769
70
0
0
VERTEX
8
Layer 1
10
1304.158723
20
1098.891360
70
0
0
VERTEX
8
Layer 1
10
1301.194911
20
1098.029195
70
0
0
VERTEX
8
Layer 1
10
1298.264636
20
1097.017079
70
0
0
VERTEX
8
Layer 1
10
1295.388096
20
1095.861044
70
0
0
VERTEX
8
Layer 1
10
1292.584505
20
1094.569773
70
0
0
VERTEX
8
Layer 1
10
1289.857918
20
1093.147046
70
0
0
VERTEX
8
Layer 1
10
1287.212392
20
1091.596643
70
0
0
VERTEX
8
Layer 1
10
1282.180754
20
1088.127926
70
0
0
VERTEX
8
Layer 1
10
1277.522046
20
1084.193863
70
0
0
VERTEX
8
Layer 1
10
1273.268723
20
1079.824691
70
0
0
VERTEX
8
Layer 1
10
1269.453242
20
1075.050649
70
0
0
VERTEX
8
Layer 1
10
1267.719834
20
1072.521252
70
0
0
VERTEX
8
Layer 1
10
1266.108058
20
1069.901976
70
0
0
VERTEX
8
Layer 1
10
1264.621969
20
1067.196602
70
0
0
VERTEX
8
Layer 1
10
1263.265626
20
1064.408910
70
0
0
SEQEND
8
Layer 1
0
POLYLINE
8
Layer 1
62
7
70
0
10
0.000000
20
0.000000
66
1
0
VERTEX
8
Layer 1
10
1339.840391
20
1081.674168
70
0
0
VERTEX
8
Layer 1
10
1346.068754
20
1095.326518
70
0
0
SEQEND
8
Layer 1
0
POLYLINE
8
Layer 1
62
7
70
0
10
0.000000
20
0.000000
66
1
0
VERTEX
8
Layer 1
10
1205.537425
20
245.682597
70
0
0
VERTEX
8
Layer 1
10
1204.370353
20
245.916289
70
0
0
VERTEX
8
Layer 1
10
1203.243241
20
245.692469
70
0
0
VERTEX
8
Layer 1
10
1202.282095
20
245.062646
70
0
0
VERTEX
8
Layer 1
10
1201.612923
20
244.078331
70
0
0
VERTEX
8
Layer 1
10
1201.377635
20
242.911579
70
0
0
VERTEX
8
Layer 1
10
1201.599913
20
241.784162
70
0
0
VERTEX
8
Layer 1
10
1202.228421
20
240.822156
70
0
0
VERTEX
8
Layer 1
10
1203.211820
20
240.151638
70
0
0
VERTEX
8
Layer 1
10
1204.378892
20
239.917946
70
0
0
VERTEX
8
Layer 1
10
1205.506005
20
240.141766
70
0
0
VERTEX
8
Layer 1
10
1206.467150
20
240.771588
70
0
0
VERTEX
8
Layer 1
10
1207.136323
20
241.755904
70
0
0
VERTEX
8
Layer 1
10
1207.371610
20
242.922656
70
0
0
VERTEX
8
Layer 1
10
1207.149332
20
244.050073
70
0
0
VERTEX
8
Layer 1
10
1206.520825
20
245.012079
70
0
0
VERTEX
8
Layer 1
10
1205.537425
20
245.682597
70
0
0
VERTEX
8
Layer 1
10
1205.537425
20
245.682597
70
0
0
SEQEND
8
Layer 1
0
POLYLINE
8
Layer 1
62
7
70
0
10
0.000000
20
0.000000
66
1
0
VERTEX
8
Layer 1
10
1171.884743
20
349.258312
70
0
0
VERTEX
8
Layer 1
10
1170.718383
20
349.490513
70
0
0
VERTEX
8
Layer 1
10
1169.592326
20
349.265982
70
0
0
VERTEX
8
Layer 1
10
1168.632237
20
348.636181
70
0
0
VERTEX
8
Layer 1
10
1167.963782
20
347.652575
70
0
0
VERTEX
8
Layer 1
10
1167.728495
20
346.486833
70
0
0
VERTEX
8
Layer 1
10
1167.950046
20
345.360186
70
0
0
VERTEX
8
Layer 1
10
1168.577304
20
344.398434
70
0
0
VERTEX
8
Layer 1
10
1169.559138
20
343.727379
70
0
0
VERTEX
8
Layer 1
10
1170.725498
20
343.495177
70
0
0
VERTEX
8
Layer 1
10
1171.851555
20
343.719708
70
0
0
VERTEX
8
Layer 1
10
1172.811644
20
344.349509
70
0
0
VERTEX
8
Layer 1
10
1173.480099
20
345.333115
70
0
0
VERTEX
8
Layer 1
10
1173.715386
20
346.498857
70
0
0
VERTEX
8
Layer 1
10
1173.493835
20
347.625504
70
0
0
VERTEX
8
Layer 1
10
1172.866577
20
348.587256
70
0
0
VERTEX
8
Layer 1
10
1171.884743
20
349.258312
70
0
0
VERTEX
8
Layer 1
10
1171.884743
20
349.258312
70
0
0
SEQEND
8
Layer 1
0
POLYLINE
8
Layer 1
62
7
70
0
10
0.000000
20
0.000000
66
1
0
VERTEX
8
Layer 1
10
1276.918426
20
1058.179647
70
0
0
VERTEX
8
Layer 1
10
1266.589633
20
1037.600465
70
0
0
VERTEX
8
Layer 1
10
1256.717272
20
1016.842410
70
0
0
VERTEX
8
Layer 1
10
1247.302392
20
995.913020
70
0
0
VERTEX
8
Layer 1
10
1238.346045
20
974.819833
70
0
0
VERTEX
8
Layer 1
10
1229.849281
20
953.570389
70
0
0
VERTEX
8
Layer 1
10
1221.813150
20
932.172224
70
0
0
VERTEX
8
Layer 1
10
1214.238704
20
910.632877
70
0
0
VERTEX
8
Layer 1
10
1207.126991
20
888.959886
70
0
0
VERTEX
8
Layer 1
10
1200.479063
20
867.160790
70
0
0
VERTEX
8
Layer 1
10
1194.295971
20
845.243126
70
0
0
VERTEX
8
Layer 1
10
1188.578764
20
823.214433
70
0
0
VERTEX
8
Layer 1
10
1183.328493
20
801.082248
70
0
0
VERTEX
8
Layer 1
10
1178.546209
20
778.854111
70
0
0
VERTEX
8
Layer 1
10
1174.232962
20
756.537558
70
0
0
VERTEX
8
Layer 1
10
1170.389803
20
734.140130
70
0
0
VERTEX
8
Layer 1
10
1167.017782
20
711.669362
70
0
0
VERTEX
8
Layer 1
10
1164.117949
20
689.132794
70
0
0
VERTEX
8
Layer 1
10
1161.691355
20
666.537964
70
0
0
VERTEX
8
Layer 1
10
1159.739050
20
643.892411
70
0
0
VERTEX
8
Layer 1
10
1158.262085
20
621.203671
70
0
0
VERTEX
8
Layer 1
10
1157.261510
20
598.479284
70
0
0
VERTEX
8
Layer 1
10
1156.738376
20
575.726787
70
0
0
VERTEX
8
Layer 1
10
1156.693734
20
552.953719
70
0
0
VERTEX
8
Layer 1
10
1157.128632
20
530.167617
70
0
0
VERTEX
8
Layer 1
10
1158.044123
20
507.376021
70
0
0
VERTEX
8
Layer 1
10
1159.441257
20
484.586468
70
0
0
VERTEX
8
Layer 1
10
1161.321084
20
461.806496
70
0
0
VERTEX
8
Layer 1
10
1163.684654
20
439.043644
70
0
0
VERTEX
8
Layer 1
10
1166.533018
20
416.305450
70
0
0
VERTEX
8
Layer 1
10
1169.867226
20
393.599451
70
0
0
VERTEX
8
Layer 1
10
1173.688329
20
370.933187
70
0
0
VERTEX
8
Layer 1
10
1177.997378
20
348.314195
70
0
0
SEQEND
8
Layer 1
0
POLYLINE
8
Layer 1
62
7
70
0
10
0.000000
20
0.000000
66
1
0
VERTEX
8
Layer 1
10
1177.997378
20
348.314195
70
0
0
VERTEX
8
Layer 1
10
1183.026713
20
329.647758
70
0
0
VERTEX
8
Layer 1
10
1188.380863
20
311.076508
70
0
0
VERTEX
8
Layer 1
10
1194.058412
20
292.604656
70
0
0
VERTEX
8
Layer 1
10
1200.057944
20
274.236411
70
0
0
VERTEX
8
Layer 1
10
1206.378042
20
255.975986
70
0
0
VERTEX
8
Layer 1
10
1213.017290
20
237.827589
70
0
0
VERTEX
8
Layer 1
10
1219.974272
20
219.795434
70
0
0
VERTEX
8
Layer 1
10
1227.247572
20
201.883728
70
0
0
SEQEND
8
Layer 1
0
POLYLINE
8
Layer 1
62
7
70
0
10
0.000000
20
0.000000
66
1
0
VERTEX
8
Layer 1
10
1213.667558
20
196.365268
70
0
0
VERTEX
8
Layer 1
10
1227.247598
20
201.883490
70
0
0
SEQEND
8
Layer 1
0
POLYLINE
8
Layer 1
62
7
70
0
10
0.000000
20
0.000000
66
1
0
VERTEX
8
Layer 1
10
1174.173757
20
306.136810
70
0
0
VERTEX
8
Layer 1
10
1178.496721
20
292.201102
70
0
0
VERTEX
8
Layer 1
10
1182.996239
20
278.323259
70
0
0
VERTEX
8
Layer 1
10
1187.671708
20
264.504949
70
0
0
VERTEX
8
Layer 1
10
1192.522530
20
250.747841
70
0
0
VERTEX
8
Layer 1
10
1197.548102
20
237.053605
70
0
0
VERTEX
8
Layer 1
10
1202.747825
20
223.423910
70
0
0
VERTEX
8
Layer 1
10
1208.121098
20
209.860424
70
0
0
VERTEX
8
Layer 1
10
1213.667320
20
196.364818
70
0
0
SEQEND
8
Layer 1
0
POLYLINE
8
Layer 1
62
7
70
0
10
0.000000
20
0.000000
66
1
0
VERTEX
8
Layer 1
10
1156.074348
20
383.986233
70
0
0
VERTEX
8
Layer 1
10
1157.773034
20
374.131324
70
0
0
VERTEX
8
Layer 1
10
1159.633713
20
364.307790
70
0
0
VERTEX
8
Layer 1
10
1161.655923
20
354.517621
70
0
0
VERTEX
8
Layer 1
10
1163.839201
20
344.762803
70
0
0
VERTEX
8
Layer 1
10
1166.183086
20
335.045325
70
0
0
VERTEX
8
Layer 1
10
1168.687115
20
325.367175
70
0
0
VERTEX
8
Layer 1
10
1171.350826
20
315.730340
70
0
0
VERTEX
8
Layer 1
10
1174.173757
20
306.136810
70
0
0
SEQEND
8
Layer 1
0
POLYLINE
8
Layer 1
62
7
70
0
10
0.000000
20
0.000000
66
1
0
VERTEX
8
Layer 1
10
1263.265626
20
1064.408910
70
0
0
VERTEX
8
Layer 1
10
1253.373659
20
1044.687481
70
0
0
VERTEX
8
Layer 1
10
1243.893634
20
1024.802227
70
0
0
VERTEX
8
Layer 1
10
1234.826564
20
1004.759582
70
0
0
VERTEX
8
Layer 1
10
1226.173463
20
984.565983
70
0
0
VERTEX
8
Layer 1
10
1217.935345
20
964.227864
70
0
0
VERTEX
8
Layer 1
10
1210.113224
20
943.751662
70
0
0
VERTEX
8
Layer 1
10
1202.708114
20
923.143811
70
0
0
VERTEX
8
Layer 1
10
1195.721028
20
902.410749
70
0
0
VERTEX
8
Layer 1
10
1189.152981
20
881.558910
70
0
0
VERTEX
8
Layer 1
10
1183.004986
20
860.594730
70
0
0
VERTEX
8
Layer 1
10
1177.278057
20
839.524644
70
0
0
VERTEX
8
Layer 1
10
1171.973208
20
818.355089
70
0
0
VERTEX
8
Layer 1
10
1167.091453
20
797.092500
70
0
0
VERTEX
8
Layer 1
10
1162.633806
20
775.743312
70
0
0
VERTEX
8
Layer 1
10
1158.601280
20
754.313962
70
0
0
VERTEX
8
Layer 1
10
1154.994889
20
732.810884
70
0
0
VERTEX
8
Layer 1
10
1151.815648
20
711.240515
70
0
0
VERTEX
8
Layer 1
10
1149.064570
20
689.609290
70
0
0
VERTEX
8
Layer 1
10
1146.742668
20
667.923645
70
0
0
VERTEX
8
Layer 1
10
1144.850958
20
646.190015
70
0
0
VERTEX
8
Layer 1
10
1143.390452
20
624.414837
70
0
0
VERTEX
8
Layer 1
10
1142.362164
20
602.604545
70
0
0
VERTEX
8
Layer 1
10
1141.767109
20
580.765575
70
0
0
VERTEX
8
Layer 1
10
1141.606300
20
558.904363
70
0
0
VERTEX
8
Layer 1
10
1141.880750
20
537.027345
70
0
0
VERTEX
8
Layer 1
10
1142.591475
20
515.140956
70
0
0
VERTEX
8
Layer 1
10
1143.739487
20
493.251632
70
0
0
VERTEX
8
Layer 1
10
1145.325801
20
471.365809
70
0
0
VERTEX
8
Layer 1
10
1147.351430
20
449.489921
70
0
0
VERTEX
8
Layer 1
10
1149.817388
20
427.630406
70
0
0
VERTEX
8
Layer 1
10
1152.724690
20
405.793698
70
0
0
VERTEX
8
Layer 1
10
1156.074348
20
383.986233
70
0
0
SEQEND
8
Layer 1
0
POLYLINE
8
Layer 1
62
7
70
0
10
0.000000
20
0.000000
66
1
0
VERTEX
8
Layer 1
10
1049.774151
20
287.851742
70
0
0
VERTEX
8
Layer 1
10
1049.263654
20
288.927109
70
0
0
VERTEX
8
Layer 1
10
1048.410237
20
289.696825
70
0
0
VERTEX
8
Layer 1
10
1047.330573
20
290.090664
70
0
0
VERTEX
8
Layer 1
10
1046.141334
20
290.038396
70
0
0
VERTEX
8
Layer 1
10
1045.065369
20
289.529164
70
0
0
VERTEX
8
Layer 1
10
1044.294650
20
288.676651
70
0
0
VERTEX
8
Layer 1
10
1043.899544
20
287.597450
70
0
0
VERTEX
8
Layer 1
10
1043.950414
20
286.408151
70
0
0
VERTEX
8
Layer 1
10
1044.460911
20
285.332784
70
0
0
VERTEX
8
Layer 1
10
1045.314328
20
284.563068
70
0
0
VERTEX
8
Layer 1
10
1046.393992
20
284.169229
70
0
0
VERTEX
8
Layer 1
10
1047.583231
20
284.221497
70
0
0
VERTEX
8
Layer 1
10
1048.659196
20
284.730730
70
0
0
VERTEX
8
Layer 1
10
1049.429915
20
285.583242
70
0
0
VERTEX
8
Layer 1
10
1049.825021
20
286.662443
70
0
0
VERTEX
8
Layer 1
10
1049.774151
20
287.851742
70
0
0
VERTEX
8
Layer 1
10
1049.774151
20
287.851742
70
0
0
SEQEND
8
Layer 1
0
POLYLINE
8
Layer 1
62
7
70
0
10
0.000000
20
0.000000
66
1
0
VERTEX
8
Layer 1
10
1022.640582
20
358.751882
70
0
0
VERTEX
8
Layer 1
10
1022.130795
20
359.828595
70
0
0
VERTEX
8
Layer 1
10
1021.277323
20
360.599483
70
0
0
VERTEX
8
Layer 1
10
1020.197060
20
360.994092
70
0
0
VERTEX
8
Layer 1
10
1019.006902
20
360.941965
70
0
0
VERTEX
8
Layer 1
10
1017.930189
20
360.432179
70
0
0
VERTEX
8
Layer 1
10
1017.159301
20
359.578706
70
0
0
VERTEX
8
Layer 1
10
1016.764693
20
358.498444
70
0
0
VERTEX
8
Layer 1
10
1016.816819
20
357.308285
70
0
0
VERTEX
8
Layer 1
10
1017.326606
20
356.231572
70
0
0
VERTEX
8
Layer 1
10
1018.180078
20
355.460684
70
0
0
VERTEX
8
Layer 1
10
1019.260341
20
355.066076
70
0
0
VERTEX
8
Layer 1
10
1020.450499
20
355.118202
70
0
0
VERTEX
8
Layer 1
10
1021.527212
20
355.627989
70
0
0
VERTEX
8
Layer 1
10
1022.298100
20
356.481461
70
0
0
VERTEX
8
Layer 1
10
1022.692708
20
357.561724
70
0
0
VERTEX
8
Layer 1
10
1022.640582
20
358.751882
70
0
0
VERTEX
8
Layer 1
10
1022.640582
20
358.751882
70
0
0
SEQEND
8
Layer 1
0
POLYLINE
8
Layer 1
62
7
70
0
10
0.000000
20
0.000000
66
1
0
VERTEX
8
Layer 1
10
1009.833521
20
356.593380
70
0
0
VERTEX
8
Layer 1
10
1028.178251
20
279.376064
70
0
0
SEQEND
8
Layer 1
0
POLYLINE
8
Layer 1
62
7
70
0
10
0.000000
20
0.000000
66
1
0
VERTEX
8
Layer 1
10
1028.178251
20
279.376064
70
0
0
VERTEX
8
Layer 1
10
1063.686163
20
247.319214
70
0
0
SEQEND
8
Layer 1
0
POLYLINE
8
Layer 1
62
7
70
0
10
0.000000
20
0.000000
66
1
0
VERTEX
8
Layer 1
10
1071.381242
20
213.774876
70
0
0
VERTEX
8
Layer 1
10
1072.178858
20
215.984705
70
0
0
VERTEX
8
Layer 1
10
1072.795533
20
218.225006
70
0
0
VERTEX
8
Layer 1
10
1073.233508
20
220.486010
70
0
0
VERTEX
8
Layer 1
10
1073.495025
20
222.757946
70
0
0
VERTEX
8
Layer 1
10
1073.582326
20
225.031046
70
0
0
VERTEX
8
Layer 1
10
1073.497651
20
227.295540
70
0
0
VERTEX
8
Layer 1
10
1073.243242
20
229.541659
70
0
0
VERTEX
8
Layer 1
10
1072.821340
20
231.759633
70
0
0
VERTEX
8
Layer 1
10
1072.234188
20
233.939693
70
0
0
VERTEX
8
Layer 1
10
1071.484026
20
236.072070
70
0
0
VERTEX
8
Layer 1
10
1070.573095
20
238.146994
70
0
0
VERTEX
8
Layer 1
10
1069.503638
20
240.154695
70
0
0
VERTEX
8
Layer 1
10
1068.277895
20
242.085405
70
0
0
VERTEX
8
Layer 1
10
1066.898109
20
243.929354
70
0
0
VERTEX
8
Layer 1
10
1065.366520
20
245.676773
70
0
0
VERTEX
8
Layer 1
10
1063.685369
20
247.317891
70
0
0
SEQEND
8
Layer 1
0
POLYLINE
8
Layer 1
62
7
70
0
10
0.000000
20
0.000000
66
1
0
VERTEX
8
Layer 1
10
1059.741045
20
110.583061
70
0
0
VERTEX
8
Layer 1
10
1118.316070
20
254.994793
70
0
0
SEQEND
8
Layer 1
0
POLYLINE
8
Layer 1
62
7
70
0
10
0.000000
20
0.000000
66
1
0
VERTEX
8
Layer 1
10
1029.624885
20
359.467066
70
0
0
VERTEX
8
Layer 1
10
1030.370762
20
354.903949
70
0
0
VERTEX
8
Layer 1
10
1031.274155
20
350.392999
70
0
0
VERTEX
8
Layer 1
10
1032.332383
20
345.937377
70
0
0
VERTEX
8
Layer 1
10
1033.542763
20
341.540242
70
0
0
VERTEX
8
Layer 1
10
1034.902612
20
337.204754
70
0
0
VERTEX
8
Layer 1
10
1036.409247
20
332.934073
70
0
0
VERTEX
8
Layer 1
10
1038.059988
20
328.731357
70
0
0
VERTEX
8
Layer 1
10
1039.852150
20
324.599769
70
0
0
VERTEX
8
Layer 1
10
1041.783051
20
320.542466
70
0
0
VERTEX
8
Layer 1
10
1043.850010
20
316.562608
70
0
0
VERTEX
8
Layer 1
10
1046.050343
20
312.663357
70
0
0
VERTEX
8
Layer 1
10
1048.381368
20
308.847870
70
0
0
VERTEX
8
Layer 1
10
1050.840403
20
305.119309
70
0
0
VERTEX
8
Layer 1
10
1053.424764
20
301.480832
70
0
0
VERTEX
8
Layer 1
10
1056.131770
20
297.935600
70
0
0
VERTEX
8
Layer 1
10
1058.958739
20
294.486773
70
0
0
VERTEX
8
Layer 1
10
1061.902987
20
291.137509
70
0
0
VERTEX
8
Layer 1
10
1064.961832
20
287.890970
70
0
0
VERTEX
8
Layer 1
10
1068.132592
20
284.750314
70
0
0
VERTEX
8
Layer 1
10
1071.412584
20
281.718702
70
0
0
VERTEX
8
Layer 1
10
1074.799125
20
278.799292
70
0
0
VERTEX
8
Layer 1
10
1078.289534
20
275.995246
70
0
0
VERTEX
8
Layer 1
10
1081.881128
20
273.309723
70
0
0
VERTEX
8
Layer 1
10
1085.571224
20
270.745882
70
0
0
VERTEX
8
Layer 1
10
1089.357139
20
268.306883
70
0
0
VERTEX
8
Layer 1
10
1093.236193
20
265.995887
70
0
0
VERTEX
8
Layer 1
10
1097.205700
20
263.816052
70
0
0
VERTEX
8
Layer 1
10
1101.262981
20
261.770539
70
0
0
VERTEX
8
Layer 1
10
1105.405351
20
259.862508
70
0
0
VERTEX
8
Layer 1
10
1109.630129
20
258.095117
70
0
0
VERTEX
8
Layer 1
10
1113.934631
20
256.471528
70
0
0
VERTEX
8
Layer 1
10
1118.316176
20
254.994899
70
0
0
SEQEND
8
Layer 1
0
POLYLINE
8
Layer 1
62
7
70
0
10
0.000000
20
0.000000
66
1
0
VERTEX
8
Layer 1
10
1092.866043
20
1030.461079
70
0
0
VERTEX
8
Layer 1
10
1092.356120
20
1031.537533
70
0
0
VERTEX
8
Layer 1
10
1091.502659
20
1032.308196
70
0
0
VERTEX
8
Layer 1
10
1090.422511
20
1032.702657
70
0
0
VERTEX
8
Layer 1
10
1089.232530
20
1032.650505
70
0
0
VERTEX
8
Layer 1
10
1088.155960
20
1032.140826
70
0
0
VERTEX
8
Layer 1
10
1087.385103
20
1031.287539
70
0
0
VERTEX
8
Layer 1
10
1086.990397
20
1030.207481
70
0
0
VERTEX
8
Layer 1
10
1087.042280
20
1029.017488
70
0
0
VERTEX
8
Layer 1
10
1087.552203
20
1027.941033
70
0
0
VERTEX
8
Layer 1
10
1088.405665
20
1027.170370
70
0
0
VERTEX
8
Layer 1
10
1089.485812
20
1026.775909
70
0
0
VERTEX
8
Layer 1
10
1090.675794
20
1026.828062
70
0
0
VERTEX
8
Layer 1
10
1091.752364
20
1027.337741
70
0
0
VERTEX
8
Layer 1
10
1092.523220
20
1028.191028
70
0
0
VERTEX
8
Layer 1
10
1092.917926
20
1029.271086
70
0
0
VERTEX
8
Layer 1
10
1092.866043
20
1030.461079
70
0
0
VERTEX
8
Layer 1
10
1092.866043
20
1030.461079
70
0
0
SEQEND
8
Layer 1
0
POLYLINE
8
Layer 1
62
7
70
0
10
0.000000
20
0.000000
66
1
0
VERTEX
8
Layer 1
10
1015.736077
20
835.537941
70
0
0
VERTEX
8
Layer 1
10
1015.226156
20
836.614408
70
0
0
VERTEX
8
Layer 1
10
1014.372690
20
837.385080
70
0
0
VERTEX
8
Layer 1
10
1013.292533
20
837.779545
70
0
0
VERTEX
8
Layer 1
10
1012.102542
20
837.727388
70
0
0
VERTEX
8
Layer 1
10
1011.025965
20
837.217699
70
0
0
VERTEX
8
Layer 1
10
1010.255110
20
836.364398
70
0
0
VERTEX
8
Layer 1
10
1009.860413
20
835.284326
70
0
0
VERTEX
8
Layer 1
10
1009.912314
20
834.094323
70
0
0
VERTEX
8
Layer 1
10
1010.422235
20
833.017856
70
0
0
VERTEX
8
Layer 1
10
1011.275701
20
832.247184
70
0
0
VERTEX
8
Layer 1
10
1012.355858
20
831.852720
70
0
0
VERTEX
8
Layer 1
10
1013.545849
20
831.904876
70
0
0
VERTEX
8
Layer 1
10
1014.622426
20
832.414566
70
0
0
VERTEX
8
Layer 1
10
1015.393281
20
833.267866
70
0
0
VERTEX
8
Layer 1
10
1015.787978
20
834.347938
70
0
0
VERTEX
8
Layer 1
10
1015.736077
20
835.537941
70
0
0
VERTEX
8
Layer 1
10
1015.736077
20
835.537941
70
0
0
SEQEND
8
Layer 1
0
POLYLINE
8
Layer 1
62
7
70
0
10
0.000000
20
0.000000
66
1
0
VERTEX
8
Layer 1
10
1049.679589
20
116.567426
70
0
0
VERTEX
8
Layer 1
10
1049.169092
20
117.642793
70
0
0
VERTEX
8
Layer 1
10
1048.315675
20
118.412509
70
0
0
VERTEX
8
Layer 1
10
1047.236011
20
118.806347
70
0
0
VERTEX
8
Layer 1
10
1046.046772
20
118.754080
70
0
0
VERTEX
8
Layer 1
10
1044.970807
20
118.244847
70
0
0
VERTEX
8
Layer 1
10
1044.200088
20
117.392335
70
0
0
VERTEX
8
Layer 1
10
1043.804982
20
116.313134
70
0
0
VERTEX
8
Layer 1
10
1043.855852
20
115.123834
70
0
0
VERTEX
8
Layer 1
10
1044.366349
20
114.048468
70
0
0
VERTEX
8
Layer 1
10
1045.219766
20
113.278751
70
0
0
VERTEX
8
Layer 1
10
1046.299430
20
112.884913
70
0
0
VERTEX
8
Layer 1
10
1047.488669
20
112.937180
70
0
0
VERTEX
8
Layer 1
10
1048.564635
20
113.446413
70
0
0
VERTEX
8
Layer 1
10
1049.335353
20
114.298926
70
0
0
VERTEX
8
Layer 1
10
1049.730459
20
115.378127
70
0
0
VERTEX
8
Layer 1
10
1049.679589
20
116.567426
70
0
0
VERTEX
8
Layer 1
10
1049.679589
20
116.567426
70
0
0
SEQEND
8
Layer 1
0
POLYLINE
8
Layer 1
62
7
70
0
10
0.000000
20
0.000000
66
1
0
VERTEX
8
Layer 1
10
1103.959770
20
1068.540208
70
0
0
VERTEX
8
Layer 1
10
1097.993444
20
1058.477568
70
0
0
VERTEX
8
Layer 1
10
1092.165981
20
1048.352076
70
0
0
VERTEX
8
Layer 1
10
1086.477568
20
1038.165144
70
0
0
VERTEX
8
Layer 1
10
1080.928390
20
1027.918181
70
0
0
VERTEX
8
Layer 1
10
1075.518634
20
1017.612599
70
0
0
VERTEX
8
Layer 1
10
1070.248488
20
1007.249808
70
0
0
VERTEX
8
Layer 1
10
1060.127767
20
986.358241
70
0
0
VERTEX
8
Layer 1
10
1050.567719
20
965.254765
70
0
0
VERTEX
8
Layer 1
10
1041.569837
20
943.950665
70
0
0
VERTEX
8
Layer 1
10
1033.135612
20
922.457224
70
0
0
VERTEX
8
Layer 1
10
1025.266536
20
900.785728
70
0
0
VERTEX
8
Layer 1
10
1017.964100
20
878.947462
70
0
0
VERTEX
8
Layer 1
10
1011.229798
20
856.953709
70
0
0
VERTEX
8
Layer 1
10
1005.065121
20
834.815754
70
0
0
VERTEX
8
Layer 1
10
999.471560
20
812.544882
70
0
0
VERTEX
8
Layer 1
10
994.450609
20
790.152378
70
0
0
VERTEX
8
Layer 1
10
990.003758
20
767.649526
70
0
0
VERTEX
8
Layer 1
10
986.132500
20
745.047610
70
0
0
VERTEX
8
Layer 1
10
982.838326
20
722.357916
70
0
0
VERTEX
8
Layer 1
10
980.122729
20
699.591727
70
0
0
VERTEX
8
Layer 1
10
977.987201
20
676.760329
70
0
0
VERTEX
8
Layer 1
10
976.433233
20
653.875005
70
0
0
VERTEX
8
Layer 1
10
975.462318
20
630.947041
70
0
0
VERTEX
8
Layer 1
10
975.075947
20
607.987722
70
0
0
VERTEX
8
Layer 1
10
975.275612
20
585.008331
70
0
0
VERTEX
8
Layer 1
10
976.062805
20
562.020153
70
0
0
VERTEX
8
Layer 1
10
977.439019
20
539.034473
70
0
0
VERTEX
8
Layer 1
10
979.405745
20
516.062575
70
0
0
VERTEX
8
Layer 1
10
981.964475
20
493.115744
70
0
0
VERTEX
8
Layer 1
10
985.116701
20
470.205265
70
0
0
VERTEX
8
Layer 1
10
988.863915
20
447.342422
70
0
0
VERTEX
8
Layer 1
10
993.207609
20
424.538499
70
0
0
VERTEX
8
Layer 1
10
995.603602
20
413.162160
70
0
0
VERTEX
8
Layer 1
10
998.149274
20
401.804782
70
0
0
VERTEX
8
Layer 1
10
1000.844813
20
390.467777
70
0
0
VERTEX
8
Layer 1
10
1003.690404
20
379.152555
70
0
0
VERTEX
8
Layer 1
10
1006.686234
20
367.860526
70
0
0
VERTEX
8
Layer 1
10
1009.832489
20
356.593102
70
0
0
SEQEND
8
Layer 1
0
POLYLINE
8
Layer 1
62
7
70
0
10
0.000000
20
0.000000
66
1
0
VERTEX
8
Layer 1
10
1071.382618
20
213.773897
70
0
0
VERTEX
8
Layer 1
10
1033.794634
20
121.106585
70
0
0
SEQEND
8
Layer 1
0
POLYLINE
8
Layer 1
62
7
70
0
10
0.000000
20
0.000000
66
1
0
VERTEX
8
Layer 1
10
1033.794581
20
121.106559
70
0
0
VERTEX
8
Layer 1
10
1032.997823
20
118.385120
70
0
0
VERTEX
8
Layer 1
10
1032.766137
20
115.643351
70
0
0
VERTEX
8
Layer 1
10
1033.068515
20
112.954572
70
0
0
VERTEX
8
Layer 1
10
1033.873951
20
110.392103
70
0
0
VERTEX
8
Layer 1
10
1035.151437
20
108.029264
70
0
0
VERTEX
8
Layer 1
10
1036.869965
20
105.939377
70
0
0
VERTEX
8
Layer 1
10
1038.998528
20
104.195762
70
0
0
VERTEX
8
Layer 1
10
1041.506120
20
102.871739
70
0
0
VERTEX
8
Layer 1
10
1044.227512
20
102.074822
70
0
0
VERTEX
8
Layer 1
10
1046.969267
20
101.842976
70
0
0
VERTEX
8
Layer 1
10
1049.658064
20
102.145198
70
0
0
VERTEX
8
Layer 1
10
1052.220580
20
102.950484
70
0
0
VERTEX
8
Layer 1
10
1054.583493
20
104.227832
70
0
0
VERTEX
8
Layer 1
10
1056.673481
20
105.946239
70
0
0
VERTEX
8
Layer 1
10
1058.417220
20
108.074700
70
0
0
VERTEX
8
Layer 1
10
1059.741389
20
110.582214
70
0
0
SEQEND
8
Layer 1
0
POLYLINE
8
Layer 1
62
7
70
0
10
0.000000
20
0.000000
66
1
0
VERTEX
8
Layer 1
10
1116.544290
20
1060.931913
70
0
0
VERTEX
8
Layer 1
10
1110.641292
20
1051.017770
70
0
0
VERTEX
8
Layer 1
10
1104.878833
20
1041.040206
70
0
0
VERTEX
8
Layer 1
10
1099.257094
20
1031.000681
70
0
0
VERTEX
8
Layer 1
10
1093.776256
20
1020.900656
70
0
0
VERTEX
8
Layer 1
10
1088.436500
20
1010.741595
70
0
0
VERTEX
8
Layer 1
10
1083.238007
20
1000.524958
70
0
0
VERTEX
8
Layer 1
10
1078.180959
20
990.252207
70
0
0
VERTEX
8
Layer 1
10
1073.265536
20
979.924804
70
0
0
VERTEX
8
Layer 1
10
1068.491920
20
969.544210
70
0
0
VERTEX
8
Layer 1
10
1063.860292
20
959.111888
70
0
0
VERTEX
8
Layer 1
10
1059.370833
20
948.629298
70
0
0
VERTEX
8
Layer 1
10
1055.023724
20
938.097903
70
0
0
VERTEX
8
Layer 1
10
1046.757280
20
916.894543
70
0
0
VERTEX
8
Layer 1
10
1039.062410
20
895.513501
70
0
0
VERTEX
8
Layer 1
10
1031.940562
20
873.966471
70
0
0
VERTEX
8
Layer 1
10
1025.393186
20
852.265147
70
0
0
VERTEX
8
Layer 1
10
1019.421730
20
830.421221
70
0
0
VERTEX
8
Layer 1
10
1014.027644
20
808.446388
70
0
0
VERTEX
8
Layer 1
10
1009.212376
20
786.352340
70
0
0
VERTEX
8
Layer 1
10
1004.977376
20
764.150771
70
0
0
VERTEX
8
Layer 1
10
1001.324091
20
741.853376
70
0
0
VERTEX
8
Layer 1
10
998.253972
20
719.471846
70
0
0
VERTEX
8
Layer 1
10
995.768467
20
697.017876
70
0
0
VERTEX
8
Layer 1
10
993.869026
20
674.503160
70
0
0
VERTEX
8
Layer 1
10
992.557096
20
651.939390
70
0
0
VERTEX
8
Layer 1
10
991.834127
20
629.338260
70
0
0
VERTEX
8
Layer 1
10
991.701569
20
606.711464
70
0
0
VERTEX
8
Layer 1
10
992.160869
20
584.070695
70
0
0
VERTEX
8
Layer 1
10
993.213477
20
561.427647
70
0
0
VERTEX
8
Layer 1
10
994.860842
20
538.794013
70
0
0
VERTEX
8
Layer 1
10
997.104413
20
516.181486
70
0
0
VERTEX
8
Layer 1
10
999.945639
20
493.601761
70
0
0
VERTEX
8
Layer 1
10
1001.590825
20
482.327852
70
0
0
VERTEX
8
Layer 1
10
1003.385969
20
471.066530
70
0
0
VERTEX
8
Layer 1
10
1005.331250
20
459.819254
70
0
0
VERTEX
8
Layer 1
10
1007.426851
20
448.587487
70
0
0
VERTEX
8
Layer 1
10
1009.672952
20
437.372690
70
0
0
VERTEX
8
Layer 1
10
1012.069734
20
426.176326
70
0
0
VERTEX
8
Layer 1
10
1014.617380
20
414.999855
70
0
0
VERTEX
8
Layer 1
10
1017.316069
20
403.844739
70
0
0
VERTEX
8
Layer 1
10
1020.165983
20
392.712441
70
0
0
VERTEX
8
Layer 1
10
1023.167303
20
381.604422
70
0
0
VERTEX
8
Layer 1
10
1026.320210
20
370.522143
70
0
0
VERTEX
8
Layer 1
10
1029.624885
20
359.467066
70
0
0
SEQEND
8
Layer 1
0
POLYLINE
8
Layer 1
62
7
70
0
10
0.000000
20
0.000000
66
1
0
VERTEX
8
Layer 1
10
1103.958976
20
1068.539494
70
0
0
VERTEX
8
Layer 1
10
1116.543761
20
1060.932600
70
0
0
SEQEND
8
Layer 1
0
POLYLINE
8
Layer 1
62
7
70
0
10
0.000000
20
0.000000
66
1
0
VERTEX
8
Layer 1
10
1013.012248
20
24.707092
70
0
0
VERTEX
8
Layer 1
10
1012.408493
20
25.732693
70
0
0
VERTEX
8
Layer 1
10
1011.490407
20
26.423592
70
0
0
VERTEX
8
Layer 1
10
1010.380344
20
26.720214
70
0
0
VERTEX
8
Layer 1
10
1009.200659
20
26.562984
70
0
0
VERTEX
8
Layer 1
10
1008.174138
20
25.960794
70
0
0
VERTEX
8
Layer 1
10
1007.481839
20
25.043764
70
0
0
VERTEX
8
Layer 1
10
1007.183523
20
23.934155
70
0
0
VERTEX
8
Layer 1
10
1007.338953
20
22.754231
70
0
0
VERTEX
8
Layer 1
10
1007.942709
20
21.728630
70
0
0
VERTEX
8
Layer 1
10
1008.860795
20
21.037731
70
0
0
VERTEX
8
Layer 1
10
1009.970857
20
20.741109
70
0
0
VERTEX
8
Layer 1
10
1011.150542
20
20.898340
70
0
0
VERTEX
8
Layer 1
10
1012.177063
20
21.500529
70
0
0
VERTEX
8
Layer 1
10
1012.869363
20
22.417560
70
0
0
VERTEX
8
Layer 1
10
1013.167678
20
23.527169
70
0
0
VERTEX
8
Layer 1
10
1013.012248
20
24.707092
70
0
0
VERTEX
8
Layer 1
10
1013.012248
20
24.707092
70
0
0
SEQEND
8
Layer 1
0
POLYLINE
8
Layer 1
62
7
70
0
10
0.000000
20
0.000000
66
1
0
VERTEX
8
Layer 1
10
924.022746
20
181.722445
70
0
0
VERTEX
8
Layer 1
10
923.669782
20
182.428776
70
0
0
VERTEX
8
Layer 1
10
923.154485
20
183.009950
70
0
0
VERTEX
8
Layer 1
10
922.507331
20
183.439468
70
0
0
VERTEX
8
Layer 1
10
921.758797
20
183.690832
70
0
0
VERTEX
8
Layer 1
10
920.970615
20
183.738322
70
0
0
VERTEX
8
Layer 1
10
920.209655
20
183.582648
70
0
0
VERTEX
8
Layer 1
10
919.514104
20
183.236955
70
0
0
VERTEX
8
Layer 1
10
918.922150
20
182.714388
70
0
0
VERTEX
8
Layer 1
10
918.486931
20
182.055547
70
0
0
VERTEX
8
Layer 1
10
918.241268
20
181.318700
70
0
0
VERTEX
8
Layer 1
10
918.192872
20
180.543489
70
0
0
VERTEX
8
Layer 1
10
918.349451
20
179.769558
70
0
0
VERTEX
8
Layer 1
10
918.952445
20
178.742140
70
0
0
VERTEX
8
Layer 1
10
919.870736
20
178.049739
70
0
0
VERTEX
8
Layer 1
10
920.981657
20
177.752196
70
0
0
VERTEX
8
Layer 1
10
922.162542
20
177.909354
70
0
0
VERTEX
8
Layer 1
10
923.189959
20
178.512348
70
0
0
VERTEX
8
Layer 1
10
923.882361
20
179.430639
70
0
0
VERTEX
8
Layer 1
10
924.179904
20
180.541560
70
0
0
VERTEX
8
Layer 1
10
924.022746
20
181.722445
70
0
0
VERTEX
8
Layer 1
10
924.022746
20
181.722445
70
0
0
SEQEND
8
Layer 1
0
POLYLINE
8
Layer 1
62
7
70
0
10
0.000000
20
0.000000
66
1
0
VERTEX
8
Layer 1
10
917.081622
20
261.775487
70
0
0
VERTEX
8
Layer 1
10
916.477372
20
262.799912
70
0
0
VERTEX
8
Layer 1
10
915.559416
20
263.489835
70
0
0
VERTEX
8
Layer 1
10
914.449907
20
263.785856
70
0
0
VERTEX
8
Layer 1
10
913.270998
20
263.628572
70
0
0
VERTEX
8
Layer 1
10
912.245060
20
263.026895
70
0
0
VERTEX
8
Layer 1
10
911.552834
20
262.110673
70
0
0
VERTEX
8
Layer 1
10
911.254029
20
261.001910
70
0
0
VERTEX
8
Layer 1
10
911.408354
20
259.822610
70
0
0
VERTEX
8
Layer 1
10
912.012605
20
258.798186
70
0
0
VERTEX
8
Layer 1
10
912.930561
20
258.108262
70
0
0
VERTEX
8
Layer 1
10
914.040070
20
257.812241
70
0
0
VERTEX
8
Layer 1
10
915.218979
20
257.969525
70
0
0
VERTEX
8
Layer 1
10
916.244917
20
258.571203
70
0
0
VERTEX
8
Layer 1
10
916.937143
20
259.487424
70
0
0
VERTEX
8
Layer 1
10
917.235947
20
260.596187
70
0
0
VERTEX
8
Layer 1
10
917.081622
20
261.775487
70
0
0
VERTEX
8
Layer 1
10
917.081622
20
261.775487
70
0
0
SEQEND
8
Layer 1
0
POLYLINE
8
Layer 1
62
7
70
0
10
0.000000
20
0.000000
66
1
0
VERTEX
8
Layer 1
10
895.319644
20
783.520950
70
0
0
VERTEX
8
Layer 1
10
894.714835
20
784.544044
70
0
0
VERTEX
8
Layer 1
10
893.797027
20
785.232865
70
0
0
VERTEX
8
Layer 1
10
892.688144
20
785.528208
70
0
0
VERTEX
8
Layer 1
10
891.510112
20
785.370864
70
0
0
VERTEX
8
Layer 1
10
890.484833
20
784.769767
70
0
0
VERTEX
8
Layer 1
10
889.792689
20
783.854461
70
0
0
VERTEX
8
Layer 1
10
889.493330
20
782.746657
70
0
0
VERTEX
8
Layer 1
10
889.646402
20
781.568063
70
0
0
VERTEX
8
Layer 1
10
890.251212
20
780.544969
70
0
0
VERTEX
8
Layer 1
10
891.169020
20
779.856147
70
0
0
VERTEX
8
Layer 1
10
892.277903
20
779.560804
70
0
0
VERTEX
8
Layer 1
10
893.455934
20
779.718148
70
0
0
VERTEX
8
Layer 1
10
894.481213
20
780.319245
70
0
0
VERTEX
8
Layer 1
10
895.173357
20
781.234551
70
0
0
VERTEX
8
Layer 1
10
895.472717
20
782.342356
70
0
0
VERTEX
8
Layer 1
10
895.319644
20
783.520950
70
0
0
VERTEX
8
Layer 1
10
895.319644
20
783.520950
70
0
0
SEQEND
8
Layer 1
0
POLYLINE
8
Layer 1
62
7
70
0
10
0.000000
20
0.000000
66
1
0
VERTEX
8
Layer 1
10
965.402151
20
1010.677811
70
0
0
VERTEX
8
Layer 1
10
964.798396
20
1011.703412
70
0
0
VERTEX
8
Layer 1
10
963.880310
20
1012.394312
70
0
0
VERTEX
8
Layer 1
10
962.770247
20
1012.690934
70
0
0
VERTEX
8
Layer 1
10
961.590562
20
1012.533703
70
0
0
VERTEX
8
Layer 1
10
960.564041
20
1011.931514
70
0
0
VERTEX
8
Layer 1
10
959.871742
20
1011.014483
70
0
0
VERTEX
8
Layer 1
10
959.573426
20
1009.904874
70
0
0
VERTEX
8
Layer 1
10
959.728856
20
1008.724951
70
0
0
VERTEX
8
Layer 1
10
960.332612
20
1007.699349
70
0
0
VERTEX
8
Layer 1
10
961.250698
20
1007.008450
70
0
0
VERTEX
8
Layer 1
10
962.360760
20
1006.711828
70
0
0
VERTEX
8
Layer 1
10
963.540445
20
1006.869059
70
0
0
VERTEX
8
Layer 1
10
964.566967
20
1007.471248
70
0
0
VERTEX
8
Layer 1
10
965.259266
20
1008.388279
70
0
0
VERTEX
8
Layer 1
10
965.557581
20
1009.497888
70
0
0
VERTEX
8
Layer 1
10
965.402151
20
1010.677811
70
0
0
VERTEX
8
Layer 1
10
965.402151
20
1010.677811
70
0
0
SEQEND
8
Layer 1
0
POLYLINE
8
Layer 1
62
7
70
0
10
0.000000
20
0.000000
66
1
0
VERTEX
8
Layer 1
10
975.056308
20
1055.499097
70
0
0
VERTEX
8
Layer 1
10
988.221562
20
1049.053591
70
0
0
SEQEND
8
Layer 1
0
POLYLINE
8
Layer 1
62
7
70
0
10
0.000000
20
0.000000
66
1
0
VERTEX
8
Layer 1
10
874.497227
20
101.660290
70
0
0
VERTEX
8
Layer 1
10
1002.144633
20
12.262801
70
0
0
SEQEND
8
Layer 1
0
POLYLINE
8
Layer 1
62
7
70
0
10
0.000000
20
0.000000
66
1
0
VERTEX
8
Layer 1
10
1002.144633
20
12.262801
70
0
0
VERTEX
8
Layer 1
10
1003.734260
20
11.299187
70
0
0
VERTEX
8
Layer 1
10
1005.414842
20
10.563036
70
0
0
VERTEX
8
Layer 1
10
1007.162900
20
10.056407
70
0
0
VERTEX
8
Layer 1
10
1008.954951
20
9.781363
70
0
0
VERTEX
8
Layer 1
10
1010.767513
20
9.739965
70
0
0
VERTEX
8
Layer 1
10
1012.577104
20
9.934275
70
0
0
VERTEX
8
Layer 1
10
1014.360244
20
10.366353
70
0
0
VERTEX
8
Layer 1
10
1016.093449
20
11.038262
70
0
0
VERTEX
8
Layer 1
10
1017.722593
20
11.933445
70
0
0
VERTEX
8
Layer 1
10
1019.200189
20
13.021098
70
0
0
VERTEX
8
Layer 1
10
1020.512713
20
14.281914
70
0
0
VERTEX
8
Layer 1
10
1021.646645
20
15.696585
70
0
0
VERTEX
8
Layer 1
10
1022.588461
20
17.245804
70
0
0
VERTEX
8
Layer 1
10
1023.324640
20
18.910261
70
0
0
VERTEX
8
Layer 1
10
1023.841659
20
20.670650
70
0
0
VERTEX
8
Layer 1
10
1024.125996
20
22.507663
70
0
0
VERTEX
8
Layer 1
10
1024.164938
20
24.366142
70
0
0
VERTEX
8
Layer 1
10
1023.961427
20
26.189562
70
0
0
VERTEX
8
Layer 1
10
1023.525430
20
27.956561
70
0
0
VERTEX
8
Layer 1
10
1022.866910
20
29.645775
70
0
0
VERTEX
8
Layer 1
10
1021.995830
20
31.235843
70
0
0
VERTEX
8
Layer 1
10
1020.922157
20
32.705402
70
0
0
VERTEX
8
Layer 1
10
1019.655854
20
34.033090
70
0
0
VERTEX
8
Layer 1
10
1018.206885
20
35.197544
70
0
0
SEQEND
8
Layer 1
0
POLYLINE
8
Layer 1
62
7
70
0
10
0.000000
20
0.000000
66
1
0
VERTEX
8
Layer 1
10
936.296619
20
92.564297
70
0
0
VERTEX
8
Layer 1
10
1018.206383
20
35.199184
70
0
0
SEQEND
8
Layer 1
0
POLYLINE
8
Layer 1
62
7
70
0
10
0.000000
20
0.000000
66
1
0
VERTEX
8
Layer 1
10
924.529449
20
124.903378
70
0
0
VERTEX
8
Layer 1
10
924.009997
20
122.612153
70
0
0
VERTEX
8
Layer 1
10
923.673862
20
120.312967
70
0
0
VERTEX
8
Layer 1
10
923.517616
20
118.015240
70
0
0
VERTEX
8
Layer 1
10
923.537832
20
115.728390
70
0
0
VERTEX
8
Layer 1
10
923.731082
20
113.461837
70
0
0
VERTEX
8
Layer 1
10
924.093939
20
111.225000
70
0
0
VERTEX
8
Layer 1
10
924.622977
20
109.027297
70
0
0
VERTEX
8
Layer 1
10
925.314767
20
106.878148
70
0
0
VERTEX
8
Layer 1
10
926.165882
20
104.786973
70
0
0
VERTEX
8
Layer 1
10
927.172896
20
102.763189
70
0
0
VERTEX
8
Layer 1
10
928.332380
20
100.816216
70
0
0
VERTEX
8
Layer 1
10
929.640908
20
98.955473
70
0
0
VERTEX
8
Layer 1
10
931.095052
20
97.190380
70
0
0
VERTEX
8
Layer 1
10
932.691385
20
95.530355
70
0
0
VERTEX
8
Layer 1
10
934.426480
20
93.984817
70
0
0
VERTEX
8
Layer 1
10
936.296910
20
92.563186
70
0
0
SEQEND
8
Layer 1
0
POLYLINE
8
Layer 1
62
7
70
0
10
0.000000
20
0.000000
66
1
0
VERTEX
8
Layer 1
10
923.975465
20
263.105347
70
0
0
VERTEX
8
Layer 1
10
940.740978
20
185.385279
70
0
0
SEQEND
8
Layer 1
0
POLYLINE
8
Layer 1
62
7
70
0
10
0.000000
20
0.000000
66
1
0
VERTEX
8
Layer 1
10
988.222355
20
1049.054120
70
0
0
VERTEX
8
Layer 1
10
977.489434
20
1025.972175
70
0
0
VERTEX
8
Layer 1
10
967.311406
20
1002.696668
70
0
0
VERTEX
8
Layer 1
10
957.689074
20
979.237413
70
0
0
VERTEX
8
Layer 1
10
948.623240
20
955.604226
70
0
0
VERTEX
8
Layer 1
10
940.114707
20
931.806920
70
0
0
VERTEX
8
Layer 1
10
932.164275
20
907.855310
70
0
0
VERTEX
8
Layer 1
10
924.772749
20
883.759210
70
0
0
VERTEX
8
Layer 1
10
917.940930
20
859.528437
70
0
0
VERTEX
8
Layer 1
10
911.669620
20
835.172803
70
0
0
VERTEX
8
Layer 1
10
905.959622
20
810.702124
70
0
0
VERTEX
8
Layer 1
10
900.811737
20
786.126214
70
0
0
VERTEX
8
Layer 1
10
896.226770
20
761.454888
70
0
0
VERTEX
8
Layer 1
10
892.205520
20
736.697960
70
0
0
VERTEX
8
Layer 1
10
888.748792
20
711.865245
70
0
0
VERTEX
8
Layer 1
10
885.857387
20
686.966558
70
0
0
VERTEX
8
Layer 1
10
883.532107
20
662.011713
70
0
0
VERTEX
8
Layer 1
10
881.773755
20
637.010524
70
0
0
VERTEX
8
Layer 1
10
880.583133
20
611.972807
70
0
0
VERTEX
8
Layer 1
10
879.961043
20
586.908376
70
0
0
VERTEX
8
Layer 1
10
879.908288
20
561.827046
70
0
0
VERTEX
8
Layer 1
10
880.425670
20
536.738631
70
0
0
VERTEX
8
Layer 1
10
881.513990
20
511.652945
70
0
0
VERTEX
8
Layer 1
10
883.174053
20
486.579804
70
0
0
VERTEX
8
Layer 1
10
885.406659
20
461.529022
70
0
0
VERTEX
8
Layer 1
10
888.212611
20
436.510413
70
0
0
VERTEX
8
Layer 1
10
891.592712
20
411.533792
70
0
0
VERTEX
8
Layer 1
10
895.547763
20
386.608974
70
0
0
VERTEX
8
Layer 1
10
900.078567
20
361.745774
70
0
0
VERTEX
8
Layer 1
10
905.185927
20
336.954005
70
0
0
VERTEX
8
Layer 1
10
910.870643
20
312.243483
70
0
0
VERTEX
8
Layer 1
10
917.133520
20
287.624022
70
0
0
VERTEX
8
Layer 1
10
923.975359
20
263.105437
70
0
0
SEQEND
8
Layer 1
0
POLYLINE
8
Layer 1
62
7
70
0
10
0.000000
20
0.000000
66
1
0
VERTEX
8
Layer 1
10
975.056494
20
1055.499309
70
0
0
VERTEX
8
Layer 1
10
964.218694
20
1032.097703
70
0
0
VERTEX
8
Layer 1
10
953.929493
20
1008.504174
70
0
0
VERTEX
8
Layer 1
10
944.189728
20
984.728208
70
0
0
VERTEX
8
Layer 1
10
935.000239
20
960.779287
70
0
0
VERTEX
8
Layer 1
10
926.361867
20
936.666894
70
0
0
VERTEX
8
Layer 1
10
918.275449
20
912.400514
70
0
0
VERTEX
8
Layer 1
10
910.741826
20
887.989629
70
0
0
VERTEX
8
Layer 1
10
903.761837
20
863.443723
70
0
0
VERTEX
8
Layer 1
10
897.336321
20
838.772280
70
0
0
VERTEX
8
Layer 1
10
891.466117
20
813.984783
70
0
0
VERTEX
8
Layer 1
10
886.152066
20
789.090715
70
0
0
VERTEX
8
Layer 1
10
881.395005
20
764.099560
70
0
0
VERTEX
8
Layer 1
10
877.195775
20
739.020801
70
0
0
VERTEX
8
Layer 1
10
873.555216
20
713.863922
70
0
0
VERTEX
8
Layer 1
10
870.474165
20
688.638406
70
0
0
VERTEX
8
Layer 1
10
867.953464
20
663.353736
70
0
0
VERTEX
8
Layer 1
10
865.993950
20
638.019397
70
0
0
VERTEX
8
Layer 1
10
864.596464
20
612.644871
70
0
0
VERTEX
8
Layer 1
10
863.761845
20
587.239642
70
0
0
VERTEX
8
Layer 1
10
863.490932
20
561.813194
70
0
0
VERTEX
8
Layer 1
10
863.784565
20
536.375009
70
0
0
VERTEX
8
Layer 1
10
864.643583
20
510.934572
70
0
0
VERTEX
8
Layer 1
10
866.068825
20
485.501365
70
0
0
VERTEX
8
Layer 1
10
868.061130
20
460.084873
70
0
0
VERTEX
8
Layer 1
10
870.621339
20
434.694578
70
0
0
VERTEX
8
Layer 1
10
873.750290
20
409.339964
70
0
0
VERTEX
8
Layer 1
10
877.448823
20
384.030515
70
0
0
VERTEX
8
Layer 1
10
881.717777
20
358.775714
70
0
0
VERTEX
8
Layer 1
10
886.557991
20
333.585044
70
0
0
VERTEX
8
Layer 1
10
891.970305
20
308.467989
70
0
0
VERTEX
8
Layer 1
10
897.955559
20
283.434032
70
0
0
VERTEX
8
Layer 1
10
904.514591
20
258.492657
70
0
0
SEQEND
8
Layer 1
0
POLYLINE
8
Layer 1
62
7
70
0
10
0.000000
20
0.000000
66
1
0
VERTEX
8
Layer 1
10
874.497121
20
101.660555
70
0
0
VERTEX
8
Layer 1
10
880.237695
20
110.340799
70
0
0
VERTEX
8
Layer 1
10
885.481818
20
119.268904
70
0
0
VERTEX
8
Layer 1
10
890.225459
20
128.423810
70
0
0
VERTEX
8
Layer 1
10
894.464585
20
137.784452
70
0
0
VERTEX
8
Layer 1
10
898.195167
20
147.329767
70
0
0
VERTEX
8
Layer 1
10
901.413172
20
157.038692
70
0
0
VERTEX
8
Layer 1
10
904.114569
20
166.890165
70
0
0
VERTEX
8
Layer 1
10
906.295327
20
176.863122
70
0
0
VERTEX
8
Layer 1
10
907.951413
20
186.936501
70
0
0
VERTEX
8
Layer 1
10
909.078797
20
197.089238
70
0
0
VERTEX
8
Layer 1
10
909.673447
20
207.300270
70
0
0
VERTEX
8
Layer 1
10
909.731332
20
217.548535
70
0
0
VERTEX
8
Layer 1
10
909.248421
20
227.812969
70
0
0
VERTEX
8
Layer 1
10
908.220681
20
238.072510
70
0
0
VERTEX
8
Layer 1
10
906.644082
20
248.306093
70
0
0
VERTEX
8
Layer 1
10
904.514591
20
258.492657
70
0
0
SEQEND
8
Layer 1
0
POLYLINE
8
Layer 1
62
7
70
0
10
0.000000
20
0.000000
66
1
0
VERTEX
8
Layer 1
10
940.740978
20
185.385279
70
0
0
VERTEX
8
Layer 1
10
924.529263
20
124.904224
70
0
0
SEQEND
8
Layer 1
0
POLYLINE
8
Layer 1
62
7
70
0
10
0.000000
20
0.000000
66
1
0
VERTEX
8
Layer 1
10
985.995440
20
373.900637
70
0
0
VERTEX
8
Layer 1
10
984.848454
20
374.215520
70
0
0
VERTEX
8
Layer 1
10
983.709098
20
374.071827
70
0
0
VERTEX
8
Layer 1
10
982.706441
20
373.511954
70
0
0
VERTEX
8
Layer 1
10
981.969551
20
372.578295
70
0
0
VERTEX
8
Layer 1
10
981.651892
20
371.432075
70
0
0
VERTEX
8
Layer 1
10
981.792825
20
370.292374
70
0
0
VERTEX
8
Layer 1
10
982.350268
20
369.288364
70
0
0
VERTEX
8
Layer 1
10
983.282141
20
368.549216
70
0
0
VERTEX
8
Layer 1
10
984.429126
20
368.234333
70
0
0
VERTEX
8
Layer 1
10
985.568482
20
368.378026
70
0
0
VERTEX
8
Layer 1
10
986.571140
20
368.937899
70
0
0
VERTEX
8
Layer 1
10
987.308029
20
369.871558
70
0
0
VERTEX
8
Layer 1
10
987.625689
20
371.017778
70
0
0
VERTEX
8
Layer 1
10
987.484756
20
372.157479
70
0
0
VERTEX
8
Layer 1
10
986.927312
20
373.161489
70
0
0
VERTEX
8
Layer 1
10
985.995440
20
373.900637
70
0
0
VERTEX
8
Layer 1
10
985.995440
20
373.900637
70
0
0
SEQEND
8
Layer 1
0
POLYLINE
8
Layer 1
62
7
70
0
10
0.000000
20
0.000000
66
1
0
VERTEX
8
Layer 1
10
964.858406
20
471.526605
70
0
0
VERTEX
8
Layer 1
10
963.710774
20
471.843151
70
0
0
VERTEX
8
Layer 1
10
962.570339
20
471.700311
70
0
0
VERTEX
8
Layer 1
10
961.566542
20
471.140502
70
0
0
VERTEX
8
Layer 1
10
960.828823
20
470.206140
70
0
0
VERTEX
8
Layer 1
10
960.511079
20
469.058839
70
0
0
VERTEX
8
Layer 1
10
960.652729
20
467.918256
70
0
0
VERTEX
8
Layer 1
10
961.211490
20
466.913875
70
0
0
VERTEX
8
Layer 1
10
962.145081
20
466.175181
70
0
0
VERTEX
8
Layer 1
10
963.292714
20
465.858635
70
0
0
VERTEX
8
Layer 1
10
964.433149
20
466.001475
70
0
0
VERTEX
8
Layer 1
10
965.436946
20
466.561284
70
0
0
VERTEX
8
Layer 1
10
966.174665
20
467.495645
70
0
0
VERTEX
8
Layer 1
10
966.492409
20
468.642947
70
0
0
VERTEX
8
Layer 1
10
966.350759
20
469.783530
70
0
0
VERTEX
8
Layer 1
10
965.791998
20
470.787911
70
0
0
VERTEX
8
Layer 1
10
964.858406
20
471.526605
70
0
0
VERTEX
8
Layer 1
10
964.858406
20
471.526605
70
0
0
SEQEND
8
Layer 1
0
POLYLINE
8
Layer 1
62
7
70
0
10
0.000000
20
0.000000
66
1
0
VERTEX
8
Layer 1
10
979.185073
20
796.234269
70
0
0
VERTEX
8
Layer 1
10
978.037049
20
796.551803
70
0
0
VERTEX
8
Layer 1
10
976.895967
20
796.409464
70
0
0
VERTEX
8
Layer 1
10
975.891490
20
795.849684
70
0
0
VERTEX
8
Layer 1
10
975.153280
20
794.914894
70
0
0
VERTEX
8
Layer 1
10
974.835496
20
793.766939
70
0
0
VERTEX
8
Layer 1
10
974.977585
20
792.625826
70
0
0
VERTEX
8
Layer 1
10
975.537145
20
791.621227
70
0
0
VERTEX
8
Layer 1
10
976.471775
20
790.882813
70
0
0
VERTEX
8
Layer 1
10
977.619799
20
790.565279
70
0
0
VERTEX
8
Layer 1
10
978.760880
20
790.707617
70
0
0
VERTEX
8
Layer 1
10
979.765358
20
791.267397
70
0
0
VERTEX
8
Layer 1
10
980.503568
20
792.202188
70
0
0
VERTEX
8
Layer 1
10
980.821352
20
793.350142
70
0
0
VERTEX
8
Layer 1
10
980.679263
20
794.491255
70
0
0
VERTEX
8
Layer 1
10
980.119702
20
795.495854
70
0
0
VERTEX
8
Layer 1
10
979.185073
20
796.234269
70
0
0
VERTEX
8
Layer 1
10
979.185073
20
796.234269
70
0
0
SEQEND
8
Layer 1
0
POLYLINE
8
Layer 1
62
7
70
0
10
0.000000
20
0.000000
66
1
0
VERTEX
8
Layer 1
10
1092.717295
20
1171.881539
70
0
0
VERTEX
8
Layer 1
10
1091.569271
20
1172.199073
70
0
0
VERTEX
8
Layer 1
10
1090.428189
20
1172.056735
70
0
0
VERTEX
8
Layer 1
10
1089.423712
20
1171.496955
70
0
0
VERTEX
8
Layer 1
10
1088.685501
20
1170.562164
70
0
0
VERTEX
8
Layer 1
10
1088.367717
20
1169.414210
70
0
0
VERTEX
8
Layer 1
10
1088.509806
20
1168.273097
70
0
0
VERTEX
8
Layer 1
10
1089.069367
20
1167.268498
70
0
0
VERTEX
8
Layer 1
10
1090.003996
20
1166.530083
70
0
0
VERTEX
8
Layer 1
10
1091.152020
20
1166.212549
70
0
0
VERTEX
8
Layer 1
10
1092.293102
20
1166.354888
70
0
0
VERTEX
8
Layer 1
10
1093.297579
20
1166.914668
70
0
0
VERTEX
8
Layer 1
10
1094.035789
20
1167.849458
70
0
0
VERTEX
8
Layer 1
10
1094.353574
20
1168.997413
70
0
0
VERTEX
8
Layer 1
10
1094.211484
20
1170.138526
70
0
0
VERTEX
8
Layer 1
10
1093.651924
20
1171.143125
70
0
0
VERTEX
8
Layer 1
10
1092.717295
20
1171.881539
70
0
0
VERTEX
8
Layer 1
10
1092.717295
20
1171.881539
70
0
0
SEQEND
8
Layer 1
0
POLYLINE
8
Layer 1
62
7
70
0
10
0.000000
20
0.000000
66
1
0
VERTEX
8
Layer 1
10
1108.302794
20
1099.461309
70
0
0
VERTEX
8
Layer 1
10
1109.719205
20
1102.218967
70
0
0
VERTEX
8
Layer 1
10
1110.991915
20
1105.031033
70
0
0
VERTEX
8
Layer 1
10
1112.120335
20
1107.891995
70
0
0
VERTEX
8
Layer 1
10
1113.103875
20
1110.796337
70
0
0
VERTEX
8
Layer 1
10
1114.633954
20
1116.713113
70
0
0
VERTEX
8
Layer 1
10
1115.577435
20
1122.737253
70
0
0
VERTEX
8
Layer 1
10
1115.929600
20
1128.824650
70
0
0
VERTEX
8
Layer 1
10
1115.685729
20
1134.931196
70
0
0
VERTEX
8
Layer 1
10
1115.338805
20
1137.977867
70
0
0
VERTEX
8
Layer 1
10
1114.841104
20
1141.012784
70
0
0
VERTEX
8
Layer 1
10
1114.192034
20
1144.030435
70
0
0
VERTEX
8
Layer 1
10
1113.391007
20
1147.025306
70
0
0
VERTEX
8
Layer 1
10
1112.442601
20
1149.976818
70
0
0
VERTEX
8
Layer 1
10
1111.354111
20
1152.865191
70
0
0
VERTEX
8
Layer 1
10
1110.129019
20
1155.686109
70
0
0
VERTEX
8
Layer 1
10
1108.770806
20
1158.435256
70
0
0
VERTEX
8
Layer 1
10
1105.668942
20
1163.700978
70
0
0
VERTEX
8
Layer 1
10
1102.076372
20
1168.627829
70
0
0
VERTEX
8
Layer 1
10
1098.020949
20
1173.181286
70
0
0
VERTEX
8
Layer 1
10
1093.530525
20
1177.326822
70
0
0
VERTEX
8
Layer 1
10
1091.130892
20
1179.235831
70
0
0
VERTEX
8
Layer 1
10
1088.632953
20
1181.029913
70
0
0
VERTEX
8
Layer 1
10
1086.040189
20
1182.704752
70
0
0
VERTEX
8
Layer 1
10
1083.356083
20
1184.256033
70
0
0
SEQEND
8
Layer 1
0
POLYLINE
8
Layer 1
62
7
70
0
10
0.000000
20
0.000000
66
1
0
VERTEX
8
Layer 1
10
1076.171676
20
1171.079535
70
0
0
VERTEX
8
Layer 1
10
1083.356957
20
1184.256377
70
0
0
SEQEND
8
Layer 1
0
POLYLINE
8
Layer 1
62
7
70
0
10
0.000000
20
0.000000
66
1
0
VERTEX
8
Layer 1
10
1095.127884
20
1106.646299
70
0
0
VERTEX
8
Layer 1
10
1097.171325
20
1110.878687
70
0
0
VERTEX
8
Layer 1
10
1098.776186
20
1115.259696
70
0
0
VERTEX
8
Layer 1
10
1099.938881
20
1119.755806
70
0
0
VERTEX
8
Layer 1
10
1100.655824
20
1124.333502
70
0
0
VERTEX
8
Layer 1
10
1100.923431
20
1128.959266
70
0
0
VERTEX
8
Layer 1
10
1100.738114
20
1133.599582
70
0
0
VERTEX
8
Layer 1
10
1100.096290
20
1138.220931
70
0
0
VERTEX
8
Layer 1
10
1098.994372
20
1142.789798
70
0
0
VERTEX
8
Layer 1
10
1097.446551
20
1147.227480
70
0
0
VERTEX
8
Layer 1
10
1095.483517
20
1151.460127
70
0
0
VERTEX
8
Layer 1
10
1093.126434
20
1155.461506
70
0
0
VERTEX
8
Layer 1
10
1090.396468
20
1159.205380
70
0
0
VERTEX
8
Layer 1
10
1087.314784
20
1162.665515
70
0
0
VERTEX
8
Layer 1
10
1083.902546
20
1165.815673
70
0
0
VERTEX
8
Layer 1
10
1080.180919
20
1168.629621
70
0
0
VERTEX
8
Layer 1
10
1076.171067
20
1171.081123
70
0
0
SEQEND
8
Layer 1
0
POLYLINE
8
Layer 1
62
7
70
0
10
0.000000
20
0.000000
66
1
0
VERTEX
8
Layer 1
10
1095.127884
20
1106.646299
70
0
0
VERTEX
8
Layer 1
10
1084.320977
20
1088.629104
70
0
0
VERTEX
8
Layer 1
10
1073.916317
20
1070.418204
70
0
0
VERTEX
8
Layer 1
10
1063.915374
20
1052.020359
70
0
0
VERTEX
8
Layer 1
10
1054.319618
20
1033.442330
70
0
0
VERTEX
8
Layer 1
10
1045.130520
20
1014.690877
70
0
0
VERTEX
8
Layer 1
10
1036.349550
20
995.772762
70
0
0
VERTEX
8
Layer 1
10
1027.978180
20
976.694746
70
0
0
VERTEX
8
Layer 1
10
1020.017879
20
957.463589
70
0
0
VERTEX
8
Layer 1
10
1012.470119
20
938.086052
70
0
0
VERTEX
8
Layer 1
10
1005.336370
20
918.568896
70
0
0
VERTEX
8
Layer 1
10
998.618102
20
898.918882
70
0
0
VERTEX
8
Layer 1
10
992.316786
20
879.142771
70
0
0
VERTEX
8
Layer 1
10
986.433893
20
859.247324
70
0
0
VERTEX
8
Layer 1
10
980.970894
20
839.239301
70
0
0
VERTEX
8
Layer 1
10
975.929258
20
819.125464
70
0
0
VERTEX
8
Layer 1
10
971.310457
20
798.912573
70
0
0
VERTEX
8
Layer 1
10
967.115960
20
778.607389
70
0
0
VERTEX
8
Layer 1
10
963.347240
20
758.216673
70
0
0
VERTEX
8
Layer 1
10
960.005766
20
737.747187
70
0
0
VERTEX
8
Layer 1
10
957.093008
20
717.205690
70
0
0
VERTEX
8
Layer 1
10
954.610438
20
696.598943
70
0
0
VERTEX
8
Layer 1
10
952.559526
20
675.933709
70
0
0
VERTEX
8
Layer 1
10
950.941743
20
655.216746
70
0
0
VERTEX
8
Layer 1
10
949.758559
20
634.454817
70
0
0
VERTEX
8
Layer 1
10
949.011444
20
613.654682
70
0
0
VERTEX
8
Layer 1
10
948.701871
20
592.823103
70
0
0
VERTEX
8
Layer 1
10
948.831308
20
571.966839
70
0
0
VERTEX
8
Layer 1
10
949.401226
20
551.092652
70
0
0
VERTEX
8
Layer 1
10
950.413097
20
530.207302
70
0
0
VERTEX
8
Layer 1
10
951.868391
20
509.317551
70
0
0
VERTEX
8
Layer 1
10
953.768578
20
488.430160
70
0
0
VERTEX
8
Layer 1
10
956.115129
20
467.551888
70
0
0
SEQEND
8
Layer 1
0
POLYLINE
8
Layer 1
62
7
70
0
10
0.000000
20
0.000000
66
1
0
VERTEX
8
Layer 1
10
956.115129
20
467.551888
70
0
0
VERTEX
8
Layer 1
10
959.100304
20
450.120790
70
0
0
VERTEX
8
Layer 1
10
962.426270
20
432.756704
70
0
0
VERTEX
8
Layer 1
10
966.091820
20
415.464598
70
0
0
VERTEX
8
Layer 1
10
970.095746
20
398.249440
70
0
0
VERTEX
8
Layer 1
10
974.436843
20
381.116198
70
0
0
VERTEX
8
Layer 1
10
979.113902
20
364.069840
70
0
0
VERTEX
8
Layer 1
10
984.125717
20
347.115335
70
0
0
VERTEX
8
Layer 1
10
989.471081
20
330.257650
70
0
0
SEQEND
8
Layer 1
0
POLYLINE
8
Layer 1
62
7
70
0
10
0.000000
20
0.000000
66
1
0
VERTEX
8
Layer 1
10
989.470949
20
330.257730
70
0
0
VERTEX
8
Layer 1
10
1003.455457
20
334.810700
70
0
0
SEQEND
8
Layer 1
0
POLYLINE
8
Layer 1
62
7
70
0
10
0.000000
20
0.000000
66
1
0
VERTEX
8
Layer 1
10
974.419166
20
450.463679
70
0
0
VERTEX
8
Layer 1
10
977.173700
20
435.799362
70
0
0
VERTEX
8
Layer 1
10
980.179798
20
421.187932
70
0
0
VERTEX
8
Layer 1
10
983.436651
20
406.632607
70
0
0
VERTEX
8
Layer 1
10
986.943450
20
392.136608
70
0
0
VERTEX
8
Layer 1
10
990.699389
20
377.703156
70
0
0
VERTEX
8
Layer 1
10
994.703657
20
363.335470
70
0
0
VERTEX
8
Layer 1
10
998.955446
20
349.036770
70
0
0
VERTEX
8
Layer 1
10
1003.453949
20
334.810277
70
0
0
SEQEND
8
Layer 1
0
POLYLINE
8
Layer 1
62
7
70
0
10
0.000000
20
0.000000
66
1
0
VERTEX
8
Layer 1
10
968.859060
20
490.046277
70
0
0
VERTEX
8
Layer 1
10
969.970516
20
480.112828
70
0
0
VERTEX
8
Layer 1
10
971.267931
20
470.202838
70
0
0
VERTEX
8
Layer 1
10
972.750936
20
460.318918
70
0
0
VERTEX
8
Layer 1
10
974.419166
20
450.463679
70
0
0
SEQEND
8
Layer 1
0
POLYLINE
8
Layer 1
62
7
70
0
10
0.000000
20
0.000000
66
1
0
VERTEX
8
Layer 1
10
1108.302556
20
1099.460912
70
0
0
VERTEX
8
Layer 1
10
1097.965604
20
1082.280222
70
0
0
VERTEX
8
Layer 1
10
1088.000518
20
1064.918569
70
0
0
VERTEX
8
Layer 1
10
1078.408689
20
1047.382026
70
0
0
VERTEX
8
Layer 1
10
1069.191506
20
1029.676667
70
0
0
VERTEX
8
Layer 1
10
1060.350358
20
1011.808565
70
0
0
VERTEX
8
Layer 1
10
1051.886637
20
993.783795
70
0
0
VERTEX
8
Layer 1
10
1043.801730
20
975.608430
70
0
0
VERTEX
8
Layer 1
10
1036.097029
20
957.288544
70
0
0
VERTEX
8
Layer 1
10
1028.773923
20
938.830210
70
0
0
VERTEX
8
Layer 1
10
1021.833801
20
920.239501
70
0
0
VERTEX
8
Layer 1
10
1015.278054
20
901.522492
70
0
0
VERTEX
8
Layer 1
10
1009.108070
20
882.685256
70
0
0
VERTEX
8
Layer 1
10
1003.325241
20
863.733867
70
0
0
VERTEX
8
Layer 1
10
997.930955
20
844.674398
70
0
0
VERTEX
8
Layer 1
10
992.926602
20
825.512923
70
0
0
VERTEX
8
Layer 1
10
988.313573
20
806.255516
70
0
0
VERTEX
8
Layer 1
10
984.093256
20
786.908250
70
0
0
VERTEX
8
Layer 1
10
980.267041
20
767.477198
70
0
0
VERTEX
8
Layer 1
10
976.836319
20
747.968436
70
0
0
VERTEX
8
Layer 1
10
973.802479
20
728.388035
70
0
0
VERTEX
8
Layer 1
10
971.166911
20
708.742070
70
0
0
VERTEX
8
Layer 1
10
968.931004
20
689.036615
70
0
0
VERTEX
8
Layer 1
10
967.096149
20
669.277743
70
0
0
VERTEX
8
Layer 1
10
965.663734
20
649.471527
70
0
0
VERTEX
8
Layer 1
10
964.635150
20
629.624041
70
0
0
VERTEX
8
Layer 1
10
964.011786
20
609.741360
70
0
0
VERTEX
8
Layer 1
10
963.795033
20
589.829556
70
0
0
VERTEX
8
Layer 1
10
963.986280
20
569.894703
70
0
0
VERTEX
8
Layer 1
10
964.586916
20
549.942875
70
0
0
VERTEX
8
Layer 1
10
965.598332
20
529.980146
70
0
0
VERTEX
8
Layer 1
10
967.021916
20
510.012588
70
0
0
VERTEX
8
Layer 1
10
968.859060
20
490.046277
70
0
0
SEQEND
8
Layer 1
0
POLYLINE
8
Layer 1
62
7
70
0
10
0.000000
20
0.000000
66
1
0
VERTEX
8
Layer 1
10
984.197043
20
1167.541373
70
0
0
VERTEX
8
Layer 1
10
983.059242
20
1167.888730
70
0
0
VERTEX
8
Layer 1
10
981.916079
20
1167.777316
70
0
0
VERTEX
8
Layer 1
10
980.897840
20
1167.245881
70
0
0
VERTEX
8
Layer 1
10
980.134811
20
1166.333175
70
0
0
VERTEX
8
Layer 1
10
979.785018
20
1165.196121
70
0
0
VERTEX
8
Layer 1
10
979.893984
20
1164.052723
70
0
0
VERTEX
8
Layer 1
10
980.423237
20
1163.033348
70
0
0
VERTEX
8
Layer 1
10
981.334307
20
1162.268366
70
0
0
VERTEX
8
Layer 1
10
982.472108
20
1161.921008
70
0
0
VERTEX
8
Layer 1
10
983.615270
20
1162.032422
70
0
0
VERTEX
8
Layer 1
10
984.633510
20
1162.563857
70
0
0
VERTEX
8
Layer 1
10
985.396539
20
1163.476563
70
0
0
VERTEX
8
Layer 1
10
985.746332
20
1164.613617
70
0
0
VERTEX
8
Layer 1
10
985.637366
20
1165.757016
70
0
0
VERTEX
8
Layer 1
10
985.108113
20
1166.776391
70
0
0
VERTEX
8
Layer 1
10
984.197043
20
1167.541373
70
0
0
VERTEX
8
Layer 1
10
984.197043
20
1167.541373
70
0
0
SEQEND
8
Layer 1
0
POLYLINE
8
Layer 1
62
7
70
0
10
0.000000
20
0.000000
66
1
0
VERTEX
8
Layer 1
10
778.157476
20
808.113146
70
0
0
VERTEX
8
Layer 1
10
777.020079
20
808.459393
70
0
0
VERTEX
8
Layer 1
10
775.877617
20
808.347400
70
0
0
VERTEX
8
Layer 1
10
774.860131
20
807.815907
70
0
0
VERTEX
8
Layer 1
10
774.097662
20
806.903656
70
0
0
VERTEX
8
Layer 1
10
773.747941
20
805.767322
70
0
0
VERTEX
8
Layer 1
10
773.856443
20
804.624523
70
0
0
VERTEX
8
Layer 1
10
774.384824
20
803.605418
70
0
0
VERTEX
8
Layer 1
10
775.294741
20
802.840165
70
0
0
VERTEX
8
Layer 1
10
776.432139
20
802.493918
70
0
0
VERTEX
8
Layer 1
10
777.574601
20
802.605911
70
0
0
VERTEX
8
Layer 1
10
778.592086
20
803.137404
70
0
0
VERTEX
8
Layer 1
10
779.354555
20
804.049655
70
0
0
VERTEX
8
Layer 1
10
779.704276
20
805.185989
70
0
0
VERTEX
8
Layer 1
10
779.595774
20
806.328788
70
0
0
VERTEX
8
Layer 1
10
779.067393
20
807.347893
70
0
0
VERTEX
8
Layer 1
10
778.157476
20
808.113146
70
0
0
VERTEX
8
Layer 1
10
778.157476
20
808.113146
70
0
0
SEQEND
8
Layer 1
0
POLYLINE
8
Layer 1
62
7
70
0
10
0.000000
20
0.000000
66
1
0
VERTEX
8
Layer 1
10
992.233248
20
1152.879691
70
0
0
VERTEX
8
Layer 1
10
987.913783
20
1155.111748
70
0
0
VERTEX
8
Layer 1
10
983.476721
20
1156.863194
70
0
0
VERTEX
8
Layer 1
10
978.954707
20
1158.142645
70
0
0
VERTEX
8
Layer 1
10
974.380383
20
1158.958714
70
0
0
VERTEX
8
Layer 1
10
969.786395
20
1159.320014
70
0
0
VERTEX
8
Layer 1
10
965.205385
20
1159.235159
70
0
0
VERTEX
8
Layer 1
10
960.669996
20
1158.712763
70
0
0
VERTEX
8
Layer 1
10
956.212874
20
1157.761440
70
0
0
VERTEX
8
Layer 1
10
951.866660
20
1156.389804
70
0
0
VERTEX
8
Layer 1
10
947.664000
20
1154.606467
70
0
0
VERTEX
8
Layer 1
10
943.637535
20
1152.420045
70
0
0
VERTEX
8
Layer 1
10
939.819912
20
1149.839151
70
0
0
VERTEX
8
Layer 1
10
936.243771
20
1146.872398
70
0
0
VERTEX
8
Layer 1
10
932.941758
20
1143.528400
70
0
0
VERTEX
8
Layer 1
10
929.946517
20
1139.815772
70
0
0
VERTEX
8
Layer 1
10
927.290690
20
1135.743126
70
0
0
SEQEND
8
Layer 1
0
POLYLINE
8
Layer 1
62
7
70
0
10
0.000000
20
0.000000
66
1
0
VERTEX
8
Layer 1
10
999.786061
20
1165.847327
70
0
0
VERTEX
8
Layer 1
10
996.965929
20
1167.395761
70
0
0
VERTEX
8
Layer 1
10
994.101738
20
1168.784661
70
0
0
VERTEX
8
Layer 1
10
991.198859
20
1170.015442
70
0
0
VERTEX
8
Layer 1
10
988.262661
20
1171.089522
70
0
0
VERTEX
8
Layer 1
10
985.298514
20
1172.008318
70
0
0
VERTEX
8
Layer 1
10
982.311789
20
1172.773246
70
0
0
VERTEX
8
Layer 1
10
979.307854
20
1173.385724
70
0
0
VERTEX
8
Layer 1
10
976.292079
20
1173.847169
70
0
0
VERTEX
8
Layer 1
10
970.246492
20
1174.322626
70
0
0
VERTEX
8
Layer 1
10
964.217984
20
1174.210953
70
0
0
VERTEX
8
Layer 1
10
958.249514
20
1173.523485
70
0
0
VERTEX
8
Layer 1
10
952.384041
20
1172.271558
70
0
0
VERTEX
8
Layer 1
10
946.664523
20
1170.466507
70
0
0
VERTEX
8
Layer 1
10
941.133917
20
1168.119669
70
0
0
VERTEX
8
Layer 1
10
935.835184
20
1165.242378
70
0
0
VERTEX
8
Layer 1
10
930.811280
20
1161.845971
70
0
0
VERTEX
8
Layer 1
10
928.415814
20
1159.956641
70
0
0
VERTEX
8
Layer 1
10
926.105165
20
1157.941782
70
0
0
VERTEX
8
Layer 1
10
923.884703
20
1155.802812
70
0
0
VERTEX
8
Layer 1
10
921.759797
20
1153.541148
70
0
0
VERTEX
8
Layer 1
10
919.735817
20
1151.158207
70
0
0
VERTEX
8
Layer 1
10
917.818133
20
1148.655404
70
0
0
VERTEX
8
Layer 1
10
916.012115
20
1146.034158
70
0
0
VERTEX
8
Layer 1
10
914.323133
20
1143.295886
70
0
0
SEQEND
8
Layer 1
0
POLYLINE
8
Layer 1
62
7
70
0
10
0.000000
20
0.000000
66
1
0
VERTEX
8
Layer 1
10
992.232852
20
1152.880299
70
0
0
VERTEX
8
Layer 1
10
999.784712
20
1165.847486
70
0
0
SEQEND
8
Layer 1
0
POLYLINE
8
Layer 1
62
7
70
0
10
0.000000
20
0.000000
66
1
0
VERTEX
8
Layer 1
10
775.667009
20
334.333713
70
0
0
VERTEX
8
Layer 1
10
774.529810
20
334.679406
70
0
0
VERTEX
8
Layer 1
10
773.387696
20
334.567122
70
0
0
VERTEX
8
Layer 1
10
772.370585
20
334.035598
70
0
0
VERTEX
8
Layer 1
10
771.608395
20
333.123572
70
0
0
VERTEX
8
Layer 1
10
771.258710
20
331.987594
70
0
0
VERTEX
8
Layer 1
10
771.366982
20
330.845092
70
0
0
VERTEX
8
Layer 1
10
771.894930
20
329.826121
70
0
0
VERTEX
8
Layer 1
10
772.804274
20
329.060732
70
0
0
VERTEX
8
Layer 1
10
773.941474
20
328.715039
70
0
0
VERTEX
8
Layer 1
10
775.083588
20
328.827323
70
0
0
VERTEX
8
Layer 1
10
776.100698
20
329.358847
70
0
0
VERTEX
8
Layer 1
10
776.862888
20
330.270873
70
0
0
VERTEX
8
Layer 1
10
777.212573
20
331.406852
70
0
0
VERTEX
8
Layer 1
10
777.104302
20
332.549353
70
0
0
VERTEX
8
Layer 1
10
776.576353
20
333.568324
70
0
0
VERTEX
8
Layer 1
10
775.667009
20
334.333713
70
0
0
VERTEX
8
Layer 1
10
775.667009
20
334.333713
70
0
0
SEQEND
8
Layer 1
0
POLYLINE
8
Layer 1
62
7
70
0
10
0.000000
20
0.000000
66
1
0
VERTEX
8
Layer 1
10
752.454402
20
440.736782
70
0
0
VERTEX
8
Layer 1
10
751.316582
20
441.084212
70
0
0
VERTEX
8
Layer 1
10
750.173378
20
440.972840
70
0
0
VERTEX
8
Layer 1
10
749.155092
20
440.441415
70
0
0
VERTEX
8
Layer 1
10
748.392025
20
439.528688
70
0
0
VERTEX
8
Layer 1
10
748.042222
20
438.391595
70
0
0
VERTEX
8
Layer 1
10
748.151208
20
437.248162
70
0
0
VERTEX
8
Layer 1
10
748.680507
20
436.228769
70
0
0
VERTEX
8
Layer 1
10
749.591640
20
435.463799
70
0
0
VERTEX
8
Layer 1
10
750.729461
20
435.116369
70
0
0
VERTEX
8
Layer 1
10
751.872664
20
435.227741
70
0
0
VERTEX
8
Layer 1
10
752.890950
20
435.759166
70
0
0
VERTEX
8
Layer 1
10
753.654017
20
436.671893
70
0
0
VERTEX
8
Layer 1
10
754.003821
20
437.808986
70
0
0
VERTEX
8
Layer 1
10
753.894834
20
438.952420
70
0
0
VERTEX
8
Layer 1
10
753.365535
20
439.971812
70
0
0
VERTEX
8
Layer 1
10
752.454402
20
440.736782
70
0
0
VERTEX
8
Layer 1
10
752.454402
20
440.736782
70
0
0
SEQEND
8
Layer 1
0
POLYLINE
8
Layer 1
62
7
70
0
10
0.000000
20
0.000000
66
1
0
VERTEX
8
Layer 1
10
927.290690
20
1135.743126
70
0
0
VERTEX
8
Layer 1
10
914.971508
20
1116.289990
70
0
0
VERTEX
8
Layer 1
10
903.088764
20
1096.613588
70
0
0
VERTEX
8
Layer 1
10
891.644250
20
1076.721317
70
0
0
VERTEX
8
Layer 1
10
880.639759
20
1056.620574
70
0
0
VERTEX
8
Layer 1
10
870.077085
20
1036.318755
70
0
0
VERTEX
8
Layer 1
10
859.958021
20
1015.823258
70
0
0
VERTEX
8
Layer 1
10
850.284359
20
995.141478
70
0
0
VERTEX
8
Layer 1
10
841.057893
20
974.280814
70
0
0
VERTEX
8
Layer 1
10
832.280415
20
953.248661
70
0
0
VERTEX
8
Layer 1
10
823.953719
20
932.052416
70
0
0
VERTEX
8
Layer 1
10
816.079598
20
910.699477
70
0
0
VERTEX
8
Layer 1
10
808.659844
20
889.197239
70
0
0
VERTEX
8
Layer 1
10
801.696250
20
867.553101
70
0
0
VERTEX
8
Layer 1
10
795.190611
20
845.774458
70
0
0
VERTEX
8
Layer 1
10
789.144718
20
823.868708
70
0
0
VERTEX
8
Layer 1
10
783.560365
20
801.843247
70
0
0
VERTEX
8
Layer 1
10
778.439344
20
779.705471
70
0
0
VERTEX
8
Layer 1
10
773.783449
20
757.462779
70
0
0
VERTEX
8
Layer 1
10
769.594473
20
735.122566
70
0
0
VERTEX
8
Layer 1
10
765.874209
20
712.692230
70
0
0
VERTEX
8
Layer 1
10
762.624449
20
690.179166
70
0
0
VERTEX
8
Layer 1
10
759.846987
20
667.590773
70
0
0
VERTEX
8
Layer 1
10
757.543616
20
644.934446
70
0
0
VERTEX
8
Layer 1
10
755.716129
20
622.217583
70
0
0
VERTEX
8
Layer 1
10
754.366319
20
599.447581
70
0
0
VERTEX
8
Layer 1
10
753.495978
20
576.631835
70
0
0
VERTEX
8
Layer 1
10
753.106901
20
553.777744
70
0
0
VERTEX
8
Layer 1
10
753.200879
20
530.892703
70
0
0
VERTEX
8
Layer 1
10
753.779706
20
507.984109
70
0
0
VERTEX
8
Layer 1
10
754.845176
20
485.059360
70
0
0
VERTEX
8
Layer 1
10
756.399080
20
462.125852
70
0
0
VERTEX
8
Layer 1
10
758.443212
20
439.190983
70
0
0
SEQEND
8
Layer 1
0
POLYLINE
8
Layer 1
62
7
70
0
10
0.000000
20
0.000000
66
1
0
VERTEX
8
Layer 1
10
758.443212
20
439.190983
70
0
0
VERTEX
8
Layer 1
10
761.596148
20
420.117724
70
0
0
VERTEX
8
Layer 1
10
765.081740
20
401.106963
70
0
0
VERTEX
8
Layer 1
10
768.898995
20
382.163030
70
0
0
VERTEX
8
Layer 1
10
773.046923
20
363.290256
70
0
0
VERTEX
8
Layer 1
10
777.524530
20
344.492970
70
0
0
VERTEX
8
Layer 1
10
782.330827
20
325.775504
70
0
0
VERTEX
8
Layer 1
10
787.464821
20
307.142187
70
0
0
VERTEX
8
Layer 1
10
792.925520
20
288.597350
70
0
0
SEQEND
8
Layer 1
0
POLYLINE
8
Layer 1
62
7
70
0
10
0.000000
20
0.000000
66
1
0
VERTEX
8
Layer 1
10
778.865077
20
284.453160
70
0
0
VERTEX
8
Layer 1
10
792.925547
20
288.597110
70
0
0
SEQEND
8
Layer 1
0
POLYLINE
8
Layer 1
62
7
70
0
10
0.000000
20
0.000000
66
1
0
VERTEX
8
Layer 1
10
750.454737
20
397.600890
70
0
0
VERTEX
8
Layer 1
10
753.374044
20
383.305094
70
0
0
VERTEX
8
Layer 1
10
756.474772
20
369.049364
70
0
0
VERTEX
8
Layer 1
10
759.756491
20
354.835420
70
0
0
VERTEX
8
Layer 1
10
763.218768
20
340.664983
70
0
0
VERTEX
8
Layer 1
10
766.861170
20
326.539773
70
0
0
VERTEX
8
Layer 1
10
770.683266
20
312.461511
70
0
0
VERTEX
8
Layer 1
10
774.684624
20
298.431918
70
0
0
VERTEX
8
Layer 1
10
778.864812
20
284.452713
70
0
0
SEQEND
8
Layer 1
0
POLYLINE
8
Layer 1
62
7
70
0
10
0.000000
20
0.000000
66
1
0
VERTEX
8
Layer 1
10
740.166797
20
476.861712
70
0
0
VERTEX
8
Layer 1
10
740.879556
20
466.886908
70
0
0
VERTEX
8
Layer 1
10
741.756622
20
456.927256
70
0
0
VERTEX
8
Layer 1
10
742.797731
20
446.984781
70
0
0
VERTEX
8
Layer 1
10
744.002622
20
437.061506
70
0
0
VERTEX
8
Layer 1
10
745.371030
20
427.159455
70
0
0
VERTEX
8
Layer 1
10
746.902694
20
417.280653
70
0
0
VERTEX
8
Layer 1
10
748.597350
20
407.427123
70
0
0
VERTEX
8
Layer 1
10
750.454737
20
397.600890
70
0
0
SEQEND
8
Layer 1
0
POLYLINE
8
Layer 1
62
7
70
0
10
0.000000
20
0.000000
66
1
0
VERTEX
8
Layer 1
10
914.323133
20
1143.295886
70
0
0
VERTEX
8
Layer 1
10
902.523709
20
1124.652944
70
0
0
VERTEX
8
Layer 1
10
891.117945
20
1105.806122
70
0
0
VERTEX
8
Layer 1
10
880.107487
20
1086.761723
70
0
0
VERTEX
8
Layer 1
10
869.493983
20
1067.526051
70
0
0
VERTEX
8
Layer 1
10
859.279079
20
1048.105408
70
0
0
VERTEX
8
Layer 1
10
849.464424
20
1028.506099
70
0
0
VERTEX
8
Layer 1
10
840.051665
20
1008.734426
70
0
0
VERTEX
8
Layer 1
10
831.042447
20
988.796693
70
0
0
VERTEX
8
Layer 1
10
822.438420
20
968.699203
70
0
0
VERTEX
8
Layer 1
10
814.241230
20
948.448259
70
0
0
VERTEX
8
Layer 1
10
806.452524
20
928.050166
70
0
0
VERTEX
8
Layer 1
10
799.073950
20
907.511226
70
0
0
VERTEX
8
Layer 1
10
792.107154
20
886.837742
70
0
0
VERTEX
8
Layer 1
10
785.553784
20
866.036018
70
0
0
VERTEX
8
Layer 1
10
779.415488
20
845.112357
70
0
0
VERTEX
8
Layer 1
10
773.693911
20
824.073062
70
0
0
VERTEX
8
Layer 1
10
768.390703
20
802.924438
70
0
0
VERTEX
8
Layer 1
10
763.507509
20
781.672786
70
0
0
VERTEX
8
Layer 1
10
759.045977
20
760.324411
70
0
0
VERTEX
8
Layer 1
10
755.007755
20
738.885616
70
0
0
VERTEX
8
Layer 1
10
751.394489
20
717.362704
70
0
0
VERTEX
8
Layer 1
10
748.207826
20
695.761979
70
0
0
VERTEX
8
Layer 1
10
745.449415
20
674.089743
70
0
0
VERTEX
8
Layer 1
10
743.120902
20
652.352300
70
0
0
VERTEX
8
Layer 1
10
741.223934
20
630.555954
70
0
0
VERTEX
8
Layer 1
10
739.760159
20
608.707008
70
0
0
VERTEX
8
Layer 1
10
738.731224
20
586.811765
70
0
0
VERTEX
8
Layer 1
10
738.138775
20
564.876528
70
0
0
VERTEX
8
Layer 1
10
737.984461
20
542.907601
70
0
0
VERTEX
8
Layer 1
10
738.269929
20
520.911287
70
0
0
VERTEX
8
Layer 1
10
738.996825
20
498.893890
70
0
0
VERTEX
8
Layer 1
10
740.166797
20
476.861712
70
0
0
SEQEND
8
Layer 1
0
POLYLINE
8
Layer 1
62
7
70
0
10
0.000000
20
0.000000
66
1
0
VERTEX
8
Layer 1
10
990.228159
20
274.782083
70
0
0
VERTEX
8
Layer 1
10
989.717663
20
275.857450
70
0
0
VERTEX
8
Layer 1
10
988.864246
20
276.627166
70
0
0
VERTEX
8
Layer 1
10
987.784581
20
277.021004
70
0
0
VERTEX
8
Layer 1
10
986.595343
20
276.968737
70
0
0
VERTEX
8
Layer 1
10
985.519377
20
276.459504
70
0
0
VERTEX
8
Layer 1
10
984.748659
20
275.606992
70
0
0
VERTEX
8
Layer 1
10
984.353552
20
274.527791
70
0
0
VERTEX
8
Layer 1
10
984.404423
20
273.338492
70
0
0
VERTEX
8
Layer 1
10
984.914919
20
272.263125
70
0
0
VERTEX
8
Layer 1
10
985.768336
20
271.493408
70
0
0
VERTEX
8
Layer 1
10
986.848001
20
271.099570
70
0
0
VERTEX
8
Layer 1
10
988.037239
20
271.151837
70
0
0
VERTEX
8
Layer 1
10
989.113205
20
271.661070
70
0
0
VERTEX
8
Layer 1
10
989.883923
20
272.513583
70
0
0
VERTEX
8
Layer 1
10
990.279029
20
273.592784
70
0
0
VERTEX
8
Layer 1
10
990.228159
20
274.782083
70
0
0
VERTEX
8
Layer 1
10
990.228159
20
274.782083
70
0
0
SEQEND
8
Layer 1
0
POLYLINE
8
Layer 1
62
7
70
0
10
0.000000
20
0.000000
66
1
0
VERTEX
8
Layer 1
10
963.094590
20
345.682223
70
0
0
VERTEX
8
Layer 1
10
962.805464
20
346.416999
70
0
0
VERTEX
8
Layer 1
10
962.343573
20
347.041461
70
0
0
VERTEX
8
Layer 1
10
961.736931
20
347.526520
70
0
0
VERTEX
8
Layer 1
10
961.013554
20
347.843087
70
0
0
VERTEX
8
Layer 1
10
960.232656
20
347.960084
70
0
0
VERTEX
8
Layer 1
10
959.460911
20
347.872306
70
0
0
VERTEX
8
Layer 1
10
958.737516
20
347.589468
70
0
0
VERTEX
8
Layer 1
10
958.101673
20
347.121289
70
0
0
VERTEX
8
Layer 1
10
957.609901
20
346.503510
70
0
0
VERTEX
8
Layer 1
10
957.300046
20
345.791269
70
0
0
VERTEX
8
Layer 1
10
957.183294
20
345.023373
70
0
0
VERTEX
8
Layer 1
10
957.270828
20
344.238626
70
0
0
VERTEX
8
Layer 1
10
957.780614
20
343.161913
70
0
0
VERTEX
8
Layer 1
10
958.634086
20
342.391025
70
0
0
VERTEX
8
Layer 1
10
959.714349
20
341.996417
70
0
0
VERTEX
8
Layer 1
10
960.904507
20
342.048543
70
0
0
VERTEX
8
Layer 1
10
961.981220
20
342.558330
70
0
0
VERTEX
8
Layer 1
10
962.752108
20
343.411802
70
0
0
VERTEX
8
Layer 1
10
963.146717
20
344.492065
70
0
0
VERTEX
8
Layer 1
10
963.094590
20
345.682223
70
0
0
VERTEX
8
Layer 1
10
963.094590
20
345.682223
70
0
0
SEQEND
8
Layer 1
0
POLYLINE
8
Layer 1
62
7
70
0
10
0.000000
20
0.000000
66
1
0
VERTEX
8
Layer 1
10
950.287530
20
343.523720
70
0
0
VERTEX
8
Layer 1
10
968.632260
20
266.306405
70
0
0
SEQEND
8
Layer 1
0
POLYLINE
8
Layer 1
62
7
70
0
10
0.000000
20
0.000000
66
1
0
VERTEX
8
Layer 1
10
968.632260
20
266.306405
70
0
0
VERTEX
8
Layer 1
10
1004.140171
20
234.249552
70
0
0
SEQEND
8
Layer 1
0
POLYLINE
8
Layer 1
62
7
70
0
10
0.000000
20
0.000000
66
1
0
VERTEX
8
Layer 1
10
1011.835250
20
200.705217
70
0
0
VERTEX
8
Layer 1
10
1012.632866
20
202.915046
70
0
0
VERTEX
8
Layer 1
10
1013.249541
20
205.155347
70
0
0
VERTEX
8
Layer 1
10
1013.687516
20
207.416350
70
0
0
VERTEX
8
Layer 1
10
1013.949033
20
209.688286
70
0
0
VERTEX
8
Layer 1
10
1014.036333
20
211.961386
70
0
0
VERTEX
8
Layer 1
10
1013.951658
20
214.225880
70
0
0
VERTEX
8
Layer 1
10
1013.697249
20
216.471998
70
0
0
VERTEX
8
Layer 1
10
1013.275348
20
218.689972
70
0
0
VERTEX
8
Layer 1
10
1012.688195
20
220.870032
70
0
0
VERTEX
8
Layer 1
10
1011.938033
20
223.002409
70
0
0
VERTEX
8
Layer 1
10
1011.027103
20
225.077332
70
0
0
VERTEX
8
Layer 1
10
1009.957646
20
227.085034
70
0
0
VERTEX
8
Layer 1
10
1008.731903
20
229.015743
70
0
0
VERTEX
8
Layer 1
10
1007.352117
20
230.859692
70
0
0
VERTEX
8
Layer 1
10
1005.820528
20
232.607111
70
0
0
VERTEX
8
Layer 1
10
1004.139378
20
234.248229
70
0
0
SEQEND
8
Layer 1
0
POLYLINE
8
Layer 1
62
7
70
0
10
0.000000
20
0.000000
66
1
0
VERTEX
8
Layer 1
10
1000.195054
20
97.513402
70
0
0
VERTEX
8
Layer 1
10
1058.770079
20
241.925131
70
0
0
SEQEND
8
Layer 1
0
POLYLINE
8
Layer 1
62
7
70
0
10
0.000000
20
0.000000
66
1
0
VERTEX
8
Layer 1
10
970.078894
20
346.397406
70
0
0
VERTEX
8
Layer 1
10
970.824770
20
341.834289
70
0
0
VERTEX
8
Layer 1
10
971.728164
20
337.323340
70
0
0
VERTEX
8
Layer 1
10
972.786391
20
332.867718
70
0
0
VERTEX
8
Layer 1
10
973.996771
20
328.470582
70
0
0
VERTEX
8
Layer 1
10
975.356620
20
324.135094
70
0
0
VERTEX
8
Layer 1
10
976.863255
20
319.864413
70
0
0
VERTEX
8
Layer 1
10
978.513995
20
315.661697
70
0
0
VERTEX
8
Layer 1
10
980.306158
20
311.530108
70
0
0
VERTEX
8
Layer 1
10
982.237059
20
307.472805
70
0
0
VERTEX
8
Layer 1
10
984.304018
20
303.492948
70
0
0
VERTEX
8
Layer 1
10
986.504351
20
299.593696
70
0
0
VERTEX
8
Layer 1
10
988.835376
20
295.778210
70
0
0
VERTEX
8
Layer 1
10
991.294410
20
292.049648
70
0
0
VERTEX
8
Layer 1
10
993.878772
20
288.411172
70
0
0
VERTEX
8
Layer 1
10
996.585778
20
284.865940
70
0
0
VERTEX
8
Layer 1
10
999.412746
20
281.417112
70
0
0
VERTEX
8
Layer 1
10
1002.356994
20
278.067848
70
0
0
VERTEX
8
Layer 1
10
1005.415840
20
274.821309
70
0
0
VERTEX
8
Layer 1
10
1008.586599
20
271.680653
70
0
0
VERTEX
8
Layer 1
10
1011.866591
20
268.649040
70
0
0
VERTEX
8
Layer 1
10
1015.253133
20
265.729631
70
0
0
VERTEX
8
Layer 1
10
1018.743542
20
262.925585
70
0
0
VERTEX
8
Layer 1
10
1022.335136
20
260.240061
70
0
0
VERTEX
8
Layer 1
10
1026.025232
20
257.676220
70
0
0
VERTEX
8
Layer 1
10
1029.811147
20
255.237222
70
0
0
VERTEX
8
Layer 1
10
1033.690201
20
252.926225
70
0
0
VERTEX
8
Layer 1
10
1037.659709
20
250.746391
70
0
0
VERTEX
8
Layer 1
10
1041.716989
20
248.700878
70
0
0
VERTEX
8
Layer 1
10
1045.859359
20
246.792846
70
0
0
VERTEX
8
Layer 1
10
1050.084137
20
245.025455
70
0
0
VERTEX
8
Layer 1
10
1054.388639
20
243.401866
70
0
0
VERTEX
8
Layer 1
10
1058.770184
20
241.925237
70
0
0
SEQEND
8
Layer 1
0
POLYLINE
8
Layer 1
62
7
70
0
10
0.000000
20
0.000000
66
1
0
VERTEX
8
Layer 1
10
1033.320051
20
1017.391420
70
0
0
VERTEX
8
Layer 1
10
1032.810128
20
1018.467874
70
0
0
VERTEX
8
Layer 1
10
1031.956667
20
1019.238537
70
0
0
VERTEX
8
Layer 1
10
1030.876519
20
1019.632998
70
0
0
VERTEX
8
Layer 1
10
1029.686538
20
1019.580845
70
0
0
VERTEX
8
Layer 1
10
1028.609968
20
1019.071166
70
0
0
VERTEX
8
Layer 1
10
1027.839111
20
1018.217880
70
0
0
VERTEX
8
Layer 1
10
1027.444406
20
1017.137821
70
0
0
VERTEX
8
Layer 1
10
1027.496289
20
1015.947828
70
0
0
VERTEX
8
Layer 1
10
1028.006212
20
1014.871374
70
0
0
VERTEX
8
Layer 1
10
1028.859673
20
1014.100711
70
0
0
VERTEX
8
Layer 1
10
1029.939821
20
1013.706250
70
0
0
VERTEX
8
Layer 1
10
1031.129802
20
1013.758403
70
0
0
VERTEX
8
Layer 1
10
1032.206372
20
1014.268082
70
0
0
VERTEX
8
Layer 1
10
1032.977229
20
1015.121368
70
0
0
VERTEX
8
Layer 1
10
1033.371934
20
1016.201427
70
0
0
VERTEX
8
Layer 1
10
1033.320051
20
1017.391420
70
0
0
VERTEX
8
Layer 1
10
1033.320051
20
1017.391420
70
0
0
SEQEND
8
Layer 1
0
POLYLINE
8
Layer 1
62
7
70
0
10
0.000000
20
0.000000
66
1
0
VERTEX
8
Layer 1
10
956.190085
20
822.468282
70
0
0
VERTEX
8
Layer 1
10
955.680164
20
823.544749
70
0
0
VERTEX
8
Layer 1
10
954.826698
20
824.315421
70
0
0
VERTEX
8
Layer 1
10
953.746542
20
824.709885
70
0
0
VERTEX
8
Layer 1
10
952.556550
20
824.657729
70
0
0
VERTEX
8
Layer 1
10
951.479973
20
824.148039
70
0
0
VERTEX
8
Layer 1
10
950.709118
20
823.294739
70
0
0
VERTEX
8
Layer 1
10
950.314422
20
822.214667
70
0
0
VERTEX
8
Layer 1
10
950.366322
20
821.024664
70
0
0
VERTEX
8
Layer 1
10
950.876243
20
819.948197
70
0
0
VERTEX
8
Layer 1
10
951.729710
20
819.177525
70
0
0
VERTEX
8
Layer 1
10
952.809866
20
818.783060
70
0
0
VERTEX
8
Layer 1
10
953.999858
20
818.835217
70
0
0
VERTEX
8
Layer 1
10
955.076434
20
819.344906
70
0
0
VERTEX
8
Layer 1
10
955.847290
20
820.198207
70
0
0
VERTEX
8
Layer 1
10
956.241986
20
821.278279
70
0
0
VERTEX
8
Layer 1
10
956.190085
20
822.468282
70
0
0
VERTEX
8
Layer 1
10
956.190085
20
822.468282
70
0
0
SEQEND
8
Layer 1
0
POLYLINE
8
Layer 1
62
7
70
0
10
0.000000
20
0.000000
66
1
0
VERTEX
8
Layer 1
10
990.133597
20
103.497766
70
0
0
VERTEX
8
Layer 1
10
989.623101
20
104.573133
70
0
0
VERTEX
8
Layer 1
10
988.769684
20
105.342850
70
0
0
VERTEX
8
Layer 1
10
987.690019
20
105.736688
70
0
0
VERTEX
8
Layer 1
10
986.500781
20
105.684421
70
0
0
VERTEX
8
Layer 1
10
985.424815
20
105.175188
70
0
0
VERTEX
8
Layer 1
10
984.654097
20
104.322675
70
0
0
VERTEX
8
Layer 1
10
984.258990
20
103.243474
70
0
0
VERTEX
8
Layer 1
10
984.309861
20
102.054175
70
0
0
VERTEX
8
Layer 1
10
984.820357
20
100.978808
70
0
0
VERTEX
8
Layer 1
10
985.673774
20
100.209092
70
0
0
VERTEX
8
Layer 1
10
986.753439
20
99.815254
70
0
0
VERTEX
8
Layer 1
10
987.942677
20
99.867521
70
0
0
VERTEX
8
Layer 1
10
989.018643
20
100.376754
70
0
0
VERTEX
8
Layer 1
10
989.789361
20
101.229266
70
0
0
VERTEX
8
Layer 1
10
990.184467
20
102.308467
70
0
0
VERTEX
8
Layer 1
10
990.133597
20
103.497766
70
0
0
VERTEX
8
Layer 1
10
990.133597
20
103.497766
70
0
0
SEQEND
8
Layer 1
0
POLYLINE
8
Layer 1
62
7
70
0
10
0.000000
20
0.000000
66
1
0
VERTEX
8
Layer 1
10
1044.413779
20
1055.470549
70
0
0
VERTEX
8
Layer 1
10
1038.447453
20
1045.407909
70
0
0
VERTEX
8
Layer 1
10
1032.619990
20
1035.282417
70
0
0
VERTEX
8
Layer 1
10
1026.931576
20
1025.095485
70
0
0
VERTEX
8
Layer 1
10
1021.382398
20
1014.848522
70
0
0
VERTEX
8
Layer 1
10
1015.972643
20
1004.542940
70
0
0
VERTEX
8
Layer 1
10
1010.702496
20
994.180149
70
0
0
VERTEX
8
Layer 1
10
1000.581775
20
973.288582
70
0
0
VERTEX
8
Layer 1
10
991.021728
20
952.185106
70
0
0
VERTEX
8
Layer 1
10
982.023845
20
930.881006
70
0
0
VERTEX
8
Layer 1
10
973.589620
20
909.387565
70
0
0
VERTEX
8
Layer 1
10
965.720544
20
887.716069
70
0
0
VERTEX
8
Layer 1
10
958.418109
20
865.877802
70
0
0
VERTEX
8
Layer 1
10
951.683807
20
843.884049
70
0
0
VERTEX
8
Layer 1
10
945.519129
20
821.746095
70
0
0
VERTEX
8
Layer 1
10
939.925569
20
799.475223
70
0
0
VERTEX
8
Layer 1
10
934.904617
20
777.082719
70
0
0
VERTEX
8
Layer 1
10
930.457766
20
754.579866
70
0
0
VERTEX
8
Layer 1
10
926.586508
20
731.977951
70
0
0
VERTEX
8
Layer 1
10
923.292335
20
709.288256
70
0
0
VERTEX
8
Layer 1
10
920.576738
20
686.522068
70
0
0
VERTEX
8
Layer 1
10
918.441209
20
663.690669
70
0
0
VERTEX
8
Layer 1
10
916.887242
20
640.805346
70
0
0
VERTEX
8
Layer 1
10
915.916326
20
617.877382
70
0
0
VERTEX
8
Layer 1
10
915.529955
20
594.918062
70
0
0
VERTEX
8
Layer 1
10
915.729620
20
571.938671
70
0
0
VERTEX
8
Layer 1
10
916.516814
20
548.950493
70
0
0
VERTEX
8
Layer 1
10
917.893027
20
525.964813
70
0
0
VERTEX
8
Layer 1
10
919.859753
20
502.992915
70
0
0
VERTEX
8
Layer 1
10
922.418483
20
480.046085
70
0
0
VERTEX
8
Layer 1
10
925.570709
20
457.135605
70
0
0
VERTEX
8
Layer 1
10
929.317923
20
434.272762
70
0
0
VERTEX
8
Layer 1
10
933.661617
20
411.468840
70
0
0
VERTEX
8
Layer 1
10
936.057610
20
400.092500
70
0
0
VERTEX
8
Layer 1
10
938.603283
20
388.735123
70
0
0
VERTEX
8
Layer 1
10
941.298821
20
377.398117
70
0
0
VERTEX
8
Layer 1
10
944.144412
20
366.082895
70
0
0
VERTEX
8
Layer 1
10
947.140242
20
354.790867
70
0
0
VERTEX
8
Layer 1
10
950.286498
20
343.523442
70
0
0
SEQEND
8
Layer 1
0
POLYLINE
8
Layer 1
62
7
70
0
10
0.000000
20
0.000000
66
1
0
VERTEX
8
Layer 1
10
1011.836626
20
200.704238
70
0
0
VERTEX
8
Layer 1
10
974.248642
20
108.036926
70
0
0
SEQEND
8
Layer 1
0
POLYLINE
8
Layer 1
62
7
70
0
10
0.000000
20
0.000000
66
1
0
VERTEX
8
Layer 1
10
974.248589
20
108.036899
70
0
0
VERTEX
8
Layer 1
10
973.451831
20
105.315461
70
0
0
VERTEX
8
Layer 1
10
973.220145
20
102.573692
70
0
0
VERTEX
8
Layer 1
10
973.522524
20
99.884913
70
0
0
VERTEX
8
Layer 1
10
974.327959
20
97.322443
70
0
0
VERTEX
8
Layer 1
10
975.605445
20
94.959605
70
0
0
VERTEX
8
Layer 1
10
977.323973
20
92.869718
70
0
0
VERTEX
8
Layer 1
10
979.452537
20
91.126102
70
0
0
VERTEX
8
Layer 1
10
981.960128
20
89.802079
70
0
0
VERTEX
8
Layer 1
10
984.681520
20
89.005162
70
0
0
VERTEX
8
Layer 1
10
987.423276
20
88.773317
70
0
0
VERTEX
8
Layer 1
10
990.112073
20
89.075538
70
0
0
VERTEX
8
Layer 1
10
992.674589
20
89.880825
70
0
0
VERTEX
8
Layer 1
10
995.037502
20
91.158173
70
0
0
VERTEX
8
Layer 1
10
997.127489
20
92.876579
70
0
0
VERTEX
8
Layer 1
10
998.871228
20
95.005041
70
0
0
VERTEX
8
Layer 1
10
1000.195398
20
97.512555
70
0
0
SEQEND
8
Layer 1
0
POLYLINE
8
Layer 1
62
7
70
0
10
0.000000
20
0.000000
66
1
0
VERTEX
8
Layer 1
10
1056.998299
20
1047.862253
70
0
0
VERTEX
8
Layer 1
10
1051.095300
20
1037.948111
70
0
0
VERTEX
8
Layer 1
10
1045.332841
20
1027.970546
70
0
0
VERTEX
8
Layer 1
10
1039.711102
20
1017.931021
70
0
0
VERTEX
8
Layer 1
10
1034.230264
20
1007.830997
70
0
0
VERTEX
8
Layer 1
10
1028.890508
20
997.671936
70
0
0
VERTEX
8
Layer 1
10
1023.692015
20
987.455299
70
0
0
VERTEX
8
Layer 1
10
1018.634967
20
977.182548
70
0
0
VERTEX
8
Layer 1
10
1013.719544
20
966.855145
70
0
0
VERTEX
8
Layer 1
10
1008.945929
20
956.474551
70
0
0
VERTEX
8
Layer 1
10
1004.314300
20
946.042228
70
0
0
VERTEX
8
Layer 1
10
999.824841
20
935.559639
70
0
0
VERTEX
8
Layer 1
10
995.477732
20
925.028244
70
0
0
VERTEX
8
Layer 1
10
987.211288
20
903.824884
70
0
0
VERTEX
8
Layer 1
10
979.516418
20
882.443842
70
0
0
VERTEX
8
Layer 1
10
972.394570
20
860.896812
70
0
0
VERTEX
8
Layer 1
10
965.847194
20
839.195488
70
0
0
VERTEX
8
Layer 1
10
959.875739
20
817.351562
70
0
0
VERTEX
8
Layer 1
10
954.481652
20
795.376728
70
0
0
VERTEX
8
Layer 1
10
949.666385
20
773.282681
70
0
0
VERTEX
8
Layer 1
10
945.431384
20
751.081112
70
0
0
VERTEX
8
Layer 1
10
941.778100
20
728.783716
70
0
0
VERTEX
8
Layer 1
10
938.707981
20
706.402187
70
0
0
VERTEX
8
Layer 1
10
936.222476
20
683.948217
70
0
0
VERTEX
8
Layer 1
10
934.323034
20
661.433501
70
0
0
VERTEX
8
Layer 1
10
933.011104
20
638.869731
70
0
0
VERTEX
8
Layer 1
10
932.288136
20
616.268601
70
0
0
VERTEX
8
Layer 1
10
932.155577
20
593.641805
70
0
0
VERTEX
8
Layer 1
10
932.614877
20
571.001036
70
0
0
VERTEX
8
Layer 1
10
933.667486
20
548.357988
70
0
0
VERTEX
8
Layer 1
10
935.314851
20
525.724353
70
0
0
VERTEX
8
Layer 1
10
937.558422
20
503.111827
70
0
0
VERTEX
8
Layer 1
10
940.399647
20
480.532101
70
0
0
VERTEX
8
Layer 1
10
942.044834
20
469.258193
70
0
0
VERTEX
8
Layer 1
10
943.839977
20
457.996870
70
0
0
VERTEX
8
Layer 1
10
945.785258
20
446.749595
70
0
0
VERTEX
8
Layer 1
10
947.880859
20
435.517827
70
0
0
VERTEX
8
Layer 1
10
950.126960
20
424.303031
70
0
0
VERTEX
8
Layer 1
10
952.523743
20
413.106666
70
0
0
VERTEX
8
Layer 1
10
955.071388
20
401.930195
70
0
0
VERTEX
8
Layer 1
10
957.770077
20
390.775080
70
0
0
VERTEX
8
Layer 1
10
960.619991
20
379.642782
70
0
0
VERTEX
8
Layer 1
10
963.621311
20
368.534762
70
0
0
VERTEX
8
Layer 1
10
966.774218
20
357.452483
70
0
0
VERTEX
8
Layer 1
10
970.078894
20
346.397406
70
0
0
SEQEND
8
Layer 1
0
POLYLINE
8
Layer 1
62
7
70
0
10
0.000000
20
0.000000
66
1
0
VERTEX
8
Layer 1
10
1044.412985
20
1055.469835
70
0
0
VERTEX
8
Layer 1
10
1056.997769
20
1047.862941
70
0
0
SEQEND
8
Layer 1
0
POLYLINE
8
Layer 1
62
7
70
0
10
0.000000
20
0.000000
66
1
0
VERTEX
8
Layer 1
10
915.874727
20
30.427059
70
0
0
VERTEX
8
Layer 1
10
915.534741
20
31.139727
70
0
0
VERTEX
8
Layer 1
10
915.030159
20
31.730228
70
0
0
VERTEX
8
Layer 1
10
914.390969
20
32.171510
70
0
0
VERTEX
8
Layer 1
10
913.647158
20
32.436522
70
0
0
VERTEX
8
Layer 1
10
912.859976
20
32.498420
70
0
0
VERTEX
8
Layer 1
10
912.096296
20
32.356689
70
0
0
VERTEX
8
Layer 1
10
911.394540
20
32.023775
70
0
0
VERTEX
8
Layer 1
10
910.793127
20
31.512122
70
0
0
VERTEX
8
Layer 1
10
910.345931
20
30.861351
70
0
0
VERTEX
8
Layer 1
10
910.086834
20
30.129120
70
0
0
VERTEX
8
Layer 1
10
910.024268
20
29.354924
70
0
0
VERTEX
8
Layer 1
10
910.166666
20
28.578259
70
0
0
VERTEX
8
Layer 1
10
910.750768
20
27.539985
70
0
0
VERTEX
8
Layer 1
10
911.656242
20
26.830905
70
0
0
VERTEX
8
Layer 1
10
912.761535
20
26.513094
70
0
0
VERTEX
8
Layer 1
10
913.945097
20
26.648629
70
0
0
VERTEX
8
Layer 1
10
914.983370
20
27.232731
70
0
0
VERTEX
8
Layer 1
10
915.692450
20
28.138204
70
0
0
VERTEX
8
Layer 1
10
916.010261
20
29.243498
70
0
0
VERTEX
8
Layer 1
10
915.874727
20
30.427059
70
0
0
VERTEX
8
Layer 1
10
915.874727
20
30.427059
70
0
0
SEQEND
8
Layer 1
0
POLYLINE
8
Layer 1
62
7
70
0
10
0.000000
20
0.000000
66
1
0
VERTEX
8
Layer 1
10
829.771772
20
189.043642
70
0
0
VERTEX
8
Layer 1
10
829.431786
20
189.756310
70
0
0
VERTEX
8
Layer 1
10
828.927205
20
190.346811
70
0
0
VERTEX
8
Layer 1
10
828.288014
20
190.788092
70
0
0
VERTEX
8
Layer 1
10
827.544203
20
191.053104
70
0
0
VERTEX
8
Layer 1
10
826.757021
20
191.115002
70
0
0
VERTEX
8
Layer 1
10
825.993342
20
190.973272
70
0
0
VERTEX
8
Layer 1
10
825.291585
20
190.640358
70
0
0
VERTEX
8
Layer 1
10
824.690173
20
190.128704
70
0
0
VERTEX
8
Layer 1
10
824.242977
20
189.477934
70
0
0
VERTEX
8
Layer 1
10
823.983879
20
188.745703
70
0
0
VERTEX
8
Layer 1
10
823.921313
20
187.971507
70
0
0
VERTEX
8
Layer 1
10
824.063712
20
187.194841
70
0
0
VERTEX
8
Layer 1
10
824.647814
20
186.156568
70
0
0
VERTEX
8
Layer 1
10
825.553287
20
185.447488
70
0
0
VERTEX
8
Layer 1
10
826.658581
20
185.129677
70
0
0
VERTEX
8
Layer 1
10
827.842142
20
185.265211
70
0
0
VERTEX
8
Layer 1
10
828.880415
20
185.849313
70
0
0
VERTEX
8
Layer 1
10
829.589496
20
186.754787
70
0
0
VERTEX
8
Layer 1
10
829.907307
20
187.860080
70
0
0
VERTEX
8
Layer 1
10
829.771772
20
189.043642
70
0
0
VERTEX
8
Layer 1
10
829.771772
20
189.043642
70
0
0
SEQEND
8
Layer 1
0
POLYLINE
8
Layer 1
62
7
70
0
10
0.000000
20
0.000000
66
1
0
VERTEX
8
Layer 1
10
824.295910
20
269.210251
70
0
0
VERTEX
8
Layer 1
10
823.710442
20
270.245433
70
0
0
VERTEX
8
Layer 1
10
822.805270
20
270.951927
70
0
0
VERTEX
8
Layer 1
10
821.701417
20
271.268127
70
0
0
VERTEX
8
Layer 1
10
820.519910
20
271.132424
70
0
0
VERTEX
8
Layer 1
10
819.483202
20
270.549663
70
0
0
VERTEX
8
Layer 1
10
818.774344
20
269.646341
70
0
0
VERTEX
8
Layer 1
10
818.455260
20
268.543319
70
0
0
VERTEX
8
Layer 1
10
818.587875
20
267.361461
70
0
0
VERTEX
8
Layer 1
10
819.173343
20
266.326279
70
0
0
VERTEX
8
Layer 1
10
820.078515
20
265.619784
70
0
0
VERTEX
8
Layer 1
10
821.182368
20
265.303585
70
0
0
VERTEX
8
Layer 1
10
822.363874
20
265.439288
70
0
0
VERTEX
8
Layer 1
10
823.400583
20
266.022048
70
0
0
VERTEX
8
Layer 1
10
824.109441
20
266.925371
70
0
0
VERTEX
8
Layer 1
10
824.428524
20
268.028393
70
0
0
VERTEX
8
Layer 1
10
824.295910
20
269.210251
70
0
0
VERTEX
8
Layer 1
10
824.295910
20
269.210251
70
0
0
SEQEND
8
Layer 1
0
POLYLINE
8
Layer 1
62
7
70
0
10
0.000000
20
0.000000
66
1
0
VERTEX
8
Layer 1
10
812.079821
20
791.266485
70
0
0
VERTEX
8
Layer 1
10
811.494504
20
792.302010
70
0
0
VERTEX
8
Layer 1
10
810.589297
20
793.008792
70
0
0
VERTEX
8
Layer 1
10
809.485284
20
793.325169
70
0
0
VERTEX
8
Layer 1
10
808.303548
20
793.189483
70
0
0
VERTEX
8
Layer 1
10
807.266666
20
792.606572
70
0
0
VERTEX
8
Layer 1
10
806.557785
20
791.703008
70
0
0
VERTEX
8
Layer 1
10
806.238845
20
790.599732
70
0
0
VERTEX
8
Layer 1
10
806.371787
20
789.417685
70
0
0
VERTEX
8
Layer 1
10
806.957104
20
788.382159
70
0
0
VERTEX
8
Layer 1
10
807.862312
20
787.675377
70
0
0
VERTEX
8
Layer 1
10
808.966325
20
787.359000
70
0
0
VERTEX
8
Layer 1
10
810.148061
20
787.494686
70
0
0
VERTEX
8
Layer 1
10
811.184942
20
788.077598
70
0
0
VERTEX
8
Layer 1
10
811.893824
20
788.981162
70
0
0
VERTEX
8
Layer 1
10
812.212764
20
790.084437
70
0
0
VERTEX
8
Layer 1
10
812.079821
20
791.266485
70
0
0
VERTEX
8
Layer 1
10
812.079821
20
791.266485
70
0
0
SEQEND
8
Layer 1
0
POLYLINE
8
Layer 1
62
7
70
0
10
0.000000
20
0.000000
66
1
0
VERTEX
8
Layer 1
10
886.305090
20
1017.103606
70
0
0
VERTEX
8
Layer 1
10
885.720129
20
1018.139933
70
0
0
VERTEX
8
Layer 1
10
884.814846
20
1018.847387
70
0
0
VERTEX
8
Layer 1
10
883.710462
20
1019.164186
70
0
0
VERTEX
8
Layer 1
10
882.528195
20
1019.028549
70
0
0
VERTEX
8
Layer 1
10
881.490905
20
1018.445297
70
0
0
VERTEX
8
Layer 1
10
880.781960
20
1017.541182
70
0
0
VERTEX
8
Layer 1
10
880.463341
20
1016.437322
70
0
0
VERTEX
8
Layer 1
10
880.597029
20
1015.254833
70
0
0
VERTEX
8
Layer 1
10
881.181990
20
1014.218506
70
0
0
VERTEX
8
Layer 1
10
882.087272
20
1013.511052
70
0
0
VERTEX
8
Layer 1
10
883.191657
20
1013.194253
70
0
0
VERTEX
8
Layer 1
10
884.373924
20
1013.329889
70
0
0
VERTEX
8
Layer 1
10
885.411213
20
1013.913141
70
0
0
VERTEX
8
Layer 1
10
886.120158
20
1014.817256
70
0
0
VERTEX
8
Layer 1
10
886.438777
20
1015.921117
70
0
0
VERTEX
8
Layer 1
10
886.305090
20
1017.103606
70
0
0
VERTEX
8
Layer 1
10
886.305090
20
1017.103606
70
0
0
SEQEND
8
Layer 1
0
POLYLINE
8
Layer 1
62
7
70
0
10
0.000000
20
0.000000
66
1
0
VERTEX
8
Layer 1
10
896.777364
20
1061.740822
70
0
0
VERTEX
8
Layer 1
10
909.822523
20
1055.055603
70
0
0
SEQEND
8
Layer 1
0
POLYLINE
8
Layer 1
62
7
70
0
10
0.000000
20
0.000000
66
1
0
VERTEX
8
Layer 1
10
778.790279
20
109.900675
70
0
0
VERTEX
8
Layer 1
10
904.781344
20
18.183587
70
0
0
SEQEND
8
Layer 1
0
POLYLINE
8
Layer 1
62
7
70
0
10
0.000000
20
0.000000
66
1
0
VERTEX
8
Layer 1
10
904.781344
20
18.183587
70
0
0
VERTEX
8
Layer 1
10
906.353089
20
17.190823
70
0
0
VERTEX
8
Layer 1
10
908.019970
20
16.423844
70
0
0
VERTEX
8
Layer 1
10
909.758543
20
15.885141
70
0
0
VERTEX
8
Layer 1
10
911.545363
20
15.577207
70
0
0
VERTEX
8
Layer 1
10
913.356984
20
15.502536
70
0
0
VERTEX
8
Layer 1
10
915.169962
20
15.663619
70
0
0
VERTEX
8
Layer 1
10
916.960852
20
16.062950
70
0
0
VERTEX
8
Layer 1
10
918.706208
20
16.703021
70
0
0
VERTEX
8
Layer 1
10
920.351599
20
17.568268
70
0
0
VERTEX
8
Layer 1
10
921.848969
20
18.628756
70
0
0
VERTEX
8
Layer 1
10
923.184442
20
19.865424
70
0
0
VERTEX
8
Layer 1
10
924.344143
20
21.259210
70
0
0
VERTEX
8
Layer 1
10
925.314196
20
22.791054
70
0
0
VERTEX
8
Layer 1
10
926.080724
20
24.441894
70
0
0
VERTEX
8
Layer 1
10
926.629852
20
26.192668
70
0
0
VERTEX
8
Layer 1
10
926.947703
20
28.024315
70
0
0
VERTEX
8
Layer 1
10
927.020556
20
29.881908
70
0
0
VERTEX
8
Layer 1
10
926.850324
20
31.708866
70
0
0
VERTEX
8
Layer 1
10
926.446582
20
33.483641
70
0
0
VERTEX
8
Layer 1
10
925.818905
20
35.184691
70
0
0
VERTEX
8
Layer 1
10
924.976870
20
36.790469
70
0
0
VERTEX
8
Layer 1
10
923.930051
20
38.279431
70
0
0
VERTEX
8
Layer 1
10
922.688025
20
39.630031
70
0
0
VERTEX
8
Layer 1
10
921.260367
20
40.820726
70
0
0
SEQEND
8
Layer 1
0
POLYLINE
8
Layer 1
62
7
70
0
10
0.000000
20
0.000000
66
1
0
VERTEX
8
Layer 1
10
840.412983
20
99.675971
70
0
0
VERTEX
8
Layer 1
10
921.259891
20
40.822393
70
0
0
SEQEND
8
Layer 1
0
POLYLINE
8
Layer 1
62
7
70
0
10
0.000000
20
0.000000
66
1
0
VERTEX
8
Layer 1
10
829.239220
20
132.224839
70
0
0
VERTEX
8
Layer 1
10
828.677950
20
129.943497
70
0
0
VERTEX
8
Layer 1
10
828.299821
20
127.650843
70
0
0
VERTEX
8
Layer 1
10
828.101578
20
125.356357
70
0
0
VERTEX
8
Layer 1
10
828.079966
20
123.069519
70
0
0
VERTEX
8
Layer 1
10
828.231731
20
120.799810
70
0
0
VERTEX
8
Layer 1
10
828.553618
20
118.556710
70
0
0
VERTEX
8
Layer 1
10
829.042373
20
116.349699
70
0
0
VERTEX
8
Layer 1
10
829.694742
20
114.188257
70
0
0
VERTEX
8
Layer 1
10
830.507470
20
112.081864
70
0
0
VERTEX
8
Layer 1
10
831.477303
20
110.040001
70
0
0
VERTEX
8
Layer 1
10
832.600986
20
108.072147
70
0
0
VERTEX
8
Layer 1
10
833.875264
20
106.187784
70
0
0
VERTEX
8
Layer 1
10
835.296884
20
104.396390
70
0
0
VERTEX
8
Layer 1
10
836.862591
20
102.707447
70
0
0
VERTEX
8
Layer 1
10
838.569130
20
101.130435
70
0
0
VERTEX
8
Layer 1
10
840.413248
20
99.674833
70
0
0
SEQEND
8
Layer 1
0
POLYLINE
8
Layer 1
62
7
70
0
10
0.000000
20
0.000000
66
1
0
VERTEX
8
Layer 1
10
831.212929
20
270.413807
70
0
0
VERTEX
8
Layer 1
10
846.554219
20
192.400115
70
0
0
SEQEND
8
Layer 1
0
POLYLINE
8
Layer 1
62
7
70
0
10
0.000000
20
0.000000
66
1
0
VERTEX
8
Layer 1
10
909.823343
20
1055.056133
70
0
0
VERTEX
8
Layer 1
10
898.670070
20
1032.174343
70
0
0
VERTEX
8
Layer 1
10
888.068056
20
1009.088875
70
0
0
VERTEX
8
Layer 1
10
878.018285
20
985.809526
70
0
0
VERTEX
8
Layer 1
10
868.521738
20
962.346097
70
0
0
VERTEX
8
Layer 1
10
859.579396
20
938.708383
70
0
0
VERTEX
8
Layer 1
10
851.192242
20
914.906185
70
0
0
VERTEX
8
Layer 1
10
843.361256
20
890.949299
70
0
0
VERTEX
8
Layer 1
10
836.087421
20
866.847525
70
0
0
VERTEX
8
Layer 1
10
829.371718
20
842.610661
70
0
0
VERTEX
8
Layer 1
10
823.215129
20
818.248504
70
0
0
VERTEX
8
Layer 1
10
817.618635
20
793.770854
70
0
0
VERTEX
8
Layer 1
10
812.583218
20
769.187508
70
0
0
VERTEX
8
Layer 1
10
808.109860
20
744.508265
70
0
0
VERTEX
8
Layer 1
10
804.199543
20
719.742924
70
0
0
VERTEX
8
Layer 1
10
800.853247
20
694.901281
70
0
0
VERTEX
8
Layer 1
10
798.071955
20
669.993136
70
0
0
VERTEX
8
Layer 1
10
795.856649
20
645.028288
70
0
0
VERTEX
8
Layer 1
10
794.208310
20
620.016533
70
0
0
VERTEX
8
Layer 1
10
793.127919
20
594.967671
70
0
0
VERTEX
8
Layer 1
10
792.616459
20
569.891500
70
0
0
VERTEX
8
Layer 1
10
792.674910
20
544.797817
70
0
0
VERTEX
8
Layer 1
10
793.304256
20
519.696422
70
0
0
VERTEX
8
Layer 1
10
794.505476
20
494.597113
70
0
0
VERTEX
8
Layer 1
10
796.279554
20
469.509688
70
0
0
VERTEX
8
Layer 1
10
798.627470
20
444.443944
70
0
0
VERTEX
8
Layer 1
10
801.550206
20
419.409682
70
0
0
VERTEX
8
Layer 1
10
805.048745
20
394.416698
70
0
0
VERTEX
8
Layer 1
10
809.124067
20
369.474791
70
0
0
VERTEX
8
Layer 1
10
813.777154
20
344.593759
70
0
0
VERTEX
8
Layer 1
10
819.008988
20
319.783401
70
0
0
VERTEX
8
Layer 1
10
824.820551
20
295.053515
70
0
0
VERTEX
8
Layer 1
10
831.212824
20
270.413900
70
0
0
SEQEND
8
Layer 1
0
POLYLINE
8
Layer 1
62
7
70
0
10
0.000000
20
0.000000
66
1
0
VERTEX
8
Layer 1
10
896.777549
20
1061.741034
70
0
0
VERTEX
8
Layer 1
10
885.513569
20
1038.541554
70
0
0
VERTEX
8
Layer 1
10
874.794584
20
1015.140151
70
0
0
VERTEX
8
Layer 1
10
864.621607
20
991.546292
70
0
0
VERTEX
8
Layer 1
10
854.995652
20
967.769443
70
0
0
VERTEX
8
Layer 1
10
845.917730
20
943.819071
70
0
0
VERTEX
8
Layer 1
10
837.388855
20
919.704641
70
0
0
VERTEX
8
Layer 1
10
829.410040
20
895.435622
70
0
0
VERTEX
8
Layer 1
10
821.982296
20
871.021478
70
0
0
VERTEX
8
Layer 1
10
815.106636
20
846.471677
70
0
0
VERTEX
8
Layer 1
10
808.784074
20
821.795686
70
0
0
VERTEX
8
Layer 1
10
803.015622
20
797.002970
70
0
0
VERTEX
8
Layer 1
10
797.802292
20
772.102996
70
0
0
VERTEX
8
Layer 1
10
793.145097
20
747.105231
70
0
0
VERTEX
8
Layer 1
10
789.045050
20
722.019141
70
0
0
VERTEX
8
Layer 1
10
785.503164
20
696.854193
70
0
0
VERTEX
8
Layer 1
10
782.520451
20
671.619853
70
0
0
VERTEX
8
Layer 1
10
780.097924
20
646.325588
70
0
0
VERTEX
8
Layer 1
10
778.236595
20
620.980865
70
0
0
VERTEX
8
Layer 1
10
776.937478
20
595.595149
70
0
0
VERTEX
8
Layer 1
10
776.201584
20
570.177907
70
0
0
VERTEX
8
Layer 1
10
776.029927
20
544.738606
70
0
0
VERTEX
8
Layer 1
10
776.423519
20
519.286712
70
0
0
VERTEX
8
Layer 1
10
777.383373
20
493.831692
70
0
0
VERTEX
8
Layer 1
10
778.910502
20
468.383013
70
0
0
VERTEX
8
Layer 1
10
781.005918
20
442.950140
70
0
0
VERTEX
8
Layer 1
10
783.670633
20
417.542541
70
0
0
VERTEX
8
Layer 1
10
786.905662
20
392.169681
70
0
0
VERTEX
8
Layer 1
10
790.712015
20
366.841028
70
0
0
VERTEX
8
Layer 1
10
795.090707
20
341.566048
70
0
0
VERTEX
8
Layer 1
10
800.042749
20
316.354207
70
0
0
VERTEX
8
Layer 1
10
805.569154
20
291.214972
70
0
0
VERTEX
8
Layer 1
10
811.670935
20
266.157809
70
0
0
SEQEND
8
Layer 1
0
POLYLINE
8
Layer 1
62
7
70
0
10
0.000000
20
0.000000
66
1
0
VERTEX
8
Layer 1
10
778.790174
20
109.900940
70
0
0
VERTEX
8
Layer 1
10
784.688540
20
118.474741
70
0
0
VERTEX
8
Layer 1
10
790.095073
20
127.305443
70
0
0
VERTEX
8
Layer 1
10
795.005354
20
136.372060
70
0
0
VERTEX
8
Layer 1
10
799.414969
20
145.653606
70
0
0
VERTEX
8
Layer 1
10
803.319501
20
155.129095
70
0
0
VERTEX
8
Layer 1
10
806.714535
20
164.777542
70
0
0
VERTEX
8
Layer 1
10
809.595654
20
174.577960
70
0
0
VERTEX
8
Layer 1
10
811.958443
20
184.509365
70
0
0
VERTEX
8
Layer 1
10
813.798485
20
194.550770
70
0
0
VERTEX
8
Layer 1
10
815.111365
20
204.681189
70
0
0
VERTEX
8
Layer 1
10
815.892666
20
214.879637
70
0
0
VERTEX
8
Layer 1
10
816.137972
20
225.125129
70
0
0
VERTEX
8
Layer 1
10
815.842869
20
235.396677
70
0
0
VERTEX
8
Layer 1
10
815.002938
20
245.673297
70
0
0
VERTEX
8
Layer 1
10
813.613766
20
255.934003
70
0
0
VERTEX
8
Layer 1
10
811.670935
20
266.157809
70
0
0
SEQEND
8
Layer 1
0
POLYLINE
8
Layer 1
62
7
70
0
10
0.000000
20
0.000000
66
1
0
VERTEX
8
Layer 1
10
846.554219
20
192.400115
70
0
0
VERTEX
8
Layer 1
10
829.239061
20
132.225686
70
0
0
SEQEND
8
Layer 1
0
POLYLINE
8
Layer 1
62
7
70
0
10
0.000000
20
0.000000
66
1
0
VERTEX
8
Layer 1
10
933.512676
20
346.249211
70
0
0
VERTEX
8
Layer 1
10
932.360188
20
346.542911
70
0
0
VERTEX
8
Layer 1
10
931.223753
20
346.378329
70
0
0
VERTEX
8
Layer 1
10
930.231608
20
345.800210
70
0
0
VERTEX
8
Layer 1
10
929.511993
20
344.853298
70
0
0
VERTEX
8
Layer 1
10
929.215354
20
343.701562
70
0
0
VERTEX
8
Layer 1
10
929.377037
20
342.564711
70
0
0
VERTEX
8
Layer 1
10
929.952623
20
341.571095
70
0
0
VERTEX
8
Layer 1
10
930.897697
20
340.849067
70
0
0
VERTEX
8
Layer 1
10
932.050185
20
340.555366
70
0
0
VERTEX
8
Layer 1
10
933.186620
20
340.719948
70
0
0
VERTEX
8
Layer 1
10
934.178765
20
341.298068
70
0
0
VERTEX
8
Layer 1
10
934.898380
20
342.244980
70
0
0
VERTEX
8
Layer 1
10
935.195019
20
343.396715
70
0
0
VERTEX
8
Layer 1
10
935.033336
20
344.533566
70
0
0
VERTEX
8
Layer 1
10
934.457750
20
345.527182
70
0
0
VERTEX
8
Layer 1
10
933.512676
20
346.249211
70
0
0
VERTEX
8
Layer 1
10
933.512676
20
346.249211
70
0
0
SEQEND
8
Layer 1
0
POLYLINE
8
Layer 1
62
7
70
0
10
0.000000
20
0.000000
66
1
0
VERTEX
8
Layer 1
10
910.593941
20
443.472330
70
0
0
VERTEX
8
Layer 1
10
909.441001
20
443.767132
70
0
0
VERTEX
8
Layer 1
10
908.303836
20
443.603107
70
0
0
VERTEX
8
Layer 1
10
907.310930
20
443.025018
70
0
0
VERTEX
8
Layer 1
10
906.590768
20
442.077629
70
0
0
VERTEX
8
Layer 1
10
906.294085
20
440.925171
70
0
0
VERTEX
8
Layer 1
10
906.456254
20
439.787740
70
0
0
VERTEX
8
Layer 1
10
907.032722
20
438.793892
70
0
0
VERTEX
8
Layer 1
10
907.978935
20
438.072185
70
0
0
VERTEX
8
Layer 1
10
909.131875
20
437.777383
70
0
0
VERTEX
8
Layer 1
10
910.269041
20
437.941408
70
0
0
VERTEX
8
Layer 1
10
911.261947
20
438.519497
70
0
0
VERTEX
8
Layer 1
10
911.982108
20
439.466886
70
0
0
VERTEX
8
Layer 1
10
912.278792
20
440.619344
70
0
0
VERTEX
8
Layer 1
10
912.116622
20
441.756775
70
0
0
VERTEX
8
Layer 1
10
911.540154
20
442.750623
70
0
0
VERTEX
8
Layer 1
10
910.593941
20
443.472330
70
0
0
VERTEX
8
Layer 1
10
910.593941
20
443.472330
70
0
0
SEQEND
8
Layer 1
0
POLYLINE
8
Layer 1
62
7
70
0
10
0.000000
20
0.000000
66
1
0
VERTEX
8
Layer 1
10
918.980429
20
768.387649
70
0
0
VERTEX
8
Layer 1
10
917.827334
20
768.682818
70
0
0
VERTEX
8
Layer 1
10
916.689923
20
768.518974
70
0
0
VERTEX
8
Layer 1
10
915.696762
20
767.940889
70
0
0
VERTEX
8
Layer 1
10
914.976422
20
766.993333
70
0
0
VERTEX
8
Layer 1
10
914.679730
20
765.840629
70
0
0
VERTEX
8
Layer 1
10
914.842072
20
764.703002
70
0
0
VERTEX
8
Layer 1
10
915.418846
20
763.709080
70
0
0
VERTEX
8
Layer 1
10
916.365449
20
762.987489
70
0
0
VERTEX
8
Layer 1
10
917.518544
20
762.692320
70
0
0
VERTEX
8
Layer 1
10
918.655955
20
762.856164
70
0
0
VERTEX
8
Layer 1
10
919.649115
20
763.434249
70
0
0
VERTEX
8
Layer 1
10
920.369456
20
764.381804
70
0
0
VERTEX
8
Layer 1
10
920.666147
20
765.534508
70
0
0
VERTEX
8
Layer 1
10
920.503805
20
766.672135
70
0
0
VERTEX
8
Layer 1
10
919.927032
20
767.666058
70
0
0
VERTEX
8
Layer 1
10
918.980429
20
768.387649
70
0
0
VERTEX
8
Layer 1
10
918.980429
20
768.387649
70
0
0
SEQEND
8
Layer 1
0
POLYLINE
8
Layer 1
62
7
70
0
10
0.000000
20
0.000000
66
1
0
VERTEX
8
Layer 1
10
1025.624337
20
1146.048237
70
0
0
VERTEX
8
Layer 1
10
1024.470656
20
1146.344837
70
0
0
VERTEX
8
Layer 1
10
1023.332296
20
1146.181715
70
0
0
VERTEX
8
Layer 1
10
1022.338147
20
1145.603667
70
0
0
VERTEX
8
Layer 1
10
1021.617097
20
1144.655490
70
0
0
VERTEX
8
Layer 1
10
1021.320349
20
1143.501847
70
0
0
VERTEX
8
Layer 1
10
1021.483326
20
1142.363466
70
0
0
VERTEX
8
Layer 1
10
1022.061246
20
1141.369242
70
0
0
VERTEX
8
Layer 1
10
1023.009331
20
1140.648072
70
0
0
VERTEX
8
Layer 1
10
1024.163013
20
1140.351471
70
0
0
VERTEX
8
Layer 1
10
1025.301373
20
1140.514594
70
0
0
VERTEX
8
Layer 1
10
1026.295522
20
1141.092641
70
0
0
VERTEX
8
Layer 1
10
1027.016572
20
1142.040819
70
0
0
VERTEX
8
Layer 1
10
1027.313319
20
1143.194462
70
0
0
VERTEX
8
Layer 1
10
1027.150343
20
1144.332843
70
0
0
VERTEX
8
Layer 1
10
1026.572422
20
1145.327066
70
0
0
VERTEX
8
Layer 1
10
1025.624337
20
1146.048237
70
0
0
VERTEX
8
Layer 1
10
1025.624337
20
1146.048237
70
0
0
SEQEND
8
Layer 1
0
POLYLINE
8
Layer 1
62
7
70
0
10
0.000000
20
0.000000
66
1
0
VERTEX
8
Layer 1
10
1042.531562
20
1073.925134
70
0
0
VERTEX
8
Layer 1
10
1043.897307
20
1076.708232
70
0
0
VERTEX
8
Layer 1
10
1045.118381
20
1079.543101
70
0
0
VERTEX
8
Layer 1
10
1046.194294
20
1082.424219
70
0
0
VERTEX
8
Layer 1
10
1047.124559
20
1085.346061
70
0
0
VERTEX
8
Layer 1
10
1048.546184
20
1091.289827
70
0
0
VERTEX
8
Layer 1
10
1049.379346
20
1097.330213
70
0
0
VERTEX
8
Layer 1
10
1049.620134
20
1103.423031
70
0
0
VERTEX
8
Layer 1
10
1049.264635
20
1109.524096
70
0
0
VERTEX
8
Layer 1
10
1048.862057
20
1112.563913
70
0
0
VERTEX
8
Layer 1
10
1048.308940
20
1115.589221
70
0
0
VERTEX
8
Layer 1
10
1047.604796
20
1118.594498
70
0
0
VERTEX
8
Layer 1
10
1046.749137
20
1121.574219
70
0
0
VERTEX
8
Layer 1
10
1045.746917
20
1124.507894
70
0
0
VERTEX
8
Layer 1
10
1044.605791
20
1127.375879
70
0
0
VERTEX
8
Layer 1
10
1043.329318
20
1130.173923
70
0
0
VERTEX
8
Layer 1
10
1041.921059
20
1132.897773
70
0
0
VERTEX
8
Layer 1
10
1038.723423
20
1138.105891
70
0
0
VERTEX
8
Layer 1
10
1035.041359
20
1142.966222
70
0
0
VERTEX
8
Layer 1
10
1030.903347
20
1147.444757
70
0
0
VERTEX
8
Layer 1
10
1026.337867
20
1151.507486
70
0
0
VERTEX
8
Layer 1
10
1023.903726
20
1153.372294
70
0
0
VERTEX
8
Layer 1
10
1021.373397
20
1155.120397
70
0
0
VERTEX
8
Layer 1
10
1018.750440
20
1156.747544
70
0
0
VERTEX
8
Layer 1
10
1016.038416
20
1158.249482
70
0
0
SEQEND
8
Layer 1
0
POLYLINE
8
Layer 1
62
7
70
0
10
0.000000
20
0.000000
66
1
0
VERTEX
8
Layer 1
10
1009.096155
20
1144.943788
70
0
0
VERTEX
8
Layer 1
10
1016.039263
20
1158.249853
70
0
0
SEQEND
8
Layer 1
0
POLYLINE
8
Layer 1
62
7
70
0
10
0.000000
20
0.000000
66
1
0
VERTEX
8
Layer 1
10
1029.227455
20
1080.868003
70
0
0
VERTEX
8
Layer 1
10
1031.256658
20
1085.286401
70
0
0
VERTEX
8
Layer 1
10
1032.800310
20
1089.799965
70
0
0
VERTEX
8
Layer 1
10
1033.868532
20
1094.376486
70
0
0
VERTEX
8
Layer 1
10
1034.471442
20
1098.983756
70
0
0
VERTEX
8
Layer 1
10
1034.619160
20
1103.589565
70
0
0
VERTEX
8
Layer 1
10
1034.321806
20
1108.161706
70
0
0
VERTEX
8
Layer 1
10
1033.589499
20
1112.667968
70
0
0
VERTEX
8
Layer 1
10
1032.432358
20
1117.076144
70
0
0
VERTEX
8
Layer 1
10
1030.860503
20
1121.354025
70
0
0
VERTEX
8
Layer 1
10
1028.884053
20
1125.469401
70
0
0
VERTEX
8
Layer 1
10
1026.513127
20
1129.390064
70
0
0
VERTEX
8
Layer 1
10
1023.757846
20
1133.083805
70
0
0
VERTEX
8
Layer 1
10
1020.628327
20
1136.518416
70
0
0
VERTEX
8
Layer 1
10
1017.134692
20
1139.661687
70
0
0
VERTEX
8
Layer 1
10
1013.287058
20
1142.481410
70
0
0
VERTEX
8
Layer 1
10
1009.095546
20
1144.945376
70
0
0
SEQEND
8
Layer 1
0
POLYLINE
8
Layer 1
62
7
70
0
10
0.000000
20
0.000000
66
1
0
VERTEX
8
Layer 1
10
1029.227455
20
1080.868003
70
0
0
VERTEX
8
Layer 1
10
1018.751829
20
1062.656201
70
0
0
VERTEX
8
Layer 1
10
1008.681924
20
1044.258080
70
0
0
VERTEX
8
Layer 1
10
999.019087
20
1025.680428
70
0
0
VERTEX
8
Layer 1
10
989.764664
20
1006.930032
70
0
0
VERTEX
8
Layer 1
10
980.920003
20
988.013678
70
0
0
VERTEX
8
Layer 1
10
972.486449
20
968.938152
70
0
0
VERTEX
8
Layer 1
10
964.465351
20
949.710242
70
0
0
VERTEX
8
Layer 1
10
956.858053
20
930.336734
70
0
0
VERTEX
8
Layer 1
10
949.665904
20
910.824415
70
0
0
VERTEX
8
Layer 1
10
942.890250
20
891.180071
70
0
0
VERTEX
8
Layer 1
10
936.532437
20
871.410489
70
0
0
VERTEX
8
Layer 1
10
930.593813
20
851.522455
70
0
0
VERTEX
8
Layer 1
10
925.075723
20
831.522757
70
0
0
VERTEX
8
Layer 1
10
919.979516
20
811.418181
70
0
0
VERTEX
8
Layer 1
10
915.306536
20
791.215512
70
0
0
VERTEX
8
Layer 1
10
911.058132
20
770.921539
70
0
0
VERTEX
8
Layer 1
10
907.235650
20
750.543048
70
0
0
VERTEX
8
Layer 1
10
903.840436
20
730.086825
70
0
0
VERTEX
8
Layer 1
10
900.873837
20
709.559657
70
0
0
VERTEX
8
Layer 1
10
898.337201
20
688.968331
70
0
0
VERTEX
8
Layer 1
10
896.231873
20
668.319633
70
0
0
VERTEX
8
Layer 1
10
894.559200
20
647.620350
70
0
0
VERTEX
8
Layer 1
10
893.320530
20
626.877268
70
0
0
VERTEX
8
Layer 1
10
892.517209
20
606.097174
70
0
0
VERTEX
8
Layer 1
10
892.150583
20
585.286855
70
0
0
VERTEX
8
Layer 1
10
892.221999
20
564.453098
70
0
0
VERTEX
8
Layer 1
10
892.732804
20
543.602689
70
0
0
VERTEX
8
Layer 1
10
893.684345
20
522.742414
70
0
0
VERTEX
8
Layer 1
10
895.077968
20
501.879061
70
0
0
VERTEX
8
Layer 1
10
896.915021
20
481.019415
70
0
0
VERTEX
8
Layer 1
10
899.196849
20
460.170265
70
0
0
VERTEX
8
Layer 1
10
901.924800
20
439.338395
70
0
0
SEQEND
8
Layer 1
0
POLYLINE
8
Layer 1
62
7
70
0
10
0.000000
20
0.000000
66
1
0
VERTEX
8
Layer 1
10
901.924800
20
439.338395
70
0
0
VERTEX
8
Layer 1
10
905.228228
20
421.964796
70
0
0
VERTEX
8
Layer 1
10
908.871165
20
404.664429
70
0
0
VERTEX
8
Layer 1
10
912.852312
20
387.442240
70
0
0
VERTEX
8
Layer 1
10
917.170373
20
370.303173
70
0
0
VERTEX
8
Layer 1
10
921.824050
20
353.252175
70
0
0
VERTEX
8
Layer 1
10
926.812045
20
336.294190
70
0
0
VERTEX
8
Layer 1
10
932.133060
20
319.434164
70
0
0
VERTEX
8
Layer 1
10
937.785798
20
302.677042
70
0
0
SEQEND
8
Layer 1
0
POLYLINE
8
Layer 1
62
7
70
0
10
0.000000
20
0.000000
66
1
0
VERTEX
8
Layer 1
10
937.785665
20
302.677148
70
0
0
VERTEX
8
Layer 1
10
951.684607
20
307.485071
70
0
0
SEQEND
8
Layer 1
0
POLYLINE
8
Layer 1
62
7
70
0
10
0.000000
20
0.000000
66
1
0
VERTEX
8
Layer 1
10
920.538267
20
422.587759
70
0
0
VERTEX
8
Layer 1
10
923.560501
20
407.976266
70
0
0
VERTEX
8
Layer 1
10
926.833289
20
393.422251
70
0
0
VERTEX
8
Layer 1
10
930.355764
20
378.928917
70
0
0
VERTEX
8
Layer 1
10
934.127059
20
364.499470
70
0
0
VERTEX
8
Layer 1
10
938.146308
20
350.137115
70
0
0
VERTEX
8
Layer 1
10
942.412642
20
335.845056
70
0
0
VERTEX
8
Layer 1
10
946.925195
20
321.626499
70
0
0
VERTEX
8
Layer 1
10
951.683099
20
307.484648
70
0
0
SEQEND
8
Layer 1
0
POLYLINE
8
Layer 1
62
7
70
0
10
0.000000
20
0.000000
66
1
0
VERTEX
8
Layer 1
10
914.255267
20
462.062066
70
0
0
VERTEX
8
Layer 1
10
915.548185
20
452.150602
70
0
0
VERTEX
8
Layer 1
10
917.026600
20
442.265994
70
0
0
VERTEX
8
Layer 1
10
918.690099
20
432.410845
70
0
0
VERTEX
8
Layer 1
10
920.538267
20
422.587759
70
0
0
SEQEND
8
Layer 1
0
POLYLINE
8
Layer 1
62
7
70
0
10
0.000000
20
0.000000
66
1
0
VERTEX
8
Layer 1
10
1042.531350
20
1073.924711
70
0
0
VERTEX
8
Layer 1
10
1032.510302
20
1056.557867
70
0
0
VERTEX
8
Layer 1
10
1022.864368
20
1039.016890
70
0
0
VERTEX
8
Layer 1
10
1013.594826
20
1021.307879
70
0
0
VERTEX
8
Layer 1
10
1004.702955
20
1003.436931
70
0
0
VERTEX
8
Layer 1
10
996.190033
20
985.410144
70
0
0
VERTEX
8
Layer 1
10
988.057338
20
967.233616
70
0
0
VERTEX
8
Layer 1
10
980.306149
20
948.913446
70
0
0
VERTEX
8
Layer 1
10
972.937744
20
930.455732
70
0
0
VERTEX
8
Layer 1
10
965.953402
20
911.866570
70
0
0
VERTEX
8
Layer 1
10
959.354401
20
893.152060
70
0
0
VERTEX
8
Layer 1
10
953.142019
20
874.318300
70
0
0
VERTEX
8
Layer 1
10
947.317536
20
855.371387
70
0
0
VERTEX
8
Layer 1
10
941.882230
20
836.317420
70
0
0
VERTEX
8
Layer 1
10
936.837378
20
817.162496
70
0
0
VERTEX
8
Layer 1
10
932.184259
20
797.912714
70
0
0
VERTEX
8
Layer 1
10
927.924153
20
778.574171
70
0
0
VERTEX
8
Layer 1
10
924.058337
20
759.152966
70
0
0
VERTEX
8
Layer 1
10
920.588089
20
739.655197
70
0
0
VERTEX
8
Layer 1
10
917.514689
20
720.086961
70
0
0
VERTEX
8
Layer 1
10
914.839414
20
700.454357
70
0
0
VERTEX
8
Layer 1
10
912.563543
20
680.763483
70
0
0
VERTEX
8
Layer 1
10
910.688355
20
661.020436
70
0
0
VERTEX
8
Layer 1
10
909.215128
20
641.231316
70
0
0
VERTEX
8
Layer 1
10
908.145140
20
621.402219
70
0
0
VERTEX
8
Layer 1
10
907.479670
20
601.539244
70
0
0
VERTEX
8
Layer 1
10
907.219996
20
581.648489
70
0
0
VERTEX
8
Layer 1
10
907.367397
20
561.736052
70
0
0
VERTEX
8
Layer 1
10
907.923151
20
541.808031
70
0
0
VERTEX
8
Layer 1
10
908.888537
20
521.870524
70
0
0
VERTEX
8
Layer 1
10
910.264832
20
501.929628
70
0
0
VERTEX
8
Layer 1
10
912.053316
20
481.991443
70
0
0
VERTEX
8
Layer 1
10
914.255267
20
462.062066
70
0
0
SEQEND
8
Layer 1
0
POLYLINE
8
Layer 1
62
7
70
0
10
0.000000
20
0.000000
66
1
0
VERTEX
8
Layer 1
10
996.337963
20
1095.515874
70
0
0
VERTEX
8
Layer 1
10
995.170786
20
1095.749779
70
0
0
VERTEX
8
Layer 1
10
994.043520
20
1095.526060
70
0
0
VERTEX
8
Layer 1
10
993.082221
20
1094.896233
70
0
0
VERTEX
8
Layer 1
10
992.412945
20
1093.911813
70
0
0
VERTEX
8
Layer 1
10
992.177658
20
1092.744914
70
0
0
VERTEX
8
Layer 1
10
992.400042
20
1091.617384
70
0
0
VERTEX
8
Layer 1
10
993.028731
20
1090.655340
70
0
0
VERTEX
8
Layer 1
10
994.012357
20
1089.984899
70
0
0
VERTEX
8
Layer 1
10
995.179534
20
1089.750993
70
0
0
VERTEX
8
Layer 1
10
996.306800
20
1089.974712
70
0
0
VERTEX
8
Layer 1
10
997.268099
20
1090.604540
70
0
0
VERTEX
8
Layer 1
10
997.937375
20
1091.588960
70
0
0
VERTEX
8
Layer 1
10
998.172662
20
1092.755859
70
0
0
VERTEX
8
Layer 1
10
997.950278
20
1093.883389
70
0
0
VERTEX
8
Layer 1
10
997.321589
20
1094.845433
70
0
0
VERTEX
8
Layer 1
10
996.337963
20
1095.515874
70
0
0
VERTEX
8
Layer 1
10
996.337963
20
1095.515874
70
0
0
SEQEND
8
Layer 1
0
POLYLINE
8
Layer 1
62
7
70
0
10
0.000000
20
0.000000
66
1
0
VERTEX
8
Layer 1
10
826.967563
20
717.422404
70
0
0
VERTEX
8
Layer 1
10
825.801737
20
717.653473
70
0
0
VERTEX
8
Layer 1
10
824.676476
20
717.428396
70
0
0
VERTEX
8
Layer 1
10
823.717188
20
716.798603
70
0
0
VERTEX
8
Layer 1
10
823.049282
20
715.815523
70
0
0
VERTEX
8
Layer 1
10
822.814007
20
714.650539
70
0
0
VERTEX
8
Layer 1
10
823.035021
20
713.524472
70
0
0
VERTEX
8
Layer 1
10
823.661348
20
712.562918
70
0
0
VERTEX
8
Layer 1
10
824.642011
20
711.891468
70
0
0
VERTEX
8
Layer 1
10
825.807837
20
711.660399
70
0
0
VERTEX
8
Layer 1
10
826.933098
20
711.885476
70
0
0
VERTEX
8
Layer 1
10
827.892386
20
712.515270
70
0
0
VERTEX
8
Layer 1
10
828.560292
20
713.498349
70
0
0
VERTEX
8
Layer 1
10
828.795567
20
714.663334
70
0
0
VERTEX
8
Layer 1
10
828.574552
20
715.789400
70
0
0
VERTEX
8
Layer 1
10
827.948225
20
716.750954
70
0
0
VERTEX
8
Layer 1
10
826.967563
20
717.422404
70
0
0
VERTEX
8
Layer 1
10
826.967563
20
717.422404
70
0
0
SEQEND
8
Layer 1
0
POLYLINE
8
Layer 1
62
7
70
0
10
0.000000
20
0.000000
66
1
0
VERTEX
8
Layer 1
10
1005.788867
20
1081.723665
70
0
0
VERTEX
8
Layer 1
10
1001.269295
20
1083.516249
70
0
0
VERTEX
8
Layer 1
10
996.680379
20
1084.818927
70
0
0
VERTEX
8
Layer 1
10
992.053750
20
1085.643510
70
0
0
VERTEX
8
Layer 1
10
987.421034
20
1086.001807
70
0
0
VERTEX
8
Layer 1
10
982.813861
20
1085.905626
70
0
0
VERTEX
8
Layer 1
10
978.263858
20
1085.366778
70
0
0
VERTEX
8
Layer 1
10
973.802654
20
1084.397072
70
0
0
VERTEX
8
Layer 1
10
969.461877
20
1083.008317
70
0
0
VERTEX
8
Layer 1
10
965.273156
20
1081.212323
70
0
0
VERTEX
8
Layer 1
10
961.268118
20
1079.020899
70
0
0
VERTEX
8
Layer 1
10
957.478391
20
1076.445854
70
0
0
VERTEX
8
Layer 1
10
953.935605
20
1073.498997
70
0
0
VERTEX
8
Layer 1
10
950.671387
20
1070.192139
70
0
0
VERTEX
8
Layer 1
10
947.717366
20
1066.537088
70
0
0
VERTEX
8
Layer 1
10
945.105170
20
1062.545655
70
0
0
VERTEX
8
Layer 1
10
942.866426
20
1058.229647
70
0
0
SEQEND
8
Layer 1
0
POLYLINE
8
Layer 1
62
7
70
0
10
0.000000
20
0.000000
66
1
0
VERTEX
8
Layer 1
10
1012.018130
20
1095.376492
70
0
0
VERTEX
8
Layer 1
10
1009.166670
20
1096.593072
70
0
0
VERTEX
8
Layer 1
10
1006.271165
20
1097.662445
70
0
0
VERTEX
8
Layer 1
10
1003.337157
20
1098.584414
70
0
0
VERTEX
8
Layer 1
10
1000.370187
20
1099.358782
70
0
0
VERTEX
8
Layer 1
10
994.359529
20
1100.463936
70
0
0
VERTEX
8
Layer 1
10
988.283522
20
1100.976338
70
0
0
VERTEX
8
Layer 1
10
982.186498
20
1100.894422
70
0
0
VERTEX
8
Layer 1
10
976.112788
20
1100.216618
70
0
0
VERTEX
8
Layer 1
10
973.098529
20
1099.653769
70
0
0
VERTEX
8
Layer 1
10
970.106723
20
1098.941360
70
0
0
VERTEX
8
Layer 1
10
967.142911
20
1098.079195
70
0
0
VERTEX
8
Layer 1
10
964.212636
20
1097.067079
70
0
0
VERTEX
8
Layer 1
10
961.336096
20
1095.911044
70
0
0
VERTEX
8
Layer 1
10
958.532505
20
1094.619773
70
0
0
VERTEX
8
Layer 1
10
955.805918
20
1093.197046
70
0
0
VERTEX
8
Layer 1
10
953.160392
20
1091.646643
70
0
0
VERTEX
8
Layer 1
10
948.128754
20
1088.177926
70
0
0
VERTEX
8
Layer 1
10
943.470046
20
1084.243863
70
0
0
VERTEX
8
Layer 1
10
939.216723
20
1079.874691
70
0
0
VERTEX
8
Layer 1
10
935.401242
20
1075.100649
70
0
0
VERTEX
8
Layer 1
10
933.667834
20
1072.571252
70
0
0
VERTEX
8
Layer 1
10
932.056058
20
1069.951976
70
0
0
VERTEX
8
Layer 1
10
930.569969
20
1067.246602
70
0
0
VERTEX
8
Layer 1
10
929.213626
20
1064.458910
70
0
0
SEQEND
8
Layer 1
0
POLYLINE
8
Layer 1
62
7
70
0
10
0.000000
20
0.000000
66
1
0
VERTEX
8
Layer 1
10
1005.788391
20
1081.724168
70
0
0
VERTEX
8
Layer 1
10
1012.016754
20
1095.376518
70
0
0
SEQEND
8
Layer 1
0
POLYLINE
8
Layer 1
62
7
70
0
10
0.000000
20
0.000000
66
1
0
VERTEX
8
Layer 1
10
871.485425
20
245.732597
70
0
0
VERTEX
8
Layer 1
10
870.318353
20
245.966289
70
0
0
VERTEX
8
Layer 1
10
869.191241
20
245.742469
70
0
0
VERTEX
8
Layer 1
10
868.230095
20
245.112646
70
0
0
VERTEX
8
Layer 1
10
867.560923
20
244.128331
70
0
0
VERTEX
8
Layer 1
10
867.325635
20
242.961579
70
0
0
VERTEX
8
Layer 1
10
867.547913
20
241.834162
70
0
0
VERTEX
8
Layer 1
10
868.176421
20
240.872156
70
0
0
VERTEX
8
Layer 1
10
869.159820
20
240.201638
70
0
0
VERTEX
8
Layer 1
10
870.326892
20
239.967946
70
0
0
VERTEX
8
Layer 1
10
871.454005
20
240.191766
70
0
0
VERTEX
8
Layer 1
10
872.415150
20
240.821588
70
0
0
VERTEX
8
Layer 1
10
873.084323
20
241.805904
70
0
0
VERTEX
8
Layer 1
10
873.319610
20
242.972656
70
0
0
VERTEX
8
Layer 1
10
873.097332
20
244.100073
70
0
0
VERTEX
8
Layer 1
10
872.468825
20
245.062079
70
0
0
VERTEX
8
Layer 1
10
871.485425
20
245.732597
70
0
0
VERTEX
8
Layer 1
10
871.485425
20
245.732597
70
0
0
SEQEND
8
Layer 1
0
POLYLINE
8
Layer 1
62
7
70
0
10
0.000000
20
0.000000
66
1
0
VERTEX
8
Layer 1
10
837.832743
20
349.308312
70
0
0
VERTEX
8
Layer 1
10
836.666383
20
349.540513
70
0
0
VERTEX
8
Layer 1
10
835.540326
20
349.315982
70
0
0
VERTEX
8
Layer 1
10
834.580237
20
348.686181
70
0
0
VERTEX
8
Layer 1
10
833.911782
20
347.702575
70
0
0
VERTEX
8
Layer 1
10
833.676495
20
346.536833
70
0
0
VERTEX
8
Layer 1
10
833.898046
20
345.410186
70
0
0
VERTEX
8
Layer 1
10
834.525304
20
344.448434
70
0
0
VERTEX
8
Layer 1
10
835.507138
20
343.777379
70
0
0
VERTEX
8
Layer 1
10
836.673498
20
343.545177
70
0
0
VERTEX
8
Layer 1
10
837.799555
20
343.769708
70
0
0
VERTEX
8
Layer 1
10
838.759644
20
344.399509
70
0
0
VERTEX
8
Layer 1
10
839.428099
20
345.383115
70
0
0
VERTEX
8
Layer 1
10
839.663386
20
346.548857
70
0
0
VERTEX
8
Layer 1
10
839.441835
20
347.675504
70
0
0
VERTEX
8
Layer 1
10
838.814577
20
348.637256
70
0
0
VERTEX
8
Layer 1
10
837.832743
20
349.308312
70
0
0
VERTEX
8
Layer 1
10
837.832743
20
349.308312
70
0
0
SEQEND
8
Layer 1
0
POLYLINE
8
Layer 1
62
7
70
0
10
0.000000
20
0.000000
66
1
0
VERTEX
8
Layer 1
10
942.866426
20
1058.229647
70
0
0
VERTEX
8
Layer 1
10
932.537633
20
1037.650465
70
0
0
VERTEX
8
Layer 1
10
922.665272
20
1016.892410
70
0
0
VERTEX
8
Layer 1
10
913.250392
20
995.963020
70
0
0
VERTEX
8
Layer 1
10
904.294045
20
974.869833
70
0
0
VERTEX
8
Layer 1
10
895.797281
20
953.620389
70
0
0
VERTEX
8
Layer 1
10
887.761150
20
932.222224
70
0
0
VERTEX
8
Layer 1
10
880.186704
20
910.682877
70
0
0
VERTEX
8
Layer 1
10
873.074991
20
889.009886
70
0
0
VERTEX
8
Layer 1
10
866.427063
20
867.210790
70
0
0
VERTEX
8
Layer 1
10
860.243971
20
845.293126
70
0
0
VERTEX
8
Layer 1
10
854.526764
20
823.264433
70
0
0
VERTEX
8
Layer 1
10
849.276493
20
801.132248
70
0
0
VERTEX
8
Layer 1
10
844.494209
20
778.904111
70
0
0
VERTEX
8
Layer 1
10
840.180962
20
756.587558
70
0
0
VERTEX
8
Layer 1
10
836.337803
20
734.190130
70
0
0
VERTEX
8
Layer 1
10
832.965782
20
711.719362
70
0
0
VERTEX
8
Layer 1
10
830.065949
20
689.182794
70
0
0
VERTEX
8
Layer 1
10
827.639355
20
666.587964
70
0
0
VERTEX
8
Layer 1
10
825.687050
20
643.942411
70
0
0
VERTEX
8
Layer 1
10
824.210085
20
621.253671
70
0
0
VERTEX
8
Layer 1
10
823.209510
20
598.529284
70
0
0
VERTEX
8
Layer 1
10
822.686376
20
575.776787
70
0
0
VERTEX
8
Layer 1
10
822.641734
20
553.003719
70
0
0
VERTEX
8
Layer 1
10
823.076632
20
530.217617
70
0
0
VERTEX
8
Layer 1
10
823.992123
20
507.426021
70
0
0
VERTEX
8
Layer 1
10
825.389257
20
484.636468
70
0
0
VERTEX
8
Layer 1
10
827.269084
20
461.856496
70
0
0
VERTEX
8
Layer 1
10
829.632654
20
439.093644
70
0
0
VERTEX
8
Layer 1
10
832.481018
20
416.355450
70
0
0
VERTEX
8
Layer 1
10
835.815226
20
393.649451
70
0
0
VERTEX
8
Layer 1
10
839.636329
20
370.983187
70
0
0
VERTEX
8
Layer 1
10
843.945378
20
348.364195
70
0
0
SEQEND
8
Layer 1
0
POLYLINE
8
Layer 1
62
7
70
0
10
0.000000
20
0.000000
66
1
0
VERTEX
8
Layer 1
10
843.945378
20
348.364195
70
0
0
VERTEX
8
Layer 1
10
848.974713
20
329.697758
70
0
0
VERTEX
8
Layer 1
10
854.328863
20
311.126508
70
0
0
VERTEX
8
Layer 1
10
860.006412
20
292.654656
70
0
0
VERTEX
8
Layer 1
10
866.005944
20
274.286411
70
0
0
VERTEX
8
Layer 1
10
872.326042
20
256.025986
70
0
0
VERTEX
8
Layer 1
10
878.965290
20
237.877589
70
0
0
VERTEX
8
Layer 1
10
885.922272
20
219.845434
70
0
0
VERTEX
8
Layer 1
10
893.195572
20
201.933728
70
0
0
SEQEND
8
Layer 1
0
POLYLINE
8
Layer 1
62
7
70
0
10
0.000000
20
0.000000
66
1
0
VERTEX
8
Layer 1
10
879.615558
20
196.415268
70
0
0
VERTEX
8
Layer 1
10
893.195598
20
201.933490
70
0
0
SEQEND
8
Layer 1
0
POLYLINE
8
Layer 1
62
7
70
0
10
0.000000
20
0.000000
66
1
0
VERTEX
8
Layer 1
10
840.121757
20
306.186810
70
0
0
VERTEX
8
Layer 1
10
844.444721
20
292.251102
70
0
0
VERTEX
8
Layer 1
10
848.944239
20
278.373259
70
0
0
VERTEX
8
Layer 1
10
853.619708
20
264.554949
70
0
0
VERTEX
8
Layer 1
10
858.470530
20
250.797841
70
0
0
VERTEX
8
Layer 1
10
863.496102
20
237.103605
70
0
0
VERTEX
8
Layer 1
10
868.695825
20
223.473910
70
0
0
VERTEX
8
Layer 1
10
874.069098
20
209.910424
70
0
0
VERTEX
8
Layer 1
10
879.615320
20
196.414818
70
0
0
SEQEND
8
Layer 1
0
POLYLINE
8
Layer 1
62
7
70
0
10
0.000000
20
0.000000
66
1
0
VERTEX
8
Layer 1
10
822.022348
20
384.036233
70
0
0
VERTEX
8
Layer 1
10
823.721034
20
374.181324
70
0
0
VERTEX
8
Layer 1
10
825.581713
20
364.357790
70
0
0
VERTEX
8
Layer 1
10
827.603923
20
354.567621
70
0
0
VERTEX
8
Layer 1
10
829.787201
20
344.812803
70
0
0
VERTEX
8
Layer 1
10
832.131086
20
335.095325
70
0
0
VERTEX
8
Layer 1
10
834.635115
20
325.417175
70
0
0
VERTEX
8
Layer 1
10
837.298826
20
315.780340
70
0
0
VERTEX
8
Layer 1
10
840.121757
20
306.186810
70
0
0
SEQEND
8
Layer 1
0
POLYLINE
8
Layer 1
62
7
70
0
10
0.000000
20
0.000000
66
1
0
VERTEX
8
Layer 1
10
929.213626
20
1064.458910
70
0
0
VERTEX
8
Layer 1
10
919.321659
20
1044.737481
70
0
0
VERTEX
8
Layer 1
10
909.841634
20
1024.852227
70
0
0
VERTEX
8
Layer 1
10
900.774564
20
1004.809582
70
0
0
VERTEX
8
Layer 1
10
892.121463
20
984.615983
70
0
0
VERTEX
8
Layer 1
10
883.883345
20
964.277864
70
0
0
VERTEX
8
Layer 1
10
876.061224
20
943.801662
70
0
0
VERTEX
8
Layer 1
10
868.656114
20
923.193811
70
0
0
VERTEX
8
Layer 1
10
861.669028
20
902.460749
70
0
0
VERTEX
8
Layer 1
10
855.100981
20
881.608910
70
0
0
VERTEX
8
Layer 1
10
848.952986
20
860.644730
70
0
0
VERTEX
8
Layer 1
10
843.226057
20
839.574644
70
0
0
VERTEX
8
Layer 1
10
837.921208
20
818.405089
70
0
0
VERTEX
8
Layer 1
10
833.039453
20
797.142500
70
0
0
VERTEX
8
Layer 1
10
828.581806
20
775.793312
70
0
0
VERTEX
8
Layer 1
10
824.549280
20
754.363962
70
0
0
VERTEX
8
Layer 1
10
820.942889
20
732.860884
70
0
0
VERTEX
8
Layer 1
10
817.763648
20
711.290515
70
0
0
VERTEX
8
Layer 1
10
815.012570
20
689.659290
70
0
0
VERTEX
8
Layer 1
10
812.690668
20
667.973645
70
0
0
VERTEX
8
Layer 1
10
810.798958
20
646.240015
70
0
0
VERTEX
8
Layer 1
10
809.338452
20
624.464837
70
0
0
VERTEX
8
Layer 1
10
808.310164
20
602.654545
70
0
0
VERTEX
8
Layer 1
10
807.715109
20
580.815575
70
0
0
VERTEX
8
Layer 1
10
807.554300
20
558.954363
70
0
0
VERTEX
8
Layer 1
10
807.828750
20
537.077345
70
0
0
VERTEX
8
Layer 1
10
808.539475
20
515.190956
70
0
0
VERTEX
8
Layer 1
10
809.687487
20
493.301632
70
0
0
VERTEX
8
Layer 1
10
811.273801
20
471.415809
70
0
0
VERTEX
8
Layer 1
10
813.299430
20
449.539921
70
0
0
VERTEX
8
Layer 1
10
815.765388
20
427.680406
70
0
0
VERTEX
8
Layer 1
10
818.672690
20
405.843698
70
0
0
VERTEX
8
Layer 1
10
822.022348
20
384.036233
70
0
0
SEQEND
8
Layer 1
0
POLYLINE
8
Layer 1
62
7
70
0
10
0.000000
20
0.000000
66
1
0
VERTEX
8
Layer 1
10
709.006151
20
294.786742
70
0
0
VERTEX
8
Layer 1
10
708.495654
20
295.862109
70
0
0
VERTEX
8
Layer 1
10
707.642237
20
296.631825
70
0
0
VERTEX
8
Layer 1
10
706.562573
20
297.025664
70
0
0
VERTEX
8
Layer 1
10
705.373334
20
296.973396
70
0
0
VERTEX
8
Layer 1
10
704.297369
20
296.464164
70
0
0
VERTEX
8
Layer 1
10
703.526650
20
295.611651
70
0
0
VERTEX
8
Layer 1
10
703.131544
20
294.532450
70
0
0
VERTEX
8
Layer 1
10
703.182414
20
293.343151
70
0
0
VERTEX
8
Layer 1
10
703.692911
20
292.267784
70
0
0
VERTEX
8
Layer 1
10
704.546328
20
291.498068
70
0
0
VERTEX
8
Layer 1
10
705.625992
20
291.104229
70
0
0
VERTEX
8
Layer 1
10
706.815231
20
291.156497
70
0
0
VERTEX
8
Layer 1
10
707.891196
20
291.665730
70
0
0
VERTEX
8
Layer 1
10
708.661915
20
292.518242
70
0
0
VERTEX
8
Layer 1
10
709.057021
20
293.597443
70
0
0
VERTEX
8
Layer 1
10
709.006151
20
294.786742
70
0
0
VERTEX
8
Layer 1
10
709.006151
20
294.786742
70
0
0
SEQEND
8
Layer 1
0
POLYLINE
8
Layer 1
62
7
70
0
10
0.000000
20
0.000000
66
1
0
VERTEX
8
Layer 1
10
681.872582
20
365.686882
70
0
0
VERTEX
8
Layer 1
10
681.583456
20
366.421658
70
0
0
VERTEX
8
Layer 1
10
681.121565
20
367.046120
70
0
0
VERTEX
8
Layer 1
10
680.514923
20
367.531179
70
0
0
VERTEX
8
Layer 1
10
679.791546
20
367.847746
70
0
0
VERTEX
8
Layer 1
10
679.010648
20
367.964744
70
0
0
VERTEX
8
Layer 1
10
678.238902
20
367.876965
70
0
0
VERTEX
8
Layer 1
10
677.515508
20
367.594128
70
0
0
VERTEX
8
Layer 1
10
676.879664
20
367.125948
70
0
0
VERTEX
8
Layer 1
10
676.387893
20
366.508169
70
0
0
VERTEX
8
Layer 1
10
676.078038
20
365.795929
70
0
0
VERTEX
8
Layer 1
10
675.961285
20
365.028032
70
0
0
VERTEX
8
Layer 1
10
676.048819
20
364.243285
70
0
0
VERTEX
8
Layer 1
10
676.337945
20
363.508510
70
0
0
VERTEX
8
Layer 1
10
676.799836
20
362.884047
70
0
0
VERTEX
8
Layer 1
10
677.406478
20
362.398988
70
0
0
VERTEX
8
Layer 1
10
678.129856
20
362.082421
70
0
0
VERTEX
8
Layer 1
10
678.910753
20
361.965424
70
0
0
VERTEX
8
Layer 1
10
679.682499
20
362.053202
70
0
0
VERTEX
8
Layer 1
10
680.405893
20
362.336040
70
0
0
VERTEX
8
Layer 1
10
681.041737
20
362.804220
70
0
0
VERTEX
8
Layer 1
10
681.533508
20
363.421998
70
0
0
VERTEX
8
Layer 1
10
681.843363
20
364.134239
70
0
0
VERTEX
8
Layer 1
10
681.960116
20
364.902135
70
0
0
VERTEX
8
Layer 1
10
681.872582
20
365.686882
70
0
0
VERTEX
8
Layer 1
10
681.872582
20
365.686882
70
0
0
SEQEND
8
Layer 1
0
POLYLINE
8
Layer 1
62
7
70
0
10
0.000000
20
0.000000
66
1
0
VERTEX
8
Layer 1
10
669.065521
20
363.528380
70
0
0
VERTEX
8
Layer 1
10
687.410251
20
286.311064
70
0
0
SEQEND
8
Layer 1
0
POLYLINE
8
Layer 1
62
7
70
0
10
0.000000
20
0.000000
66
1
0
VERTEX
8
Layer 1
10
687.410251
20
286.311064
70
0
0
VERTEX
8
Layer 1
10
722.918163
20
254.254214
70
0
0
SEQEND
8
Layer 1
0
POLYLINE
8
Layer 1
62
7
70
0
10
0.000000
20
0.000000
66
1
0
VERTEX
8
Layer 1
10
730.613242
20
220.709876
70
0
0
VERTEX
8
Layer 1
10
731.410858
20
222.919705
70
0
0
VERTEX
8
Layer 1
10
732.027533
20
225.160006
70
0
0
VERTEX
8
Layer 1
10
732.465508
20
227.421010
70
0
0
VERTEX
8
Layer 1
10
732.727025
20
229.692946
70
0
0
VERTEX
8
Layer 1
10
732.814326
20
231.966046
70
0
0
VERTEX
8
Layer 1
10
732.729651
20
234.230540
70
0
0
VERTEX
8
Layer 1
10
732.475242
20
236.476659
70
0
0
VERTEX
8
Layer 1
10
732.053340
20
238.694633
70
0
0
VERTEX
8
Layer 1
10
731.466188
20
240.874693
70
0
0
VERTEX
8
Layer 1
10
730.716026
20
243.007070
70
0
0
VERTEX
8
Layer 1
10
729.805095
20
245.081994
70
0
0
VERTEX
8
Layer 1
10
728.735638
20
247.089695
70
0
0
VERTEX
8
Layer 1
10
727.509895
20
249.020405
70
0
0
VERTEX
8
Layer 1
10
726.130109
20
250.864354
70
0
0
VERTEX
8
Layer 1
10
724.598520
20
252.611773
70
0
0
VERTEX
8
Layer 1
10
722.917369
20
254.252891
70
0
0
SEQEND
8
Layer 1
0
POLYLINE
8
Layer 1
62
7
70
0
10
0.000000
20
0.000000
66
1
0
VERTEX
8
Layer 1
10
718.973045
20
117.518061
70
0
0
VERTEX
8
Layer 1
10
777.548070
20
261.929793
70
0
0
SEQEND
8
Layer 1
0
POLYLINE
8
Layer 1
62
7
70
0
10
0.000000
20
0.000000
66
1
0
VERTEX
8
Layer 1
10
688.856885
20
366.402066
70
0
0
VERTEX
8
Layer 1
10
689.602762
20
361.838949
70
0
0
VERTEX
8
Layer 1
10
690.506155
20
357.327999
70
0
0
VERTEX
8
Layer 1
10
691.564383
20
352.872377
70
0
0
VERTEX
8
Layer 1
10
692.774763
20
348.475242
70
0
0
VERTEX
8
Layer 1
10
694.134612
20
344.139754
70
0
0
VERTEX
8
Layer 1
10
695.641247
20
339.869073
70
0
0
VERTEX
8
Layer 1
10
697.291988
20
335.666357
70
0
0
VERTEX
8
Layer 1
10
699.084150
20
331.534769
70
0
0
VERTEX
8
Layer 1
10
701.015051
20
327.477466
70
0
0
VERTEX
8
Layer 1
10
703.082010
20
323.497608
70
0
0
VERTEX
8
Layer 1
10
705.282343
20
319.598357
70
0
0
VERTEX
8
Layer 1
10
707.613368
20
315.782870
70
0
0
VERTEX
8
Layer 1
10
710.072403
20
312.054309
70
0
0
VERTEX
8
Layer 1
10
712.656764
20
308.415832
70
0
0
VERTEX
8
Layer 1
10
715.363770
20
304.870600
70
0
0
VERTEX
8
Layer 1
10
718.190739
20
301.421773
70
0
0
VERTEX
8
Layer 1
10
721.134987
20
298.072509
70
0
0
VERTEX
8
Layer 1
10
724.193832
20
294.825970
70
0
0
VERTEX
8
Layer 1
10
727.364592
20
291.685314
70
0
0
VERTEX
8
Layer 1
10
730.644584
20
288.653702
70
0
0
VERTEX
8
Layer 1
10
734.031125
20
285.734292
70
0
0
VERTEX
8
Layer 1
10
737.521534
20
282.930246
70
0
0
VERTEX
8
Layer 1
10
741.113128
20
280.244723
70
0
0
VERTEX
8
Layer 1
10
744.803224
20
277.680882
70
0
0
VERTEX
8
Layer 1
10
748.589139
20
275.241883
70
0
0
VERTEX
8
Layer 1
10
752.468193
20
272.930887
70
0
0
VERTEX
8
Layer 1
10
756.437700
20
270.751052
70
0
0
VERTEX
8
Layer 1
10
760.494981
20
268.705539
70
0
0
VERTEX
8
Layer 1
10
764.637351
20
266.797508
70
0
0
VERTEX
8
Layer 1
10
768.862129
20
265.030117
70
0
0
VERTEX
8
Layer 1
10
773.166631
20
263.406528
70
0
0
VERTEX
8
Layer 1
10
777.548176
20
261.929899
70
0
0
SEQEND
8
Layer 1
0
POLYLINE
8
Layer 1
62
7
70
0
10
0.000000
20
0.000000
66
1
0
VERTEX
8
Layer 1
10
752.098043
20
1037.396079
70
0
0
VERTEX
8
Layer 1
10
751.588120
20
1038.472533
70
0
0
VERTEX
8
Layer 1
10
750.734659
20
1039.243196
70
0
0
VERTEX
8
Layer 1
10
749.654511
20
1039.637657
70
0
0
VERTEX
8
Layer 1
10
748.464530
20
1039.585505
70
0
0
VERTEX
8
Layer 1
10
747.387960
20
1039.075826
70
0
0
VERTEX
8
Layer 1
10
746.617103
20
1038.222539
70
0
0
VERTEX
8
Layer 1
10
746.222397
20
1037.142481
70
0
0
VERTEX
8
Layer 1
10
746.274280
20
1035.952488
70
0
0
VERTEX
8
Layer 1
10
746.784203
20
1034.876033
70
0
0
VERTEX
8
Layer 1
10
747.637665
20
1034.105370
70
0
0
VERTEX
8
Layer 1
10
748.717812
20
1033.710909
70
0
0
VERTEX
8
Layer 1
10
749.907794
20
1033.763062
70
0
0
VERTEX
8
Layer 1
10
750.984364
20
1034.272741
70
0
0
VERTEX
8
Layer 1
10
751.755220
20
1035.126028
70
0
0
VERTEX
8
Layer 1
10
752.149926
20
1036.206086
70
0
0
VERTEX
8
Layer 1
10
752.098043
20
1037.396079
70
0
0
VERTEX
8
Layer 1
10
752.098043
20
1037.396079
70
0
0
SEQEND
8
Layer 1
0
POLYLINE
8
Layer 1
62
7
70
0
10
0.000000
20
0.000000
66
1
0
VERTEX
8
Layer 1
10
674.968077
20
842.472941
70
0
0
VERTEX
8
Layer 1
10
674.458156
20
843.549408
70
0
0
VERTEX
8
Layer 1
10
673.604690
20
844.320080
70
0
0
VERTEX
8
Layer 1
10
672.524533
20
844.714545
70
0
0
VERTEX
8
Layer 1
10
671.334542
20
844.662388
70
0
0
VERTEX
8
Layer 1
10
670.257965
20
844.152699
70
0
0
VERTEX
8
Layer 1
10
669.487110
20
843.299398
70
0
0
VERTEX
8
Layer 1
10
669.092413
20
842.219326
70
0
0
VERTEX
8
Layer 1
10
669.144314
20
841.029323
70
0
0
VERTEX
8
Layer 1
10
669.654235
20
839.952856
70
0
0
VERTEX
8
Layer 1
10
670.507701
20
839.182184
70
0
0
VERTEX
8
Layer 1
10
671.587858
20
838.787720
70
0
0
VERTEX
8
Layer 1
10
672.777849
20
838.839876
70
0
0
VERTEX
8
Layer 1
10
673.854426
20
839.349566
70
0
0
VERTEX
8
Layer 1
10
674.625281
20
840.202866
70
0
0
VERTEX
8
Layer 1
10
675.019978
20
841.282938
70
0
0
VERTEX
8
Layer 1
10
674.968077
20
842.472941
70
0
0
VERTEX
8
Layer 1
10
674.968077
20
842.472941
70
0
0
SEQEND
8
Layer 1
0
POLYLINE
8
Layer 1
62
7
70
0
10
0.000000
20
0.000000
66
1
0
VERTEX
8
Layer 1
10
708.911589
20
123.502426
70
0
0
VERTEX
8
Layer 1
10
708.401092
20
124.577793
70
0
0
VERTEX
8
Layer 1
10
707.547675
20
125.347509
70
0
0
VERTEX
8
Layer 1
10
706.468011
20
125.741347
70
0
0
VERTEX
8
Layer 1
10
705.278772
20
125.689080
70
0
0
VERTEX
8
Layer 1
10
704.202807
20
125.179847
70
0
0
VERTEX
8
Layer 1
10
703.432088
20
124.327335
70
0
0
VERTEX
8
Layer 1
10
703.036982
20
123.248134
70
0
0
VERTEX
8
Layer 1
10
703.087852
20
122.058834
70
0
0
VERTEX
8
Layer 1
10
703.598349
20
120.983468
70
0
0
VERTEX
8
Layer 1
10
704.451766
20
120.213751
70
0
0
VERTEX
8
Layer 1
10
705.531430
20
119.819913
70
0
0
VERTEX
8
Layer 1
10
706.720669
20
119.872180
70
0
0
VERTEX
8
Layer 1
10
707.796635
20
120.381413
70
0
0
VERTEX
8
Layer 1
10
708.567353
20
121.233926
70
0
0
VERTEX
8
Layer 1
10
708.962459
20
122.313127
70
0
0
VERTEX
8
Layer 1
10
708.911589
20
123.502426
70
0
0
VERTEX
8
Layer 1
10
708.911589
20
123.502426
70
0
0
SEQEND
8
Layer 1
0
POLYLINE
8
Layer 1
62
7
70
0
10
0.000000
20
0.000000
66
1
0
VERTEX
8
Layer 1
10
763.191770
20
1075.475208
70
0
0
VERTEX
8
Layer 1
10
757.225444
20
1065.412568
70
0
0
VERTEX
8
Layer 1
10
751.397981
20
1055.287076
70
0
0
VERTEX
8
Layer 1
10
745.709568
20
1045.100144
70
0
0
VERTEX
8
Layer 1
10
740.160390
20
1034.853181
70
0
0
VERTEX
8
Layer 1
10
734.750634
20
1024.547599
70
0
0
VERTEX
8
Layer 1
10
729.480488
20
1014.184808
70
0
0
VERTEX
8
Layer 1
10
719.359767
20
993.293241
70
0
0
VERTEX
8
Layer 1
10
709.799719
20
972.189765
70
0
0
VERTEX
8
Layer 1
10
700.801837
20
950.885665
70
0
0
VERTEX
8
Layer 1
10
692.367612
20
929.392224
70
0
0
VERTEX
8
Layer 1
10
684.498536
20
907.720728
70
0
0
VERTEX
8
Layer 1
10
677.196100
20
885.882462
70
0
0
VERTEX
8
Layer 1
10
670.461798
20
863.888709
70
0
0
VERTEX
8
Layer 1
10
664.297121
20
841.750754
70
0
0
VERTEX
8
Layer 1
10
658.703560
20
819.479882
70
0
0
VERTEX
8
Layer 1
10
653.682609
20
797.087378
70
0
0
VERTEX
8
Layer 1
10
649.235758
20
774.584526
70
0
0
VERTEX
8
Layer 1
10
645.364500
20
751.982610
70
0
0
VERTEX
8
Layer 1
10
642.070326
20
729.292916
70
0
0
VERTEX
8
Layer 1
10
639.354729
20
706.526727
70
0
0
VERTEX
8
Layer 1
10
637.219201
20
683.695329
70
0
0
VERTEX
8
Layer 1
10
635.665233
20
660.810005
70
0
0
VERTEX
8
Layer 1
10
634.694318
20
637.882041
70
0
0
VERTEX
8
Layer 1
10
634.307947
20
614.922722
70
0
0
VERTEX
8
Layer 1
10
634.507612
20
591.943331
70
0
0
VERTEX
8
Layer 1
10
635.294805
20
568.955153
70
0
0
VERTEX
8
Layer 1
10
636.671019
20
545.969473
70
0
0
VERTEX
8
Layer 1
10
638.637745
20
522.997575
70
0
0
VERTEX
8
Layer 1
10
641.196475
20
500.050744
70
0
0
VERTEX
8
Layer 1
10
644.348701
20
477.140265
70
0
0
VERTEX
8
Layer 1
10
648.095915
20
454.277422
70
0
0
VERTEX
8
Layer 1
10
652.439609
20
431.473499
70
0
0
VERTEX
8
Layer 1
10
654.835602
20
420.097160
70
0
0
VERTEX
8
Layer 1
10
657.381274
20
408.739782
70
0
0
VERTEX
8
Layer 1
10
660.076813
20
397.402777
70
0
0
VERTEX
8
Layer 1
10
662.922404
20
386.087555
70
0
0
VERTEX
8
Layer 1
10
665.918234
20
374.795526
70
0
0
VERTEX
8
Layer 1
10
669.064489
20
363.528102
70
0
0
SEQEND
8
Layer 1
0
POLYLINE
8
Layer 1
62
7
70
0
10
0.000000
20
0.000000
66
1
0
VERTEX
8
Layer 1
10
730.614618
20
220.708897
70
0
0
VERTEX
8
Layer 1
10
693.026634
20
128.041585
70
0
0
SEQEND
8
Layer 1
0
POLYLINE
8
Layer 1
62
7
70
0
10
0.000000
20
0.000000
66
1
0
VERTEX
8
Layer 1
10
693.026581
20
128.041559
70
0
0
VERTEX
8
Layer 1
10
692.229823
20
125.320120
70
0
0
VERTEX
8
Layer 1
10
691.998137
20
122.578351
70
0
0
VERTEX
8
Layer 1
10
692.300515
20
119.889572
70
0
0
VERTEX
8
Layer 1
10
693.105951
20
117.327103
70
0
0
VERTEX
8
Layer 1
10
694.383437
20
114.964264
70
0
0
VERTEX
8
Layer 1
10
696.101965
20
112.874377
70
0
0
VERTEX
8
Layer 1
10
698.230528
20
111.130762
70
0
0
VERTEX
8
Layer 1
10
700.738120
20
109.806739
70
0
0
VERTEX
8
Layer 1
10
703.459512
20
109.009822
70
0
0
VERTEX
8
Layer 1
10
706.201267
20
108.777976
70
0
0
VERTEX
8
Layer 1
10
708.890064
20
109.080198
70
0
0
VERTEX
8
Layer 1
10
711.452580
20
109.885484
70
0
0
VERTEX
8
Layer 1
10
713.815493
20
111.162832
70
0
0
VERTEX
8
Layer 1
10
715.905481
20
112.881239
70
0
0
VERTEX
8
Layer 1
10
717.649220
20
115.009700
70
0
0
VERTEX
8
Layer 1
10
718.973389
20
117.517214
70
0
0
SEQEND
8
Layer 1
0
POLYLINE
8
Layer 1
62
7
70
0
10
0.000000
20
0.000000
66
1
0
VERTEX
8
Layer 1
10
775.776290
20
1067.866913
70
0
0
VERTEX
8
Layer 1
10
769.873292
20
1057.952770
70
0
0
VERTEX
8
Layer 1
10
764.110833
20
1047.975206
70
0
0
VERTEX
8
Layer 1
10
758.489094
20
1037.935681
70
0
0
VERTEX
8
Layer 1
10
753.008256
20
1027.835656
70
0
0
VERTEX
8
Layer 1
10
747.668500
20
1017.676595
70
0
0
VERTEX
8
Layer 1
10
742.470007
20
1007.459958
70
0
0
VERTEX
8
Layer 1
10
737.412959
20
997.187207
70
0
0
VERTEX
8
Layer 1
10
732.497536
20
986.859804
70
0
0
VERTEX
8
Layer 1
10
727.723920
20
976.479210
70
0
0
VERTEX
8
Layer 1
10
723.092292
20
966.046888
70
0
0
VERTEX
8
Layer 1
10
718.602833
20
955.564298
70
0
0
VERTEX
8
Layer 1
10
714.255724
20
945.032903
70
0
0
VERTEX
8
Layer 1
10
705.989280
20
923.829543
70
0
0
VERTEX
8
Layer 1
10
698.294410
20
902.448501
70
0
0
VERTEX
8
Layer 1
10
691.172562
20
880.901471
70
0
0
VERTEX
8
Layer 1
10
684.625186
20
859.200147
70
0
0
VERTEX
8
Layer 1
10
678.653730
20
837.356221
70
0
0
VERTEX
8
Layer 1
10
673.259644
20
815.381388
70
0
0
VERTEX
8
Layer 1
10
668.444376
20
793.287340
70
0
0
VERTEX
8
Layer 1
10
664.209376
20
771.085771
70
0
0
VERTEX
8
Layer 1
10
660.556091
20
748.788376
70
0
0
VERTEX
8
Layer 1
10
657.485972
20
726.406846
70
0
0
VERTEX
8
Layer 1
10
655.000467
20
703.952876
70
0
0
VERTEX
8
Layer 1
10
653.101026
20
681.438160
70
0
0
VERTEX
8
Layer 1
10
651.789096
20
658.874390
70
0
0
VERTEX
8
Layer 1
10
651.066127
20
636.273260
70
0
0
VERTEX
8
Layer 1
10
650.933569
20
613.646464
70
0
0
VERTEX
8
Layer 1
10
651.392869
20
591.005695
70
0
0
VERTEX
8
Layer 1
10
652.445477
20
568.362647
70
0
0
VERTEX
8
Layer 1
10
654.092842
20
545.729013
70
0
0
VERTEX
8
Layer 1
10
656.336413
20
523.116486
70
0
0
VERTEX
8
Layer 1
10
659.177639
20
500.536761
70
0
0
VERTEX
8
Layer 1
10
660.822825
20
489.262852
70
0
0
VERTEX
8
Layer 1
10
662.617969
20
478.001530
70
0
0
VERTEX
8
Layer 1
10
664.563250
20
466.754254
70
0
0
VERTEX
8
Layer 1
10
666.658851
20
455.522487
70
0
0
VERTEX
8
Layer 1
10
668.904952
20
444.307690
70
0
0
VERTEX
8
Layer 1
10
671.301734
20
433.111326
70
0
0
VERTEX
8
Layer 1
10
673.849380
20
421.934855
70
0
0
VERTEX
8
Layer 1
10
676.548069
20
410.779739
70
0
0
VERTEX
8
Layer 1
10
679.397983
20
399.647441
70
0
0
VERTEX
8
Layer 1
10
682.399303
20
388.539422
70
0
0
VERTEX
8
Layer 1
10
685.552210
20
377.457143
70
0
0
VERTEX
8
Layer 1
10
688.856885
20
366.402066
70
0
0
SEQEND
8
Layer 1
0
POLYLINE
8
Layer 1
62
7
70
0
10
0.000000
20
0.000000
66
1
0
VERTEX
8
Layer 1
10
763.190976
20
1075.474494
70
0
0
VERTEX
8
Layer 1
10
775.775761
20
1067.867600
70
0
0
SEQEND
8
Layer 1
0
POLYLINE
8
Layer 1
62
7
70
0
10
0.000000
20
0.000000
66
1
0
VERTEX
8
Layer 1
10
672.244248
20
31.642092
70
0
0
VERTEX
8
Layer 1
10
671.640493
20
32.667693
70
0
0
VERTEX
8
Layer 1
10
670.722407
20
33.358592
70
0
0
VERTEX
8
Layer 1
10
669.612344
20
33.655214
70
0
0
VERTEX
8
Layer 1
10
668.432659
20
33.497984
70
0
0
VERTEX
8
Layer 1
10
667.406138
20
32.895794
70
0
0
VERTEX
8
Layer 1
10
666.713839
20
31.978764
70
0
0
VERTEX
8
Layer 1
10
666.415523
20
30.869155
70
0
0
VERTEX
8
Layer 1
10
666.570953
20
29.689231
70
0
0
VERTEX
8
Layer 1
10
667.174709
20
28.663630
70
0
0
VERTEX
8
Layer 1
10
668.092795
20
27.972731
70
0
0
VERTEX
8
Layer 1
10
669.202857
20
27.676109
70
0
0
VERTEX
8
Layer 1
10
670.382542
20
27.833340
70
0
0
VERTEX
8
Layer 1
10
671.409063
20
28.435529
70
0
0
VERTEX
8
Layer 1
10
672.101363
20
29.352560
70
0
0
VERTEX
8
Layer 1
10
672.399678
20
30.462169
70
0
0
VERTEX
8
Layer 1
10
672.244248
20
31.642092
70
0
0
VERTEX
8
Layer 1
10
672.244248
20
31.642092
70
0
0
SEQEND
8
Layer 1
0
POLYLINE
8
Layer 1
62
7
70
0
10
0.000000
20
0.000000
66
1
0
VERTEX
8
Layer 1
10
583.254746
20
188.657445
70
0
0
VERTEX
8
Layer 1
10
582.651752
20
189.684862
70
0
0
VERTEX
8
Layer 1
10
581.733461
20
190.377264
70
0
0
VERTEX
8
Layer 1
10
580.622540
20
190.674807
70
0
0
VERTEX
8
Layer 1
10
579.441655
20
190.517648
70
0
0
VERTEX
8
Layer 1
10
578.414237
20
189.914655
70
0
0
VERTEX
8
Layer 1
10
577.721836
20
188.996364
70
0
0
VERTEX
8
Layer 1
10
577.424293
20
187.885443
70
0
0
VERTEX
8
Layer 1
10
577.581451
20
186.704558
70
0
0
VERTEX
8
Layer 1
10
578.184445
20
185.677140
70
0
0
VERTEX
8
Layer 1
10
579.102736
20
184.984739
70
0
0
VERTEX
8
Layer 1
10
580.213657
20
184.687196
70
0
0
VERTEX
8
Layer 1
10
581.394542
20
184.844354
70
0
0
VERTEX
8
Layer 1
10
582.421959
20
185.447348
70
0
0
VERTEX
8
Layer 1
10
583.114361
20
186.365639
70
0
0
VERTEX
8
Layer 1
10
583.411904
20
187.476560
70
0
0
VERTEX
8
Layer 1
10
583.254746
20
188.657445
70
0
0
VERTEX
8
Layer 1
10
583.254746
20
188.657445
70
0
0
SEQEND
8
Layer 1
0
POLYLINE
8
Layer 1
62
7
70
0
10
0.000000
20
0.000000
66
1
0
VERTEX
8
Layer 1
10
576.313622
20
268.710487
70
0
0
VERTEX
8
Layer 1
10
575.709372
20
269.734912
70
0
0
VERTEX
8
Layer 1
10
574.791416
20
270.424835
70
0
0
VERTEX
8
Layer 1
10
573.681907
20
270.720856
70
0
0
VERTEX
8
Layer 1
10
572.502998
20
270.563572
70
0
0
VERTEX
8
Layer 1
10
571.477060
20
269.961895
70
0
0
VERTEX
8
Layer 1
10
570.784834
20
269.045673
70
0
0
VERTEX
8
Layer 1
10
570.486029
20
267.936910
70
0
0
VERTEX
8
Layer 1
10
570.640354
20
266.757610
70
0
0
VERTEX
8
Layer 1
10
571.244605
20
265.733186
70
0
0
VERTEX
8
Layer 1
10
572.162561
20
265.043262
70
0
0
VERTEX
8
Layer 1
10
573.272070
20
264.747241
70
0
0
VERTEX
8
Layer 1
10
574.450979
20
264.904525
70
0
0
VERTEX
8
Layer 1
10
575.476917
20
265.506203
70
0
0
VERTEX
8
Layer 1
10
576.169143
20
266.422424
70
0
0
VERTEX
8
Layer 1
10
576.467947
20
267.531187
70
0
0
VERTEX
8
Layer 1
10
576.313622
20
268.710487
70
0
0
VERTEX
8
Layer 1
10
576.313622
20
268.710487
70
0
0
SEQEND
8
Layer 1
0
POLYLINE
8
Layer 1
62
7
70
0
10
0.000000
20
0.000000
66
1
0
VERTEX
8
Layer 1
10
554.551644
20
790.455950
70
0
0
VERTEX
8
Layer 1
10
553.946835
20
791.479044
70
0
0
VERTEX
8
Layer 1
10
553.029027
20
792.167865
70
0
0
VERTEX
8
Layer 1
10
551.920144
20
792.463208
70
0
0
VERTEX
8
Layer 1
10
550.742112
20
792.305864
70
0
0
VERTEX
8
Layer 1
10
549.716833
20
791.704767
70
0
0
VERTEX
8
Layer 1
10
549.024689
20
790.789461
70
0
0
VERTEX
8
Layer 1
10
548.725330
20
789.681657
70
0
0
VERTEX
8
Layer 1
10
548.878402
20
788.503063
70
0
0
VERTEX
8
Layer 1
10
549.483212
20
787.479969
70
0
0
VERTEX
8
Layer 1
10
550.401020
20
786.791147
70
0
0
VERTEX
8
Layer 1
10
551.509903
20
786.495804
70
0
0
VERTEX
8
Layer 1
10
552.687934
20
786.653148
70
0
0
VERTEX
8
Layer 1
10
553.713213
20
787.254245
70
0
0
VERTEX
8
Layer 1
10
554.405357
20
788.169551
70
0
0
VERTEX
8
Layer 1
10
554.704717
20
789.277356
70
0
0
VERTEX
8
Layer 1
10
554.551644
20
790.455950
70
0
0
VERTEX
8
Layer 1
10
554.551644
20
790.455950
70
0
0
SEQEND
8
Layer 1
0
POLYLINE
8
Layer 1
62
7
70
0
10
0.000000
20
0.000000
66
1
0
VERTEX
8
Layer 1
10
624.634151
20
1017.612811
70
0
0
VERTEX
8
Layer 1
10
624.030396
20
1018.638412
70
0
0
VERTEX
8
Layer 1
10
623.112310
20
1019.329312
70
0
0
VERTEX
8
Layer 1
10
622.002247
20
1019.625934
70
0
0
VERTEX
8
Layer 1
10
620.822562
20
1019.468703
70
0
0
VERTEX
8
Layer 1
10
619.796041
20
1018.866514
70
0
0
VERTEX
8
Layer 1
10
619.103742
20
1017.949483
70
0
0
VERTEX
8
Layer 1
10
618.805426
20
1016.839874
70
0
0
VERTEX
8
Layer 1
10
618.960856
20
1015.659951
70
0
0
VERTEX
8
Layer 1
10
619.564612
20
1014.634349
70
0
0
VERTEX
8
Layer 1
10
620.482698
20
1013.943450
70
0
0
VERTEX
8
Layer 1
10
621.592760
20
1013.646828
70
0
0
VERTEX
8
Layer 1
10
622.772445
20
1013.804059
70
0
0
VERTEX
8
Layer 1
10
623.798967
20
1014.406248
70
0
0
VERTEX
8
Layer 1
10
624.491266
20
1015.323279
70
0
0
VERTEX
8
Layer 1
10
624.789581
20
1016.432888
70
0
0
VERTEX
8
Layer 1
10
624.634151
20
1017.612811
70
0
0
VERTEX
8
Layer 1
10
624.634151
20
1017.612811
70
0
0
SEQEND
8
Layer 1
0
POLYLINE
8
Layer 1
62
7
70
0
10
0.000000
20
0.000000
66
1
0
VERTEX
8
Layer 1
10
634.288308
20
1062.434097
70
0
0
VERTEX
8
Layer 1
10
647.453562
20
1055.988591
70
0
0
SEQEND
8
Layer 1
0
POLYLINE
8
Layer 1
62
7
70
0
10
0.000000
20
0.000000
66
1
0
VERTEX
8
Layer 1
10
533.729227
20
108.595290
70
0
0
VERTEX
8
Layer 1
10
661.376633
20
19.197801
70
0
0
SEQEND
8
Layer 1
0
POLYLINE
8
Layer 1
62
7
70
0
10
0.000000
20
0.000000
66
1
0
VERTEX
8
Layer 1
10
661.376633
20
19.197801
70
0
0
VERTEX
8
Layer 1
10
662.966260
20
18.234187
70
0
0
VERTEX
8
Layer 1
10
664.646842
20
17.498036
70
0
0
VERTEX
8
Layer 1
10
666.394900
20
16.991407
70
0
0
VERTEX
8
Layer 1
10
668.186951
20
16.716363
70
0
0
VERTEX
8
Layer 1
10
669.999513
20
16.674965
70
0
0
VERTEX
8
Layer 1
10
671.809104
20
16.869275
70
0
0
VERTEX
8
Layer 1
10
673.592244
20
17.301353
70
0
0
VERTEX
8
Layer 1
10
675.325449
20
17.973262
70
0
0
VERTEX
8
Layer 1
10
676.954593
20
18.868445
70
0
0
VERTEX
8
Layer 1
10
678.432189
20
19.956098
70
0
0
VERTEX
8
Layer 1
10
679.744713
20
21.216914
70
0
0
VERTEX
8
Layer 1
10
680.878645
20
22.631585
70
0
0
VERTEX
8
Layer 1
10
681.820461
20
24.180804
70
0
0
VERTEX
8
Layer 1
10
682.556640
20
25.845261
70
0
0
VERTEX
8
Layer 1
10
683.073659
20
27.605650
70
0
0
VERTEX
8
Layer 1
10
683.357996
20
29.442663
70
0
0
VERTEX
8
Layer 1
10
683.396938
20
31.301142
70
0
0
VERTEX
8
Layer 1
10
683.193427
20
33.124562
70
0
0
VERTEX
8
Layer 1
10
682.757430
20
34.891561
70
0
0
VERTEX
8
Layer 1
10
682.098910
20
36.580775
70
0
0
VERTEX
8
Layer 1
10
681.227830
20
38.170843
70
0
0
VERTEX
8
Layer 1
10
680.154157
20
39.640402
70
0
0
VERTEX
8
Layer 1
10
678.887854
20
40.968090
70
0
0
VERTEX
8
Layer 1
10
677.438885
20
42.132544
70
0
0
SEQEND
8
Layer 1
0
POLYLINE
8
Layer 1
62
7
70
0
10
0.000000
20
0.000000
66
1
0
VERTEX
8
Layer 1
10
595.528619
20
99.499297
70
0
0
VERTEX
8
Layer 1
10
677.438383
20
42.134184
70
0
0
SEQEND
8
Layer 1
0
POLYLINE
8
Layer 1
62
7
70
0
10
0.000000
20
0.000000
66
1
0
VERTEX
8
Layer 1
10
583.761449
20
131.838378
70
0
0
VERTEX
8
Layer 1
10
583.241997
20
129.547153
70
0
0
VERTEX
8
Layer 1
10
582.905862
20
127.247967
70
0
0
VERTEX
8
Layer 1
10
582.749616
20
124.950240
70
0
0
VERTEX
8
Layer 1
10
582.769832
20
122.663390
70
0
0
VERTEX
8
Layer 1
10
582.963082
20
120.396837
70
0
0
VERTEX
8
Layer 1
10
583.325939
20
118.160000
70
0
0
VERTEX
8
Layer 1
10
583.854977
20
115.962297
70
0
0
VERTEX
8
Layer 1
10
584.546767
20
113.813148
70
0
0
VERTEX
8
Layer 1
10
585.397882
20
111.721973
70
0
0
VERTEX
8
Layer 1
10
586.404896
20
109.698189
70
0
0
VERTEX
8
Layer 1
10
587.564380
20
107.751216
70
0
0
VERTEX
8
Layer 1
10
588.872908
20
105.890473
70
0
0
VERTEX
8
Layer 1
10
590.327052
20
104.125380
70
0
0
VERTEX
8
Layer 1
10
591.923385
20
102.465355
70
0
0
VERTEX
8
Layer 1
10
593.658480
20
100.919817
70
0
0
VERTEX
8
Layer 1
10
595.528910
20
99.498186
70
0
0
SEQEND
8
Layer 1
0
POLYLINE
8
Layer 1
62
7
70
0
10
0.000000
20
0.000000
66
1
0
VERTEX
8
Layer 1
10
583.207465
20
270.040347
70
0
0
VERTEX
8
Layer 1
10
599.972978
20
192.320279
70
0
0
SEQEND
8
Layer 1
0
POLYLINE
8
Layer 1
62
7
70
0
10
0.000000
20
0.000000
66
1
0
VERTEX
8
Layer 1
10
647.454355
20
1055.989120
70
0
0
VERTEX
8
Layer 1
10
636.721434
20
1032.907175
70
0
0
VERTEX
8
Layer 1
10
626.543406
20
1009.631668
70
0
0
VERTEX
8
Layer 1
10
616.921074
20
986.172413
70
0
0
VERTEX
8
Layer 1
10
607.855240
20
962.539226
70
0
0
VERTEX
8
Layer 1
10
599.346707
20
938.741920
70
0
0
VERTEX
8
Layer 1
10
591.396275
20
914.790310
70
0
0
VERTEX
8
Layer 1
10
584.004749
20
890.694210
70
0
0
VERTEX
8
Layer 1
10
577.172930
20
866.463437
70
0
0
VERTEX
8
Layer 1
10
570.901620
20
842.107803
70
0
0
VERTEX
8
Layer 1
10
565.191622
20
817.637124
70
0
0
VERTEX
8
Layer 1
10
560.043737
20
793.061214
70
0
0
VERTEX
8
Layer 1
10
555.458770
20
768.389888
70
0
0
VERTEX
8
Layer 1
10
551.437520
20
743.632960
70
0
0
VERTEX
8
Layer 1
10
547.980792
20
718.800245
70
0
0
VERTEX
8
Layer 1
10
545.089387
20
693.901558
70
0
0
VERTEX
8
Layer 1
10
542.764107
20
668.946713
70
0
0
VERTEX
8
Layer 1
10
541.005755
20
643.945524
70
0
0
VERTEX
8
Layer 1
10
539.815133
20
618.907807
70
0
0
VERTEX
8
Layer 1
10
539.193043
20
593.843376
70
0
0
VERTEX
8
Layer 1
10
539.140288
20
568.762046
70
0
0
VERTEX
8
Layer 1
10
539.657670
20
543.673631
70
0
0
VERTEX
8
Layer 1
10
540.745990
20
518.587945
70
0
0
VERTEX
8
Layer 1
10
542.406053
20
493.514804
70
0
0
VERTEX
8
Layer 1
10
544.638659
20
468.464022
70
0
0
VERTEX
8
Layer 1
10
547.444611
20
443.445413
70
0
0
VERTEX
8
Layer 1
10
550.824712
20
418.468792
70
0
0
VERTEX
8
Layer 1
10
554.779763
20
393.543974
70
0
0
VERTEX
8
Layer 1
10
559.310567
20
368.680774
70
0
0
VERTEX
8
Layer 1
10
564.417927
20
343.889005
70
0
0
VERTEX
8
Layer 1
10
570.102643
20
319.178483
70
0
0
VERTEX
8
Layer 1
10
576.365520
20
294.559022
70
0
0
VERTEX
8
Layer 1
10
583.207359
20
270.040437
70
0
0
SEQEND
8
Layer 1
0
POLYLINE
8
Layer 1
62
7
70
0
10
0.000000
20
0.000000
66
1
0
VERTEX
8
Layer 1
10
634.288494
20
1062.434309
70
0
0
VERTEX
8
Layer 1
10
623.450694
20
1039.032703
70
0
0
VERTEX
8
Layer 1
10
613.161493
20
1015.439174
70
0
0
VERTEX
8
Layer 1
10
603.421728
20
991.663208
70
0
0
VERTEX
8
Layer 1
10
594.232239
20
967.714287
70
0
0
VERTEX
8
Layer 1
10
585.593867
20
943.601894
70
0
0
VERTEX
8
Layer 1
10
577.507449
20
919.335514
70
0
0
VERTEX
8
Layer 1
10
569.973826
20
894.924629
70
0
0
VERTEX
8
Layer 1
10
562.993837
20
870.378723
70
0
0
VERTEX
8
Layer 1
10
556.568321
20
845.707280
70
0
0
VERTEX
8
Layer 1
10
550.698117
20
820.919783
70
0
0
VERTEX
8
Layer 1
10
545.384066
20
796.025715
70
0
0
VERTEX
8
Layer 1
10
540.627005
20
771.034560
70
0
0
VERTEX
8
Layer 1
10
536.427775
20
745.955801
70
0
0
VERTEX
8
Layer 1
10
532.787216
20
720.798922
70
0
0
VERTEX
8
Layer 1
10
529.706165
20
695.573406
70
0
0
VERTEX
8
Layer 1
10
527.185464
20
670.288736
70
0
0
VERTEX
8
Layer 1
10
525.225950
20
644.954397
70
0
0
VERTEX
8
Layer 1
10
523.828464
20
619.579871
70
0
0
VERTEX
8
Layer 1
10
522.993845
20
594.174642
70
0
0
VERTEX
8
Layer 1
10
522.722932
20
568.748194
70
0
0
VERTEX
8
Layer 1
10
523.016565
20
543.310009
70
0
0
VERTEX
8
Layer 1
10
523.875583
20
517.869572
70
0
0
VERTEX
8
Layer 1
10
525.300825
20
492.436365
70
0
0
VERTEX
8
Layer 1
10
527.293130
20
467.019873
70
0
0
VERTEX
8
Layer 1
10
529.853339
20
441.629578
70
0
0
VERTEX
8
Layer 1
10
532.982290
20
416.274964
70
0
0
VERTEX
8
Layer 1
10
536.680823
20
390.965515
70
0
0
VERTEX
8
Layer 1
10
540.949777
20
365.710714
70
0
0
VERTEX
8
Layer 1
10
545.789991
20
340.520044
70
0
0
VERTEX
8
Layer 1
10
551.202305
20
315.402989
70
0
0
VERTEX
8
Layer 1
10
557.187559
20
290.369032
70
0
0
VERTEX
8
Layer 1
10
563.746591
20
265.427657
70
0
0
SEQEND
8
Layer 1
0
POLYLINE
8
Layer 1
62
7
70
0
10
0.000000
20
0.000000
66
1
0
VERTEX
8
Layer 1
10
533.729121
20
108.595555
70
0
0
VERTEX
8
Layer 1
10
539.469695
20
117.275799
70
0
0
VERTEX
8
Layer 1
10
544.713818
20
126.203904
70
0
0
VERTEX
8
Layer 1
10
549.457459
20
135.358810
70
0
0
VERTEX
8
Layer 1
10
553.696585
20
144.719452
70
0
0
VERTEX
8
Layer 1
10
557.427167
20
154.264767
70
0
0
VERTEX
8
Layer 1
10
560.645172
20
163.973692
70
0
0
VERTEX
8
Layer 1
10
563.346569
20
173.825165
70
0
0
VERTEX
8
Layer 1
10
565.527327
20
183.798122
70
0
0
VERTEX
8
Layer 1
10
567.183413
20
193.871501
70
0
0
VERTEX
8
Layer 1
10
568.310797
20
204.024238
70
0
0
VERTEX
8
Layer 1
10
568.905447
20
214.235270
70
0
0
VERTEX
8
Layer 1
10
568.963332
20
224.483535
70
0
0
VERTEX
8
Layer 1
10
568.480421
20
234.747969
70
0
0
VERTEX
8
Layer 1
10
567.452681
20
245.007510
70
0
0
VERTEX
8
Layer 1
10
565.876082
20
255.241093
70
0
0
VERTEX
8
Layer 1
10
563.746591
20
265.427657
70
0
0
SEQEND
8
Layer 1
0
POLYLINE
8
Layer 1
62
7
70
0
10
0.000000
20
0.000000
66
1
0
VERTEX
8
Layer 1
10
599.972978
20
192.320279
70
0
0
VERTEX
8
Layer 1
10
583.761263
20
131.839224
70
0
0
SEQEND
8
Layer 1
0
POLYLINE
8
Layer 1
62
7
70
0
10
0.000000
20
0.000000
66
1
0
VERTEX
8
Layer 1
10
645.227440
20
380.835637
70
0
0
VERTEX
8
Layer 1
10
644.080454
20
381.150520
70
0
0
VERTEX
8
Layer 1
10
642.941098
20
381.006827
70
0
0
VERTEX
8
Layer 1
10
641.938441
20
380.446954
70
0
0
VERTEX
8
Layer 1
10
641.201551
20
379.513295
70
0
0
VERTEX
8
Layer 1
10
640.883892
20
378.367075
70
0
0
VERTEX
8
Layer 1
10
641.024825
20
377.227374
70
0
0
VERTEX
8
Layer 1
10
641.582268
20
376.223364
70
0
0
VERTEX
8
Layer 1
10
642.514141
20
375.484216
70
0
0
VERTEX
8
Layer 1
10
643.661126
20
375.169333
70
0
0
VERTEX
8
Layer 1
10
644.800482
20
375.313026
70
0
0
VERTEX
8
Layer 1
10
645.803140
20
375.872899
70
0
0
VERTEX
8
Layer 1
10
646.540029
20
376.806558
70
0
0
VERTEX
8
Layer 1
10
646.857689
20
377.952778
70
0
0
VERTEX
8
Layer 1
10
646.716756
20
379.092479
70
0
0
VERTEX
8
Layer 1
10
646.159312
20
380.096489
70
0
0
VERTEX
8
Layer 1
10
645.227440
20
380.835637
70
0
0
VERTEX
8
Layer 1
10
645.227440
20
380.835637
70
0
0
SEQEND
8
Layer 1
0
POLYLINE
8
Layer 1
62
7
70
0
10
0.000000
20
0.000000
66
1
0
VERTEX
8
Layer 1
10
624.090406
20
478.461605
70
0
0
VERTEX
8
Layer 1
10
622.942774
20
478.778151
70
0
0
VERTEX
8
Layer 1
10
621.802339
20
478.635311
70
0
0
VERTEX
8
Layer 1
10
620.798542
20
478.075502
70
0
0
VERTEX
8
Layer 1
10
620.060823
20
477.141140
70
0
0
VERTEX
8
Layer 1
10
619.743079
20
475.993839
70
0
0
VERTEX
8
Layer 1
10
619.884729
20
474.853256
70
0
0
VERTEX
8
Layer 1
10
620.443490
20
473.848875
70
0
0
VERTEX
8
Layer 1
10
621.377081
20
473.110181
70
0
0
VERTEX
8
Layer 1
10
622.524714
20
472.793635
70
0
0
VERTEX
8
Layer 1
10
623.665149
20
472.936475
70
0
0
VERTEX
8
Layer 1
10
624.668946
20
473.496284
70
0
0
VERTEX
8
Layer 1
10
625.406665
20
474.430645
70
0
0
VERTEX
8
Layer 1
10
625.724409
20
475.577947
70
0
0
VERTEX
8
Layer 1
10
625.582759
20
476.718530
70
0
0
VERTEX
8
Layer 1
10
625.023998
20
477.722911
70
0
0
VERTEX
8
Layer 1
10
624.090406
20
478.461605
70
0
0
VERTEX
8
Layer 1
10
624.090406
20
478.461605
70
0
0
SEQEND
8
Layer 1
0
POLYLINE
8
Layer 1
62
7
70
0
10
0.000000
20
0.000000
66
1
0
VERTEX
8
Layer 1
10
638.417073
20
803.169269
70
0
0
VERTEX
8
Layer 1
10
637.269049
20
803.486803
70
0
0
VERTEX
8
Layer 1
10
636.127967
20
803.344464
70
0
0
VERTEX
8
Layer 1
10
635.123490
20
802.784684
70
0
0
VERTEX
8
Layer 1
10
634.385280
20
801.849894
70
0
0
VERTEX
8
Layer 1
10
634.067496
20
800.701939
70
0
0
VERTEX
8
Layer 1
10
634.209585
20
799.560826
70
0
0
VERTEX
8
Layer 1
10
634.769145
20
798.556227
70
0
0
VERTEX
8
Layer 1
10
635.703775
20
797.817813
70
0
0
VERTEX
8
Layer 1
10
636.851799
20
797.500279
70
0
0
VERTEX
8
Layer 1
10
637.992880
20
797.642617
70
0
0
VERTEX
8
Layer 1
10
638.997358
20
798.202397
70
0
0
VERTEX
8
Layer 1
10
639.735568
20
799.137188
70
0
0
VERTEX
8
Layer 1
10
640.053352
20
800.285142
70
0
0
VERTEX
8
Layer 1
10
639.911263
20
801.426255
70
0
0
VERTEX
8
Layer 1
10
639.351702
20
802.430854
70
0
0
VERTEX
8
Layer 1
10
638.417073
20
803.169269
70
0
0
VERTEX
8
Layer 1
10
638.417073
20
803.169269
70
0
0
SEQEND
8
Layer 1
0
POLYLINE
8
Layer 1
62
7
70
0
10
0.000000
20
0.000000
66
1
0
VERTEX
8
Layer 1
10
751.949295
20
1178.816539
70
0
0
VERTEX
8
Layer 1
10
750.801271
20
1179.134073
70
0
0
VERTEX
8
Layer 1
10
749.660189
20
1178.991735
70
0
0
VERTEX
8
Layer 1
10
748.655712
20
1178.431955
70
0
0
VERTEX
8
Layer 1
10
747.917501
20
1177.497164
70
0
0
VERTEX
8
Layer 1
10
747.599717
20
1176.349210
70
0
0
VERTEX
8
Layer 1
10
747.741806
20
1175.208097
70
0
0
VERTEX
8
Layer 1
10
748.301367
20
1174.203498
70
0
0
VERTEX
8
Layer 1
10
749.235996
20
1173.465083
70
0
0
VERTEX
8
Layer 1
10
750.384020
20
1173.147549
70
0
0
VERTEX
8
Layer 1
10
751.525102
20
1173.289888
70
0
0
VERTEX
8
Layer 1
10
752.529579
20
1173.849668
70
0
0
VERTEX
8
Layer 1
10
753.267789
20
1174.784458
70
0
0
VERTEX
8
Layer 1
10
753.585574
20
1175.932413
70
0
0
VERTEX
8
Layer 1
10
753.443484
20
1177.073526
70
0
0
VERTEX
8
Layer 1
10
752.883924
20
1178.078125
70
0
0
VERTEX
8
Layer 1
10
751.949295
20
1178.816539
70
0
0
VERTEX
8
Layer 1
10
751.949295
20
1178.816539
70
0
0
SEQEND
8
Layer 1
0
POLYLINE
8
Layer 1
62
7
70
0
10
0.000000
20
0.000000
66
1
0
VERTEX
8
Layer 1
10
767.534794
20
1106.396309
70
0
0
VERTEX
8
Layer 1
10
768.951205
20
1109.153967
70
0
0
VERTEX
8
Layer 1
10
770.223915
20
1111.966033
70
0
0
VERTEX
8
Layer 1
10
771.352335
20
1114.826995
70
0
0
VERTEX
8
Layer 1
10
772.335875
20
1117.731337
70
0
0
VERTEX
8
Layer 1
10
773.865954
20
1123.648113
70
0
0
VERTEX
8
Layer 1
10
774.809435
20
1129.672253
70
0
0
VERTEX
8
Layer 1
10
775.161600
20
1135.759650
70
0
0
VERTEX
8
Layer 1
10
774.917729
20
1141.866196
70
0
0
VERTEX
8
Layer 1
10
774.570805
20
1144.912867
70
0
0
VERTEX
8
Layer 1
10
774.073104
20
1147.947784
70
0
0
VERTEX
8
Layer 1
10
773.424034
20
1150.965435
70
0
0
VERTEX
8
Layer 1
10
772.623007
20
1153.960306
70
0
0
VERTEX
8
Layer 1
10
771.674601
20
1156.911818
70
0
0
VERTEX
8
Layer 1
10
770.586111
20
1159.800191
70
0
0
VERTEX
8
Layer 1
10
769.361019
20
1162.621109
70
0
0
VERTEX
8
Layer 1
10
768.002806
20
1165.370256
70
0
0
VERTEX
8
Layer 1
10
764.900942
20
1170.635978
70
0
0
VERTEX
8
Layer 1
10
761.308372
20
1175.562829
70
0
0
VERTEX
8
Layer 1
10
757.252949
20
1180.116286
70
0
0
VERTEX
8
Layer 1
10
752.762525
20
1184.261822
70
0
0
VERTEX
8
Layer 1
10
750.362892
20
1186.170831
70
0
0
VERTEX
8
Layer 1
10
747.864953
20
1187.964913
70
0
0
VERTEX
8
Layer 1
10
745.272189
20
1189.639752
70
0
0
VERTEX
8
Layer 1
10
742.588083
20
1191.191033
70
0
0
SEQEND
8
Layer 1
0
POLYLINE
8
Layer 1
62
7
70
0
10
0.000000
20
0.000000
66
1
0
VERTEX
8
Layer 1
10
735.403676
20
1178.014535
70
0
0
VERTEX
8
Layer 1
10
742.588957
20
1191.191377
70
0
0
SEQEND
8
Layer 1
0
POLYLINE
8
Layer 1
62
7
70
0
10
0.000000
20
0.000000
66
1
0
VERTEX
8
Layer 1
10
754.359884
20
1113.581299
70
0
0
VERTEX
8
Layer 1
10
756.403325
20
1117.813687
70
0
0
VERTEX
8
Layer 1
10
758.008186
20
1122.194696
70
0
0
VERTEX
8
Layer 1
10
759.170881
20
1126.690806
70
0
0
VERTEX
8
Layer 1
10
759.887824
20
1131.268502
70
0
0
VERTEX
8
Layer 1
10
760.155431
20
1135.894266
70
0
0
VERTEX
8
Layer 1
10
759.970114
20
1140.534582
70
0
0
VERTEX
8
Layer 1
10
759.328290
20
1145.155931
70
0
0
VERTEX
8
Layer 1
10
758.226372
20
1149.724798
70
0
0
VERTEX
8
Layer 1
10
756.678551
20
1154.162480
70
0
0
VERTEX
8
Layer 1
10
754.715517
20
1158.395127
70
0
0
VERTEX
8
Layer 1
10
752.358434
20
1162.396506
70
0
0
VERTEX
8
Layer 1
10
749.628468
20
1166.140380
70
0
0
VERTEX
8
Layer 1
10
746.546784
20
1169.600515
70
0
0
VERTEX
8
Layer 1
10
743.134546
20
1172.750673
70
0
0
VERTEX
8
Layer 1
10
739.412919
20
1175.564621
70
0
0
VERTEX
8
Layer 1
10
735.403067
20
1178.016123
70
0
0
SEQEND
8
Layer 1
0
POLYLINE
8
Layer 1
62
7
70
0
10
0.000000
20
0.000000
66
1
0
VERTEX
8
Layer 1
10
754.359884
20
1113.581299
70
0
0
VERTEX
8
Layer 1
10
743.552977
20
1095.564104
70
0
0
VERTEX
8
Layer 1
10
733.148317
20
1077.353204
70
0
0
VERTEX
8
Layer 1
10
723.147374
20
1058.955359
70
0
0
VERTEX
8
Layer 1
10
713.551618
20
1040.377330
70
0
0
VERTEX
8
Layer 1
10
704.362520
20
1021.625877
70
0
0
VERTEX
8
Layer 1
10
695.581550
20
1002.707762
70
0
0
VERTEX
8
Layer 1
10
687.210180
20
983.629746
70
0
0
VERTEX
8
Layer 1
10
679.249879
20
964.398589
70
0
0
VERTEX
8
Layer 1
10
671.702119
20
945.021052
70
0
0
VERTEX
8
Layer 1
10
664.568370
20
925.503896
70
0
0
VERTEX
8
Layer 1
10
657.850102
20
905.853882
70
0
0
VERTEX
8
Layer 1
10
651.548786
20
886.077771
70
0
0
VERTEX
8
Layer 1
10
645.665893
20
866.182324
70
0
0
VERTEX
8
Layer 1
10
640.202894
20
846.174301
70
0
0
VERTEX
8
Layer 1
10
635.161258
20
826.060464
70
0
0
VERTEX
8
Layer 1
10
630.542457
20
805.847573
70
0
0
VERTEX
8
Layer 1
10
626.347960
20
785.542389
70
0
0
VERTEX
8
Layer 1
10
622.579240
20
765.151673
70
0
0
VERTEX
8
Layer 1
10
619.237766
20
744.682187
70
0
0
VERTEX
8
Layer 1
10
616.325008
20
724.140690
70
0
0
VERTEX
8
Layer 1
10
613.842438
20
703.533943
70
0
0
VERTEX
8
Layer 1
10
611.791526
20
682.868709
70
0
0
VERTEX
8
Layer 1
10
610.173743
20
662.151746
70
0
0
VERTEX
8
Layer 1
10
608.990559
20
641.389817
70
0
0
VERTEX
8
Layer 1
10
608.243444
20
620.589682
70
0
0
VERTEX
8
Layer 1
10
607.933871
20
599.758103
70
0
0
VERTEX
8
Layer 1
10
608.063308
20
578.901839
70
0
0
VERTEX
8
Layer 1
10
608.633226
20
558.027652
70
0
0
VERTEX
8
Layer 1
10
609.645097
20
537.142302
70
0
0
VERTEX
8
Layer 1
10
611.100391
20
516.252551
70
0
0
VERTEX
8
Layer 1
10
613.000578
20
495.365160
70
0
0
VERTEX
8
Layer 1
10
615.347129
20
474.486888
70
0
0
SEQEND
8
Layer 1
0
POLYLINE
8
Layer 1
62
7
70
0
10
0.000000
20
0.000000
66
1
0
VERTEX
8
Layer 1
10
615.347129
20
474.486888
70
0
0
VERTEX
8
Layer 1
10
618.332304
20
457.055790
70
0
0
VERTEX
8
Layer 1
10
621.658270
20
439.691704
70
0
0
VERTEX
8
Layer 1
10
625.323820
20
422.399598
70
0
0
VERTEX
8
Layer 1
10
629.327746
20
405.184440
70
0
0
VERTEX
8
Layer 1
10
633.668843
20
388.051198
70
0
0
VERTEX
8
Layer 1
10
638.345902
20
371.004840
70
0
0
VERTEX
8
Layer 1
10
643.357717
20
354.050335
70
0
0
VERTEX
8
Layer 1
10
648.703081
20
337.192650
70
0
0
SEQEND
8
Layer 1
0
POLYLINE
8
Layer 1
62
7
70
0
10
0.000000
20
0.000000
66
1
0
VERTEX
8
Layer 1
10
648.702949
20
337.192730
70
0
0
VERTEX
8
Layer 1
10
662.687457
20
341.745700
70
0
0
SEQEND
8
Layer 1
0
POLYLINE
8
Layer 1
62
7
70
0
10
0.000000
20
0.000000
66
1
0
VERTEX
8
Layer 1
10
633.651166
20
457.398679
70
0
0
VERTEX
8
Layer 1
10
636.405700
20
442.734362
70
0
0
VERTEX
8
Layer 1
10
639.411798
20
428.122932
70
0
0
VERTEX
8
Layer 1
10
642.668651
20
413.567607
70
0
0
VERTEX
8
Layer 1
10
646.175450
20
399.071608
70
0
0
VERTEX
8
Layer 1
10
649.931389
20
384.638156
70
0
0
VERTEX
8
Layer 1
10
653.935657
20
370.270470
70
0
0
VERTEX
8
Layer 1
10
658.187446
20
355.971770
70
0
0
VERTEX
8
Layer 1
10
662.685949
20
341.745277
70
0
0
SEQEND
8
Layer 1
0
POLYLINE
8
Layer 1
62
7
70
0
10
0.000000
20
0.000000
66
1
0
VERTEX
8
Layer 1
10
628.091060
20
496.981277
70
0
0
VERTEX
8
Layer 1
10
629.202516
20
487.047828
70
0
0
VERTEX
8
Layer 1
10
630.499931
20
477.137838
70
0
0
VERTEX
8
Layer 1
10
631.982936
20
467.253918
70
0
0
VERTEX
8
Layer 1
10
633.651166
20
457.398679
70
0
0
SEQEND
8
Layer 1
0
POLYLINE
8
Layer 1
62
7
70
0
10
0.000000
20
0.000000
66
1
0
VERTEX
8
Layer 1
10
767.534556
20
1106.395912
70
0
0
VERTEX
8
Layer 1
10
757.197604
20
1089.215222
70
0
0
VERTEX
8
Layer 1
10
747.232518
20
1071.853569
70
0
0
VERTEX
8
Layer 1
10
737.640689
20
1054.317026
70
0
0
VERTEX
8
Layer 1
10
728.423506
20
1036.611667
70
0
0
VERTEX
8
Layer 1
10
719.582358
20
1018.743565
70
0
0
VERTEX
8
Layer 1
10
711.118637
20
1000.718795
70
0
0
VERTEX
8
Layer 1
10
703.033730
20
982.543430
70
0
0
VERTEX
8
Layer 1
10
695.329029
20
964.223544
70
0
0
VERTEX
8
Layer 1
10
688.005923
20
945.765210
70
0
0
VERTEX
8
Layer 1
10
681.065801
20
927.174501
70
0
0
VERTEX
8
Layer 1
10
674.510054
20
908.457492
70
0
0
VERTEX
8
Layer 1
10
668.340070
20
889.620256
70
0
0
VERTEX
8
Layer 1
10
662.557241
20
870.668867
70
0
0
VERTEX
8
Layer 1
10
657.162955
20
851.609398
70
0
0
VERTEX
8
Layer 1
10
652.158602
20
832.447923
70
0
0
VERTEX
8
Layer 1
10
647.545573
20
813.190516
70
0
0
VERTEX
8
Layer 1
10
643.325256
20
793.843250
70
0
0
VERTEX
8
Layer 1
10
639.499041
20
774.412198
70
0
0
VERTEX
8
Layer 1
10
636.068319
20
754.903436
70
0
0
VERTEX
8
Layer 1
10
633.034479
20
735.323035
70
0
0
VERTEX
8
Layer 1
10
630.398911
20
715.677070
70
0
0
VERTEX
8
Layer 1
10
628.163004
20
695.971615
70
0
0
VERTEX
8
Layer 1
10
626.328149
20
676.212743
70
0
0
VERTEX
8
Layer 1
10
624.895734
20
656.406527
70
0
0
VERTEX
8
Layer 1
10
623.867150
20
636.559041
70
0
0
VERTEX
8
Layer 1
10
623.243786
20
616.676360
70
0
0
VERTEX
8
Layer 1
10
623.027033
20
596.764556
70
0
0
VERTEX
8
Layer 1
10
623.218280
20
576.829703
70
0
0
VERTEX
8
Layer 1
10
623.818916
20
556.877875
70
0
0
VERTEX
8
Layer 1
10
624.830332
20
536.915146
70
0
0
VERTEX
8
Layer 1
10
626.253916
20
516.947588
70
0
0
VERTEX
8
Layer 1
10
628.091060
20
496.981277
70
0
0
SEQEND
8
Layer 1
0
POLYLINE
8
Layer 1
62
7
70
0
10
0.000000
20
0.000000
66
1
0
VERTEX
8
Layer 1
10
643.429043
20
1174.476373
70
0
0
VERTEX
8
Layer 1
10
642.291242
20
1174.823730
70
0
0
VERTEX
8
Layer 1
10
641.148079
20
1174.712316
70
0
0
VERTEX
8
Layer 1
10
640.129840
20
1174.180881
70
0
0
VERTEX
8
Layer 1
10
639.366811
20
1173.268175
70
0
0
VERTEX
8
Layer 1
10
639.017018
20
1172.131121
70
0
0
VERTEX
8
Layer 1
10
639.125984
20
1170.987723
70
0
0
VERTEX
8
Layer 1
10
639.655237
20
1169.968348
70
0
0
VERTEX
8
Layer 1
10
640.566307
20
1169.203366
70
0
0
VERTEX
8
Layer 1
10
641.704108
20
1168.856008
70
0
0
VERTEX
8
Layer 1
10
642.847270
20
1168.967422
70
0
0
VERTEX
8
Layer 1
10
643.865510
20
1169.498857
70
0
0
VERTEX
8
Layer 1
10
644.628539
20
1170.411563
70
0
0
VERTEX
8
Layer 1
10
644.978332
20
1171.548617
70
0
0
VERTEX
8
Layer 1
10
644.869366
20
1172.692016
70
0
0
VERTEX
8
Layer 1
10
644.340113
20
1173.711391
70
0
0
VERTEX
8
Layer 1
10
643.429043
20
1174.476373
70
0
0
VERTEX
8
Layer 1
10
643.429043
20
1174.476373
70
0
0
SEQEND
8
Layer 1
0
POLYLINE
8
Layer 1
62
7
70
0
10
0.000000
20
0.000000
66
1
0
VERTEX
8
Layer 1
10
437.389476
20
815.048146
70
0
0
VERTEX
8
Layer 1
10
436.252079
20
815.394393
70
0
0
VERTEX
8
Layer 1
10
435.109617
20
815.282400
70
0
0
VERTEX
8
Layer 1
10
434.092131
20
814.750907
70
0
0
VERTEX
8
Layer 1
10
433.329662
20
813.838656
70
0
0
VERTEX
8
Layer 1
10
432.979941
20
812.702322
70
0
0
VERTEX
8
Layer 1
10
433.088443
20
811.559523
70
0
0
VERTEX
8
Layer 1
10
433.616824
20
810.540418
70
0
0
VERTEX
8
Layer 1
10
434.526741
20
809.775165
70
0
0
VERTEX
8
Layer 1
10
435.664139
20
809.428918
70
0
0
VERTEX
8
Layer 1
10
436.806601
20
809.540911
70
0
0
VERTEX
8
Layer 1
10
437.824086
20
810.072404
70
0
0
VERTEX
8
Layer 1
10
438.586555
20
810.984655
70
0
0
VERTEX
8
Layer 1
10
438.936276
20
812.120989
70
0
0
VERTEX
8
Layer 1
10
438.827774
20
813.263788
70
0
0
VERTEX
8
Layer 1
10
438.299393
20
814.282893
70
0
0
VERTEX
8
Layer 1
10
437.389476
20
815.048146
70
0
0
VERTEX
8
Layer 1
10
437.389476
20
815.048146
70
0
0
SEQEND
8
Layer 1
0
POLYLINE
8
Layer 1
62
7
70
0
10
0.000000
20
0.000000
66
1
0
VERTEX
8
Layer 1
10
651.465248
20
1159.814691
70
0
0
VERTEX
8
Layer 1
10
647.145783
20
1162.046748
70
0
0
VERTEX
8
Layer 1
10
642.708721
20
1163.798194
70
0
0
VERTEX
8
Layer 1
10
638.186707
20
1165.077645
70
0
0
VERTEX
8
Layer 1
10
633.612383
20
1165.893714
70
0
0
VERTEX
8
Layer 1
10
629.018395
20
1166.255014
70
0
0
VERTEX
8
Layer 1
10
624.437385
20
1166.170159
70
0
0
VERTEX
8
Layer 1
10
619.901996
20
1165.647763
70
0
0
VERTEX
8
Layer 1
10
615.444874
20
1164.696440
70
0
0
VERTEX
8
Layer 1
10
611.098660
20
1163.324804
70
0
0
VERTEX
8
Layer 1
10
606.896000
20
1161.541467
70
0
0
VERTEX
8
Layer 1
10
602.869535
20
1159.355045
70
0
0
VERTEX
8
Layer 1
10
599.051912
20
1156.774151
70
0
0
VERTEX
8
Layer 1
10
595.475771
20
1153.807398
70
0
0
VERTEX
8
Layer 1
10
592.173758
20
1150.463400
70
0
0
VERTEX
8
Layer 1
10
589.178517
20
1146.750772
70
0
0
VERTEX
8
Layer 1
10
586.522690
20
1142.678126
70
0
0
SEQEND
8
Layer 1
0
POLYLINE
8
Layer 1
62
7
70
0
10
0.000000
20
0.000000
66
1
0
VERTEX
8
Layer 1
10
659.018061
20
1172.782327
70
0
0
VERTEX
8
Layer 1
10
656.197929
20
1174.330761
70
0
0
VERTEX
8
Layer 1
10
653.333738
20
1175.719661
70
0
0
VERTEX
8
Layer 1
10
650.430859
20
1176.950442
70
0
0
VERTEX
8
Layer 1
10
647.494661
20
1178.024522
70
0
0
VERTEX
8
Layer 1
10
644.530514
20
1178.943318
70
0
0
VERTEX
8
Layer 1
10
641.543789
20
1179.708246
70
0
0
VERTEX
8
Layer 1
10
638.539854
20
1180.320724
70
0
0
VERTEX
8
Layer 1
10
635.524079
20
1180.782169
70
0
0
VERTEX
8
Layer 1
10
629.478492
20
1181.257626
70
0
0
VERTEX
8
Layer 1
10
623.449984
20
1181.145953
70
0
0
VERTEX
8
Layer 1
10
617.481514
20
1180.458485
70
0
0
VERTEX
8
Layer 1
10
611.616041
20
1179.206558
70
0
0
VERTEX
8
Layer 1
10
605.896523
20
1177.401507
70
0
0
VERTEX
8
Layer 1
10
600.365917
20
1175.054669
70
0
0
VERTEX
8
Layer 1
10
595.067184
20
1172.177378
70
0
0
VERTEX
8
Layer 1
10
590.043280
20
1168.780971
70
0
0
VERTEX
8
Layer 1
10
587.647814
20
1166.891641
70
0
0
VERTEX
8
Layer 1
10
585.337165
20
1164.876782
70
0
0
VERTEX
8
Layer 1
10
583.116703
20
1162.737812
70
0
0
VERTEX
8
Layer 1
10
580.991797
20
1160.476148
70
0
0
VERTEX
8
Layer 1
10
578.967817
20
1158.093207
70
0
0
VERTEX
8
Layer 1
10
577.050133
20
1155.590404
70
0
0
VERTEX
8
Layer 1
10
575.244115
20
1152.969158
70
0
0
VERTEX
8
Layer 1
10
573.555133
20
1150.230886
70
0
0
SEQEND
8
Layer 1
0
POLYLINE
8
Layer 1
62
7
70
0
10
0.000000
20
0.000000
66
1
0
VERTEX
8
Layer 1
10
651.464852
20
1159.815299
70
0
0
VERTEX
8
Layer 1
10
659.016712
20
1172.782486
70
0
0
SEQEND
8
Layer 1
0
POLYLINE
8
Layer 1
62
7
70
0
10
0.000000
20
0.000000
66
1
0
VERTEX
8
Layer 1
10
434.899009
20
341.268713
70
0
0
VERTEX
8
Layer 1
10
433.761810
20
341.614406
70
0
0
VERTEX
8
Layer 1
10
432.619696
20
341.502122
70
0
0
VERTEX
8
Layer 1
10
431.602585
20
340.970598
70
0
0
VERTEX
8
Layer 1
10
430.840395
20
340.058572
70
0
0
VERTEX
8
Layer 1
10
430.490710
20
338.922594
70
0
0
VERTEX
8
Layer 1
10
430.598982
20
337.780092
70
0
0
VERTEX
8
Layer 1
10
431.126930
20
336.761121
70
0
0
VERTEX
8
Layer 1
10
432.036274
20
335.995732
70
0
0
VERTEX
8
Layer 1
10
433.173474
20
335.650039
70
0
0
VERTEX
8
Layer 1
10
434.315588
20
335.762323
70
0
0
VERTEX
8
Layer 1
10
435.332698
20
336.293847
70
0
0
VERTEX
8
Layer 1
10
436.094888
20
337.205873
70
0
0
VERTEX
8
Layer 1
10
436.444573
20
338.341852
70
0
0
VERTEX
8
Layer 1
10
436.336302
20
339.484353
70
0
0
VERTEX
8
Layer 1
10
435.808353
20
340.503324
70
0
0
VERTEX
8
Layer 1
10
434.899009
20
341.268713
70
0
0
VERTEX
8
Layer 1
10
434.899009
20
341.268713
70
0
0
SEQEND
8
Layer 1
0
POLYLINE
8
Layer 1
62
7
70
0
10
0.000000
20
0.000000
66
1
0
VERTEX
8
Layer 1
10
411.686402
20
447.671782
70
0
0
VERTEX
8
Layer 1
10
410.548582
20
448.019212
70
0
0
VERTEX
8
Layer 1
10
409.405378
20
447.907840
70
0
0
VERTEX
8
Layer 1
10
408.387092
20
447.376415
70
0
0
VERTEX
8
Layer 1
10
407.624025
20
446.463688
70
0
0
VERTEX
8
Layer 1
10
407.274222
20
445.326595
70
0
0
VERTEX
8
Layer 1
10
407.383208
20
444.183162
70
0
0
VERTEX
8
Layer 1
10
407.912507
20
443.163769
70
0
0
VERTEX
8
Layer 1
10
408.823640
20
442.398799
70
0
0
VERTEX
8
Layer 1
10
409.961461
20
442.051369
70
0
0
VERTEX
8
Layer 1
10
411.104664
20
442.162741
70
0
0
VERTEX
8
Layer 1
10
412.122950
20
442.694166
70
0
0
VERTEX
8
Layer 1
10
412.886017
20
443.606893
70
0
0
VERTEX
8
Layer 1
10
413.235821
20
444.743986
70
0
0
VERTEX
8
Layer 1
10
413.126834
20
445.887420
70
0
0
VERTEX
8
Layer 1
10
412.597535
20
446.906812
70
0
0
VERTEX
8
Layer 1
10
411.686402
20
447.671782
70
0
0
VERTEX
8
Layer 1
10
411.686402
20
447.671782
70
0
0
SEQEND
8
Layer 1
0
POLYLINE
8
Layer 1
62
7
70
0
10
0.000000
20
0.000000
66
1
0
VERTEX
8
Layer 1
10
586.522690
20
1142.678126
70
0
0
VERTEX
8
Layer 1
10
574.203508
20
1123.224990
70
0
0
VERTEX
8
Layer 1
10
562.320764
20
1103.548588
70
0
0
VERTEX
8
Layer 1
10
550.876250
20
1083.656317
70
0
0
VERTEX
8
Layer 1
10
539.871759
20
1063.555574
70
0
0
VERTEX
8
Layer 1
10
529.309085
20
1043.253755
70
0
0
VERTEX
8
Layer 1
10
519.190021
20
1022.758258
70
0
0
VERTEX
8
Layer 1
10
509.516359
20
1002.076478
70
0
0
VERTEX
8
Layer 1
10
500.289893
20
981.215814
70
0
0
VERTEX
8
Layer 1
10
491.512415
20
960.183661
70
0
0
VERTEX
8
Layer 1
10
483.185719
20
938.987416
70
0
0
VERTEX
8
Layer 1
10
475.311598
20
917.634477
70
0
0
VERTEX
8
Layer 1
10
467.891844
20
896.132239
70
0
0
VERTEX
8
Layer 1
10
460.928250
20
874.488101
70
0
0
VERTEX
8
Layer 1
10
454.422611
20
852.709458
70
0
0
VERTEX
8
Layer 1
10
448.376718
20
830.803708
70
0
0
VERTEX
8
Layer 1
10
442.792365
20
808.778247
70
0
0
VERTEX
8
Layer 1
10
437.671344
20
786.640471
70
0
0
VERTEX
8
Layer 1
10
433.015449
20
764.397779
70
0
0
VERTEX
8
Layer 1
10
428.826473
20
742.057566
70
0
0
VERTEX
8
Layer 1
10
425.106209
20
719.627230
70
0
0
VERTEX
8
Layer 1
10
421.856449
20
697.114166
70
0
0
VERTEX
8
Layer 1
10
419.078987
20
674.525773
70
0
0
VERTEX
8
Layer 1
10
416.775616
20
651.869446
70
0
0
VERTEX
8
Layer 1
10
414.948129
20
629.152583
70
0
0
VERTEX
8
Layer 1
10
413.598319
20
606.382581
70
0
0
VERTEX
8
Layer 1
10
412.727978
20
583.566835
70
0
0
VERTEX
8
Layer 1
10
412.338901
20
560.712744
70
0
0
VERTEX
8
Layer 1
10
412.432879
20
537.827703
70
0
0
VERTEX
8
Layer 1
10
413.011706
20
514.919109
70
0
0
VERTEX
8
Layer 1
10
414.077176
20
491.994360
70
0
0
VERTEX
8
Layer 1
10
415.631080
20
469.060852
70
0
0
VERTEX
8
Layer 1
10
417.675212
20
446.125983
70
0
0
SEQEND
8
Layer 1
0
POLYLINE
8
Layer 1
62
7
70
0
10
0.000000
20
0.000000
66
1
0
VERTEX
8
Layer 1
10
417.675212
20
446.125983
70
0
0
VERTEX
8
Layer 1
10
420.828148
20
427.052724
70
0
0
VERTEX
8
Layer 1
10
424.313740
20
408.041963
70
0
0
VERTEX
8
Layer 1
10
428.130995
20
389.098030
70
0
0
VERTEX
8
Layer 1
10
432.278923
20
370.225256
70
0
0
VERTEX
8
Layer 1
10
436.756530
20
351.427970
70
0
0
VERTEX
8
Layer 1
10
441.562827
20
332.710504
70
0
0
VERTEX
8
Layer 1
10
446.696821
20
314.077187
70
0
0
VERTEX
8
Layer 1
10
452.157520
20
295.532350
70
0
0
SEQEND
8
Layer 1
0
POLYLINE
8
Layer 1
62
7
70
0
10
0.000000
20
0.000000
66
1
0
VERTEX
8
Layer 1
10
438.097077
20
291.388160
70
0
0
VERTEX
8
Layer 1
10
452.157547
20
295.532110
70
0
0
SEQEND
8
Layer 1
0
POLYLINE
8
Layer 1
62
7
70
0
10
0.000000
20
0.000000
66
1
0
VERTEX
8
Layer 1
10
409.686737
20
404.535890
70
0
0
VERTEX
8
Layer 1
10
412.606044
20
390.240094
70
0
0
VERTEX
8
Layer 1
10
415.706772
20
375.984364
70
0
0
VERTEX
8
Layer 1
10
418.988491
20
361.770420
70
0
0
VERTEX
8
Layer 1
10
422.450768
20
347.599983
70
0
0
VERTEX
8
Layer 1
10
426.093170
20
333.474773
70
0
0
VERTEX
8
Layer 1
10
429.915266
20
319.396511
70
0
0
VERTEX
8
Layer 1
10
433.916624
20
305.366918
70
0
0
VERTEX
8
Layer 1
10
438.096812
20
291.387713
70
0
0
SEQEND
8
Layer 1
0
POLYLINE
8
Layer 1
62
7
70
0
10
0.000000
20
0.000000
66
1
0
VERTEX
8
Layer 1
10
399.398797
20
483.796712
70
0
0
VERTEX
8
Layer 1
10
400.111556
20
473.821908
70
0
0
VERTEX
8
Layer 1
10
400.988622
20
463.862256
70
0
0
VERTEX
8
Layer 1
10
402.029731
20
453.919781
70
0
0
VERTEX
8
Layer 1
10
403.234622
20
443.996506
70
0
0
VERTEX
8
Layer 1
10
404.603030
20
434.094455
70
0
0
VERTEX
8
Layer 1
10
406.134694
20
424.215653
70
0
0
VERTEX
8
Layer 1
10
407.829350
20
414.362123
70
0
0
VERTEX
8
Layer 1
10
409.686737
20
404.535890
70
0
0
SEQEND
8
Layer 1
0
POLYLINE
8
Layer 1
62
7
70
0
10
0.000000
20
0.000000
66
1
0
VERTEX
8
Layer 1
10
573.555133
20
1150.230886
70
0
0
VERTEX
8
Layer 1
10
561.755709
20
1131.587944
70
0
0
VERTEX
8
Layer 1
10
550.349945
20
1112.741122
70
0
0
VERTEX
8
Layer 1
10
539.339487
20
1093.696723
70
0
0
VERTEX
8
Layer 1
10
528.725983
20
1074.461051
70
0
0
VERTEX
8
Layer 1
10
518.511079
20
1055.040408
70
0
0
VERTEX
8
Layer 1
10
508.696424
20
1035.441099
70
0
0
VERTEX
8
Layer 1
10
499.283665
20
1015.669426
70
0
0
VERTEX
8
Layer 1
10
490.274447
20
995.731693
70
0
0
VERTEX
8
Layer 1
10
481.670420
20
975.634203
70
0
0
VERTEX
8
Layer 1
10
473.473230
20
955.383259
70
0
0
VERTEX
8
Layer 1
10
465.684524
20
934.985166
70
0
0
VERTEX
8
Layer 1
10
458.305950
20
914.446226
70
0
0
VERTEX
8
Layer 1
10
451.339154
20
893.772742
70
0
0
VERTEX
8
Layer 1
10
444.785784
20
872.971018
70
0
0
VERTEX
8
Layer 1
10
438.647488
20
852.047357
70
0
0
VERTEX
8
Layer 1
10
432.925911
20
831.008062
70
0
0
VERTEX
8
Layer 1
10
427.622703
20
809.859438
70
0
0
VERTEX
8
Layer 1
10
422.739509
20
788.607786
70
0
0
VERTEX
8
Layer 1
10
418.277977
20
767.259411
70
0
0
VERTEX
8
Layer 1
10
414.239755
20
745.820616
70
0
0
VERTEX
8
Layer 1
10
410.626489
20
724.297704
70
0
0
VERTEX
8
Layer 1
10
407.439826
20
702.696979
70
0
0
VERTEX
8
Layer 1
10
404.681415
20
681.024743
70
0
0
VERTEX
8
Layer 1
10
402.352902
20
659.287300
70
0
0
VERTEX
8
Layer 1
10
400.455934
20
637.490954
70
0
0
VERTEX
8
Layer 1
10
398.992159
20
615.642008
70
0
0
VERTEX
8
Layer 1
10
397.963224
20
593.746765
70
0
0
VERTEX
8
Layer 1
10
397.370775
20
571.811528
70
0
0
VERTEX
8
Layer 1
10
397.216461
20
549.842601
70
0
0
VERTEX
8
Layer 1
10
397.501929
20
527.846287
70
0
0
VERTEX
8
Layer 1
10
398.228825
20
505.828890
70
0
0
VERTEX
8
Layer 1
10
399.398797
20
483.796712
70
0
0
SEQEND
8
Layer 1
0
POLYLINE
8
Layer 1
62
7
70
0
10
0.000000
20
0.000000
66
1
0
VERTEX
8
Layer 1
10
649.460159
20
281.717083
70
0
0
VERTEX
8
Layer 1
10
648.949663
20
282.792450
70
0
0
VERTEX
8
Layer 1
10
648.096246
20
283.562166
70
0
0
VERTEX
8
Layer 1
10
647.016581
20
283.956004
70
0
0
VERTEX
8
Layer 1
10
645.827343
20
283.903737
70
0
0
VERTEX
8
Layer 1
10
644.751377
20
283.394504
70
0
0
VERTEX
8
Layer 1
10
643.980659
20
282.541992
70
0
0
VERTEX
8
Layer 1
10
643.585552
20
281.462791
70
0
0
VERTEX
8
Layer 1
10
643.636423
20
280.273492
70
0
0
VERTEX
8
Layer 1
10
644.146919
20
279.198125
70
0
0
VERTEX
8
Layer 1
10
645.000336
20
278.428408
70
0
0
VERTEX
8
Layer 1
10
646.080001
20
278.034570
70
0
0
VERTEX
8
Layer 1
10
647.269239
20
278.086837
70
0
0
VERTEX
8
Layer 1
10
648.345205
20
278.596070
70
0
0
VERTEX
8
Layer 1
10
649.115923
20
279.448583
70
0
0
VERTEX
8
Layer 1
10
649.511029
20
280.527784
70
0
0
VERTEX
8
Layer 1
10
649.460159
20
281.717083
70
0
0
VERTEX
8
Layer 1
10
649.460159
20
281.717083
70
0
0
SEQEND
8
Layer 1
0
POLYLINE
8
Layer 1
62
7
70
0
10
0.000000
20
0.000000
66
1
0
VERTEX
8
Layer 1
10
622.326590
20
352.617223
70
0
0
VERTEX
8
Layer 1
10
622.037464
20
353.351999
70
0
0
VERTEX
8
Layer 1
10
621.575573
20
353.976461
70
0
0
VERTEX
8
Layer 1
10
620.968931
20
354.461520
70
0
0
VERTEX
8
Layer 1
10
620.245554
20
354.778087
70
0
0
VERTEX
8
Layer 1
10
619.464656
20
354.895084
70
0
0
VERTEX
8
Layer 1
10
618.692911
20
354.807306
70
0
0
VERTEX
8
Layer 1
10
617.969516
20
354.524468
70
0
0
VERTEX
8
Layer 1
10
617.333673
20
354.056289
70
0
0
VERTEX
8
Layer 1
10
616.841901
20
353.438510
70
0
0
VERTEX
8
Layer 1
10
616.532046
20
352.726269
70
0
0
VERTEX
8
Layer 1
10
616.415294
20
351.958373
70
0
0
VERTEX
8
Layer 1
10
616.502828
20
351.173626
70
0
0
VERTEX
8
Layer 1
10
616.791954
20
350.438850
70
0
0
VERTEX
8
Layer 1
10
617.253845
20
349.814388
70
0
0
VERTEX
8
Layer 1
10
617.860486
20
349.329329
70
0
0
VERTEX
8
Layer 1
10
618.583864
20
349.012762
70
0
0
VERTEX
8
Layer 1
10
619.364762
20
348.895765
70
0
0
VERTEX
8
Layer 1
10
620.136507
20
348.983543
70
0
0
VERTEX
8
Layer 1
10
620.859902
20
349.266380
70
0
0
VERTEX
8
Layer 1
10
621.495745
20
349.734560
70
0
0
VERTEX
8
Layer 1
10
621.987517
20
350.352339
70
0
0
VERTEX
8
Layer 1
10
622.297371
20
351.064579
70
0
0
VERTEX
8
Layer 1
10
622.414124
20
351.832476
70
0
0
VERTEX
8
Layer 1
10
622.326590
20
352.617223
70
0
0
VERTEX
8
Layer 1
10
622.326590
20
352.617223
70
0
0
SEQEND
8
Layer 1
0
POLYLINE
8
Layer 1
62
7
70
0
10
0.000000
20
0.000000
66
1
0
VERTEX
8
Layer 1
10
609.519530
20
350.458720
70
0
0
VERTEX
8
Layer 1
10
627.864260
20
273.241405
70
0
0
SEQEND
8
Layer 1
0
POLYLINE
8
Layer 1
62
7
70
0
10
0.000000
20
0.000000
66
1
0
VERTEX
8
Layer 1
10
627.864260
20
273.241405
70
0
0
VERTEX
8
Layer 1
10
663.372171
20
241.184552
70
0
0
SEQEND
8
Layer 1
0
POLYLINE
8
Layer 1
62
7
70
0
10
0.000000
20
0.000000
66
1
0
VERTEX
8
Layer 1
10
671.067250
20
207.640217
70
0
0
VERTEX
8
Layer 1
10
671.864866
20
209.850046
70
0
0
VERTEX
8
Layer 1
10
672.481541
20
212.090347
70
0
0
VERTEX
8
Layer 1
10
672.919516
20
214.351350
70
0
0
VERTEX
8
Layer 1
10
673.181033
20
216.623286
70
0
0
VERTEX
8
Layer 1
10
673.268333
20
218.896386
70
0
0
VERTEX
8
Layer 1
10
673.183658
20
221.160880
70
0
0
VERTEX
8
Layer 1
10
672.929249
20
223.406998
70
0
0
VERTEX
8
Layer 1
10
672.507348
20
225.624972
70
0
0
VERTEX
8
Layer 1
10
671.920195
20
227.805032
70
0
0
VERTEX
8
Layer 1
10
671.170033
20
229.937409
70
0
0
VERTEX
8
Layer 1
10
670.259103
20
232.012332
70
0
0
VERTEX
8
Layer 1
10
669.189646
20
234.020034
70
0
0
VERTEX
8
Layer 1
10
667.963903
20
235.950743
70
0
0
VERTEX
8
Layer 1
10
666.584117
20
237.794692
70
0
0
VERTEX
8
Layer 1
10
665.052528
20
239.542111
70
0
0
VERTEX
8
Layer 1
10
663.371378
20
241.183229
70
0
0
SEQEND
8
Layer 1
0
POLYLINE
8
Layer 1
62
7
70
0
10
0.000000
20
0.000000
66
1
0
VERTEX
8
Layer 1
10
659.427054
20
104.448402
70
0
0
VERTEX
8
Layer 1
10
718.002079
20
248.860131
70
0
0
SEQEND
8
Layer 1
0
POLYLINE
8
Layer 1
62
7
70
0
10
0.000000
20
0.000000
66
1
0
VERTEX
8
Layer 1
10
629.310894
20
353.332406
70
0
0
VERTEX
8
Layer 1
10
630.056770
20
348.769289
70
0
0
VERTEX
8
Layer 1
10
630.960164
20
344.258340
70
0
0
VERTEX
8
Layer 1
10
632.018391
20
339.802718
70
0
0
VERTEX
8
Layer 1
10
633.228771
20
335.405582
70
0
0
VERTEX
8
Layer 1
10
634.588620
20
331.070094
70
0
0
VERTEX
8
Layer 1
10
636.095255
20
326.799413
70
0
0
VERTEX
8
Layer 1
10
637.745995
20
322.596697
70
0
0
VERTEX
8
Layer 1
10
639.538158
20
318.465108
70
0
0
VERTEX
8
Layer 1
10
641.469059
20
314.407805
70
0
0
VERTEX
8
Layer 1
10
643.536018
20
310.427948
70
0
0
VERTEX
8
Layer 1
10
645.736351
20
306.528696
70
0
0
VERTEX
8
Layer 1
10
648.067376
20
302.713210
70
0
0
VERTEX
8
Layer 1
10
650.526410
20
298.984648
70
0
0
VERTEX
8
Layer 1
10
653.110772
20
295.346172
70
0
0
VERTEX
8
Layer 1
10
655.817778
20
291.800940
70
0
0
VERTEX
8
Layer 1
10
658.644746
20
288.352112
70
0
0
VERTEX
8
Layer 1
10
661.588994
20
285.002848
70
0
0
VERTEX
8
Layer 1
10
664.647840
20
281.756309
70
0
0
VERTEX
8
Layer 1
10
667.818599
20
278.615653
70
0
0
VERTEX
8
Layer 1
10
671.098591
20
275.584040
70
0
0
VERTEX
8
Layer 1
10
674.485133
20
272.664631
70
0
0
VERTEX
8
Layer 1
10
677.975542
20
269.860585
70
0
0
VERTEX
8
Layer 1
10
681.567136
20
267.175061
70
0
0
VERTEX
8
Layer 1
10
685.257232
20
264.611220
70
0
0
VERTEX
8
Layer 1
10
689.043147
20
262.172222
70
0
0
VERTEX
8
Layer 1
10
692.922201
20
259.861225
70
0
0
VERTEX
8
Layer 1
10
696.891709
20
257.681391
70
0
0
VERTEX
8
Layer 1
10
700.948989
20
255.635878
70
0
0
VERTEX
8
Layer 1
10
705.091359
20
253.727846
70
0
0
VERTEX
8
Layer 1
10
709.316137
20
251.960455
70
0
0
VERTEX
8
Layer 1
10
713.620639
20
250.336866
70
0
0
VERTEX
8
Layer 1
10
718.002184
20
248.860237
70
0
0
SEQEND
8
Layer 1
0
POLYLINE
8
Layer 1
62
7
70
0
10
0.000000
20
0.000000
66
1
0
VERTEX
8
Layer 1
10
692.552051
20
1024.326420
70
0
0
VERTEX
8
Layer 1
10
692.042128
20
1025.402874
70
0
0
VERTEX
8
Layer 1
10
691.188667
20
1026.173537
70
0
0
VERTEX
8
Layer 1
10
690.108519
20
1026.567998
70
0
0
VERTEX
8
Layer 1
10
688.918538
20
1026.515845
70
0
0
VERTEX
8
Layer 1
10
687.841968
20
1026.006166
70
0
0
VERTEX
8
Layer 1
10
687.071111
20
1025.152880
70
0
0
VERTEX
8
Layer 1
10
686.676406
20
1024.072821
70
0
0
VERTEX
8
Layer 1
10
686.728289
20
1022.882828
70
0
0
VERTEX
8
Layer 1
10
687.238212
20
1021.806374
70
0
0
VERTEX
8
Layer 1
10
688.091673
20
1021.035711
70
0
0
VERTEX
8
Layer 1
10
689.171821
20
1020.641250
70
0
0
VERTEX
8
Layer 1
10
690.361802
20
1020.693403
70
0
0
VERTEX
8
Layer 1
10
691.438372
20
1021.203082
70
0
0
VERTEX
8
Layer 1
10
692.209229
20
1022.056368
70
0
0
VERTEX
8
Layer 1
10
692.603934
20
1023.136427
70
0
0
VERTEX
8
Layer 1
10
692.552051
20
1024.326420
70
0
0
VERTEX
8
Layer 1
10
692.552051
20
1024.326420
70
0
0
SEQEND
8
Layer 1
0
POLYLINE
8
Layer 1
62
7
70
0
10
0.000000
20
0.000000
66
1
0
VERTEX
8
Layer 1
10
615.422085
20
829.403282
70
0
0
VERTEX
8
Layer 1
10
614.912164
20
830.479749
70
0
0
VERTEX
8
Layer 1
10
614.058698
20
831.250421
70
0
0
VERTEX
8
Layer 1
10
612.978542
20
831.644885
70
0
0
VERTEX
8
Layer 1
10
611.788550
20
831.592729
70
0
0
VERTEX
8
Layer 1
10
610.711973
20
831.083039
70
0
0
VERTEX
8
Layer 1
10
609.941118
20
830.229739
70
0
0
VERTEX
8
Layer 1
10
609.546422
20
829.149667
70
0
0
VERTEX
8
Layer 1
10
609.598322
20
827.959664
70
0
0
VERTEX
8
Layer 1
10
610.108243
20
826.883197
70
0
0
VERTEX
8
Layer 1
10
610.961710
20
826.112525
70
0
0
VERTEX
8
Layer 1
10
612.041866
20
825.718060
70
0
0
VERTEX
8
Layer 1
10
613.231858
20
825.770217
70
0
0
VERTEX
8
Layer 1
10
614.308434
20
826.279906
70
0
0
VERTEX
8
Layer 1
10
615.079290
20
827.133207
70
0
0
VERTEX
8
Layer 1
10
615.473986
20
828.213279
70
0
0
VERTEX
8
Layer 1
10
615.422085
20
829.403282
70
0
0
VERTEX
8
Layer 1
10
615.422085
20
829.403282
70
0
0
SEQEND
8
Layer 1
0
POLYLINE
8
Layer 1
62
7
70
0
10
0.000000
20
0.000000
66
1
0
VERTEX
8
Layer 1
10
649.365597
20
110.432766
70
0
0
VERTEX
8
Layer 1
10
648.855101
20
111.508133
70
0
0
VERTEX
8
Layer 1
10
648.001684
20
112.277850
70
0
0
VERTEX
8
Layer 1
10
646.922019
20
112.671688
70
0
0
VERTEX
8
Layer 1
10
645.732781
20
112.619421
70
0
0
VERTEX
8
Layer 1
10
644.656815
20
112.110188
70
0
0
VERTEX
8
Layer 1
10
643.886097
20
111.257675
70
0
0
VERTEX
8
Layer 1
10
643.490990
20
110.178474
70
0
0
VERTEX
8
Layer 1
10
643.541861
20
108.989175
70
0
0
VERTEX
8
Layer 1
10
644.052357
20
107.913808
70
0
0
VERTEX
8
Layer 1
10
644.905774
20
107.144092
70
0
0
VERTEX
8
Layer 1
10
645.985439
20
106.750254
70
0
0
VERTEX
8
Layer 1
10
647.174677
20
106.802521
70
0
0
VERTEX
8
Layer 1
10
648.250643
20
107.311754
70
0
0
VERTEX
8
Layer 1
10
649.021361
20
108.164266
70
0
0
VERTEX
8
Layer 1
10
649.416467
20
109.243467
70
0
0
VERTEX
8
Layer 1
10
649.365597
20
110.432766
70
0
0
VERTEX
8
Layer 1
10
649.365597
20
110.432766
70
0
0
SEQEND
8
Layer 1
0
POLYLINE
8
Layer 1
62
7
70
0
10
0.000000
20
0.000000
66
1
0
VERTEX
8
Layer 1
10
703.645779
20
1062.405549
70
0
0
VERTEX
8
Layer 1
10
697.679453
20
1052.342909
70
0
0
VERTEX
8
Layer 1
10
691.851990
20
1042.217417
70
0
0
VERTEX
8
Layer 1
10
686.163576
20
1032.030485
70
0
0
VERTEX
8
Layer 1
10
680.614398
20
1021.783522
70
0
0
VERTEX
8
Layer 1
10
675.204643
20
1011.477940
70
0
0
VERTEX
8
Layer 1
10
669.934496
20
1001.115149
70
0
0
VERTEX
8
Layer 1
10
659.813775
20
980.223582
70
0
0
VERTEX
8
Layer 1
10
650.253728
20
959.120106
70
0
0
VERTEX
8
Layer 1
10
641.255845
20
937.816006
70
0
0
VERTEX
8
Layer 1
10
632.821620
20
916.322565
70
0
0
VERTEX
8
Layer 1
10
624.952544
20
894.651069
70
0
0
VERTEX
8
Layer 1
10
617.650109
20
872.812802
70
0
0
VERTEX
8
Layer 1
10
610.915807
20
850.819049
70
0
0
VERTEX
8
Layer 1
10
604.751129
20
828.681095
70
0
0
VERTEX
8
Layer 1
10
599.157569
20
806.410223
70
0
0
VERTEX
8
Layer 1
10
594.136617
20
784.017719
70
0
0
VERTEX
8
Layer 1
10
589.689766
20
761.514866
70
0
0
VERTEX
8
Layer 1
10
585.818508
20
738.912951
70
0
0
VERTEX
8
Layer 1
10
582.524335
20
716.223256
70
0
0
VERTEX
8
Layer 1
10
579.808738
20
693.457068
70
0
0
VERTEX
8
Layer 1
10
577.673209
20
670.625669
70
0
0
VERTEX
8
Layer 1
10
576.119242
20
647.740346
70
0
0
VERTEX
8
Layer 1
10
575.148326
20
624.812382
70
0
0
VERTEX
8
Layer 1
10
574.761955
20
601.853062
70
0
0
VERTEX
8
Layer 1
10
574.961620
20
578.873671
70
0
0
VERTEX
8
Layer 1
10
575.748814
20
555.885493
70
0
0
VERTEX
8
Layer 1
10
577.125027
20
532.899813
70
0
0
VERTEX
8
Layer 1
10
579.091753
20
509.927915
70
0
0
VERTEX
8
Layer 1
10
581.650483
20
486.981085
70
0
0
VERTEX
8
Layer 1
10
584.802709
20
464.070605
70
0
0
VERTEX
8
Layer 1
10
588.549923
20
441.207762
70
0
0
VERTEX
8
Layer 1
10
592.893617
20
418.403840
70
0
0
VERTEX
8
Layer 1
10
595.289610
20
407.027500
70
0
0
VERTEX
8
Layer 1
10
597.835283
20
395.670123
70
0
0
VERTEX
8
Layer 1
10
600.530821
20
384.333117
70
0
0
VERTEX
8
Layer 1
10
603.376412
20
373.017895
70
0
0
VERTEX
8
Layer 1
10
606.372242
20
361.725867
70
0
0
VERTEX
8
Layer 1
10
609.518498
20
350.458442
70
0
0
SEQEND
8
Layer 1
0
POLYLINE
8
Layer 1
62
7
70
0
10
0.000000
20
0.000000
66
1
0
VERTEX
8
Layer 1
10
671.068626
20
207.639238
70
0
0
VERTEX
8
Layer 1
10
633.480642
20
114.971926
70
0
0
SEQEND
8
Layer 1
0
POLYLINE
8
Layer 1
62
7
70
0
10
0.000000
20
0.000000
66
1
0
VERTEX
8
Layer 1
10
633.480589
20
114.971899
70
0
0
VERTEX
8
Layer 1
10
632.683831
20
112.250461
70
0
0
VERTEX
8
Layer 1
10
632.452145
20
109.508692
70
0
0
VERTEX
8
Layer 1
10
632.754524
20
106.819913
70
0
0
VERTEX
8
Layer 1
10
633.559959
20
104.257443
70
0
0
VERTEX
8
Layer 1
10
634.837445
20
101.894605
70
0
0
VERTEX
8
Layer 1
10
636.555973
20
99.804718
70
0
0
VERTEX
8
Layer 1
10
638.684537
20
98.061102
70
0
0
VERTEX
8
Layer 1
10
641.192128
20
96.737079
70
0
0
VERTEX
8
Layer 1
10
643.913520
20
95.940162
70
0
0
VERTEX
8
Layer 1
10
646.655276
20
95.708317
70
0
0
VERTEX
8
Layer 1
10
649.344073
20
96.010538
70
0
0
VERTEX
8
Layer 1
10
651.906589
20
96.815825
70
0
0
VERTEX
8
Layer 1
10
654.269502
20
98.093173
70
0
0
VERTEX
8
Layer 1
10
656.359489
20
99.811579
70
0
0
VERTEX
8
Layer 1
10
658.103228
20
101.940041
70
0
0
VERTEX
8
Layer 1
10
659.427398
20
104.447555
70
0
0
SEQEND
8
Layer 1
0
POLYLINE
8
Layer 1
62
7
70
0
10
0.000000
20
0.000000
66
1
0
VERTEX
8
Layer 1
10
716.230299
20
1054.797253
70
0
0
VERTEX
8
Layer 1
10
710.327300
20
1044.883111
70
0
0
VERTEX
8
Layer 1
10
704.564841
20
1034.905546
70
0
0
VERTEX
8
Layer 1
10
698.943102
20
1024.866021
70
0
0
VERTEX
8
Layer 1
10
693.462264
20
1014.765997
70
0
0
VERTEX
8
Layer 1
10
688.122508
20
1004.606936
70
0
0
VERTEX
8
Layer 1
10
682.924015
20
994.390299
70
0
0
VERTEX
8
Layer 1
10
677.866967
20
984.117548
70
0
0
VERTEX
8
Layer 1
10
672.951544
20
973.790145
70
0
0
VERTEX
8
Layer 1
10
668.177929
20
963.409551
70
0
0
VERTEX
8
Layer 1
10
663.546300
20
952.977228
70
0
0
VERTEX
8
Layer 1
10
659.056841
20
942.494639
70
0
0
VERTEX
8
Layer 1
10
654.709732
20
931.963244
70
0
0
VERTEX
8
Layer 1
10
646.443288
20
910.759884
70
0
0
VERTEX
8
Layer 1
10
638.748418
20
889.378842
70
0
0
VERTEX
8
Layer 1
10
631.626570
20
867.831812
70
0
0
VERTEX
8
Layer 1
10
625.079194
20
846.130488
70
0
0
VERTEX
8
Layer 1
10
619.107739
20
824.286562
70
0
0
VERTEX
8
Layer 1
10
613.713652
20
802.311728
70
0
0
VERTEX
8
Layer 1
10
608.898385
20
780.217681
70
0
0
VERTEX
8
Layer 1
10
604.663384
20
758.016112
70
0
0
VERTEX
8
Layer 1
10
601.010100
20
735.718716
70
0
0
VERTEX
8
Layer 1
10
597.939981
20
713.337187
70
0
0
VERTEX
8
Layer 1
10
595.454476
20
690.883217
70
0
0
VERTEX
8
Layer 1
10
593.555034
20
668.368501
70
0
0
VERTEX
8
Layer 1
10
592.243104
20
645.804731
70
0
0
VERTEX
8
Layer 1
10
591.520136
20
623.203601
70
0
0
VERTEX
8
Layer 1
10
591.387577
20
600.576805
70
0
0
VERTEX
8
Layer 1
10
591.846877
20
577.936036
70
0
0
VERTEX
8
Layer 1
10
592.899486
20
555.292988
70
0
0
VERTEX
8
Layer 1
10
594.546851
20
532.659353
70
0
0
VERTEX
8
Layer 1
10
596.790422
20
510.046827
70
0
0
VERTEX
8
Layer 1
10
599.631647
20
487.467101
70
0
0
VERTEX
8
Layer 1
10
601.276834
20
476.193193
70
0
0
VERTEX
8
Layer 1
10
603.071977
20
464.931870
70
0
0
VERTEX
8
Layer 1
10
605.017258
20
453.684595
70
0
0
VERTEX
8
Layer 1
10
607.112859
20
442.452827
70
0
0
VERTEX
8
Layer 1
10
609.358960
20
431.238031
70
0
0
VERTEX
8
Layer 1
10
611.755743
20
420.041666
70
0
0
VERTEX
8
Layer 1
10
614.303388
20
408.865195
70
0
0
VERTEX
8
Layer 1
10
617.002077
20
397.710080
70
0
0
VERTEX
8
Layer 1
10
619.851991
20
386.577782
70
0
0
VERTEX
8
Layer 1
10
622.853311
20
375.469762
70
0
0
VERTEX
8
Layer 1
10
626.006218
20
364.387483
70
0
0
VERTEX
8
Layer 1
10
629.310894
20
353.332406
70
0
0
SEQEND
8
Layer 1
0
POLYLINE
8
Layer 1
62
7
70
0
10
0.000000
20
0.000000
66
1
0
VERTEX
8
Layer 1
10
703.644985
20
1062.404835
70
0
0
VERTEX
8
Layer 1
10
716.229769
20
1054.797941
70
0
0
SEQEND
8
Layer 1
0
POLYLINE
8
Layer 1
62
7
70
0
10
0.000000
20
0.000000
66
1
0
VERTEX
8
Layer 1
10
575.106727
20
37.362059
70
0
0
VERTEX
8
Layer 1
10
574.766741
20
38.074727
70
0
0
VERTEX
8
Layer 1
10
574.262159
20
38.665228
70
0
0
VERTEX
8
Layer 1
10
573.622969
20
39.106510
70
0
0
VERTEX
8
Layer 1
10
572.879158
20
39.371522
70
0
0
VERTEX
8
Layer 1
10
572.091976
20
39.433420
70
0
0
VERTEX
8
Layer 1
10
571.328296
20
39.291689
70
0
0
VERTEX
8
Layer 1
10
570.626540
20
38.958775
70
0
0
VERTEX
8
Layer 1
10
570.025127
20
38.447122
70
0
0
VERTEX
8
Layer 1
10
569.577931
20
37.796351
70
0
0
VERTEX
8
Layer 1
10
569.318834
20
37.064120
70
0
0
VERTEX
8
Layer 1
10
569.256268
20
36.289924
70
0
0
VERTEX
8
Layer 1
10
569.398666
20
35.513259
70
0
0
VERTEX
8
Layer 1
10
569.738652
20
34.800591
70
0
0
VERTEX
8
Layer 1
10
570.243234
20
34.210090
70
0
0
VERTEX
8
Layer 1
10
570.882424
20
33.768808
70
0
0
VERTEX
8
Layer 1
10
571.626235
20
33.503796
70
0
0
VERTEX
8
Layer 1
10
572.413417
20
33.441898
70
0
0
VERTEX
8
Layer 1
10
573.177097
20
33.583629
70
0
0
VERTEX
8
Layer 1
10
573.878853
20
33.916543
70
0
0
VERTEX
8
Layer 1
10
574.480266
20
34.428196
70
0
0
VERTEX
8
Layer 1
10
574.927462
20
35.078967
70
0
0
VERTEX
8
Layer 1
10
575.186559
20
35.811198
70
0
0
VERTEX
8
Layer 1
10
575.249126
20
36.585394
70
0
0
VERTEX
8
Layer 1
10
575.106727
20
37.362059
70
0
0
VERTEX
8
Layer 1
10
575.106727
20
37.362059
70
0
0
SEQEND
8
Layer 1
0
POLYLINE
8
Layer 1
62
7
70
0
10
0.000000
20
0.000000
66
1
0
VERTEX
8
Layer 1
10
489.003772
20
195.978642
70
0
0
VERTEX
8
Layer 1
10
488.663786
20
196.691310
70
0
0
VERTEX
8
Layer 1
10
488.159205
20
197.281811
70
0
0
VERTEX
8
Layer 1
10
487.520014
20
197.723092
70
0
0
VERTEX
8
Layer 1
10
486.776203
20
197.988104
70
0
0
VERTEX
8
Layer 1
10
485.989021
20
198.050002
70
0
0
VERTEX
8
Layer 1
10
485.225342
20
197.908272
70
0
0
VERTEX
8
Layer 1
10
484.523585
20
197.575358
70
0
0
VERTEX
8
Layer 1
10
483.922173
20
197.063704
70
0
0
VERTEX
8
Layer 1
10
483.474977
20
196.412934
70
0
0
VERTEX
8
Layer 1
10
483.215879
20
195.680703
70
0
0
VERTEX
8
Layer 1
10
483.153313
20
194.906507
70
0
0
VERTEX
8
Layer 1
10
483.295712
20
194.129841
70
0
0
VERTEX
8
Layer 1
10
483.879814
20
193.091568
70
0
0
VERTEX
8
Layer 1
10
484.785287
20
192.382488
70
0
0
VERTEX
8
Layer 1
10
485.890581
20
192.064677
70
0
0
VERTEX
8
Layer 1
10
487.074142
20
192.200211
70
0
0
VERTEX
8
Layer 1
10
488.112415
20
192.784313
70
0
0
VERTEX
8
Layer 1
10
488.821496
20
193.689787
70
0
0
VERTEX
8
Layer 1
10
489.139307
20
194.795080
70
0
0
VERTEX
8
Layer 1
10
489.003772
20
195.978642
70
0
0
VERTEX
8
Layer 1
10
489.003772
20
195.978642
70
0
0
SEQEND
8
Layer 1
0
POLYLINE
8
Layer 1
62
7
70
0
10
0.000000
20
0.000000
66
1
0
VERTEX
8
Layer 1
10
483.527910
20
276.145251
70
0
0
VERTEX
8
Layer 1
10
482.942442
20
277.180433
70
0
0
VERTEX
8
Layer 1
10
482.037270
20
277.886927
70
0
0
VERTEX
8
Layer 1
10
480.933417
20
278.203127
70
0
0
VERTEX
8
Layer 1
10
479.751910
20
278.067424
70
0
0
VERTEX
8
Layer 1
10
478.715202
20
277.484663
70
0
0
VERTEX
8
Layer 1
10
478.006344
20
276.581341
70
0
0
VERTEX
8
Layer 1
10
477.687260
20
275.478319
70
0
0
VERTEX
8
Layer 1
10
477.819875
20
274.296461
70
0
0
VERTEX
8
Layer 1
10
478.405343
20
273.261279
70
0
0
VERTEX
8
Layer 1
10
479.310515
20
272.554784
70
0
0
VERTEX
8
Layer 1
10
480.414368
20
272.238585
70
0
0
VERTEX
8
Layer 1
10
481.595874
20
272.374288
70
0
0
VERTEX
8
Layer 1
10
482.632583
20
272.957048
70
0
0
VERTEX
8
Layer 1
10
483.341441
20
273.860371
70
0
0
VERTEX
8
Layer 1
10
483.660524
20
274.963393
70
0
0
VERTEX
8
Layer 1
10
483.527910
20
276.145251
70
0
0
VERTEX
8
Layer 1
10
483.527910
20
276.145251
70
0
0
SEQEND
8
Layer 1
0
POLYLINE
8
Layer 1
62
7
70
0
10
0.000000
20
0.000000
66
1
0
VERTEX
8
Layer 1
10
471.311821
20
798.201485
70
0
0
VERTEX
8
Layer 1
10
470.726504
20
799.237010
70
0
0
VERTEX
8
Layer 1
10
469.821297
20
799.943792
70
0
0
VERTEX
8
Layer 1
10
468.717284
20
800.260169
70
0
0
VERTEX
8
Layer 1
10
467.535548
20
800.124483
70
0
0
VERTEX
8
Layer 1
10
466.498666
20
799.541572
70
0
0
VERTEX
8
Layer 1
10
465.789785
20
798.638008
70
0
0
VERTEX
8
Layer 1
10
465.470845
20
797.534732
70
0
0
VERTEX
8
Layer 1
10
465.603787
20
796.352685
70
0
0
VERTEX
8
Layer 1
10
466.189104
20
795.317159
70
0
0
VERTEX
8
Layer 1
10
467.094312
20
794.610377
70
0
0
VERTEX
8
Layer 1
10
468.198325
20
794.294000
70
0
0
VERTEX
8
Layer 1
10
469.380061
20
794.429686
70
0
0
VERTEX
8
Layer 1
10
470.416942
20
795.012598
70
0
0
VERTEX
8
Layer 1
10
471.125824
20
795.916162
70
0
0
VERTEX
8
Layer 1
10
471.444764
20
797.019437
70
0
0
VERTEX
8
Layer 1
10
471.311821
20
798.201485
70
0
0
VERTEX
8
Layer 1
10
471.311821
20
798.201485
70
0
0
SEQEND
8
Layer 1
0
POLYLINE
8
Layer 1
62
7
70
0
10
0.000000
20
0.000000
66
1
0
VERTEX
8
Layer 1
10
545.537090
20
1024.038606
70
0
0
VERTEX
8
Layer 1
10
544.952129
20
1025.074933
70
0
0
VERTEX
8
Layer 1
10
544.046846
20
1025.782387
70
0
0
VERTEX
8
Layer 1
10
542.942462
20
1026.099186
70
0
0
VERTEX
8
Layer 1
10
541.760195
20
1025.963549
70
0
0
VERTEX
8
Layer 1
10
540.722905
20
1025.380297
70
0
0
VERTEX
8
Layer 1
10
540.013960
20
1024.476182
70
0
0
VERTEX
8
Layer 1
10
539.695341
20
1023.372322
70
0
0
VERTEX
8
Layer 1
10
539.829029
20
1022.189833
70
0
0
VERTEX
8
Layer 1
10
540.413990
20
1021.153506
70
0
0
VERTEX
8
Layer 1
10
541.319272
20
1020.446052
70
0
0
VERTEX
8
Layer 1
10
542.423657
20
1020.129253
70
0
0
VERTEX
8
Layer 1
10
543.605924
20
1020.264889
70
0
0
VERTEX
8
Layer 1
10
544.643213
20
1020.848141
70
0
0
VERTEX
8
Layer 1
10
545.352158
20
1021.752256
70
0
0
VERTEX
8
Layer 1
10
545.670777
20
1022.856117
70
0
0
VERTEX
8
Layer 1
10
545.537090
20
1024.038606
70
0
0
VERTEX
8
Layer 1
10
545.537090
20
1024.038606
70
0
0
SEQEND
8
Layer 1
0
POLYLINE
8
Layer 1
62
7
70
0
10
0.000000
20
0.000000
66
1
0
VERTEX
8
Layer 1
10
556.009364
20
1068.675822
70
0
0
VERTEX
8
Layer 1
10
569.054523
20
1061.990603
70
0
0
SEQEND
8
Layer 1
0
POLYLINE
8
Layer 1
62
7
70
0
10
0.000000
20
0.000000
66
1
0
VERTEX
8
Layer 1
10
438.022279
20
116.835675
70
0
0
VERTEX
8
Layer 1
10
564.013344
20
25.118587
70
0
0
SEQEND
8
Layer 1
0
POLYLINE
8
Layer 1
62
7
70
0
10
0.000000
20
0.000000
66
1
0
VERTEX
8
Layer 1
10
564.013344
20
25.118587
70
0
0
VERTEX
8
Layer 1
10
565.585089
20
24.125823
70
0
0
VERTEX
8
Layer 1
10
567.251970
20
23.358844
70
0
0
VERTEX
8
Layer 1
10
568.990543
20
22.820141
70
0
0
VERTEX
8
Layer 1
10
570.777363
20
22.512207
70
0
0
VERTEX
8
Layer 1
10
572.588984
20
22.437536
70
0
0
VERTEX
8
Layer 1
10
574.401962
20
22.598619
70
0
0
VERTEX
8
Layer 1
10
576.192852
20
22.997950
70
0
0
VERTEX
8
Layer 1
10
577.938208
20
23.638021
70
0
0
VERTEX
8
Layer 1
10
579.583599
20
24.503268
70
0
0
VERTEX
8
Layer 1
10
581.080969
20
25.563756
70
0
0
VERTEX
8
Layer 1
10
582.416442
20
26.800424
70
0
0
VERTEX
8
Layer 1
10
583.576143
20
28.194210
70
0
0
VERTEX
8
Layer 1
10
584.546196
20
29.726054
70
0
0
VERTEX
8
Layer 1
10
585.312724
20
31.376894
70
0
0
VERTEX
8
Layer 1
10
585.861852
20
33.127668
70
0
0
VERTEX
8
Layer 1
10
586.179703
20
34.959315
70
0
0
VERTEX
8
Layer 1
10
586.252556
20
36.816908
70
0
0
VERTEX
8
Layer 1
10
586.082324
20
38.643866
70
0
0
VERTEX
8
Layer 1
10
585.678582
20
40.418641
70
0
0
VERTEX
8
Layer 1
10
585.050905
20
42.119691
70
0
0
VERTEX
8
Layer 1
10
584.208870
20
43.725469
70
0
0
VERTEX
8
Layer 1
10
583.162051
20
45.214431
70
0
0
VERTEX
8
Layer 1
10
581.920025
20
46.565031
70
0
0
VERTEX
8
Layer 1
10
580.492367
20
47.755726
70
0
0
SEQEND
8
Layer 1
0
POLYLINE
8
Layer 1
62
7
70
0
10
0.000000
20
0.000000
66
1
0
VERTEX
8
Layer 1
10
499.644983
20
106.610971
70
0
0
VERTEX
8
Layer 1
10
580.491891
20
47.757393
70
0
0
SEQEND
8
Layer 1
0
POLYLINE
8
Layer 1
62
7
70
0
10
0.000000
20
0.000000
66
1
0
VERTEX
8
Layer 1
10
488.471220
20
139.159839
70
0
0
VERTEX
8
Layer 1
10
487.909950
20
136.878497
70
0
0
VERTEX
8
Layer 1
10
487.531821
20
134.585843
70
0
0
VERTEX
8
Layer 1
10
487.333578
20
132.291357
70
0
0
VERTEX
8
Layer 1
10
487.311966
20
130.004519
70
0
0
VERTEX
8
Layer 1
10
487.463731
20
127.734810
70
0
0
VERTEX
8
Layer 1
10
487.785618
20
125.491710
70
0
0
VERTEX
8
Layer 1
10
488.274373
20
123.284699
70
0
0
VERTEX
8
Layer 1
10
488.926742
20
121.123257
70
0
0
VERTEX
8
Layer 1
10
489.739470
20
119.016864
70
0
0
VERTEX
8
Layer 1
10
490.709303
20
116.975001
70
0
0
VERTEX
8
Layer 1
10
491.832986
20
115.007147
70
0
0
VERTEX
8
Layer 1
10
493.107264
20
113.122784
70
0
0
VERTEX
8
Layer 1
10
494.528884
20
111.331390
70
0
0
VERTEX
8
Layer 1
10
496.094591
20
109.642447
70
0
0
VERTEX
8
Layer 1
10
497.801130
20
108.065435
70
0
0
VERTEX
8
Layer 1
10
499.645248
20
106.609833
70
0
0
SEQEND
8
Layer 1
0
POLYLINE
8
Layer 1
62
7
70
0
10
0.000000
20
0.000000
66
1
0
VERTEX
8
Layer 1
10
490.444929
20
277.348807
70
0
0
VERTEX
8
Layer 1
10
505.786219
20
199.335115
70
0
0
SEQEND
8
Layer 1
0
POLYLINE
8
Layer 1
62
7
70
0
10
0.000000
20
0.000000
66
1
0
VERTEX
8
Layer 1
10
569.055343
20
1061.991133
70
0
0
VERTEX
8
Layer 1
10
557.902070
20
1039.109343
70
0
0
VERTEX
8
Layer 1
10
547.300056
20
1016.023875
70
0
0
VERTEX
8
Layer 1
10
537.250285
20
992.744526
70
0
0
VERTEX
8
Layer 1
10
527.753738
20
969.281097
70
0
0
VERTEX
8
Layer 1
10
518.811396
20
945.643383
70
0
0
VERTEX
8
Layer 1
10
510.424242
20
921.841185
70
0
0
VERTEX
8
Layer 1
10
502.593256
20
897.884299
70
0
0
VERTEX
8
Layer 1
10
495.319421
20
873.782525
70
0
0
VERTEX
8
Layer 1
10
488.603718
20
849.545661
70
0
0
VERTEX
8
Layer 1
10
482.447129
20
825.183504
70
0
0
VERTEX
8
Layer 1
10
476.850635
20
800.705854
70
0
0
VERTEX
8
Layer 1
10
471.815218
20
776.122508
70
0
0
VERTEX
8
Layer 1
10
467.341860
20
751.443265
70
0
0
VERTEX
8
Layer 1
10
463.431543
20
726.677924
70
0
0
VERTEX
8
Layer 1
10
460.085247
20
701.836281
70
0
0
VERTEX
8
Layer 1
10
457.303955
20
676.928136
70
0
0
VERTEX
8
Layer 1
10
455.088649
20
651.963288
70
0
0
VERTEX
8
Layer 1
10
453.440310
20
626.951533
70
0
0
VERTEX
8
Layer 1
10
452.359919
20
601.902671
70
0
0
VERTEX
8
Layer 1
10
451.848459
20
576.826500
70
0
0
VERTEX
8
Layer 1
10
451.906910
20
551.732817
70
0
0
VERTEX
8
Layer 1
10
452.536256
20
526.631422
70
0
0
VERTEX
8
Layer 1
10
453.737476
20
501.532113
70
0
0
VERTEX
8
Layer 1
10
455.511554
20
476.444688
70
0
0
VERTEX
8
Layer 1
10
457.859470
20
451.378944
70
0
0
VERTEX
8
Layer 1
10
460.782206
20
426.344682
70
0
0
VERTEX
8
Layer 1
10
464.280745
20
401.351698
70
0
0
VERTEX
8
Layer 1
10
468.356067
20
376.409791
70
0
0
VERTEX
8
Layer 1
10
473.009154
20
351.528759
70
0
0
VERTEX
8
Layer 1
10
478.240988
20
326.718401
70
0
0
VERTEX
8
Layer 1
10
484.052551
20
301.988515
70
0
0
VERTEX
8
Layer 1
10
490.444824
20
277.348900
70
0
0
SEQEND
8
Layer 1
0
POLYLINE
8
Layer 1
62
7
70
0
10
0.000000
20
0.000000
66
1
0
VERTEX
8
Layer 1
10
556.009549
20
1068.676034
70
0
0
VERTEX
8
Layer 1
10
544.745569
20
1045.476554
70
0
0
VERTEX
8
Layer 1
10
534.026584
20
1022.075151
70
0
0
VERTEX
8
Layer 1
10
523.853607
20
998.481292
70
0
0
VERTEX
8
Layer 1
10
514.227652
20
974.704443
70
0
0
VERTEX
8
Layer 1
10
505.149730
20
950.754071
70
0
0
VERTEX
8
Layer 1
10
496.620855
20
926.639641
70
0
0
VERTEX
8
Layer 1
10
488.642040
20
902.370622
70
0
0
VERTEX
8
Layer 1
10
481.214296
20
877.956478
70
0
0
VERTEX
8
Layer 1
10
474.338636
20
853.406677
70
0
0
VERTEX
8
Layer 1
10
468.016074
20
828.730686
70
0
0
VERTEX
8
Layer 1
10
462.247622
20
803.937970
70
0
0
VERTEX
8
Layer 1
10
457.034292
20
779.037996
70
0
0
VERTEX
8
Layer 1
10
452.377097
20
754.040231
70
0
0
VERTEX
8
Layer 1
10
448.277050
20
728.954141
70
0
0
VERTEX
8
Layer 1
10
444.735164
20
703.789193
70
0
0
VERTEX
8
Layer 1
10
441.752451
20
678.554853
70
0
0
VERTEX
8
Layer 1
10
439.329924
20
653.260588
70
0
0
VERTEX
8
Layer 1
10
437.468595
20
627.915865
70
0
0
VERTEX
8
Layer 1
10
436.169478
20
602.530149
70
0
0
VERTEX
8
Layer 1
10
435.433584
20
577.112907
70
0
0
VERTEX
8
Layer 1
10
435.261927
20
551.673606
70
0
0
VERTEX
8
Layer 1
10
435.655519
20
526.221712
70
0
0
VERTEX
8
Layer 1
10
436.615373
20
500.766692
70
0
0
VERTEX
8
Layer 1
10
438.142502
20
475.318013
70
0
0
VERTEX
8
Layer 1
10
440.237918
20
449.885140
70
0
0
VERTEX
8
Layer 1
10
442.902633
20
424.477541
70
0
0
VERTEX
8
Layer 1
10
446.137662
20
399.104681
70
0
0
VERTEX
8
Layer 1
10
449.944015
20
373.776028
70
0
0
VERTEX
8
Layer 1
10
454.322707
20
348.501048
70
0
0
VERTEX
8
Layer 1
10
459.274749
20
323.289207
70
0
0
VERTEX
8
Layer 1
10
464.801154
20
298.149972
70
0
0
VERTEX
8
Layer 1
10
470.902935
20
273.092809
70
0
0
SEQEND
8
Layer 1
0
POLYLINE
8
Layer 1
62
7
70
0
10
0.000000
20
0.000000
66
1
0
VERTEX
8
Layer 1
10
438.022174
20
116.835940
70
0
0
VERTEX
8
Layer 1
10
443.920540
20
125.409741
70
0
0
VERTEX
8
Layer 1
10
449.327073
20
134.240443
70
0
0
VERTEX
8
Layer 1
10
454.237354
20
143.307060
70
0
0
VERTEX
8
Layer 1
10
458.646969
20
152.588606
70
0
0
VERTEX
8
Layer 1
10
462.551501
20
162.064095
70
0
0
VERTEX
8
Layer 1
10
465.946535
20
171.712542
70
0
0
VERTEX
8
Layer 1
10
468.827654
20
181.512960
70
0
0
VERTEX
8
Layer 1
10
471.190443
20
191.444365
70
0
0
VERTEX
8
Layer 1
10
473.030485
20
201.485770
70
0
0
VERTEX
8
Layer 1
10
474.343365
20
211.616189
70
0
0
VERTEX
8
Layer 1
10
475.124666
20
221.814637
70
0
0
VERTEX
8
Layer 1
10
475.369972
20
232.060129
70
0
0
VERTEX
8
Layer 1
10
475.074869
20
242.331677
70
0
0
VERTEX
8
Layer 1
10
474.234938
20
252.608297
70
0
0
VERTEX
8
Layer 1
10
472.845766
20
262.869003
70
0
0
VERTEX
8
Layer 1
10
470.902935
20
273.092809
70
0
0
SEQEND
8
Layer 1
0
POLYLINE
8
Layer 1
62
7
70
0
10
0.000000
20
0.000000
66
1
0
VERTEX
8
Layer 1
10
505.786219
20
199.335115
70
0
0
VERTEX
8
Layer 1
10
488.471061
20
139.160686
70
0
0
SEQEND
8
Layer 1
0
POLYLINE
8
Layer 1
62
7
70
0
10
0.000000
20
0.000000
66
1
0
VERTEX
8
Layer 1
10
592.744676
20
353.184211
70
0
0
VERTEX
8
Layer 1
10
591.592188
20
353.477911
70
0
0
VERTEX
8
Layer 1
10
590.455753
20
353.313329
70
0
0
VERTEX
8
Layer 1
10
589.463608
20
352.735210
70
0
0
VERTEX
8
Layer 1
10
588.743993
20
351.788298
70
0
0
VERTEX
8
Layer 1
10
588.447354
20
350.636562
70
0
0
VERTEX
8
Layer 1
10
588.609037
20
349.499711
70
0
0
VERTEX
8
Layer 1
10
589.184623
20
348.506095
70
0
0
VERTEX
8
Layer 1
10
590.129697
20
347.784067
70
0
0
VERTEX
8
Layer 1
10
591.282185
20
347.490366
70
0
0
VERTEX
8
Layer 1
10
592.418620
20
347.654948
70
0
0
VERTEX
8
Layer 1
10
593.410765
20
348.233068
70
0
0
VERTEX
8
Layer 1
10
594.130380
20
349.179980
70
0
0
VERTEX
8
Layer 1
10
594.427019
20
350.331715
70
0
0
VERTEX
8
Layer 1
10
594.265336
20
351.468566
70
0
0
VERTEX
8
Layer 1
10
593.689750
20
352.462182
70
0
0
VERTEX
8
Layer 1
10
592.744676
20
353.184211
70
0
0
VERTEX
8
Layer 1
10
592.744676
20
353.184211
70
0
0
SEQEND
8
Layer 1
0
POLYLINE
8
Layer 1
62
7
70
0
10
0.000000
20
0.000000
66
1
0
VERTEX
8
Layer 1
10
569.825941
20
450.407330
70
0
0
VERTEX
8
Layer 1
10
568.673001
20
450.702132
70
0
0
VERTEX
8
Layer 1
10
567.535836
20
450.538107
70
0
0
VERTEX
8
Layer 1
10
566.542930
20
449.960018
70
0
0
VERTEX
8
Layer 1
10
565.822768
20
449.012629
70
0
0
VERTEX
8
Layer 1
10
565.526085
20
447.860171
70
0
0
VERTEX
8
Layer 1
10
565.688254
20
446.722740
70
0
0
VERTEX
8
Layer 1
10
566.264722
20
445.728892
70
0
0
VERTEX
8
Layer 1
10
567.210935
20
445.007185
70
0
0
VERTEX
8
Layer 1
10
568.363875
20
444.712383
70
0
0
VERTEX
8
Layer 1
10
569.501041
20
444.876408
70
0
0
VERTEX
8
Layer 1
10
570.493947
20
445.454497
70
0
0
VERTEX
8
Layer 1
10
571.214108
20
446.401886
70
0
0
VERTEX
8
Layer 1
10
571.510792
20
447.554344
70
0
0
VERTEX
8
Layer 1
10
571.348622
20
448.691775
70
0
0
VERTEX
8
Layer 1
10
570.772154
20
449.685623
70
0
0
VERTEX
8
Layer 1
10
569.825941
20
450.407330
70
0
0
VERTEX
8
Layer 1
10
569.825941
20
450.407330
70
0
0
SEQEND
8
Layer 1
0
POLYLINE
8
Layer 1
62
7
70
0
10
0.000000
20
0.000000
66
1
0
VERTEX
8
Layer 1
10
578.212429
20
775.322649
70
0
0
VERTEX
8
Layer 1
10
577.059334
20
775.617818
70
0
0
VERTEX
8
Layer 1
10
575.921923
20
775.453974
70
0
0
VERTEX
8
Layer 1
10
574.928762
20
774.875889
70
0
0
VERTEX
8
Layer 1
10
574.208422
20
773.928333
70
0
0
VERTEX
8
Layer 1
10
573.911730
20
772.775629
70
0
0
VERTEX
8
Layer 1
10
574.074072
20
771.638002
70
0
0
VERTEX
8
Layer 1
10
574.650846
20
770.644080
70
0
0
VERTEX
8
Layer 1
10
575.597449
20
769.922489
70
0
0
VERTEX
8
Layer 1
10
576.750544
20
769.627320
70
0
0
VERTEX
8
Layer 1
10
577.887955
20
769.791164
70
0
0
VERTEX
8
Layer 1
10
578.881115
20
770.369249
70
0
0
VERTEX
8
Layer 1
10
579.601456
20
771.316804
70
0
0
VERTEX
8
Layer 1
10
579.898147
20
772.469508
70
0
0
VERTEX
8
Layer 1
10
579.735805
20
773.607135
70
0
0
VERTEX
8
Layer 1
10
579.159032
20
774.601058
70
0
0
VERTEX
8
Layer 1
10
578.212429
20
775.322649
70
0
0
VERTEX
8
Layer 1
10
578.212429
20
775.322649
70
0
0
SEQEND
8
Layer 1
0
POLYLINE
8
Layer 1
62
7
70
0
10
0.000000
20
0.000000
66
1
0
VERTEX
8
Layer 1
10
684.856337
20
1152.983237
70
0
0
VERTEX
8
Layer 1
10
683.702656
20
1153.279837
70
0
0
VERTEX
8
Layer 1
10
682.564296
20
1153.116715
70
0
0
VERTEX
8
Layer 1
10
681.570147
20
1152.538667
70
0
0
VERTEX
8
Layer 1
10
680.849097
20
1151.590490
70
0
0
VERTEX
8
Layer 1
10
680.552349
20
1150.436847
70
0
0
VERTEX
8
Layer 1
10
680.715326
20
1149.298466
70
0
0
VERTEX
8
Layer 1
10
681.293246
20
1148.304242
70
0
0
VERTEX
8
Layer 1
10
682.241331
20
1147.583072
70
0
0
VERTEX
8
Layer 1
10
683.395013
20
1147.286471
70
0
0
VERTEX
8
Layer 1
10
684.533373
20
1147.449594
70
0
0
VERTEX
8
Layer 1
10
685.527522
20
1148.027641
70
0
0
VERTEX
8
Layer 1
10
686.248572
20
1148.975819
70
0
0
VERTEX
8
Layer 1
10
686.545319
20
1150.129462
70
0
0
VERTEX
8
Layer 1
10
686.382343
20
1151.267843
70
0
0
VERTEX
8
Layer 1
10
685.804422
20
1152.262066
70
0
0
VERTEX
8
Layer 1
10
684.856337
20
1152.983237
70
0
0
VERTEX
8
Layer 1
10
684.856337
20
1152.983237
70
0
0
SEQEND
8
Layer 1
0
POLYLINE
8
Layer 1
62
7
70
0
10
0.000000
20
0.000000
66
1
0
VERTEX
8
Layer 1
10
701.763562
20
1080.860134
70
0
0
VERTEX
8
Layer 1
10
703.129307
20
1083.643232
70
0
0
VERTEX
8
Layer 1
10
704.350381
20
1086.478101
70
0
0
VERTEX
8
Layer 1
10
705.426294
20
1089.359219
70
0
0
VERTEX
8
Layer 1
10
706.356559
20
1092.281061
70
0
0
VERTEX
8
Layer 1
10
707.778184
20
1098.224827
70
0
0
VERTEX
8
Layer 1
10
708.611346
20
1104.265213
70
0
0
VERTEX
8
Layer 1
10
708.852134
20
1110.358031
70
0
0
VERTEX
8
Layer 1
10
708.496635
20
1116.459096
70
0
0
VERTEX
8
Layer 1
10
708.094057
20
1119.498913
70
0
0
VERTEX
8
Layer 1
10
707.540940
20
1122.524221
70
0
0
VERTEX
8
Layer 1
10
706.836796
20
1125.529498
70
0
0
VERTEX
8
Layer 1
10
705.981137
20
1128.509219
70
0
0
VERTEX
8
Layer 1
10
704.978917
20
1131.442894
70
0
0
VERTEX
8
Layer 1
10
703.837791
20
1134.310879
70
0
0
VERTEX
8
Layer 1
10
702.561318
20
1137.108923
70
0
0
VERTEX
8
Layer 1
10
701.153059
20
1139.832773
70
0
0
VERTEX
8
Layer 1
10
697.955423
20
1145.040891
70
0
0
VERTEX
8
Layer 1
10
694.273359
20
1149.901222
70
0
0
VERTEX
8
Layer 1
10
690.135347
20
1154.379757
70
0
0
VERTEX
8
Layer 1
10
685.569867
20
1158.442486
70
0
0
VERTEX
8
Layer 1
10
683.135726
20
1160.307294
70
0
0
VERTEX
8
Layer 1
10
680.605397
20
1162.055397
70
0
0
VERTEX
8
Layer 1
10
677.982440
20
1163.682544
70
0
0
VERTEX
8
Layer 1
10
675.270416
20
1165.184482
70
0
0
SEQEND
8
Layer 1
0
POLYLINE
8
Layer 1
62
7
70
0
10
0.000000
20
0.000000
66
1
0
VERTEX
8
Layer 1
10
668.328155
20
1151.878788
70
0
0
VERTEX
8
Layer 1
10
675.271263
20
1165.184853
70
0
0
SEQEND
8
Layer 1
0
POLYLINE
8
Layer 1
62
7
70
0
10
0.000000
20
0.000000
66
1
0
VERTEX
8
Layer 1
10
688.459455
20
1087.803003
70
0
0
VERTEX
8
Layer 1
10
690.488658
20
1092.221401
70
0
0
VERTEX
8
Layer 1
10
692.032310
20
1096.734965
70
0
0
VERTEX
8
Layer 1
10
693.100532
20
1101.311486
70
0
0
VERTEX
8
Layer 1
10
693.703442
20
1105.918756
70
0
0
VERTEX
8
Layer 1
10
693.851160
20
1110.524565
70
0
0
VERTEX
8
Layer 1
10
693.553806
20
1115.096706
70
0
0
VERTEX
8
Layer 1
10
692.821499
20
1119.602968
70
0
0
VERTEX
8
Layer 1
10
691.664358
20
1124.011144
70
0
0
VERTEX
8
Layer 1
10
690.092503
20
1128.289025
70
0
0
VERTEX
8
Layer 1
10
688.116053
20
1132.404401
70
0
0
VERTEX
8
Layer 1
10
685.745127
20
1136.325064
70
0
0
VERTEX
8
Layer 1
10
682.989846
20
1140.018805
70
0
0
VERTEX
8
Layer 1
10
679.860327
20
1143.453416
70
0
0
VERTEX
8
Layer 1
10
676.366692
20
1146.596687
70
0
0
VERTEX
8
Layer 1
10
672.519058
20
1149.416410
70
0
0
VERTEX
8
Layer 1
10
668.327546
20
1151.880376
70
0
0
SEQEND
8
Layer 1
0
POLYLINE
8
Layer 1
62
7
70
0
10
0.000000
20
0.000000
66
1
0
VERTEX
8
Layer 1
10
688.459455
20
1087.803003
70
0
0
VERTEX
8
Layer 1
10
677.983829
20
1069.591201
70
0
0
VERTEX
8
Layer 1
10
667.913924
20
1051.193080
70
0
0
VERTEX
8
Layer 1
10
658.251087
20
1032.615428
70
0
0
VERTEX
8
Layer 1
10
648.996664
20
1013.865032
70
0
0
VERTEX
8
Layer 1
10
640.152003
20
994.948678
70
0
0
VERTEX
8
Layer 1
10
631.718449
20
975.873152
70
0
0
VERTEX
8
Layer 1
10
623.697351
20
956.645242
70
0
0
VERTEX
8
Layer 1
10
616.090053
20
937.271734
70
0
0
VERTEX
8
Layer 1
10
608.897904
20
917.759415
70
0
0
VERTEX
8
Layer 1
10
602.122250
20
898.115071
70
0
0
VERTEX
8
Layer 1
10
595.764437
20
878.345489
70
0
0
VERTEX
8
Layer 1
10
589.825813
20
858.457455
70
0
0
VERTEX
8
Layer 1
10
584.307723
20
838.457757
70
0
0
VERTEX
8
Layer 1
10
579.211516
20
818.353181
70
0
0
VERTEX
8
Layer 1
10
574.538536
20
798.150512
70
0
0
VERTEX
8
Layer 1
10
570.290132
20
777.856539
70
0
0
VERTEX
8
Layer 1
10
566.467650
20
757.478048
70
0
0
VERTEX
8
Layer 1
10
563.072436
20
737.021825
70
0
0
VERTEX
8
Layer 1
10
560.105837
20
716.494657
70
0
0
VERTEX
8
Layer 1
10
557.569201
20
695.903331
70
0
0
VERTEX
8
Layer 1
10
555.463873
20
675.254633
70
0
0
VERTEX
8
Layer 1
10
553.791200
20
654.555350
70
0
0
VERTEX
8
Layer 1
10
552.552530
20
633.812268
70
0
0
VERTEX
8
Layer 1
10
551.749209
20
613.032174
70
0
0
VERTEX
8
Layer 1
10
551.382583
20
592.221855
70
0
0
VERTEX
8
Layer 1
10
551.453999
20
571.388098
70
0
0
VERTEX
8
Layer 1
10
551.964804
20
550.537689
70
0
0
VERTEX
8
Layer 1
10
552.916345
20
529.677414
70
0
0
VERTEX
8
Layer 1
10
554.309968
20
508.814061
70
0
0
VERTEX
8
Layer 1
10
556.147021
20
487.954415
70
0
0
VERTEX
8
Layer 1
10
558.428849
20
467.105265
70
0
0
VERTEX
8
Layer 1
10
561.156800
20
446.273395
70
0
0
SEQEND
8
Layer 1
0
POLYLINE
8
Layer 1
62
7
70
0
10
0.000000
20
0.000000
66
1
0
VERTEX
8
Layer 1
10
561.156800
20
446.273395
70
0
0
VERTEX
8
Layer 1
10
564.460228
20
428.899796
70
0
0
VERTEX
8
Layer 1
10
568.103165
20
411.599429
70
0
0
VERTEX
8
Layer 1
10
572.084312
20
394.377240
70
0
0
VERTEX
8
Layer 1
10
576.402373
20
377.238173
70
0
0
VERTEX
8
Layer 1
10
581.056050
20
360.187175
70
0
0
VERTEX
8
Layer 1
10
586.044045
20
343.229190
70
0
0
VERTEX
8
Layer 1
10
591.365060
20
326.369164
70
0
0
VERTEX
8
Layer 1
10
597.017798
20
309.612042
70
0
0
SEQEND
8
Layer 1
0
POLYLINE
8
Layer 1
62
7
70
0
10
0.000000
20
0.000000
66
1
0
VERTEX
8
Layer 1
10
597.017665
20
309.612148
70
0
0
VERTEX
8
Layer 1
10
610.916607
20
314.420071
70
0
0
SEQEND
8
Layer 1
0
POLYLINE
8
Layer 1
62
7
70
0
10
0.000000
20
0.000000
66
1
0
VERTEX
8
Layer 1
10
579.770267
20
429.522759
70
0
0
VERTEX
8
Layer 1
10
582.792501
20
414.911266
70
0
0
VERTEX
8
Layer 1
10
586.065289
20
400.357251
70
0
0
VERTEX
8
Layer 1
10
589.587764
20
385.863917
70
0
0
VERTEX
8
Layer 1
10
593.359059
20
371.434470
70
0
0
VERTEX
8
Layer 1
10
597.378308
20
357.072115
70
0
0
VERTEX
8
Layer 1
10
601.644642
20
342.780056
70
0
0
VERTEX
8
Layer 1
10
606.157195
20
328.561499
70
0
0
VERTEX
8
Layer 1
10
610.915099
20
314.419648
70
0
0
SEQEND
8
Layer 1
0
POLYLINE
8
Layer 1
62
7
70
0
10
0.000000
20
0.000000
66
1
0
VERTEX
8
Layer 1
10
573.487267
20
468.997066
70
0
0
VERTEX
8
Layer 1
10
574.780185
20
459.085602
70
0
0
VERTEX
8
Layer 1
10
576.258600
20
449.200994
70
0
0
VERTEX
8
Layer 1
10
577.922099
20
439.345845
70
0
0
VERTEX
8
Layer 1
10
579.770267
20
429.522759
70
0
0
SEQEND
8
Layer 1
0
POLYLINE
8
Layer 1
62
7
70
0
10
0.000000
20
0.000000
66
1
0
VERTEX
8
Layer 1
10
701.763350
20
1080.859711
70
0
0
VERTEX
8
Layer 1
10
691.742302
20
1063.492867
70
0
0
VERTEX
8
Layer 1
10
682.096368
20
1045.951890
70
0
0
VERTEX
8
Layer 1
10
672.826826
20
1028.242879
70
0
0
VERTEX
8
Layer 1
10
663.934955
20
1010.371931
70
0
0
VERTEX
8
Layer 1
10
655.422033
20
992.345144
70
0
0
VERTEX
8
Layer 1
10
647.289338
20
974.168616
70
0
0
VERTEX
8
Layer 1
10
639.538149
20
955.848446
70
0
0
VERTEX
8
Layer 1
10
632.169744
20
937.390732
70
0
0
VERTEX
8
Layer 1
10
625.185402
20
918.801570
70
0
0
VERTEX
8
Layer 1
10
618.586401
20
900.087060
70
0
0
VERTEX
8
Layer 1
10
612.374019
20
881.253300
70
0
0
VERTEX
8
Layer 1
10
606.549536
20
862.306387
70
0
0
VERTEX
8
Layer 1
10
601.114230
20
843.252420
70
0
0
VERTEX
8
Layer 1
10
596.069378
20
824.097496
70
0
0
VERTEX
8
Layer 1
10
591.416259
20
804.847714
70
0
0
VERTEX
8
Layer 1
10
587.156153
20
785.509171
70
0
0
VERTEX
8
Layer 1
10
583.290337
20
766.087966
70
0
0
VERTEX
8
Layer 1
10
579.820089
20
746.590197
70
0
0
VERTEX
8
Layer 1
10
576.746689
20
727.021961
70
0
0
VERTEX
8
Layer 1
10
574.071414
20
707.389357
70
0
0
VERTEX
8
Layer 1
10
571.795543
20
687.698483
70
0
0
VERTEX
8
Layer 1
10
569.920355
20
667.955436
70
0
0
VERTEX
8
Layer 1
10
568.447128
20
648.166316
70
0
0
VERTEX
8
Layer 1
10
567.377140
20
628.337219
70
0
0
VERTEX
8
Layer 1
10
566.711670
20
608.474244
70
0
0
VERTEX
8
Layer 1
10
566.451996
20
588.583489
70
0
0
VERTEX
8
Layer 1
10
566.599397
20
568.671052
70
0
0
VERTEX
8
Layer 1
10
567.155151
20
548.743031
70
0
0
VERTEX
8
Layer 1
10
568.120537
20
528.805524
70
0
0
VERTEX
8
Layer 1
10
569.496832
20
508.864628
70
0
0
VERTEX
8
Layer 1
10
571.285316
20
488.926443
70
0
0
VERTEX
8
Layer 1
10
573.487267
20
468.997066
70
0
0
SEQEND
8
Layer 1
0
POLYLINE
8
Layer 1
62
7
70
0
10
0.000000
20
0.000000
66
1
0
VERTEX
8
Layer 1
10
655.569963
20
1102.450874
70
0
0
VERTEX
8
Layer 1
10
654.402786
20
1102.684779
70
0
0
VERTEX
8
Layer 1
10
653.275520
20
1102.461060
70
0
0
VERTEX
8
Layer 1
10
652.314221
20
1101.831233
70
0
0
VERTEX
8
Layer 1
10
651.644945
20
1100.846813
70
0
0
VERTEX
8
Layer 1
10
651.409658
20
1099.679914
70
0
0
VERTEX
8
Layer 1
10
651.632042
20
1098.552384
70
0
0
VERTEX
8
Layer 1
10
652.260731
20
1097.590340
70
0
0
VERTEX
8
Layer 1
10
653.244357
20
1096.919899
70
0
0
VERTEX
8
Layer 1
10
654.411534
20
1096.685993
70
0
0
VERTEX
8
Layer 1
10
655.538800
20
1096.909712
70
0
0
VERTEX
8
Layer 1
10
656.500099
20
1097.539540
70
0
0
VERTEX
8
Layer 1
10
657.169375
20
1098.523960
70
0
0
VERTEX
8
Layer 1
10
657.404662
20
1099.690859
70
0
0
VERTEX
8
Layer 1
10
657.182278
20
1100.818389
70
0
0
VERTEX
8
Layer 1
10
656.553589
20
1101.780433
70
0
0
VERTEX
8
Layer 1
10
655.569963
20
1102.450874
70
0
0
VERTEX
8
Layer 1
10
655.569963
20
1102.450874
70
0
0
SEQEND
8
Layer 1
0
POLYLINE
8
Layer 1
62
7
70
0
10
0.000000
20
0.000000
66
1
0
VERTEX
8
Layer 1
10
486.199563
20
724.357404
70
0
0
VERTEX
8
Layer 1
10
485.033737
20
724.588473
70
0
0
VERTEX
8
Layer 1
10
483.908476
20
724.363396
70
0
0
VERTEX
8
Layer 1
10
482.949188
20
723.733603
70
0
0
VERTEX
8
Layer 1
10
482.281282
20
722.750523
70
0
0
VERTEX
8
Layer 1
10
482.046007
20
721.585539
70
0
0
VERTEX
8
Layer 1
10
482.267021
20
720.459472
70
0
0
VERTEX
8
Layer 1
10
482.893348
20
719.497918
70
0
0
VERTEX
8
Layer 1
10
483.874011
20
718.826468
70
0
0
VERTEX
8
Layer 1
10
485.039837
20
718.595399
70
0
0
VERTEX
8
Layer 1
10
486.165098
20
718.820476
70
0
0
VERTEX
8
Layer 1
10
487.124386
20
719.450270
70
0
0
VERTEX
8
Layer 1
10
487.792292
20
720.433349
70
0
0
VERTEX
8
Layer 1
10
488.027567
20
721.598334
70
0
0
VERTEX
8
Layer 1
10
487.806552
20
722.724400
70
0
0
VERTEX
8
Layer 1
10
487.180225
20
723.685954
70
0
0
VERTEX
8
Layer 1
10
486.199563
20
724.357404
70
0
0
VERTEX
8
Layer 1
10
486.199563
20
724.357404
70
0
0
SEQEND
8
Layer 1
0
POLYLINE
8
Layer 1
62
7
70
0
10
0.000000
20
0.000000
66
1
0
VERTEX
8
Layer 1
10
665.020867
20
1088.658665
70
0
0
VERTEX
8
Layer 1
10
660.501295
20
1090.451249
70
0
0
VERTEX
8
Layer 1
10
655.912379
20
1091.753927
70
0
0
VERTEX
8
Layer 1
10
651.285750
20
1092.578510
70
0
0
VERTEX
8
Layer 1
10
646.653034
20
1092.936807
70
0
0
VERTEX
8
Layer 1
10
642.045861
20
1092.840626
70
0
0
VERTEX
8
Layer 1
10
637.495858
20
1092.301778
70
0
0
VERTEX
8
Layer 1
10
633.034654
20
1091.332072
70
0
0
VERTEX
8
Layer 1
10
628.693877
20
1089.943317
70
0
0
VERTEX
8
Layer 1
10
624.505156
20
1088.147323
70
0
0
VERTEX
8
Layer 1
10
620.500118
20
1085.955899
70
0
0
VERTEX
8
Layer 1
10
616.710391
20
1083.380854
70
0
0
VERTEX
8
Layer 1
10
613.167605
20
1080.433997
70
0
0
VERTEX
8
Layer 1
10
609.903387
20
1077.127139
70
0
0
VERTEX
8
Layer 1
10
606.949366
20
1073.472088
70
0
0
VERTEX
8
Layer 1
10
604.337170
20
1069.480655
70
0
0
VERTEX
8
Layer 1
10
602.098426
20
1065.164647
70
0
0
SEQEND
8
Layer 1
0
POLYLINE
8
Layer 1
62
7
70
0
10
0.000000
20
0.000000
66
1
0
VERTEX
8
Layer 1
10
671.250130
20
1102.311492
70
0
0
VERTEX
8
Layer 1
10
668.398670
20
1103.528072
70
0
0
VERTEX
8
Layer 1
10
665.503165
20
1104.597445
70
0
0
VERTEX
8
Layer 1
10
662.569157
20
1105.519414
70
0
0
VERTEX
8
Layer 1
10
659.602187
20
1106.293782
70
0
0
VERTEX
8
Layer 1
10
653.591529
20
1107.398936
70
0
0
VERTEX
8
Layer 1
10
647.515522
20
1107.911338
70
0
0
VERTEX
8
Layer 1
10
641.418498
20
1107.829422
70
0
0
VERTEX
8
Layer 1
10
635.344788
20
1107.151618
70
0
0
VERTEX
8
Layer 1
10
632.330529
20
1106.588769
70
0
0
VERTEX
8
Layer 1
10
629.338723
20
1105.876360
70
0
0
VERTEX
8
Layer 1
10
626.374911
20
1105.014195
70
0
0
VERTEX
8
Layer 1
10
623.444636
20
1104.002079
70
0
0
VERTEX
8
Layer 1
10
620.568096
20
1102.846044
70
0
0
VERTEX
8
Layer 1
10
617.764505
20
1101.554773
70
0
0
VERTEX
8
Layer 1
10
615.037918
20
1100.132046
70
0
0
VERTEX
8
Layer 1
10
612.392392
20
1098.581643
70
0
0
VERTEX
8
Layer 1
10
607.360754
20
1095.112926
70
0
0
VERTEX
8
Layer 1
10
602.702046
20
1091.178863
70
0
0
VERTEX
8
Layer 1
10
598.448723
20
1086.809691
70
0
0
VERTEX
8
Layer 1
10
594.633242
20
1082.035649
70
0
0
VERTEX
8
Layer 1
10
592.899834
20
1079.506252
70
0
0
VERTEX
8
Layer 1
10
591.288058
20
1076.886976
70
0
0
VERTEX
8
Layer 1
10
589.801969
20
1074.181602
70
0
0
VERTEX
8
Layer 1
10
588.445626
20
1071.393910
70
0
0
SEQEND
8
Layer 1
0
POLYLINE
8
Layer 1
62
7
70
0
10
0.000000
20
0.000000
66
1
0
VERTEX
8
Layer 1
10
665.020391
20
1088.659168
70
0
0
VERTEX
8
Layer 1
10
671.248754
20
1102.311518
70
0
0
SEQEND
8
Layer 1
0
POLYLINE
8
Layer 1
62
7
70
0
10
0.000000
20
0.000000
66
1
0
VERTEX
8
Layer 1
10
530.717425
20
252.667597
70
0
0
VERTEX
8
Layer 1
10
529.550353
20
252.901289
70
0
0
VERTEX
8
Layer 1
10
528.423241
20
252.677469
70
0
0
VERTEX
8
Layer 1
10
527.462095
20
252.047646
70
0
0
VERTEX
8
Layer 1
10
526.792923
20
251.063331
70
0
0
VERTEX
8
Layer 1
10
526.557635
20
249.896579
70
0
0
VERTEX
8
Layer 1
10
526.779913
20
248.769162
70
0
0
VERTEX
8
Layer 1
10
527.408421
20
247.807156
70
0
0
VERTEX
8
Layer 1
10
528.391820
20
247.136638
70
0
0
VERTEX
8
Layer 1
10
529.558892
20
246.902946
70
0
0
VERTEX
8
Layer 1
10
530.686005
20
247.126766
70
0
0
VERTEX
8
Layer 1
10
531.647150
20
247.756588
70
0
0
VERTEX
8
Layer 1
10
532.316323
20
248.740904
70
0
0
VERTEX
8
Layer 1
10
532.551610
20
249.907656
70
0
0
VERTEX
8
Layer 1
10
532.329332
20
251.035073
70
0
0
VERTEX
8
Layer 1
10
531.700825
20
251.997079
70
0
0
VERTEX
8
Layer 1
10
530.717425
20
252.667597
70
0
0
VERTEX
8
Layer 1
10
530.717425
20
252.667597
70
0
0
SEQEND
8
Layer 1
0
POLYLINE
8
Layer 1
62
7
70
0
10
0.000000
20
0.000000
66
1
0
VERTEX
8
Layer 1
10
497.064743
20
356.243312
70
0
0
VERTEX
8
Layer 1
10
495.898383
20
356.475513
70
0
0
VERTEX
8
Layer 1
10
494.772326
20
356.250982
70
0
0
VERTEX
8
Layer 1
10
493.812237
20
355.621181
70
0
0
VERTEX
8
Layer 1
10
493.143782
20
354.637575
70
0
0
VERTEX
8
Layer 1
10
492.908495
20
353.471833
70
0
0
VERTEX
8
Layer 1
10
493.130046
20
352.345186
70
0
0
VERTEX
8
Layer 1
10
493.757304
20
351.383434
70
0
0
VERTEX
8
Layer 1
10
494.739138
20
350.712379
70
0
0
VERTEX
8
Layer 1
10
495.905498
20
350.480177
70
0
0
VERTEX
8
Layer 1
10
497.031555
20
350.704708
70
0
0
VERTEX
8
Layer 1
10
497.991644
20
351.334509
70
0
0
VERTEX
8
Layer 1
10
498.660099
20
352.318115
70
0
0
VERTEX
8
Layer 1
10
498.895386
20
353.483857
70
0
0
VERTEX
8
Layer 1
10
498.673835
20
354.610504
70
0
0
VERTEX
8
Layer 1
10
498.046577
20
355.572256
70
0
0
VERTEX
8
Layer 1
10
497.064743
20
356.243312
70
0
0
VERTEX
8
Layer 1
10
497.064743
20
356.243312
70
0
0
SEQEND
8
Layer 1
0
POLYLINE
8
Layer 1
62
7
70
0
10
0.000000
20
0.000000
66
1
0
VERTEX
8
Layer 1
10
602.098426
20
1065.164647
70
0
0
VERTEX
8
Layer 1
10
591.769633
20
1044.585465
70
0
0
VERTEX
8
Layer 1
10
581.897272
20
1023.827410
70
0
0
VERTEX
8
Layer 1
10
572.482392
20
1002.898020
70
0
0
VERTEX
8
Layer 1
10
563.526045
20
981.804833
70
0
0
VERTEX
8
Layer 1
10
555.029281
20
960.555389
70
0
0
VERTEX
8
Layer 1
10
546.993150
20
939.157224
70
0
0
VERTEX
8
Layer 1
10
539.418704
20
917.617877
70
0
0
VERTEX
8
Layer 1
10
532.306991
20
895.944886
70
0
0
VERTEX
8
Layer 1
10
525.659063
20
874.145790
70
0
0
VERTEX
8
Layer 1
10
519.475971
20
852.228126
70
0
0
VERTEX
8
Layer 1
10
513.758764
20
830.199433
70
0
0
VERTEX
8
Layer 1
10
508.508493
20
808.067248
70
0
0
VERTEX
8
Layer 1
10
503.726209
20
785.839111
70
0
0
VERTEX
8
Layer 1
10
499.412962
20
763.522558
70
0
0
VERTEX
8
Layer 1
10
495.569803
20
741.125130
70
0
0
VERTEX
8
Layer 1
10
492.197782
20
718.654362
70
0
0
VERTEX
8
Layer 1
10
489.297949
20
696.117794
70
0
0
VERTEX
8
Layer 1
10
486.871355
20
673.522964
70
0
0
VERTEX
8
Layer 1
10
484.919050
20
650.877411
70
0
0
VERTEX
8
Layer 1
10
483.442085
20
628.188671
70
0
0
VERTEX
8
Layer 1
10
482.441510
20
605.464284
70
0
0
VERTEX
8
Layer 1
10
481.918376
20
582.711787
70
0
0
VERTEX
8
Layer 1
10
481.873734
20
559.938719
70
0
0
VERTEX
8
Layer 1
10
482.308632
20
537.152617
70
0
0
VERTEX
8
Layer 1
10
483.224123
20
514.361021
70
0
0
VERTEX
8
Layer 1
10
484.621257
20
491.571468
70
0
0
VERTEX
8
Layer 1
10
486.501084
20
468.791496
70
0
0
VERTEX
8
Layer 1
10
488.864654
20
446.028644
70
0
0
VERTEX
8
Layer 1
10
491.713018
20
423.290450
70
0
0
VERTEX
8
Layer 1
10
495.047226
20
400.584451
70
0
0
VERTEX
8
Layer 1
10
498.868329
20
377.918187
70
0
0
VERTEX
8
Layer 1
10
503.177378
20
355.299195
70
0
0
SEQEND
8
Layer 1
0
POLYLINE
8
Layer 1
62
7
70
0
10
0.000000
20
0.000000
66
1
0
VERTEX
8
Layer 1
10
503.177378
20
355.299195
70
0
0
VERTEX
8
Layer 1
10
508.206713
20
336.632758
70
0
0
VERTEX
8
Layer 1
10
513.560863
20
318.061508
70
0
0
VERTEX
8
Layer 1
10
519.238412
20
299.589656
70
0
0
VERTEX
8
Layer 1
10
525.237944
20
281.221411
70
0
0
VERTEX
8
Layer 1
10
531.558042
20
262.960986
70
0
0
VERTEX
8
Layer 1
10
538.197290
20
244.812589
70
0
0
VERTEX
8
Layer 1
10
545.154272
20
226.780434
70
0
0
VERTEX
8
Layer 1
10
552.427572
20
208.868728
70
0
0
SEQEND
8
Layer 1
0
POLYLINE
8
Layer 1
62
7
70
0
10
0.000000
20
0.000000
66
1
0
VERTEX
8
Layer 1
10
538.847558
20
203.350268
70
0
0
VERTEX
8
Layer 1
10
552.427598
20
208.868490
70
0
0
SEQEND
8
Layer 1
0
POLYLINE
8
Layer 1
62
7
70
0
10
0.000000
20
0.000000
66
1
0
VERTEX
8
Layer 1
10
499.353757
20
313.121810
70
0
0
VERTEX
8
Layer 1
10
503.676721
20
299.186102
70
0
0
VERTEX
8
Layer 1
10
508.176239
20
285.308259
70
0
0
VERTEX
8
Layer 1
10
512.851708
20
271.489949
70
0
0
VERTEX
8
Layer 1
10
517.702530
20
257.732841
70
0
0
VERTEX
8
Layer 1
10
522.728102
20
244.038605
70
0
0
VERTEX
8
Layer 1
10
527.927825
20
230.408910
70
0
0
VERTEX
8
Layer 1
10
533.301098
20
216.845424
70
0
0
VERTEX
8
Layer 1
10
538.847320
20
203.349818
70
0
0
SEQEND
8
Layer 1
0
POLYLINE
8
Layer 1
62
7
70
0
10
0.000000
20
0.000000
66
1
0
VERTEX
8
Layer 1
10
481.254348
20
390.971233
70
0
0
VERTEX
8
Layer 1
10
482.953034
20
381.116324
70
0
0
VERTEX
8
Layer 1
10
484.813713
20
371.292790
70
0
0
VERTEX
8
Layer 1
10
486.835923
20
361.502621
70
0
0
VERTEX
8
Layer 1
10
489.019201
20
351.747803
70
0
0
VERTEX
8
Layer 1
10
491.363086
20
342.030325
70
0
0
VERTEX
8
Layer 1
10
493.867115
20
332.352175
70
0
0
VERTEX
8
Layer 1
10
496.530826
20
322.715340
70
0
0
VERTEX
8
Layer 1
10
499.353757
20
313.121810
70
0
0
SEQEND
8
Layer 1
0
POLYLINE
8
Layer 1
62
7
70
0
10
0.000000
20
0.000000
66
1
0
VERTEX
8
Layer 1
10
588.445626
20
1071.393910
70
0
0
VERTEX
8
Layer 1
10
578.553659
20
1051.672481
70
0
0
VERTEX
8
Layer 1
10
569.073634
20
1031.787227
70
0
0
VERTEX
8
Layer 1
10
560.006564
20
1011.744582
70
0
0
VERTEX
8
Layer 1
10
551.353463
20
991.550983
70
0
0
VERTEX
8
Layer 1
10
543.115345
20
971.212864
70
0
0
VERTEX
8
Layer 1
10
535.293224
20
950.736662
70
0
0
VERTEX
8
Layer 1
10
527.888114
20
930.128811
70
0
0
VERTEX
8
Layer 1
10
520.901028
20
909.395749
70
0
0
VERTEX
8
Layer 1
10
514.332981
20
888.543910
70
0
0
VERTEX
8
Layer 1
10
508.184986
20
867.579730
70
0
0
VERTEX
8
Layer 1
10
502.458057
20
846.509644
70
0
0
VERTEX
8
Layer 1
10
497.153208
20
825.340089
70
0
0
VERTEX
8
Layer 1
10
492.271453
20
804.077500
70
0
0
VERTEX
8
Layer 1
10
487.813806
20
782.728312
70
0
0
VERTEX
8
Layer 1
10
483.781280
20
761.298962
70
0
0
VERTEX
8
Layer 1
10
480.174889
20
739.795884
70
0
0
VERTEX
8
Layer 1
10
476.995648
20
718.225515
70
0
0
VERTEX
8
Layer 1
10
474.244570
20
696.594290
70
0
0
VERTEX
8
Layer 1
10
471.922668
20
674.908645
70
0
0
VERTEX
8
Layer 1
10
470.030958
20
653.175015
70
0
0
VERTEX
8
Layer 1
10
468.570452
20
631.399837
70
0
0
VERTEX
8
Layer 1
10
467.542164
20
609.589545
70
0
0
VERTEX
8
Layer 1
10
466.947109
20
587.750575
70
0
0
VERTEX
8
Layer 1
10
466.786300
20
565.889363
70
0
0
VERTEX
8
Layer 1
10
467.060750
20
544.012345
70
0
0
VERTEX
8
Layer 1
10
467.771475
20
522.125956
70
0
0
VERTEX
8
Layer 1
10
468.919487
20
500.236632
70
0
0
VERTEX
8
Layer 1
10
470.505801
20
478.350809
70
0
0
VERTEX
8
Layer 1
10
472.531430
20
456.474921
70
0
0
VERTEX
8
Layer 1
10
474.997388
20
434.615406
70
0
0
VERTEX
8
Layer 1
10
477.904690
20
412.778698
70
0
0
VERTEX
8
Layer 1
10
481.254348
20
390.971233
70
0
0
SEQEND
8
Layer 1
0
POLYLINE
8
Layer 1
62
7
70
0
10
0.000000
20
0.000000
66
1
0
VERTEX
8
Layer 1
10
363.510151
20
293.606742
70
0
0
VERTEX
8
Layer 1
10
362.999654
20
294.682109
70
0
0
VERTEX
8
Layer 1
10
362.146237
20
295.451825
70
0
0
VERTEX
8
Layer 1
10
361.066573
20
295.845664
70
0
0
VERTEX
8
Layer 1
10
359.877334
20
295.793396
70
0
0
VERTEX
8
Layer 1
10
358.801369
20
295.284164
70
0
0
VERTEX
8
Layer 1
10
358.030650
20
294.431651
70
0
0
VERTEX
8
Layer 1
10
357.635544
20
293.352450
70
0
0
VERTEX
8
Layer 1
10
357.686414
20
292.163151
70
0
0
VERTEX
8
Layer 1
10
358.196911
20
291.087784
70
0
0
VERTEX
8
Layer 1
10
359.050328
20
290.318068
70
0
0
VERTEX
8
Layer 1
10
360.129992
20
289.924229
70
0
0
VERTEX
8
Layer 1
10
361.319231
20
289.976497
70
0
0
VERTEX
8
Layer 1
10
362.395196
20
290.485730
70
0
0
VERTEX
8
Layer 1
10
363.165915
20
291.338242
70
0
0
VERTEX
8
Layer 1
10
363.561021
20
292.417443
70
0
0
VERTEX
8
Layer 1
10
363.510151
20
293.606742
70
0
0
VERTEX
8
Layer 1
10
363.510151
20
293.606742
70
0
0
SEQEND
8
Layer 1
0
POLYLINE
8
Layer 1
62
7
70
0
10
0.000000
20
0.000000
66
1
0
VERTEX
8
Layer 1
10
336.376582
20
364.506882
70
0
0
VERTEX
8
Layer 1
10
335.866795
20
365.583595
70
0
0
VERTEX
8
Layer 1
10
335.013323
20
366.354483
70
0
0
VERTEX
8
Layer 1
10
333.933060
20
366.749092
70
0
0
VERTEX
8
Layer 1
10
332.742902
20
366.696965
70
0
0
VERTEX
8
Layer 1
10
331.666189
20
366.187179
70
0
0
VERTEX
8
Layer 1
10
330.895301
20
365.333706
70
0
0
VERTEX
8
Layer 1
10
330.500693
20
364.253444
70
0
0
VERTEX
8
Layer 1
10
330.552819
20
363.063285
70
0
0
VERTEX
8
Layer 1
10
330.841945
20
362.328510
70
0
0
VERTEX
8
Layer 1
10
331.303836
20
361.704047
70
0
0
VERTEX
8
Layer 1
10
331.910478
20
361.218988
70
0
0
VERTEX
8
Layer 1
10
332.633856
20
360.902421
70
0
0
VERTEX
8
Layer 1
10
333.414753
20
360.785424
70
0
0
VERTEX
8
Layer 1
10
334.186499
20
360.873202
70
0
0
VERTEX
8
Layer 1
10
334.909893
20
361.156040
70
0
0
VERTEX
8
Layer 1
10
335.545737
20
361.624220
70
0
0
VERTEX
8
Layer 1
10
336.037508
20
362.241998
70
0
0
VERTEX
8
Layer 1
10
336.347363
20
362.954239
70
0
0
VERTEX
8
Layer 1
10
336.464116
20
363.722135
70
0
0
VERTEX
8
Layer 1
10
336.376582
20
364.506882
70
0
0
VERTEX
8
Layer 1
10
336.376582
20
364.506882
70
0
0
SEQEND
8
Layer 1
0
POLYLINE
8
Layer 1
62
7
70
0
10
0.000000
20
0.000000
66
1
0
VERTEX
8
Layer 1
10
323.569521
20
362.348380
70
0
0
VERTEX
8
Layer 1
10
341.914251
20
285.131064
70
0
0
SEQEND
8
Layer 1
0
POLYLINE
8
Layer 1
62
7
70
0
10
0.000000
20
0.000000
66
1
0
VERTEX
8
Layer 1
10
341.914251
20
285.131064
70
0
0
VERTEX
8
Layer 1
10
377.422163
20
253.074214
70
0
0
SEQEND
8
Layer 1
0
POLYLINE
8
Layer 1
62
7
70
0
10
0.000000
20
0.000000
66
1
0
VERTEX
8
Layer 1
10
385.117242
20
219.529876
70
0
0
VERTEX
8
Layer 1
10
385.914858
20
221.739705
70
0
0
VERTEX
8
Layer 1
10
386.531533
20
223.980006
70
0
0
VERTEX
8
Layer 1
10
386.969508
20
226.241010
70
0
0
VERTEX
8
Layer 1
10
387.231025
20
228.512946
70
0
0
VERTEX
8
Layer 1
10
387.318326
20
230.786046
70
0
0
VERTEX
8
Layer 1
10
387.233651
20
233.050540
70
0
0
VERTEX
8
Layer 1
10
386.979242
20
235.296659
70
0
0
VERTEX
8
Layer 1
10
386.557340
20
237.514633
70
0
0
VERTEX
8
Layer 1
10
385.970188
20
239.694693
70
0
0
VERTEX
8
Layer 1
10
385.220026
20
241.827070
70
0
0
VERTEX
8
Layer 1
10
384.309095
20
243.901994
70
0
0
VERTEX
8
Layer 1
10
383.239638
20
245.909695
70
0
0
VERTEX
8
Layer 1
10
382.013895
20
247.840405
70
0
0
VERTEX
8
Layer 1
10
380.634109
20
249.684354
70
0
0
VERTEX
8
Layer 1
10
379.102520
20
251.431773
70
0
0
VERTEX
8
Layer 1
10
377.421369
20
253.072891
70
0
0
SEQEND
8
Layer 1
0
POLYLINE
8
Layer 1
62
7
70
0
10
0.000000
20
0.000000
66
1
0
VERTEX
8
Layer 1
10
373.477045
20
116.338061
70
0
0
VERTEX
8
Layer 1
10
432.052070
20
260.749793
70
0
0
SEQEND
8
Layer 1
0
POLYLINE
8
Layer 1
62
7
70
0
10
0.000000
20
0.000000
66
1
0
VERTEX
8
Layer 1
10
343.360885
20
365.222066
70
0
0
VERTEX
8
Layer 1
10
344.106762
20
360.658949
70
0
0
VERTEX
8
Layer 1
10
345.010155
20
356.147999
70
0
0
VERTEX
8
Layer 1
10
346.068383
20
351.692377
70
0
0
VERTEX
8
Layer 1
10
347.278763
20
347.295242
70
0
0
VERTEX
8
Layer 1
10
348.638612
20
342.959754
70
0
0
VERTEX
8
Layer 1
10
350.145247
20
338.689073
70
0
0
VERTEX
8
Layer 1
10
351.795988
20
334.486357
70
0
0
VERTEX
8
Layer 1
10
353.588150
20
330.354769
70
0
0
VERTEX
8
Layer 1
10
355.519051
20
326.297466
70
0
0
VERTEX
8
Layer 1
10
357.586010
20
322.317608
70
0
0
VERTEX
8
Layer 1
10
359.786343
20
318.418357
70
0
0
VERTEX
8
Layer 1
10
362.117368
20
314.602870
70
0
0
VERTEX
8
Layer 1
10
364.576403
20
310.874309
70
0
0
VERTEX
8
Layer 1
10
367.160764
20
307.235832
70
0
0
VERTEX
8
Layer 1
10
369.867770
20
303.690600
70
0
0
VERTEX
8
Layer 1
10
372.694739
20
300.241773
70
0
0
VERTEX
8
Layer 1
10
375.638987
20
296.892509
70
0
0
VERTEX
8
Layer 1
10
378.697832
20
293.645970
70
0
0
VERTEX
8
Layer 1
10
381.868592
20
290.505314
70
0
0
VERTEX
8
Layer 1
10
385.148584
20
287.473702
70
0
0
VERTEX
8
Layer 1
10
388.535125
20
284.554292
70
0
0
VERTEX
8
Layer 1
10
392.025534
20
281.750246
70
0
0
VERTEX
8
Layer 1
10
395.617128
20
279.064723
70
0
0
VERTEX
8
Layer 1
10
399.307224
20
276.500882
70
0
0
VERTEX
8
Layer 1
10
403.093139
20
274.061883
70
0
0
VERTEX
8
Layer 1
10
406.972193
20
271.750887
70
0
0
VERTEX
8
Layer 1
10
410.941700
20
269.571052
70
0
0
VERTEX
8
Layer 1
10
414.998981
20
267.525539
70
0
0
VERTEX
8
Layer 1
10
419.141351
20
265.617508
70
0
0
VERTEX
8
Layer 1
10
423.366129
20
263.850117
70
0
0
VERTEX
8
Layer 1
10
427.670631
20
262.226528
70
0
0
VERTEX
8
Layer 1
10
432.052176
20
260.749899
70
0
0
SEQEND
8
Layer 1
0
POLYLINE
8
Layer 1
62
7
70
0
10
0.000000
20
0.000000
66
1
0
VERTEX
8
Layer 1
10
406.602043
20
1036.216079
70
0
0
VERTEX
8
Layer 1
10
406.092120
20
1037.292533
70
0
0
VERTEX
8
Layer 1
10
405.238659
20
1038.063196
70
0
0
VERTEX
8
Layer 1
10
404.158511
20
1038.457657
70
0
0
VERTEX
8
Layer 1
10
402.968530
20
1038.405505
70
0
0
VERTEX
8
Layer 1
10
401.891960
20
1037.895826
70
0
0
VERTEX
8
Layer 1
10
401.121103
20
1037.042539
70
0
0
VERTEX
8
Layer 1
10
400.726397
20
1035.962481
70
0
0
VERTEX
8
Layer 1
10
400.778280
20
1034.772488
70
0
0
VERTEX
8
Layer 1
10
401.288203
20
1033.696033
70
0
0
VERTEX
8
Layer 1
10
402.141665
20
1032.925370
70
0
0
VERTEX
8
Layer 1
10
403.221812
20
1032.530909
70
0
0
VERTEX
8
Layer 1
10
404.411794
20
1032.583062
70
0
0
VERTEX
8
Layer 1
10
405.488364
20
1033.092741
70
0
0
VERTEX
8
Layer 1
10
406.259220
20
1033.946028
70
0
0
VERTEX
8
Layer 1
10
406.653926
20
1035.026086
70
0
0
VERTEX
8
Layer 1
10
406.602043
20
1036.216079
70
0
0
VERTEX
8
Layer 1
10
406.602043
20
1036.216079
70
0
0
SEQEND
8
Layer 1
0
POLYLINE
8
Layer 1
62
7
70
0
10
0.000000
20
0.000000
66
1
0
VERTEX
8
Layer 1
10
329.472077
20
841.292941
70
0
0
VERTEX
8
Layer 1
10
328.962156
20
842.369408
70
0
0
VERTEX
8
Layer 1
10
328.108690
20
843.140080
70
0
0
VERTEX
8
Layer 1
10
327.028533
20
843.534545
70
0
0
VERTEX
8
Layer 1
10
325.838542
20
843.482388
70
0
0
VERTEX
8
Layer 1
10
324.761965
20
842.972699
70
0
0
VERTEX
8
Layer 1
10
323.991110
20
842.119398
70
0
0
VERTEX
8
Layer 1
10
323.596413
20
841.039326
70
0
0
VERTEX
8
Layer 1
10
323.648314
20
839.849323
70
0
0
VERTEX
8
Layer 1
10
324.158235
20
838.772856
70
0
0
VERTEX
8
Layer 1
10
325.011701
20
838.002184
70
0
0
VERTEX
8
Layer 1
10
326.091858
20
837.607720
70
0
0
VERTEX
8
Layer 1
10
327.281849
20
837.659876
70
0
0
VERTEX
8
Layer 1
10
328.358426
20
838.169566
70
0
0
VERTEX
8
Layer 1
10
329.129281
20
839.022866
70
0
0
VERTEX
8
Layer 1
10
329.523978
20
840.102938
70
0
0
VERTEX
8
Layer 1
10
329.472077
20
841.292941
70
0
0
VERTEX
8
Layer 1
10
329.472077
20
841.292941
70
0
0
SEQEND
8
Layer 1
0
POLYLINE
8
Layer 1
62
7
70
0
10
0.000000
20
0.000000
66
1
0
VERTEX
8
Layer 1
10
363.415589
20
122.322426
70
0
0
VERTEX
8
Layer 1
10
362.905092
20
123.397793
70
0
0
VERTEX
8
Layer 1
10
362.051675
20
124.167509
70
0
0
VERTEX
8
Layer 1
10
360.972011
20
124.561347
70
0
0
VERTEX
8
Layer 1
10
359.782772
20
124.509080
70
0
0
VERTEX
8
Layer 1
10
358.706807
20
123.999847
70
0
0
VERTEX
8
Layer 1
10
357.936088
20
123.147335
70
0
0
VERTEX
8
Layer 1
10
357.540982
20
122.068134
70
0
0
VERTEX
8
Layer 1
10
357.591852
20
120.878834
70
0
0
VERTEX
8
Layer 1
10
358.102349
20
119.803468
70
0
0
VERTEX
8
Layer 1
10
358.955766
20
119.033751
70
0
0
VERTEX
8
Layer 1
10
360.035430
20
118.639913
70
0
0
VERTEX
8
Layer 1
10
361.224669
20
118.692180
70
0
0
VERTEX
8
Layer 1
10
362.300635
20
119.201413
70
0
0
VERTEX
8
Layer 1
10
363.071353
20
120.053926
70
0
0
VERTEX
8
Layer 1
10
363.466459
20
121.133127
70
0
0
VERTEX
8
Layer 1
10
363.415589
20
122.322426
70
0
0
VERTEX
8
Layer 1
10
363.415589
20
122.322426
70
0
0
SEQEND
8
Layer 1
0
POLYLINE
8
Layer 1
62
7
70
0
10
0.000000
20
0.000000
66
1
0
VERTEX
8
Layer 1
10
417.695770
20
1074.295208
70
0
0
VERTEX
8
Layer 1
10
411.729444
20
1064.232568
70
0
0
VERTEX
8
Layer 1
10
405.901981
20
1054.107076
70
0
0
VERTEX
8
Layer 1
10
400.213568
20
1043.920144
70
0
0
VERTEX
8
Layer 1
10
394.664390
20
1033.673181
70
0
0
VERTEX
8
Layer 1
10
389.254634
20
1023.367599
70
0
0
VERTEX
8
Layer 1
10
383.984488
20
1013.004808
70
0
0
VERTEX
8
Layer 1
10
373.863767
20
992.113241
70
0
0
VERTEX
8
Layer 1
10
364.303719
20
971.009765
70
0
0
VERTEX
8
Layer 1
10
355.305837
20
949.705665
70
0
0
VERTEX
8
Layer 1
10
346.871612
20
928.212224
70
0
0
VERTEX
8
Layer 1
10
339.002536
20
906.540728
70
0
0
VERTEX
8
Layer 1
10
331.700100
20
884.702462
70
0
0
VERTEX
8
Layer 1
10
324.965798
20
862.708709
70
0
0
VERTEX
8
Layer 1
10
318.801121
20
840.570754
70
0
0
VERTEX
8
Layer 1
10
313.207560
20
818.299882
70
0
0
VERTEX
8
Layer 1
10
308.186609
20
795.907378
70
0
0
VERTEX
8
Layer 1
10
303.739758
20
773.404526
70
0
0
VERTEX
8
Layer 1
10
299.868500
20
750.802610
70
0
0
VERTEX
8
Layer 1
10
296.574326
20
728.112916
70
0
0
VERTEX
8
Layer 1
10
293.858729
20
705.346727
70
0
0
VERTEX
8
Layer 1
10
291.723201
20
682.515329
70
0
0
VERTEX
8
Layer 1
10
290.169233
20
659.630005
70
0
0
VERTEX
8
Layer 1
10
289.198318
20
636.702041
70
0
0
VERTEX
8
Layer 1
10
288.811947
20
613.742722
70
0
0
VERTEX
8
Layer 1
10
289.011612
20
590.763331
70
0
0
VERTEX
8
Layer 1
10
289.798805
20
567.775153
70
0
0
VERTEX
8
Layer 1
10
291.175019
20
544.789473
70
0
0
VERTEX
8
Layer 1
10
293.141745
20
521.817575
70
0
0
VERTEX
8
Layer 1
10
295.700475
20
498.870744
70
0
0
VERTEX
8
Layer 1
10
298.852701
20
475.960265
70
0
0
VERTEX
8
Layer 1
10
302.599915
20
453.097422
70
0
0
VERTEX
8
Layer 1
10
306.943609
20
430.293499
70
0
0
VERTEX
8
Layer 1
10
309.339602
20
418.917160
70
0
0
VERTEX
8
Layer 1
10
311.885274
20
407.559782
70
0
0
VERTEX
8
Layer 1
10
314.580813
20
396.222777
70
0
0
VERTEX
8
Layer 1
10
317.426404
20
384.907555
70
0
0
VERTEX
8
Layer 1
10
320.422234
20
373.615526
70
0
0
VERTEX
8
Layer 1
10
323.568489
20
362.348102
70
0
0
SEQEND
8
Layer 1
0
POLYLINE
8
Layer 1
62
7
70
0
10
0.000000
20
0.000000
66
1
0
VERTEX
8
Layer 1
10
385.118618
20
219.528897
70
0
0
VERTEX
8
Layer 1
10
347.530634
20
126.861585
70
0
0
SEQEND
8
Layer 1
0
POLYLINE
8
Layer 1
62
7
70
0
10
0.000000
20
0.000000
66
1
0
VERTEX
8
Layer 1
10
347.530581
20
126.861559
70
0
0
VERTEX
8
Layer 1
10
346.733823
20
124.140120
70
0
0
VERTEX
8
Layer 1
10
346.502137
20
121.398351
70
0
0
VERTEX
8
Layer 1
10
346.804515
20
118.709572
70
0
0
VERTEX
8
Layer 1
10
347.609951
20
116.147103
70
0
0
VERTEX
8
Layer 1
10
348.887437
20
113.784264
70
0
0
VERTEX
8
Layer 1
10
350.605965
20
111.694377
70
0
0
VERTEX
8
Layer 1
10
352.734528
20
109.950762
70
0
0
VERTEX
8
Layer 1
10
355.242120
20
108.626739
70
0
0
VERTEX
8
Layer 1
10
357.963512
20
107.829822
70
0
0
VERTEX
8
Layer 1
10
360.705267
20
107.597976
70
0
0
VERTEX
8
Layer 1
10
363.394064
20
107.900198
70
0
0
VERTEX
8
Layer 1
10
365.956580
20
108.705484
70
0
0
VERTEX
8
Layer 1
10
368.319493
20
109.982832
70
0
0
VERTEX
8
Layer 1
10
370.409481
20
111.701239
70
0
0
VERTEX
8
Layer 1
10
372.153220
20
113.829700
70
0
0
VERTEX
8
Layer 1
10
373.477389
20
116.337214
70
0
0
SEQEND
8
Layer 1
0
POLYLINE
8
Layer 1
62
7
70
0
10
0.000000
20
0.000000
66
1
0
VERTEX
8
Layer 1
10
430.280290
20
1066.686913
70
0
0
VERTEX
8
Layer 1
10
424.377292
20
1056.772770
70
0
0
VERTEX
8
Layer 1
10
418.614833
20
1046.795206
70
0
0
VERTEX
8
Layer 1
10
412.993094
20
1036.755681
70
0
0
VERTEX
8
Layer 1
10
407.512256
20
1026.655656
70
0
0
VERTEX
8
Layer 1
10
402.172500
20
1016.496595
70
0
0
VERTEX
8
Layer 1
10
396.974007
20
1006.279958
70
0
0
VERTEX
8
Layer 1
10
391.916959
20
996.007207
70
0
0
VERTEX
8
Layer 1
10
387.001536
20
985.679804
70
0
0
VERTEX
8
Layer 1
10
382.227920
20
975.299210
70
0
0
VERTEX
8
Layer 1
10
377.596292
20
964.866888
70
0
0
VERTEX
8
Layer 1
10
373.106833
20
954.384298
70
0
0
VERTEX
8
Layer 1
10
368.759724
20
943.852903
70
0
0
VERTEX
8
Layer 1
10
360.493280
20
922.649543
70
0
0
VERTEX
8
Layer 1
10
352.798410
20
901.268501
70
0
0
VERTEX
8
Layer 1
10
345.676562
20
879.721471
70
0
0
VERTEX
8
Layer 1
10
339.129186
20
858.020147
70
0
0
VERTEX
8
Layer 1
10
333.157730
20
836.176221
70
0
0
VERTEX
8
Layer 1
10
327.763644
20
814.201388
70
0
0
VERTEX
8
Layer 1
10
322.948376
20
792.107340
70
0
0
VERTEX
8
Layer 1
10
318.713376
20
769.905771
70
0
0
VERTEX
8
Layer 1
10
315.060091
20
747.608376
70
0
0
VERTEX
8
Layer 1
10
311.989972
20
725.226846
70
0
0
VERTEX
8
Layer 1
10
309.504467
20
702.772876
70
0
0
VERTEX
8
Layer 1
10
307.605026
20
680.258160
70
0
0
VERTEX
8
Layer 1
10
306.293096
20
657.694390
70
0
0
VERTEX
8
Layer 1
10
305.570127
20
635.093260
70
0
0
VERTEX
8
Layer 1
10
305.437569
20
612.466464
70
0
0
VERTEX
8
Layer 1
10
305.896869
20
589.825695
70
0
0
VERTEX
8
Layer 1
10
306.949477
20
567.182647
70
0
0
VERTEX
8
Layer 1
10
308.596842
20
544.549013
70
0
0
VERTEX
8
Layer 1
10
310.840413
20
521.936486
70
0
0
VERTEX
8
Layer 1
10
313.681639
20
499.356761
70
0
0
VERTEX
8
Layer 1
10
315.326825
20
488.082852
70
0
0
VERTEX
8
Layer 1
10
317.121969
20
476.821530
70
0
0
VERTEX
8
Layer 1
10
319.067250
20
465.574254
70
0
0
VERTEX
8
Layer 1
10
321.162851
20
454.342487
70
0
0
VERTEX
8
Layer 1
10
323.408952
20
443.127690
70
0
0
VERTEX
8
Layer 1
10
325.805734
20
431.931326
70
0
0
VERTEX
8
Layer 1
10
328.353380
20
420.754855
70
0
0
VERTEX
8
Layer 1
10
331.052069
20
409.599739
70
0
0
VERTEX
8
Layer 1
10
333.901983
20
398.467441
70
0
0
VERTEX
8
Layer 1
10
336.903303
20
387.359422
70
0
0
VERTEX
8
Layer 1
10
340.056210
20
376.277143
70
0
0
VERTEX
8
Layer 1
10
343.360885
20
365.222066
70
0
0
SEQEND
8
Layer 1
0
POLYLINE
8
Layer 1
62
7
70
0
10
0.000000
20
0.000000
66
1
0
VERTEX
8
Layer 1
10
417.694976
20
1074.294494
70
0
0
VERTEX
8
Layer 1
10
430.279761
20
1066.687600
70
0
0
SEQEND
8
Layer 1
0
POLYLINE
8
Layer 1
62
7
70
0
10
0.000000
20
0.000000
66
1
0
VERTEX
8
Layer 1
10
326.748248
20
30.462092
70
0
0
VERTEX
8
Layer 1
10
326.144493
20
31.487693
70
0
0
VERTEX
8
Layer 1
10
325.226407
20
32.178592
70
0
0
VERTEX
8
Layer 1
10
324.116344
20
32.475214
70
0
0
VERTEX
8
Layer 1
10
322.936659
20
32.317984
70
0
0
VERTEX
8
Layer 1
10
321.910138
20
31.715794
70
0
0
VERTEX
8
Layer 1
10
321.217839
20
30.798764
70
0
0
VERTEX
8
Layer 1
10
320.919523
20
29.689155
70
0
0
VERTEX
8
Layer 1
10
321.074953
20
28.509231
70
0
0
VERTEX
8
Layer 1
10
321.678709
20
27.483630
70
0
0
VERTEX
8
Layer 1
10
322.596795
20
26.792731
70
0
0
VERTEX
8
Layer 1
10
323.706857
20
26.496109
70
0
0
VERTEX
8
Layer 1
10
324.886542
20
26.653340
70
0
0
VERTEX
8
Layer 1
10
325.913063
20
27.255529
70
0
0
VERTEX
8
Layer 1
10
326.605363
20
28.172560
70
0
0
VERTEX
8
Layer 1
10
326.903678
20
29.282169
70
0
0
VERTEX
8
Layer 1
10
326.748248
20
30.462092
70
0
0
VERTEX
8
Layer 1
10
326.748248
20
30.462092
70
0
0
SEQEND
8
Layer 1
0
POLYLINE
8
Layer 1
62
7
70
0
10
0.000000
20
0.000000
66
1
0
VERTEX
8
Layer 1
10
237.758746
20
187.477445
70
0
0
VERTEX
8
Layer 1
10
237.405782
20
188.183776
70
0
0
VERTEX
8
Layer 1
10
236.890485
20
188.764950
70
0
0
VERTEX
8
Layer 1
10
236.243331
20
189.194468
70
0
0
VERTEX
8
Layer 1
10
235.494797
20
189.445832
70
0
0
VERTEX
8
Layer 1
10
234.706615
20
189.493322
70
0
0
VERTEX
8
Layer 1
10
233.945655
20
189.337648
70
0
0
VERTEX
8
Layer 1
10
233.250104
20
188.991955
70
0
0
VERTEX
8
Layer 1
10
232.658150
20
188.469388
70
0
0
VERTEX
8
Layer 1
10
232.222931
20
187.810547
70
0
0
VERTEX
8
Layer 1
10
231.977268
20
187.073700
70
0
0
VERTEX
8
Layer 1
10
231.928872
20
186.298489
70
0
0
VERTEX
8
Layer 1
10
232.085451
20
185.524558
70
0
0
VERTEX
8
Layer 1
10
232.688445
20
184.497140
70
0
0
VERTEX
8
Layer 1
10
233.606736
20
183.804739
70
0
0
VERTEX
8
Layer 1
10
234.717657
20
183.507196
70
0
0
VERTEX
8
Layer 1
10
235.898542
20
183.664354
70
0
0
VERTEX
8
Layer 1
10
236.925959
20
184.267348
70
0
0
VERTEX
8
Layer 1
10
237.618361
20
185.185639
70
0
0
VERTEX
8
Layer 1
10
237.915904
20
186.296560
70
0
0
VERTEX
8
Layer 1
10
237.758746
20
187.477445
70
0
0
VERTEX
8
Layer 1
10
237.758746
20
187.477445
70
0
0
SEQEND
8
Layer 1
0
POLYLINE
8
Layer 1
62
7
70
0
10
0.000000
20
0.000000
66
1
0
VERTEX
8
Layer 1
10
230.817622
20
267.530487
70
0
0
VERTEX
8
Layer 1
10
230.213372
20
268.554912
70
0
0
VERTEX
8
Layer 1
10
229.295416
20
269.244835
70
0
0
VERTEX
8
Layer 1
10
228.185907
20
269.540856
70
0
0
VERTEX
8
Layer 1
10
227.006998
20
269.383572
70
0
0
VERTEX
8
Layer 1
10
225.981060
20
268.781895
70
0
0
VERTEX
8
Layer 1
10
225.288834
20
267.865673
70
0
0
VERTEX
8
Layer 1
10
224.990029
20
266.756910
70
0
0
VERTEX
8
Layer 1
10
225.144354
20
265.577610
70
0
0
VERTEX
8
Layer 1
10
225.748605
20
264.553186
70
0
0
VERTEX
8
Layer 1
10
226.666561
20
263.863262
70
0
0
VERTEX
8
Layer 1
10
227.776070
20
263.567241
70
0
0
VERTEX
8
Layer 1
10
228.954979
20
263.724525
70
0
0
VERTEX
8
Layer 1
10
229.980917
20
264.326203
70
0
0
VERTEX
8
Layer 1
10
230.673143
20
265.242424
70
0
0
VERTEX
8
Layer 1
10
230.971947
20
266.351187
70
0
0
VERTEX
8
Layer 1
10
230.817622
20
267.530487
70
0
0
VERTEX
8
Layer 1
10
230.817622
20
267.530487
70
0
0
SEQEND
8
Layer 1
0
POLYLINE
8
Layer 1
62
7
70
0
10
0.000000
20
0.000000
66
1
0
VERTEX
8
Layer 1
10
209.055644
20
789.275950
70
0
0
VERTEX
8
Layer 1
10
208.450835
20
790.299044
70
0
0
VERTEX
8
Layer 1
10
207.533027
20
790.987865
70
0
0
VERTEX
8
Layer 1
10
206.424144
20
791.283208
70
0
0
VERTEX
8
Layer 1
10
205.246112
20
791.125864
70
0
0
VERTEX
8
Layer 1
10
204.220833
20
790.524767
70
0
0
VERTEX
8
Layer 1
10
203.528689
20
789.609461
70
0
0
VERTEX
8
Layer 1
10
203.229330
20
788.501657
70
0
0
VERTEX
8
Layer 1
10
203.382402
20
787.323063
70
0
0
VERTEX
8
Layer 1
10
203.987212
20
786.299969
70
0
0
VERTEX
8
Layer 1
10
204.905020
20
785.611147
70
0
0
VERTEX
8
Layer 1
10
206.013903
20
785.315804
70
0
0
VERTEX
8
Layer 1
10
207.191934
20
785.473148
70
0
0
VERTEX
8
Layer 1
10
208.217213
20
786.074245
70
0
0
VERTEX
8
Layer 1
10
208.909357
20
786.989551
70
0
0
VERTEX
8
Layer 1
10
209.208717
20
788.097356
70
0
0
VERTEX
8
Layer 1
10
209.055644
20
789.275950
70
0
0
VERTEX
8
Layer 1
10
209.055644
20
789.275950
70
0
0
SEQEND
8
Layer 1
0
POLYLINE
8
Layer 1
62
7
70
0
10
0.000000
20
0.000000
66
1
0
VERTEX
8
Layer 1
10
279.138151
20
1016.432811
70
0
0
VERTEX
8
Layer 1
10
278.534396
20
1017.458412
70
0
0
VERTEX
8
Layer 1
10
277.616310
20
1018.149312
70
0
0
VERTEX
8
Layer 1
10
276.506247
20
1018.445934
70
0
0
VERTEX
8
Layer 1
10
275.326562
20
1018.288703
70
0
0
VERTEX
8
Layer 1
10
274.300041
20
1017.686514
70
0
0
VERTEX
8
Layer 1
10
273.607742
20
1016.769483
70
0
0
VERTEX
8
Layer 1
10
273.309426
20
1015.659874
70
0
0
VERTEX
8
Layer 1
10
273.464856
20
1014.479951
70
0
0
VERTEX
8
Layer 1
10
274.068612
20
1013.454349
70
0
0
VERTEX
8
Layer 1
10
274.986698
20
1012.763450
70
0
0
VERTEX
8
Layer 1
10
276.096760
20
1012.466828
70
0
0
VERTEX
8
Layer 1
10
277.276445
20
1012.624059
70
0
0
VERTEX
8
Layer 1
10
278.302967
20
1013.226248
70
0
0
VERTEX
8
Layer 1
10
278.995266
20
1014.143279
70
0
0
VERTEX
8
Layer 1
10
279.293581
20
1015.252888
70
0
0
VERTEX
8
Layer 1
10
279.138151
20
1016.432811
70
0
0
VERTEX
8
Layer 1
10
279.138151
20
1016.432811
70
0
0
SEQEND
8
Layer 1
0
POLYLINE
8
Layer 1
62
7
70
0
10
0.000000
20
0.000000
66
1
0
VERTEX
8
Layer 1
10
288.792308
20
1061.254097
70
0
0
VERTEX
8
Layer 1
10
301.957562
20
1054.808591
70
0
0
SEQEND
8
Layer 1
0
POLYLINE
8
Layer 1
62
7
70
0
10
0.000000
20
0.000000
66
1
0
VERTEX
8
Layer 1
10
188.233227
20
107.415290
70
0
0
VERTEX
8
Layer 1
10
315.880633
20
18.017801
70
0
0
SEQEND
8
Layer 1
0
POLYLINE
8
Layer 1
62
7
70
0
10
0.000000
20
0.000000
66
1
0
VERTEX
8
Layer 1
10
315.880633
20
18.017801
70
0
0
VERTEX
8
Layer 1
10
317.470260
20
17.054187
70
0
0
VERTEX
8
Layer 1
10
319.150842
20
16.318036
70
0
0
VERTEX
8
Layer 1
10
320.898900
20
15.811407
70
0
0
VERTEX
8
Layer 1
10
322.690951
20
15.536363
70
0
0
VERTEX
8
Layer 1
10
324.503513
20
15.494965
70
0
0
VERTEX
8
Layer 1
10
326.313104
20
15.689275
70
0
0
VERTEX
8
Layer 1
10
328.096244
20
16.121353
70
0
0
VERTEX
8
Layer 1
10
329.829449
20
16.793262
70
0
0
VERTEX
8
Layer 1
10
331.458593
20
17.688445
70
0
0
VERTEX
8
Layer 1
10
332.936189
20
18.776098
70
0
0
VERTEX
8
Layer 1
10
334.248713
20
20.036914
70
0
0
VERTEX
8
Layer 1
10
335.382645
20
21.451585
70
0
0
VERTEX
8
Layer 1
10
336.324461
20
23.000804
70
0
0
VERTEX
8
Layer 1
10
337.060640
20
24.665261
70
0
0
VERTEX
8
Layer 1
10
337.577659
20
26.425650
70
0
0
VERTEX
8
Layer 1
10
337.861996
20
28.262663
70
0
0
VERTEX
8
Layer 1
10
337.900938
20
30.121142
70
0
0
VERTEX
8
Layer 1
10
337.697427
20
31.944562
70
0
0
VERTEX
8
Layer 1
10
337.261430
20
33.711561
70
0
0
VERTEX
8
Layer 1
10
336.602910
20
35.400775
70
0
0
VERTEX
8
Layer 1
10
335.731830
20
36.990843
70
0
0
VERTEX
8
Layer 1
10
334.658157
20
38.460402
70
0
0
VERTEX
8
Layer 1
10
333.391854
20
39.788090
70
0
0
VERTEX
8
Layer 1
10
331.942885
20
40.952544
70
0
0
SEQEND
8
Layer 1
0
POLYLINE
8
Layer 1
62
7
70
0
10
0.000000
20
0.000000
66
1
0
VERTEX
8
Layer 1
10
250.032619
20
98.319297
70
0
0
VERTEX
8
Layer 1
10
331.942383
20
40.954184
70
0
0
SEQEND
8
Layer 1
0
POLYLINE
8
Layer 1
62
7
70
0
10
0.000000
20
0.000000
66
1
0
VERTEX
8
Layer 1
10
238.265449
20
130.658378
70
0
0
VERTEX
8
Layer 1
10
237.745997
20
128.367153
70
0
0
VERTEX
8
Layer 1
10
237.409862
20
126.067967
70
0
0
VERTEX
8
Layer 1
10
237.253616
20
123.770240
70
0
0
VERTEX
8
Layer 1
10
237.273832
20
121.483390
70
0
0
VERTEX
8
Layer 1
10
237.467082
20
119.216837
70
0
0
VERTEX
8
Layer 1
10
237.829939
20
116.980000
70
0
0
VERTEX
8
Layer 1
10
238.358977
20
114.782297
70
0
0
VERTEX
8
Layer 1
10
239.050767
20
112.633148
70
0
0
VERTEX
8
Layer 1
10
239.901882
20
110.541973
70
0
0
VERTEX
8
Layer 1
10
240.908896
20
108.518189
70
0
0
VERTEX
8
Layer 1
10
242.068380
20
106.571216
70
0
0
VERTEX
8
Layer 1
10
243.376908
20
104.710473
70
0
0
VERTEX
8
Layer 1
10
244.831052
20
102.945380
70
0
0
VERTEX
8
Layer 1
10
246.427385
20
101.285355
70
0
0
VERTEX
8
Layer 1
10
248.162480
20
99.739817
70
0
0
VERTEX
8
Layer 1
10
250.032910
20
98.318186
70
0
0
SEQEND
8
Layer 1
0
POLYLINE
8
Layer 1
62
7
70
0
10
0.000000
20
0.000000
66
1
0
VERTEX
8
Layer 1
10
237.711465
20
268.860347
70
0
0
VERTEX
8
Layer 1
10
254.476978
20
191.140279
70
0
0
SEQEND
8
Layer 1
0
POLYLINE
8
Layer 1
62
7
70
0
10
0.000000
20
0.000000
66
1
0
VERTEX
8
Layer 1
10
301.958355
20
1054.809120
70
0
0
VERTEX
8
Layer 1
10
291.225434
20
1031.727175
70
0
0
VERTEX
8
Layer 1
10
281.047406
20
1008.451668
70
0
0
VERTEX
8
Layer 1
10
271.425074
20
984.992413
70
0
0
VERTEX
8
Layer 1
10
262.359240
20
961.359226
70
0
0
VERTEX
8
Layer 1
10
253.850707
20
937.561920
70
0
0
VERTEX
8
Layer 1
10
245.900275
20
913.610310
70
0
0
VERTEX
8
Layer 1
10
238.508749
20
889.514210
70
0
0
VERTEX
8
Layer 1
10
231.676930
20
865.283437
70
0
0
VERTEX
8
Layer 1
10
225.405620
20
840.927803
70
0
0
VERTEX
8
Layer 1
10
219.695622
20
816.457124
70
0
0
VERTEX
8
Layer 1
10
214.547737
20
791.881214
70
0
0
VERTEX
8
Layer 1
10
209.962770
20
767.209888
70
0
0
VERTEX
8
Layer 1
10
205.941520
20
742.452960
70
0
0
VERTEX
8
Layer 1
10
202.484792
20
717.620245
70
0
0
VERTEX
8
Layer 1
10
199.593387
20
692.721558
70
0
0
VERTEX
8
Layer 1
10
197.268107
20
667.766713
70
0
0
VERTEX
8
Layer 1
10
195.509755
20
642.765524
70
0
0
VERTEX
8
Layer 1
10
194.319133
20
617.727807
70
0
0
VERTEX
8
Layer 1
10
193.697043
20
592.663376
70
0
0
VERTEX
8
Layer 1
10
193.644288
20
567.582046
70
0
0
VERTEX
8
Layer 1
10
194.161670
20
542.493631
70
0
0
VERTEX
8
Layer 1
10
195.249990
20
517.407945
70
0
0
VERTEX
8
Layer 1
10
196.910053
20
492.334804
70
0
0
VERTEX
8
Layer 1
10
199.142659
20
467.284022
70
0
0
VERTEX
8
Layer 1
10
201.948611
20
442.265413
70
0
0
VERTEX
8
Layer 1
10
205.328712
20
417.288792
70
0
0
VERTEX
8
Layer 1
10
209.283763
20
392.363974
70
0
0
VERTEX
8
Layer 1
10
213.814567
20
367.500774
70
0
0
VERTEX
8
Layer 1
10
218.921927
20
342.709005
70
0
0
VERTEX
8
Layer 1
10
224.606643
20
317.998483
70
0
0
VERTEX
8
Layer 1
10
230.869520
20
293.379022
70
0
0
VERTEX
8
Layer 1
10
237.711359
20
268.860437
70
0
0
SEQEND
8
Layer 1
0
POLYLINE
8
Layer 1
62
7
70
0
10
0.000000
20
0.000000
66
1
0
VERTEX
8
Layer 1
10
288.792494
20
1061.254309
70
0
0
VERTEX
8
Layer 1
10
277.954694
20
1037.852703
70
0
0
VERTEX
8
Layer 1
10
267.665493
20
1014.259174
70
0
0
VERTEX
8
Layer 1
10
257.925728
20
990.483208
70
0
0
VERTEX
8
Layer 1
10
248.736239
20
966.534287
70
0
0
VERTEX
8
Layer 1
10
240.097867
20
942.421894
70
0
0
VERTEX
8
Layer 1
10
232.011449
20
918.155514
70
0
0
VERTEX
8
Layer 1
10
224.477826
20
893.744629
70
0
0
VERTEX
8
Layer 1
10
217.497837
20
869.198723
70
0
0
VERTEX
8
Layer 1
10
211.072321
20
844.527280
70
0
0
VERTEX
8
Layer 1
10
205.202117
20
819.739783
70
0
0
VERTEX
8
Layer 1
10
199.888066
20
794.845715
70
0
0
VERTEX
8
Layer 1
10
195.131005
20
769.854560
70
0
0
VERTEX
8
Layer 1
10
190.931775
20
744.775801
70
0
0
VERTEX
8
Layer 1
10
187.291216
20
719.618922
70
0
0
VERTEX
8
Layer 1
10
184.210165
20
694.393406
70
0
0
VERTEX
8
Layer 1
10
181.689464
20
669.108736
70
0
0
VERTEX
8
Layer 1
10
179.729950
20
643.774397
70
0
0
VERTEX
8
Layer 1
10
178.332464
20
618.399871
70
0
0
VERTEX
8
Layer 1
10
177.497845
20
592.994642
70
0
0
VERTEX
8
Layer 1
10
177.226932
20
567.568194
70
0
0
VERTEX
8
Layer 1
10
177.520565
20
542.130009
70
0
0
VERTEX
8
Layer 1
10
178.379583
20
516.689572
70
0
0
VERTEX
8
Layer 1
10
179.804825
20
491.256365
70
0
0
VERTEX
8
Layer 1
10
181.797130
20
465.839873
70
0
0
VERTEX
8
Layer 1
10
184.357339
20
440.449578
70
0
0
VERTEX
8
Layer 1
10
187.486290
20
415.094964
70
0
0
VERTEX
8
Layer 1
10
191.184823
20
389.785515
70
0
0
VERTEX
8
Layer 1
10
195.453777
20
364.530714
70
0
0
VERTEX
8
Layer 1
10
200.293991
20
339.340044
70
0
0
VERTEX
8
Layer 1
10
205.706305
20
314.222989
70
0
0
VERTEX
8
Layer 1
10
211.691559
20
289.189032
70
0
0
VERTEX
8
Layer 1
10
218.250591
20
264.247657
70
0
0
SEQEND
8
Layer 1
0
POLYLINE
8
Layer 1
62
7
70
0
10
0.000000
20
0.000000
66
1
0
VERTEX
8
Layer 1
10
188.233121
20
107.415555
70
0
0
VERTEX
8
Layer 1
10
193.973695
20
116.095799
70
0
0
VERTEX
8
Layer 1
10
199.217818
20
125.023904
70
0
0
VERTEX
8
Layer 1
10
203.961459
20
134.178810
70
0
0
VERTEX
8
Layer 1
10
208.200585
20
143.539452
70
0
0
VERTEX
8
Layer 1
10
211.931167
20
153.084767
70
0
0
VERTEX
8
Layer 1
10
215.149172
20
162.793692
70
0
0
VERTEX
8
Layer 1
10
217.850569
20
172.645165
70
0
0
VERTEX
8
Layer 1
10
220.031327
20
182.618122
70
0
0
VERTEX
8
Layer 1
10
221.687413
20
192.691501
70
0
0
VERTEX
8
Layer 1
10
222.814797
20
202.844238
70
0
0
VERTEX
8
Layer 1
10
223.409447
20
213.055270
70
0
0
VERTEX
8
Layer 1
10
223.467332
20
223.303535
70
0
0
VERTEX
8
Layer 1
10
222.984421
20
233.567969
70
0
0
VERTEX
8
Layer 1
10
221.956681
20
243.827510
70
0
0
VERTEX
8
Layer 1
10
220.380082
20
254.061093
70
0
0
VERTEX
8
Layer 1
10
218.250591
20
264.247657
70
0
0
SEQEND
8
Layer 1
0
POLYLINE
8
Layer 1
62
7
70
0
10
0.000000
20
0.000000
66
1
0
VERTEX
8
Layer 1
10
254.476978
20
191.140279
70
0
0
VERTEX
8
Layer 1
10
238.265263
20
130.659224
70
0
0
SEQEND
8
Layer 1
0
POLYLINE
8
Layer 1
62
7
70
0
10
0.000000
20
0.000000
66
1
0
VERTEX
8
Layer 1
10
299.731440
20
379.655637
70
0
0
VERTEX
8
Layer 1
10
298.584454
20
379.970520
70
0
0
VERTEX
8
Layer 1
10
297.445098
20
379.826827
70
0
0
VERTEX
8
Layer 1
10
296.442441
20
379.266954
70
0
0
VERTEX
8
Layer 1
10
295.705551
20
378.333295
70
0
0
VERTEX
8
Layer 1
10
295.387892
20
377.187075
70
0
0
VERTEX
8
Layer 1
10
295.528825
20
376.047374
70
0
0
VERTEX
8
Layer 1
10
296.086268
20
375.043364
70
0
0
VERTEX
8
Layer 1
10
297.018141
20
374.304216
70
0
0
VERTEX
8
Layer 1
10
298.165126
20
373.989333
70
0
0
VERTEX
8
Layer 1
10
299.304482
20
374.133026
70
0
0
VERTEX
8
Layer 1
10
300.307140
20
374.692899
70
0
0
VERTEX
8
Layer 1
10
301.044029
20
375.626558
70
0
0
VERTEX
8
Layer 1
10
301.361689
20
376.772778
70
0
0
VERTEX
8
Layer 1
10
301.220756
20
377.912479
70
0
0
VERTEX
8
Layer 1
10
300.663312
20
378.916489
70
0
0
VERTEX
8
Layer 1
10
299.731440
20
379.655637
70
0
0
VERTEX
8
Layer 1
10
299.731440
20
379.655637
70
0
0
SEQEND
8
Layer 1
0
POLYLINE
8
Layer 1
62
7
70
0
10
0.000000
20
0.000000
66
1
0
VERTEX
8
Layer 1
10
278.594406
20
477.281605
70
0
0
VERTEX
8
Layer 1
10
277.446774
20
477.598151
70
0
0
VERTEX
8
Layer 1
10
276.306339
20
477.455311
70
0
0
VERTEX
8
Layer 1
10
275.302542
20
476.895502
70
0
0
VERTEX
8
Layer 1
10
274.564823
20
475.961140
70
0
0
VERTEX
8
Layer 1
10
274.247079
20
474.813839
70
0
0
VERTEX
8
Layer 1
10
274.388729
20
473.673256
70
0
0
VERTEX
8
Layer 1
10
274.947490
20
472.668875
70
0
0
VERTEX
8
Layer 1
10
275.881081
20
471.930181
70
0
0
VERTEX
8
Layer 1
10
277.028714
20
471.613635
70
0
0
VERTEX
8
Layer 1
10
278.169149
20
471.756475
70
0
0
VERTEX
8
Layer 1
10
279.172946
20
472.316284
70
0
0
VERTEX
8
Layer 1
10
279.910665
20
473.250645
70
0
0
VERTEX
8
Layer 1
10
280.228409
20
474.397947
70
0
0
VERTEX
8
Layer 1
10
280.086759
20
475.538530
70
0
0
VERTEX
8
Layer 1
10
279.527998
20
476.542911
70
0
0
VERTEX
8
Layer 1
10
278.594406
20
477.281605
70
0
0
VERTEX
8
Layer 1
10
278.594406
20
477.281605
70
0
0
SEQEND
8
Layer 1
0
POLYLINE
8
Layer 1
62
7
70
0
10
0.000000
20
0.000000
66
1
0
VERTEX
8
Layer 1
10
292.921073
20
801.989269
70
0
0
VERTEX
8
Layer 1
10
291.773049
20
802.306803
70
0
0
VERTEX
8
Layer 1
10
290.631967
20
802.164464
70
0
0
VERTEX
8
Layer 1
10
289.627490
20
801.604684
70
0
0
VERTEX
8
Layer 1
10
288.889280
20
800.669894
70
0
0
VERTEX
8
Layer 1
10
288.571496
20
799.521939
70
0
0
VERTEX
8
Layer 1
10
288.713585
20
798.380826
70
0
0
VERTEX
8
Layer 1
10
289.273145
20
797.376227
70
0
0
VERTEX
8
Layer 1
10
290.207775
20
796.637813
70
0
0
VERTEX
8
Layer 1
10
291.355799
20
796.320279
70
0
0
VERTEX
8
Layer 1
10
292.496880
20
796.462617
70
0
0
VERTEX
8
Layer 1
10
293.501358
20
797.022397
70
0
0
VERTEX
8
Layer 1
10
294.239568
20
797.957188
70
0
0
VERTEX
8
Layer 1
10
294.557352
20
799.105142
70
0
0
VERTEX
8
Layer 1
10
294.415263
20
800.246255
70
0
0
VERTEX
8
Layer 1
10
293.855702
20
801.250854
70
0
0
VERTEX
8
Layer 1
10
292.921073
20
801.989269
70
0
0
VERTEX
8
Layer 1
10
292.921073
20
801.989269
70
0
0
SEQEND
8
Layer 1
0
POLYLINE
8
Layer 1
62
7
70
0
10
0.000000
20
0.000000
66
1
0
VERTEX
8
Layer 1
10
406.453295
20
1177.636539
70
0
0
VERTEX
8
Layer 1
10
405.305271
20
1177.954073
70
0
0
VERTEX
8
Layer 1
10
404.164189
20
1177.811735
70
0
0
VERTEX
8
Layer 1
10
403.159712
20
1177.251955
70
0
0
VERTEX
8
Layer 1
10
402.421501
20
1176.317164
70
0
0
VERTEX
8
Layer 1
10
402.103717
20
1175.169210
70
0
0
VERTEX
8
Layer 1
10
402.245806
20
1174.028097
70
0
0
VERTEX
8
Layer 1
10
402.805367
20
1173.023498
70
0
0
VERTEX
8
Layer 1
10
403.739996
20
1172.285083
70
0
0
VERTEX
8
Layer 1
10
404.888020
20
1171.967549
70
0
0
VERTEX
8
Layer 1
10
406.029102
20
1172.109888
70
0
0
VERTEX
8
Layer 1
10
407.033579
20
1172.669668
70
0
0
VERTEX
8
Layer 1
10
407.771789
20
1173.604458
70
0
0
VERTEX
8
Layer 1
10
408.089574
20
1174.752413
70
0
0
VERTEX
8
Layer 1
10
407.947484
20
1175.893526
70
0
0
VERTEX
8
Layer 1
10
407.387924
20
1176.898125
70
0
0
VERTEX
8
Layer 1
10
406.453295
20
1177.636539
70
0
0
VERTEX
8
Layer 1
10
406.453295
20
1177.636539
70
0
0
SEQEND
8
Layer 1
0
POLYLINE
8
Layer 1
62
7
70
0
10
0.000000
20
0.000000
66
1
0
VERTEX
8
Layer 1
10
422.038794
20
1105.216309
70
0
0
VERTEX
8
Layer 1
10
423.455205
20
1107.973967
70
0
0
VERTEX
8
Layer 1
10
424.727915
20
1110.786033
70
0
0
VERTEX
8
Layer 1
10
425.856335
20
1113.646995
70
0
0
VERTEX
8
Layer 1
10
426.839875
20
1116.551337
70
0
0
VERTEX
8
Layer 1
10
428.369954
20
1122.468113
70
0
0
VERTEX
8
Layer 1
10
429.313435
20
1128.492253
70
0
0
VERTEX
8
Layer 1
10
429.665600
20
1134.579650
70
0
0
VERTEX
8
Layer 1
10
429.421729
20
1140.686196
70
0
0
VERTEX
8
Layer 1
10
429.074805
20
1143.732867
70
0
0
VERTEX
8
Layer 1
10
428.577104
20
1146.767784
70
0
0
VERTEX
8
Layer 1
10
427.928034
20
1149.785435
70
0
0
VERTEX
8
Layer 1
10
427.127007
20
1152.780306
70
0
0
VERTEX
8
Layer 1
10
426.178601
20
1155.731818
70
0
0
VERTEX
8
Layer 1
10
425.090111
20
1158.620191
70
0
0
VERTEX
8
Layer 1
10
423.865019
20
1161.441109
70
0
0
VERTEX
8
Layer 1
10
422.506806
20
1164.190256
70
0
0
VERTEX
8
Layer 1
10
419.404942
20
1169.455978
70
0
0
VERTEX
8
Layer 1
10
415.812372
20
1174.382829
70
0
0
VERTEX
8
Layer 1
10
411.756949
20
1178.936286
70
0
0
VERTEX
8
Layer 1
10
407.266525
20
1183.081822
70
0
0
VERTEX
8
Layer 1
10
404.866892
20
1184.990831
70
0
0
VERTEX
8
Layer 1
10
402.368953
20
1186.784913
70
0
0
VERTEX
8
Layer 1
10
399.776189
20
1188.459752
70
0
0
VERTEX
8
Layer 1
10
397.092083
20
1190.011033
70
0
0
SEQEND
8
Layer 1
0
POLYLINE
8
Layer 1
62
7
70
0
10
0.000000
20
0.000000
66
1
0
VERTEX
8
Layer 1
10
389.907676
20
1176.834535
70
0
0
VERTEX
8
Layer 1
10
397.092957
20
1190.011377
70
0
0
SEQEND
8
Layer 1
0
POLYLINE
8
Layer 1
62
7
70
0
10
0.000000
20
0.000000
66
1
0
VERTEX
8
Layer 1
10
408.863884
20
1112.401299
70
0
0
VERTEX
8
Layer 1
10
410.907325
20
1116.633687
70
0
0
VERTEX
8
Layer 1
10
412.512186
20
1121.014696
70
0
0
VERTEX
8
Layer 1
10
413.674881
20
1125.510806
70
0
0
VERTEX
8
Layer 1
10
414.391824
20
1130.088502
70
0
0
VERTEX
8
Layer 1
10
414.659431
20
1134.714266
70
0
0
VERTEX
8
Layer 1
10
414.474114
20
1139.354582
70
0
0
VERTEX
8
Layer 1
10
413.832290
20
1143.975931
70
0
0
VERTEX
8
Layer 1
10
412.730372
20
1148.544798
70
0
0
VERTEX
8
Layer 1
10
411.182551
20
1152.982480
70
0
0
VERTEX
8
Layer 1
10
409.219517
20
1157.215127
70
0
0
VERTEX
8
Layer 1
10
406.862434
20
1161.216506
70
0
0
VERTEX
8
Layer 1
10
404.132468
20
1164.960380
70
0
0
VERTEX
8
Layer 1
10
401.050784
20
1168.420515
70
0
0
VERTEX
8
Layer 1
10
397.638546
20
1171.570673
70
0
0
VERTEX
8
Layer 1
10
393.916919
20
1174.384621
70
0
0
VERTEX
8
Layer 1
10
389.907067
20
1176.836123
70
0
0
SEQEND
8
Layer 1
0
POLYLINE
8
Layer 1
62
7
70
0
10
0.000000
20
0.000000
66
1
0
VERTEX
8
Layer 1
10
408.863884
20
1112.401299
70
0
0
VERTEX
8
Layer 1
10
398.056977
20
1094.384104
70
0
0
VERTEX
8
Layer 1
10
387.652317
20
1076.173204
70
0
0
VERTEX
8
Layer 1
10
377.651374
20
1057.775359
70
0
0
VERTEX
8
Layer 1
10
368.055618
20
1039.197330
70
0
0
VERTEX
8
Layer 1
10
358.866520
20
1020.445877
70
0
0
VERTEX
8
Layer 1
10
350.085550
20
1001.527762
70
0
0
VERTEX
8
Layer 1
10
341.714180
20
982.449746
70
0
0
VERTEX
8
Layer 1
10
333.753879
20
963.218589
70
0
0
VERTEX
8
Layer 1
10
326.206119
20
943.841052
70
0
0
VERTEX
8
Layer 1
10
319.072370
20
924.323896
70
0
0
VERTEX
8
Layer 1
10
312.354102
20
904.673882
70
0
0
VERTEX
8
Layer 1
10
306.052786
20
884.897771
70
0
0
VERTEX
8
Layer 1
10
300.169893
20
865.002324
70
0
0
VERTEX
8
Layer 1
10
294.706894
20
844.994301
70
0
0
VERTEX
8
Layer 1
10
289.665258
20
824.880464
70
0
0
VERTEX
8
Layer 1
10
285.046457
20
804.667573
70
0
0
VERTEX
8
Layer 1
10
280.851960
20
784.362389
70
0
0
VERTEX
8
Layer 1
10
277.083240
20
763.971673
70
0
0
VERTEX
8
Layer 1
10
273.741766
20
743.502187
70
0
0
VERTEX
8
Layer 1
10
270.829008
20
722.960690
70
0
0
VERTEX
8
Layer 1
10
268.346438
20
702.353943
70
0
0
VERTEX
8
Layer 1
10
266.295526
20
681.688709
70
0
0
VERTEX
8
Layer 1
10
264.677743
20
660.971746
70
0
0
VERTEX
8
Layer 1
10
263.494559
20
640.209817
70
0
0
VERTEX
8
Layer 1
10
262.747444
20
619.409682
70
0
0
VERTEX
8
Layer 1
10
262.437871
20
598.578103
70
0
0
VERTEX
8
Layer 1
10
262.567308
20
577.721839
70
0
0
VERTEX
8
Layer 1
10
263.137226
20
556.847652
70
0
0
VERTEX
8
Layer 1
10
264.149097
20
535.962302
70
0
0
VERTEX
8
Layer 1
10
265.604391
20
515.072551
70
0
0
VERTEX
8
Layer 1
10
267.504578
20
494.185160
70
0
0
VERTEX
8
Layer 1
10
269.851129
20
473.306888
70
0
0
SEQEND
8
Layer 1
0
POLYLINE
8
Layer 1
62
7
70
0
10
0.000000
20
0.000000
66
1
0
VERTEX
8
Layer 1
10
269.851129
20
473.306888
70
0
0
VERTEX
8
Layer 1
10
272.836304
20
455.875790
70
0
0
VERTEX
8
Layer 1
10
276.162270
20
438.511704
70
0
0
VERTEX
8
Layer 1
10
279.827820
20
421.219598
70
0
0
VERTEX
8
Layer 1
10
283.831746
20
404.004440
70
0
0
VERTEX
8
Layer 1
10
288.172843
20
386.871198
70
0
0
VERTEX
8
Layer 1
10
292.849902
20
369.824840
70
0
0
VERTEX
8
Layer 1
10
297.861717
20
352.870335
70
0
0
VERTEX
8
Layer 1
10
303.207081
20
336.012650
70
0
0
SEQEND
8
Layer 1
0
POLYLINE
8
Layer 1
62
7
70
0
10
0.000000
20
0.000000
66
1
0
VERTEX
8
Layer 1
10
303.206949
20
336.012730
70
0
0
VERTEX
8
Layer 1
10
317.191457
20
340.565700
70
0
0
SEQEND
8
Layer 1
0
POLYLINE
8
Layer 1
62
7
70
0
10
0.000000
20
0.000000
66
1
0
VERTEX
8
Layer 1
10
288.155166
20
456.218679
70
0
0
VERTEX
8
Layer 1
10
290.909700
20
441.554362
70
0
0
VERTEX
8
Layer 1
10
293.915798
20
426.942932
70
0
0
VERTEX
8
Layer 1
10
297.172651
20
412.387607
70
0
0
VERTEX
8
Layer 1
10
300.679450
20
397.891608
70
0
0
VERTEX
8
Layer 1
10
304.435389
20
383.458156
70
0
0
VERTEX
8
Layer 1
10
308.439657
20
369.090470
70
0
0
VERTEX
8
Layer 1
10
312.691446
20
354.791770
70
0
0
VERTEX
8
Layer 1
10
317.189949
20
340.565277
70
0
0
SEQEND
8
Layer 1
0
POLYLINE
8
Layer 1
62
7
70
0
10
0.000000
20
0.000000
66
1
0
VERTEX
8
Layer 1
10
282.595060
20
495.801277
70
0
0
VERTEX
8
Layer 1
10
283.706516
20
485.867828
70
0
0
VERTEX
8
Layer 1
10
285.003931
20
475.957838
70
0
0
VERTEX
8
Layer 1
10
286.486936
20
466.073918
70
0
0
VERTEX
8
Layer 1
10
288.155166
20
456.218679
70
0
0
SEQEND
8
Layer 1
0
POLYLINE
8
Layer 1
62
7
70
0
10
0.000000
20
0.000000
66
1
0
VERTEX
8
Layer 1
10
422.038556
20
1105.215912
70
0
0
VERTEX
8
Layer 1
10
411.701604
20
1088.035222
70
0
0
VERTEX
8
Layer 1
10
401.736518
20
1070.673569
70
0
0
VERTEX
8
Layer 1
10
392.144689
20
1053.137026
70
0
0
VERTEX
8
Layer 1
10
382.927506
20
1035.431667
70
0
0
VERTEX
8
Layer 1
10
374.086358
20
1017.563565
70
0
0
VERTEX
8
Layer 1
10
365.622637
20
999.538795
70
0
0
VERTEX
8
Layer 1
10
357.537730
20
981.363430
70
0
0
VERTEX
8
Layer 1
10
349.833029
20
963.043544
70
0
0
VERTEX
8
Layer 1
10
342.509923
20
944.585210
70
0
0
VERTEX
8
Layer 1
10
335.569801
20
925.994501
70
0
0
VERTEX
8
Layer 1
10
329.014054
20
907.277492
70
0
0
VERTEX
8
Layer 1
10
322.844070
20
888.440256
70
0
0
VERTEX
8
Layer 1
10
317.061241
20
869.488867
70
0
0
VERTEX
8
Layer 1
10
311.666955
20
850.429398
70
0
0
VERTEX
8
Layer 1
10
306.662602
20
831.267923
70
0
0
VERTEX
8
Layer 1
10
302.049573
20
812.010516
70
0
0
VERTEX
8
Layer 1
10
297.829256
20
792.663250
70
0
0
VERTEX
8
Layer 1
10
294.003041
20
773.232198
70
0
0
VERTEX
8
Layer 1
10
290.572319
20
753.723436
70
0
0
VERTEX
8
Layer 1
10
287.538479
20
734.143035
70
0
0
VERTEX
8
Layer 1
10
284.902911
20
714.497070
70
0
0
VERTEX
8
Layer 1
10
282.667004
20
694.791615
70
0
0
VERTEX
8
Layer 1
10
280.832149
20
675.032743
70
0
0
VERTEX
8
Layer 1
10
279.399734
20
655.226527
70
0
0
VERTEX
8
Layer 1
10
278.371150
20
635.379041
70
0
0
VERTEX
8
Layer 1
10
277.747786
20
615.496360
70
0
0
VERTEX
8
Layer 1
10
277.531033
20
595.584556
70
0
0
VERTEX
8
Layer 1
10
277.722280
20
575.649703
70
0
0
VERTEX
8
Layer 1
10
278.322916
20
555.697875
70
0
0
VERTEX
8
Layer 1
10
279.334332
20
535.735146
70
0
0
VERTEX
8
Layer 1
10
280.757916
20
515.767588
70
0
0
VERTEX
8
Layer 1
10
282.595060
20
495.801277
70
0
0
SEQEND
8
Layer 1
0
POLYLINE
8
Layer 1
62
7
70
0
10
0.000000
20
0.000000
66
1
0
VERTEX
8
Layer 1
10
297.933043
20
1173.296373
70
0
0
VERTEX
8
Layer 1
10
296.795242
20
1173.643730
70
0
0
VERTEX
8
Layer 1
10
295.652079
20
1173.532316
70
0
0
VERTEX
8
Layer 1
10
294.633840
20
1173.000881
70
0
0
VERTEX
8
Layer 1
10
293.870811
20
1172.088175
70
0
0
VERTEX
8
Layer 1
10
293.521018
20
1170.951121
70
0
0
VERTEX
8
Layer 1
10
293.629984
20
1169.807723
70
0
0
VERTEX
8
Layer 1
10
294.159237
20
1168.788348
70
0
0
VERTEX
8
Layer 1
10
295.070307
20
1168.023366
70
0
0
VERTEX
8
Layer 1
10
296.208108
20
1167.676008
70
0
0
VERTEX
8
Layer 1
10
297.351270
20
1167.787422
70
0
0
VERTEX
8
Layer 1
10
298.369510
20
1168.318857
70
0
0
VERTEX
8
Layer 1
10
299.132539
20
1169.231563
70
0
0
VERTEX
8
Layer 1
10
299.482332
20
1170.368617
70
0
0
VERTEX
8
Layer 1
10
299.373366
20
1171.512016
70
0
0
VERTEX
8
Layer 1
10
298.844113
20
1172.531391
70
0
0
VERTEX
8
Layer 1
10
297.933043
20
1173.296373
70
0
0
VERTEX
8
Layer 1
10
297.933043
20
1173.296373
70
0
0
SEQEND
8
Layer 1
0
POLYLINE
8
Layer 1
62
7
70
0
10
0.000000
20
0.000000
66
1
0
VERTEX
8
Layer 1
10
91.893476
20
813.868146
70
0
0
VERTEX
8
Layer 1
10
90.756079
20
814.214393
70
0
0
VERTEX
8
Layer 1
10
89.613617
20
814.102400
70
0
0
VERTEX
8
Layer 1
10
88.596131
20
813.570907
70
0
0
VERTEX
8
Layer 1
10
87.833662
20
812.658656
70
0
0
VERTEX
8
Layer 1
10
87.483941
20
811.522322
70
0
0
VERTEX
8
Layer 1
10
87.592443
20
810.379523
70
0
0
VERTEX
8
Layer 1
10
88.120824
20
809.360418
70
0
0
VERTEX
8
Layer 1
10
89.030741
20
808.595165
70
0
0
VERTEX
8
Layer 1
10
90.168139
20
808.248918
70
0
0
VERTEX
8
Layer 1
10
91.310601
20
808.360911
70
0
0
VERTEX
8
Layer 1
10
92.328086
20
808.892404
70
0
0
VERTEX
8
Layer 1
10
93.090555
20
809.804655
70
0
0
VERTEX
8
Layer 1
10
93.440276
20
810.940989
70
0
0
VERTEX
8
Layer 1
10
93.331774
20
812.083788
70
0
0
VERTEX
8
Layer 1
10
92.803393
20
813.102893
70
0
0
VERTEX
8
Layer 1
10
91.893476
20
813.868146
70
0
0
VERTEX
8
Layer 1
10
91.893476
20
813.868146
70
0
0
SEQEND
8
Layer 1
0
POLYLINE
8
Layer 1
62
7
70
0
10
0.000000
20
0.000000
66
1
0
VERTEX
8
Layer 1
10
305.969248
20
1158.634691
70
0
0
VERTEX
8
Layer 1
10
301.649783
20
1160.866748
70
0
0
VERTEX
8
Layer 1
10
297.212721
20
1162.618194
70
0
0
VERTEX
8
Layer 1
10
292.690707
20
1163.897645
70
0
0
VERTEX
8
Layer 1
10
288.116383
20
1164.713714
70
0
0
VERTEX
8
Layer 1
10
283.522395
20
1165.075014
70
0
0
VERTEX
8
Layer 1
10
278.941385
20
1164.990159
70
0
0
VERTEX
8
Layer 1
10
274.405996
20
1164.467763
70
0
0
VERTEX
8
Layer 1
10
269.948874
20
1163.516440
70
0
0
VERTEX
8
Layer 1
10
265.602660
20
1162.144804
70
0
0
VERTEX
8
Layer 1
10
261.400000
20
1160.361467
70
0
0
VERTEX
8
Layer 1
10
257.373535
20
1158.175045
70
0
0
VERTEX
8
Layer 1
10
253.555912
20
1155.594151
70
0
0
VERTEX
8
Layer 1
10
249.979771
20
1152.627398
70
0
0
VERTEX
8
Layer 1
10
246.677758
20
1149.283400
70
0
0
VERTEX
8
Layer 1
10
243.682517
20
1145.570772
70
0
0
VERTEX
8
Layer 1
10
241.026690
20
1141.498126
70
0
0
SEQEND
8
Layer 1
0
POLYLINE
8
Layer 1
62
7
70
0
10
0.000000
20
0.000000
66
1
0
VERTEX
8
Layer 1
10
313.522061
20
1171.602327
70
0
0
VERTEX
8
Layer 1
10
310.701929
20
1173.150761
70
0
0
VERTEX
8
Layer 1
10
307.837738
20
1174.539661
70
0
0
VERTEX
8
Layer 1
10
304.934859
20
1175.770442
70
0
0
VERTEX
8
Layer 1
10
301.998661
20
1176.844522
70
0
0
VERTEX
8
Layer 1
10
299.034514
20
1177.763318
70
0
0
VERTEX
8
Layer 1
10
296.047789
20
1178.528246
70
0
0
VERTEX
8
Layer 1
10
293.043854
20
1179.140724
70
0
0
VERTEX
8
Layer 1
10
290.028079
20
1179.602169
70
0
0
VERTEX
8
Layer 1
10
283.982492
20
1180.077626
70
0
0
VERTEX
8
Layer 1
10
277.953984
20
1179.965953
70
0
0
VERTEX
8
Layer 1
10
271.985514
20
1179.278485
70
0
0
VERTEX
8
Layer 1
10
266.120041
20
1178.026558
70
0
0
VERTEX
8
Layer 1
10
260.400523
20
1176.221507
70
0
0
VERTEX
8
Layer 1
10
254.869917
20
1173.874669
70
0
0
VERTEX
8
Layer 1
10
249.571184
20
1170.997378
70
0
0
VERTEX
8
Layer 1
10
244.547280
20
1167.600971
70
0
0
VERTEX
8
Layer 1
10
242.151814
20
1165.711641
70
0
0
VERTEX
8
Layer 1
10
239.841165
20
1163.696782
70
0
0
VERTEX
8
Layer 1
10
237.620703
20
1161.557812
70
0
0
VERTEX
8
Layer 1
10
235.495797
20
1159.296148
70
0
0
VERTEX
8
Layer 1
10
233.471817
20
1156.913207
70
0
0
VERTEX
8
Layer 1
10
231.554133
20
1154.410404
70
0
0
VERTEX
8
Layer 1
10
229.748115
20
1151.789158
70
0
0
VERTEX
8
Layer 1
10
228.059133
20
1149.050886
70
0
0
SEQEND
8
Layer 1
0
POLYLINE
8
Layer 1
62
7
70
0
10
0.000000
20
0.000000
66
1
0
VERTEX
8
Layer 1
10
305.968852
20
1158.635299
70
0
0
VERTEX
8
Layer 1
10
313.520712
20
1171.602486
70
0
0
SEQEND
8
Layer 1
0
POLYLINE
8
Layer 1
62
7
70
0
10
0.000000
20
0.000000
66
1
0
VERTEX
8
Layer 1
10
89.403009
20
340.088713
70
0
0
VERTEX
8
Layer 1
10
88.265810
20
340.434406
70
0
0
VERTEX
8
Layer 1
10
87.123696
20
340.322122
70
0
0
VERTEX
8
Layer 1
10
86.106585
20
339.790598
70
0
0
VERTEX
8
Layer 1
10
85.344395
20
338.878572
70
0
0
VERTEX
8
Layer 1
10
84.994710
20
337.742594
70
0
0
VERTEX
8
Layer 1
10
85.102982
20
336.600092
70
0
0
VERTEX
8
Layer 1
10
85.630930
20
335.581121
70
0
0
VERTEX
8
Layer 1
10
86.540274
20
334.815732
70
0
0
VERTEX
8
Layer 1
10
87.677474
20
334.470039
70
0
0
VERTEX
8
Layer 1
10
88.819588
20
334.582323
70
0
0
VERTEX
8
Layer 1
10
89.836698
20
335.113847
70
0
0
VERTEX
8
Layer 1
10
90.598888
20
336.025873
70
0
0
VERTEX
8
Layer 1
10
90.948573
20
337.161852
70
0
0
VERTEX
8
Layer 1
10
90.840302
20
338.304353
70
0
0
VERTEX
8
Layer 1
10
90.312353
20
339.323324
70
0
0
VERTEX
8
Layer 1
10
89.403009
20
340.088713
70
0
0
VERTEX
8
Layer 1
10
89.403009
20
340.088713
70
0
0
SEQEND
8
Layer 1
0
POLYLINE
8
Layer 1
62
7
70
0
10
0.000000
20
0.000000
66
1
0
VERTEX
8
Layer 1
10
66.190402
20
446.491782
70
0
0
VERTEX
8
Layer 1
10
65.052582
20
446.839212
70
0
0
VERTEX
8
Layer 1
10
63.909378
20
446.727840
70
0
0
VERTEX
8
Layer 1
10
62.891092
20
446.196415
70
0
0
VERTEX
8
Layer 1
10
62.128025
20
445.283688
70
0
0
VERTEX
8
Layer 1
10
61.778222
20
444.146595
70
0
0
VERTEX
8
Layer 1
10
61.887208
20
443.003162
70
0
0
VERTEX
8
Layer 1
10
62.416507
20
441.983769
70
0
0
VERTEX
8
Layer 1
10
63.327640
20
441.218799
70
0
0
VERTEX
8
Layer 1
10
64.465461
20
440.871369
70
0
0
VERTEX
8
Layer 1
10
65.608664
20
440.982741
70
0
0
VERTEX
8
Layer 1
10
66.626950
20
441.514166
70
0
0
VERTEX
8
Layer 1
10
67.390017
20
442.426893
70
0
0
VERTEX
8
Layer 1
10
67.739821
20
443.563986
70
0
0
VERTEX
8
Layer 1
10
67.630834
20
444.707420
70
0
0
VERTEX
8
Layer 1
10
67.101535
20
445.726812
70
0
0
VERTEX
8
Layer 1
10
66.190402
20
446.491782
70
0
0
VERTEX
8
Layer 1
10
66.190402
20
446.491782
70
0
0
SEQEND
8
Layer 1
0
POLYLINE
8
Layer 1
62
7
70
0
10
0.000000
20
0.000000
66
1
0
VERTEX
8
Layer 1
10
241.026690
20
1141.498126
70
0
0
VERTEX
8
Layer 1
10
228.707508
20
1122.044990
70
0
0
VERTEX
8
Layer 1
10
216.824764
20
1102.368588
70
0
0
VERTEX
8
Layer 1
10
205.380250
20
1082.476317
70
0
0
VERTEX
8
Layer 1
10
194.375759
20
1062.375574
70
0
0
VERTEX
8
Layer 1
10
183.813085
20
1042.073755
70
0
0
VERTEX
8
Layer 1
10
173.694021
20
1021.578258
70
0
0
VERTEX
8
Layer 1
10
164.020359
20
1000.896478
70
0
0
VERTEX
8
Layer 1
10
154.793893
20
980.035814
70
0
0
VERTEX
8
Layer 1
10
146.016415
20
959.003661
70
0
0
VERTEX
8
Layer 1
10
137.689719
20
937.807416
70
0
0
VERTEX
8
Layer 1
10
129.815598
20
916.454477
70
0
0
VERTEX
8
Layer 1
10
122.395844
20
894.952239
70
0
0
VERTEX
8
Layer 1
10
115.432250
20
873.308101
70
0
0
VERTEX
8
Layer 1
10
108.926611
20
851.529458
70
0
0
VERTEX
8
Layer 1
10
102.880718
20
829.623708
70
0
0
VERTEX
8
Layer 1
10
97.296365
20
807.598247
70
0
0
VERTEX
8
Layer 1
10
92.175344
20
785.460471
70
0
0
VERTEX
8
Layer 1
10
87.519449
20
763.217779
70
0
0
VERTEX
8
Layer 1
10
83.330473
20
740.877566
70
0
0
VERTEX
8
Layer 1
10
79.610209
20
718.447230
70
0
0
VERTEX
8
Layer 1
10
76.360449
20
695.934166
70
0
0
VERTEX
8
Layer 1
10
73.582987
20
673.345773
70
0
0
VERTEX
8
Layer 1
10
71.279616
20
650.689446
70
0
0
VERTEX
8
Layer 1
10
69.452129
20
627.972583
70
0
0
VERTEX
8
Layer 1
10
68.102319
20
605.202581
70
0
0
VERTEX
8
Layer 1
10
67.231978
20
582.386835
70
0
0
VERTEX
8
Layer 1
10
66.842901
20
559.532744
70
0
0
VERTEX
8
Layer 1
10
66.936879
20
536.647703
70
0
0
VERTEX
8
Layer 1
10
67.515706
20
513.739109
70
0
0
VERTEX
8
Layer 1
10
68.581176
20
490.814360
70
0
0
VERTEX
8
Layer 1
10
70.135080
20
467.880852
70
0
0
VERTEX
8
Layer 1
10
72.179212
20
444.945983
70
0
0
SEQEND
8
Layer 1
0
POLYLINE
8
Layer 1
62
7
70
0
10
0.000000
20
0.000000
66
1
0
VERTEX
8
Layer 1
10
72.179212
20
444.945983
70
0
0
VERTEX
8
Layer 1
10
75.332148
20
425.872724
70
0
0
VERTEX
8
Layer 1
10
78.817740
20
406.861963
70
0
0
VERTEX
8
Layer 1
10
82.634995
20
387.918030
70
0
0
VERTEX
8
Layer 1
10
86.782923
20
369.045256
70
0
0
VERTEX
8
Layer 1
10
91.260530
20
350.247970
70
0
0
VERTEX
8
Layer 1
10
96.066827
20
331.530504
70
0
0
VERTEX
8
Layer 1
10
101.200821
20
312.897187
70
0
0
VERTEX
8
Layer 1
10
106.661520
20
294.352350
70
0
0
SEQEND
8
Layer 1
0
POLYLINE
8
Layer 1
62
7
70
0
10
0.000000
20
0.000000
66
1
0
VERTEX
8
Layer 1
10
92.601077
20
290.208160
70
0
0
VERTEX
8
Layer 1
10
106.661547
20
294.352110
70
0
0
SEQEND
8
Layer 1
0
POLYLINE
8
Layer 1
62
7
70
0
10
0.000000
20
0.000000
66
1
0
VERTEX
8
Layer 1
10
64.190737
20
403.355890
70
0
0
VERTEX
8
Layer 1
10
67.110044
20
389.060094
70
0
0
VERTEX
8
Layer 1
10
70.210772
20
374.804364
70
0
0
VERTEX
8
Layer 1
10
73.492491
20
360.590420
70
0
0
VERTEX
8
Layer 1
10
76.954768
20
346.419983
70
0
0
VERTEX
8
Layer 1
10
80.597170
20
332.294773
70
0
0
VERTEX
8
Layer 1
10
84.419266
20
318.216511
70
0
0
VERTEX
8
Layer 1
10
88.420624
20
304.186918
70
0
0
VERTEX
8
Layer 1
10
92.600812
20
290.207713
70
0
0
SEQEND
8
Layer 1
0
POLYLINE
8
Layer 1
62
7
70
0
10
0.000000
20
0.000000
66
1
0
VERTEX
8
Layer 1
10
53.902797
20
482.616712
70
0
0
VERTEX
8
Layer 1
10
54.615556
20
472.641908
70
0
0
VERTEX
8
Layer 1
10
55.492622
20
462.682256
70
0
0
VERTEX
8
Layer 1
10
56.533731
20
452.739781
70
0
0
VERTEX
8
Layer 1
10
57.738622
20
442.816506
70
0
0
VERTEX
8
Layer 1
10
59.107030
20
432.914455
70
0
0
VERTEX
8
Layer 1
10
60.638694
20
423.035653
70
0
0
VERTEX
8
Layer 1
10
62.333350
20
413.182123
70
0
0
VERTEX
8
Layer 1
10
64.190737
20
403.355890
70
0
0
SEQEND
8
Layer 1
0
POLYLINE
8
Layer 1
62
7
70
0
10
0.000000
20
0.000000
66
1
0
VERTEX
8
Layer 1
10
228.059133
20
1149.050886
70
0
0
VERTEX
8
Layer 1
10
216.259709
20
1130.407944
70
0
0
VERTEX
8
Layer 1
10
204.853945
20
1111.561122
70
0
0
VERTEX
8
Layer 1
10
193.843487
20
1092.516723
70
0
0
VERTEX
8
Layer 1
10
183.229983
20
1073.281051
70
0
0
VERTEX
8
Layer 1
10
173.015079
20
1053.860408
70
0
0
VERTEX
8
Layer 1
10
163.200424
20
1034.261099
70
0
0
VERTEX
8
Layer 1
10
153.787665
20
1014.489426
70
0
0
VERTEX
8
Layer 1
10
144.778447
20
994.551693
70
0
0
VERTEX
8
Layer 1
10
136.174420
20
974.454203
70
0
0
VERTEX
8
Layer 1
10
127.977230
20
954.203259
70
0
0
VERTEX
8
Layer 1
10
120.188524
20
933.805166
70
0
0
VERTEX
8
Layer 1
10
112.809950
20
913.266226
70
0
0
VERTEX
8
Layer 1
10
105.843154
20
892.592742
70
0
0
VERTEX
8
Layer 1
10
99.289784
20
871.791018
70
0
0
VERTEX
8
Layer 1
10
93.151488
20
850.867357
70
0
0
VERTEX
8
Layer 1
10
87.429911
20
829.828062
70
0
0
VERTEX
8
Layer 1
10
82.126703
20
808.679438
70
0
0
VERTEX
8
Layer 1
10
77.243509
20
787.427786
70
0
0
VERTEX
8
Layer 1
10
72.781977
20
766.079411
70
0
0
VERTEX
8
Layer 1
10
68.743755
20
744.640616
70
0
0
VERTEX
8
Layer 1
10
65.130489
20
723.117704
70
0
0
VERTEX
8
Layer 1
10
61.943826
20
701.516979
70
0
0
VERTEX
8
Layer 1
10
59.185415
20
679.844743
70
0
0
VERTEX
8
Layer 1
10
56.856902
20
658.107300
70
0
0
VERTEX
8
Layer 1
10
54.959934
20
636.310954
70
0
0
VERTEX
8
Layer 1
10
53.496159
20
614.462008
70
0
0
VERTEX
8
Layer 1
10
52.467224
20
592.566765
70
0
0
VERTEX
8
Layer 1
10
51.874775
20
570.631528
70
0
0
VERTEX
8
Layer 1
10
51.720461
20
548.662601
70
0
0
VERTEX
8
Layer 1
10
52.005929
20
526.666287
70
0
0
VERTEX
8
Layer 1
10
52.732825
20
504.648890
70
0
0
VERTEX
8
Layer 1
10
53.902797
20
482.616712
70
0
0
SEQEND
8
Layer 1
0
POLYLINE
8
Layer 1
62
7
70
0
10
0.000000
20
0.000000
66
1
0
VERTEX
8
Layer 1
10
303.964159
20
280.537083
70
0
0
VERTEX
8
Layer 1
10
303.453663
20
281.612450
70
0
0
VERTEX
8
Layer 1
10
302.600246
20
282.382166
70
0
0
VERTEX
8
Layer 1
10
301.520581
20
282.776004
70
0
0
VERTEX
8
Layer 1
10
300.331343
20
282.723737
70
0
0
VERTEX
8
Layer 1
10
299.255377
20
282.214504
70
0
0
VERTEX
8
Layer 1
10
298.484659
20
281.361992
70
0
0
VERTEX
8
Layer 1
10
298.089552
20
280.282791
70
0
0
VERTEX
8
Layer 1
10
298.140423
20
279.093492
70
0
0
VERTEX
8
Layer 1
10
298.650919
20
278.018125
70
0
0
VERTEX
8
Layer 1
10
299.504336
20
277.248408
70
0
0
VERTEX
8
Layer 1
10
300.584001
20
276.854570
70
0
0
VERTEX
8
Layer 1
10
301.773239
20
276.906837
70
0
0
VERTEX
8
Layer 1
10
302.849205
20
277.416070
70
0
0
VERTEX
8
Layer 1
10
303.619923
20
278.268583
70
0
0
VERTEX
8
Layer 1
10
304.015029
20
279.347784
70
0
0
VERTEX
8
Layer 1
10
303.964159
20
280.537083
70
0
0
VERTEX
8
Layer 1
10
303.964159
20
280.537083
70
0
0
SEQEND
8
Layer 1
0
POLYLINE
8
Layer 1
62
7
70
0
10
0.000000
20
0.000000
66
1
0
VERTEX
8
Layer 1
10
276.830590
20
351.437223
70
0
0
VERTEX
8
Layer 1
10
276.541464
20
352.171999
70
0
0
VERTEX
8
Layer 1
10
276.079573
20
352.796461
70
0
0
VERTEX
8
Layer 1
10
275.472931
20
353.281520
70
0
0
VERTEX
8
Layer 1
10
274.749554
20
353.598087
70
0
0
VERTEX
8
Layer 1
10
273.968656
20
353.715084
70
0
0
VERTEX
8
Layer 1
10
273.196911
20
353.627306
70
0
0
VERTEX
8
Layer 1
10
272.473516
20
353.344468
70
0
0
VERTEX
8
Layer 1
10
271.837673
20
352.876289
70
0
0
VERTEX
8
Layer 1
10
271.345901
20
352.258510
70
0
0
VERTEX
8
Layer 1
10
271.036046
20
351.546269
70
0
0
VERTEX
8
Layer 1
10
270.919294
20
350.778373
70
0
0
VERTEX
8
Layer 1
10
271.006828
20
349.993626
70
0
0
VERTEX
8
Layer 1
10
271.295954
20
349.258850
70
0
0
VERTEX
8
Layer 1
10
271.757845
20
348.634388
70
0
0
VERTEX
8
Layer 1
10
272.364486
20
348.149329
70
0
0
VERTEX
8
Layer 1
10
273.087864
20
347.832762
70
0
0
VERTEX
8
Layer 1
10
273.868762
20
347.715765
70
0
0
VERTEX
8
Layer 1
10
274.640507
20
347.803543
70
0
0
VERTEX
8
Layer 1
10
275.363902
20
348.086380
70
0
0
VERTEX
8
Layer 1
10
275.999745
20
348.554560
70
0
0
VERTEX
8
Layer 1
10
276.491517
20
349.172339
70
0
0
VERTEX
8
Layer 1
10
276.801371
20
349.884579
70
0
0
VERTEX
8
Layer 1
10
276.918124
20
350.652476
70
0
0
VERTEX
8
Layer 1
10
276.830590
20
351.437223
70
0
0
VERTEX
8
Layer 1
10
276.830590
20
351.437223
70
0
0
SEQEND
8
Layer 1
0
POLYLINE
8
Layer 1
62
7
70
0
10
0.000000
20
0.000000
66
1
0
VERTEX
8
Layer 1
10
264.023530
20
349.278720
70
0
0
VERTEX
8
Layer 1
10
282.368260
20
272.061405
70
0
0
SEQEND
8
Layer 1
0
POLYLINE
8
Layer 1
62
7
70
0
10
0.000000
20
0.000000
66
1
0
VERTEX
8
Layer 1
10
282.368260
20
272.061405
70
0
0
VERTEX
8
Layer 1
10
317.876171
20
240.004552
70
0
0
SEQEND
8
Layer 1
0
POLYLINE
8
Layer 1
62
7
70
0
10
0.000000
20
0.000000
66
1
0
VERTEX
8
Layer 1
10
325.571250
20
206.460217
70
0
0
VERTEX
8
Layer 1
10
326.368866
20
208.670046
70
0
0
VERTEX
8
Layer 1
10
326.985541
20
210.910347
70
0
0
VERTEX
8
Layer 1
10
327.423516
20
213.171350
70
0
0
VERTEX
8
Layer 1
10
327.685033
20
215.443286
70
0
0
VERTEX
8
Layer 1
10
327.772333
20
217.716386
70
0
0
VERTEX
8
Layer 1
10
327.687658
20
219.980880
70
0
0
VERTEX
8
Layer 1
10
327.433249
20
222.226998
70
0
0
VERTEX
8
Layer 1
10
327.011348
20
224.444972
70
0
0
VERTEX
8
Layer 1
10
326.424195
20
226.625032
70
0
0
VERTEX
8
Layer 1
10
325.674033
20
228.757409
70
0
0
VERTEX
8
Layer 1
10
324.763103
20
230.832332
70
0
0
VERTEX
8
Layer 1
10
323.693646
20
232.840034
70
0
0
VERTEX
8
Layer 1
10
322.467903
20
234.770743
70
0
0
VERTEX
8
Layer 1
10
321.088117
20
236.614692
70
0
0
VERTEX
8
Layer 1
10
319.556528
20
238.362111
70
0
0
VERTEX
8
Layer 1
10
317.875378
20
240.003229
70
0
0
SEQEND
8
Layer 1
0
POLYLINE
8
Layer 1
62
7
70
0
10
0.000000
20
0.000000
66
1
0
VERTEX
8
Layer 1
10
313.931054
20
103.268402
70
0
0
VERTEX
8
Layer 1
10
372.506079
20
247.680131
70
0
0
SEQEND
8
Layer 1
0
POLYLINE
8
Layer 1
62
7
70
0
10
0.000000
20
0.000000
66
1
0
VERTEX
8
Layer 1
10
283.814894
20
352.152406
70
0
0
VERTEX
8
Layer 1
10
284.560770
20
347.589289
70
0
0
VERTEX
8
Layer 1
10
285.464164
20
343.078340
70
0
0
VERTEX
8
Layer 1
10
286.522391
20
338.622718
70
0
0
VERTEX
8
Layer 1
10
287.732771
20
334.225582
70
0
0
VERTEX
8
Layer 1
10
289.092620
20
329.890094
70
0
0
VERTEX
8
Layer 1
10
290.599255
20
325.619413
70
0
0
VERTEX
8
Layer 1
10
292.249995
20
321.416697
70
0
0
VERTEX
8
Layer 1
10
294.042158
20
317.285108
70
0
0
VERTEX
8
Layer 1
10
295.973059
20
313.227805
70
0
0
VERTEX
8
Layer 1
10
298.040018
20
309.247948
70
0
0
VERTEX
8
Layer 1
10
300.240351
20
305.348696
70
0
0
VERTEX
8
Layer 1
10
302.571376
20
301.533210
70
0
0
VERTEX
8
Layer 1
10
305.030410
20
297.804648
70
0
0
VERTEX
8
Layer 1
10
307.614772
20
294.166172
70
0
0
VERTEX
8
Layer 1
10
310.321778
20
290.620940
70
0
0
VERTEX
8
Layer 1
10
313.148746
20
287.172112
70
0
0
VERTEX
8
Layer 1
10
316.092994
20
283.822848
70
0
0
VERTEX
8
Layer 1
10
319.151840
20
280.576309
70
0
0
VERTEX
8
Layer 1
10
322.322599
20
277.435653
70
0
0
VERTEX
8
Layer 1
10
325.602591
20
274.404040
70
0
0
VERTEX
8
Layer 1
10
328.989133
20
271.484631
70
0
0
VERTEX
8
Layer 1
10
332.479542
20
268.680585
70
0
0
VERTEX
8
Layer 1
10
336.071136
20
265.995061
70
0
0
VERTEX
8
Layer 1
10
339.761232
20
263.431220
70
0
0
VERTEX
8
Layer 1
10
343.547147
20
260.992222
70
0
0
VERTEX
8
Layer 1
10
347.426201
20
258.681225
70
0
0
VERTEX
8
Layer 1
10
351.395709
20
256.501391
70
0
0
VERTEX
8
Layer 1
10
355.452989
20
254.455878
70
0
0
VERTEX
8
Layer 1
10
359.595359
20
252.547846
70
0
0
VERTEX
8
Layer 1
10
363.820137
20
250.780455
70
0
0
VERTEX
8
Layer 1
10
368.124639
20
249.156866
70
0
0
VERTEX
8
Layer 1
10
372.506184
20
247.680237
70
0
0
SEQEND
8
Layer 1
0
POLYLINE
8
Layer 1
62
7
70
0
10
0.000000
20
0.000000
66
1
0
VERTEX
8
Layer 1
10
347.056051
20
1023.146420
70
0
0
VERTEX
8
Layer 1
10
346.546128
20
1024.222874
70
0
0
VERTEX
8
Layer 1
10
345.692667
20
1024.993537
70
0
0
VERTEX
8
Layer 1
10
344.612519
20
1025.387998
70
0
0
VERTEX
8
Layer 1
10
343.422538
20
1025.335845
70
0
0
VERTEX
8
Layer 1
10
342.345968
20
1024.826166
70
0
0
VERTEX
8
Layer 1
10
341.575111
20
1023.972880
70
0
0
VERTEX
8
Layer 1
10
341.180406
20
1022.892821
70
0
0
VERTEX
8
Layer 1
10
341.232289
20
1021.702828
70
0
0
VERTEX
8
Layer 1
10
341.742212
20
1020.626374
70
0
0
VERTEX
8
Layer 1
10
342.595673
20
1019.855711
70
0
0
VERTEX
8
Layer 1
10
343.675821
20
1019.461250
70
0
0
VERTEX
8
Layer 1
10
344.865802
20
1019.513403
70
0
0
VERTEX
8
Layer 1
10
345.942372
20
1020.023082
70
0
0
VERTEX
8
Layer 1
10
346.713229
20
1020.876368
70
0
0
VERTEX
8
Layer 1
10
347.107934
20
1021.956427
70
0
0
VERTEX
8
Layer 1
10
347.056051
20
1023.146420
70
0
0
VERTEX
8
Layer 1
10
347.056051
20
1023.146420
70
0
0
SEQEND
8
Layer 1
0
POLYLINE
8
Layer 1
62
7
70
0
10
0.000000
20
0.000000
66
1
0
VERTEX
8
Layer 1
10
269.926085
20
828.223282
70
0
0
VERTEX
8
Layer 1
10
269.416164
20
829.299749
70
0
0
VERTEX
8
Layer 1
10
268.562698
20
830.070421
70
0
0
VERTEX
8
Layer 1
10
267.482542
20
830.464885
70
0
0
VERTEX
8
Layer 1
10
266.292550
20
830.412729
70
0
0
VERTEX
8
Layer 1
10
265.215973
20
829.903039
70
0
0
VERTEX
8
Layer 1
10
264.445118
20
829.049739
70
0
0
VERTEX
8
Layer 1
10
264.050422
20
827.969667
70
0
0
VERTEX
8
Layer 1
10
264.102322
20
826.779664
70
0
0
VERTEX
8
Layer 1
10
264.612243
20
825.703197
70
0
0
VERTEX
8
Layer 1
10
265.465710
20
824.932525
70
0
0
VERTEX
8
Layer 1
10
266.545866
20
824.538060
70
0
0
VERTEX
8
Layer 1
10
267.735858
20
824.590217
70
0
0
VERTEX
8
Layer 1
10
268.812434
20
825.099906
70
0
0
VERTEX
8
Layer 1
10
269.583290
20
825.953207
70
0
0
VERTEX
8
Layer 1
10
269.977986
20
827.033279
70
0
0
VERTEX
8
Layer 1
10
269.926085
20
828.223282
70
0
0
VERTEX
8
Layer 1
10
269.926085
20
828.223282
70
0
0
SEQEND
8
Layer 1
0
POLYLINE
8
Layer 1
62
7
70
0
10
0.000000
20
0.000000
66
1
0
VERTEX
8
Layer 1
10
303.869597
20
109.252766
70
0
0
VERTEX
8
Layer 1
10
303.359101
20
110.328133
70
0
0
VERTEX
8
Layer 1
10
302.505684
20
111.097850
70
0
0
VERTEX
8
Layer 1
10
301.426019
20
111.491688
70
0
0
VERTEX
8
Layer 1
10
300.236781
20
111.439421
70
0
0
VERTEX
8
Layer 1
10
299.160815
20
110.930188
70
0
0
VERTEX
8
Layer 1
10
298.390097
20
110.077675
70
0
0
VERTEX
8
Layer 1
10
297.994990
20
108.998474
70
0
0
VERTEX
8
Layer 1
10
298.045861
20
107.809175
70
0
0
VERTEX
8
Layer 1
10
298.556357
20
106.733808
70
0
0
VERTEX
8
Layer 1
10
299.409774
20
105.964092
70
0
0
VERTEX
8
Layer 1
10
300.489439
20
105.570254
70
0
0
VERTEX
8
Layer 1
10
301.678677
20
105.622521
70
0
0
VERTEX
8
Layer 1
10
302.754643
20
106.131754
70
0
0
VERTEX
8
Layer 1
10
303.525361
20
106.984266
70
0
0
VERTEX
8
Layer 1
10
303.920467
20
108.063467
70
0
0
VERTEX
8
Layer 1
10
303.869597
20
109.252766
70
0
0
VERTEX
8
Layer 1
10
303.869597
20
109.252766
70
0
0
SEQEND
8
Layer 1
0
POLYLINE
8
Layer 1
62
7
70
0
10
0.000000
20
0.000000
66
1
0
VERTEX
8
Layer 1
10
358.149779
20
1061.225549
70
0
0
VERTEX
8
Layer 1
10
352.183453
20
1051.162909
70
0
0
VERTEX
8
Layer 1
10
346.355990
20
1041.037417
70
0
0
VERTEX
8
Layer 1
10
340.667576
20
1030.850485
70
0
0
VERTEX
8
Layer 1
10
335.118398
20
1020.603522
70
0
0
VERTEX
8
Layer 1
10
329.708643
20
1010.297940
70
0
0
VERTEX
8
Layer 1
10
324.438496
20
999.935149
70
0
0
VERTEX
8
Layer 1
10
314.317775
20
979.043582
70
0
0
VERTEX
8
Layer 1
10
304.757728
20
957.940106
70
0
0
VERTEX
8
Layer 1
10
295.759845
20
936.636006
70
0
0
VERTEX
8
Layer 1
10
287.325620
20
915.142565
70
0
0
VERTEX
8
Layer 1
10
279.456544
20
893.471069
70
0
0
VERTEX
8
Layer 1
10
272.154109
20
871.632802
70
0
0
VERTEX
8
Layer 1
10
265.419807
20
849.639049
70
0
0
VERTEX
8
Layer 1
10
259.255129
20
827.501095
70
0
0
VERTEX
8
Layer 1
10
253.661569
20
805.230223
70
0
0
VERTEX
8
Layer 1
10
248.640617
20
782.837719
70
0
0
VERTEX
8
Layer 1
10
244.193766
20
760.334866
70
0
0
VERTEX
8
Layer 1
10
240.322508
20
737.732951
70
0
0
VERTEX
8
Layer 1
10
237.028335
20
715.043256
70
0
0
VERTEX
8
Layer 1
10
234.312738
20
692.277068
70
0
0
VERTEX
8
Layer 1
10
232.177209
20
669.445669
70
0
0
VERTEX
8
Layer 1
10
230.623242
20
646.560346
70
0
0
VERTEX
8
Layer 1
10
229.652326
20
623.632382
70
0
0
VERTEX
8
Layer 1
10
229.265955
20
600.673062
70
0
0
VERTEX
8
Layer 1
10
229.465620
20
577.693671
70
0
0
VERTEX
8
Layer 1
10
230.252814
20
554.705493
70
0
0
VERTEX
8
Layer 1
10
231.629027
20
531.719813
70
0
0
VERTEX
8
Layer 1
10
233.595753
20
508.747915
70
0
0
VERTEX
8
Layer 1
10
236.154483
20
485.801085
70
0
0
VERTEX
8
Layer 1
10
239.306709
20
462.890605
70
0
0
VERTEX
8
Layer 1
10
243.053923
20
440.027762
70
0
0
VERTEX
8
Layer 1
10
247.397617
20
417.223840
70
0
0
VERTEX
8
Layer 1
10
249.793610
20
405.847500
70
0
0
VERTEX
8
Layer 1
10
252.339283
20
394.490123
70
0
0
VERTEX
8
Layer 1
10
255.034821
20
383.153117
70
0
0
VERTEX
8
Layer 1
10
257.880412
20
371.837895
70
0
0
VERTEX
8
Layer 1
10
260.876242
20
360.545867
70
0
0
VERTEX
8
Layer 1
10
264.022498
20
349.278442
70
0
0
SEQEND
8
Layer 1
0
POLYLINE
8
Layer 1
62
7
70
0
10
0.000000
20
0.000000
66
1
0
VERTEX
8
Layer 1
10
325.572626
20
206.459238
70
0
0
VERTEX
8
Layer 1
10
287.984642
20
113.791926
70
0
0
SEQEND
8
Layer 1
0
POLYLINE
8
Layer 1
62
7
70
0
10
0.000000
20
0.000000
66
1
0
VERTEX
8
Layer 1
10
287.984589
20
113.791899
70
0
0
VERTEX
8
Layer 1
10
287.187831
20
111.070461
70
0
0
VERTEX
8
Layer 1
10
286.956145
20
108.328692
70
0
0
VERTEX
8
Layer 1
10
287.258524
20
105.639913
70
0
0
VERTEX
8
Layer 1
10
288.063959
20
103.077443
70
0
0
VERTEX
8
Layer 1
10
289.341445
20
100.714605
70
0
0
VERTEX
8
Layer 1
10
291.059973
20
98.624718
70
0
0
VERTEX
8
Layer 1
10
293.188537
20
96.881102
70
0
0
VERTEX
8
Layer 1
10
295.696128
20
95.557079
70
0
0
VERTEX
8
Layer 1
10
298.417520
20
94.760162
70
0
0
VERTEX
8
Layer 1
10
301.159276
20
94.528317
70
0
0
VERTEX
8
Layer 1
10
303.848073
20
94.830538
70
0
0
VERTEX
8
Layer 1
10
306.410589
20
95.635825
70
0
0
VERTEX
8
Layer 1
10
308.773502
20
96.913173
70
0
0
VERTEX
8
Layer 1
10
310.863489
20
98.631579
70
0
0
VERTEX
8
Layer 1
10
312.607228
20
100.760041
70
0
0
VERTEX
8
Layer 1
10
313.931398
20
103.267555
70
0
0
SEQEND
8
Layer 1
0
POLYLINE
8
Layer 1
62
7
70
0
10
0.000000
20
0.000000
66
1
0
VERTEX
8
Layer 1
10
370.734299
20
1053.617253
70
0
0
VERTEX
8
Layer 1
10
364.831300
20
1043.703111
70
0
0
VERTEX
8
Layer 1
10
359.068841
20
1033.725546
70
0
0
VERTEX
8
Layer 1
10
353.447102
20
1023.686021
70
0
0
VERTEX
8
Layer 1
10
347.966264
20
1013.585997
70
0
0
VERTEX
8
Layer 1
10
342.626508
20
1003.426936
70
0
0
VERTEX
8
Layer 1
10
337.428015
20
993.210299
70
0
0
VERTEX
8
Layer 1
10
332.370967
20
982.937548
70
0
0
VERTEX
8
Layer 1
10
327.455544
20
972.610145
70
0
0
VERTEX
8
Layer 1
10
322.681929
20
962.229551
70
0
0
VERTEX
8
Layer 1
10
318.050300
20
951.797228
70
0
0
VERTEX
8
Layer 1
10
313.560841
20
941.314639
70
0
0
VERTEX
8
Layer 1
10
309.213732
20
930.783244
70
0
0
VERTEX
8
Layer 1
10
300.947288
20
909.579884
70
0
0
VERTEX
8
Layer 1
10
293.252418
20
888.198842
70
0
0
VERTEX
8
Layer 1
10
286.130570
20
866.651812
70
0
0
VERTEX
8
Layer 1
10
279.583194
20
844.950488
70
0
0
VERTEX
8
Layer 1
10
273.611739
20
823.106562
70
0
0
VERTEX
8
Layer 1
10
268.217652
20
801.131728
70
0
0
VERTEX
8
Layer 1
10
263.402385
20
779.037681
70
0
0
VERTEX
8
Layer 1
10
259.167384
20
756.836112
70
0
0
VERTEX
8
Layer 1
10
255.514100
20
734.538716
70
0
0
VERTEX
8
Layer 1
10
252.443981
20
712.157187
70
0
0
VERTEX
8
Layer 1
10
249.958476
20
689.703217
70
0
0
VERTEX
8
Layer 1
10
248.059034
20
667.188501
70
0
0
VERTEX
8
Layer 1
10
246.747104
20
644.624731
70
0
0
VERTEX
8
Layer 1
10
246.024136
20
622.023601
70
0
0
VERTEX
8
Layer 1
10
245.891577
20
599.396805
70
0
0
VERTEX
8
Layer 1
10
246.350877
20
576.756036
70
0
0
VERTEX
8
Layer 1
10
247.403486
20
554.112988
70
0
0
VERTEX
8
Layer 1
10
249.050851
20
531.479353
70
0
0
VERTEX
8
Layer 1
10
251.294422
20
508.866827
70
0
0
VERTEX
8
Layer 1
10
254.135647
20
486.287101
70
0
0
VERTEX
8
Layer 1
10
255.780834
20
475.013193
70
0
0
VERTEX
8
Layer 1
10
257.575977
20
463.751870
70
0
0
VERTEX
8
Layer 1
10
259.521258
20
452.504595
70
0
0
VERTEX
8
Layer 1
10
261.616859
20
441.272827
70
0
0
VERTEX
8
Layer 1
10
263.862960
20
430.058031
70
0
0
VERTEX
8
Layer 1
10
266.259743
20
418.861666
70
0
0
VERTEX
8
Layer 1
10
268.807388
20
407.685195
70
0
0
VERTEX
8
Layer 1
10
271.506077
20
396.530080
70
0
0
VERTEX
8
Layer 1
10
274.355991
20
385.397782
70
0
0
VERTEX
8
Layer 1
10
277.357311
20
374.289762
70
0
0
VERTEX
8
Layer 1
10
280.510218
20
363.207483
70
0
0
VERTEX
8
Layer 1
10
283.814894
20
352.152406
70
0
0
SEQEND
8
Layer 1
0
POLYLINE
8
Layer 1
62
7
70
0
10
0.000000
20
0.000000
66
1
0
VERTEX
8
Layer 1
10
358.148985
20
1061.224835
70
0
0
VERTEX
8
Layer 1
10
370.733769
20
1053.617941
70
0
0
SEQEND
8
Layer 1
0
POLYLINE
8
Layer 1
62
7
70
0
10
0.000000
20
0.000000
66
1
0
VERTEX
8
Layer 1
10
229.610727
20
36.182059
70
0
0
VERTEX
8
Layer 1
10
229.026625
20
37.220333
70
0
0
VERTEX
8
Layer 1
10
228.121151
20
37.929413
70
0
0
VERTEX
8
Layer 1
10
227.015858
20
38.247224
70
0
0
VERTEX
8
Layer 1
10
225.832296
20
38.111689
70
0
0
VERTEX
8
Layer 1
10
224.794023
20
37.527587
70
0
0
VERTEX
8
Layer 1
10
224.084943
20
36.622114
70
0
0
VERTEX
8
Layer 1
10
223.767132
20
35.516820
70
0
0
VERTEX
8
Layer 1
10
223.902666
20
34.333259
70
0
0
VERTEX
8
Layer 1
10
224.242652
20
33.620591
70
0
0
VERTEX
8
Layer 1
10
224.747234
20
33.030090
70
0
0
VERTEX
8
Layer 1
10
225.386424
20
32.588808
70
0
0
VERTEX
8
Layer 1
10
226.130235
20
32.323796
70
0
0
VERTEX
8
Layer 1
10
226.917417
20
32.261898
70
0
0
VERTEX
8
Layer 1
10
227.681097
20
32.403629
70
0
0
VERTEX
8
Layer 1
10
228.382853
20
32.736543
70
0
0
VERTEX
8
Layer 1
10
228.984266
20
33.248196
70
0
0
VERTEX
8
Layer 1
10
229.431462
20
33.898967
70
0
0
VERTEX
8
Layer 1
10
229.690559
20
34.631198
70
0
0
VERTEX
8
Layer 1
10
229.753126
20
35.405394
70
0
0
VERTEX
8
Layer 1
10
229.610727
20
36.182059
70
0
0
VERTEX
8
Layer 1
10
229.610727
20
36.182059
70
0
0
SEQEND
8
Layer 1
0
POLYLINE
8
Layer 1
62
7
70
0
10
0.000000
20
0.000000
66
1
0
VERTEX
8
Layer 1
10
143.507772
20
194.798642
70
0
0
VERTEX
8
Layer 1
10
143.167786
20
195.511310
70
0
0
VERTEX
8
Layer 1
10
142.663205
20
196.101811
70
0
0
VERTEX
8
Layer 1
10
142.024014
20
196.543092
70
0
0
VERTEX
8
Layer 1
10
141.280203
20
196.808104
70
0
0
VERTEX
8
Layer 1
10
140.493021
20
196.870002
70
0
0
VERTEX
8
Layer 1
10
139.729342
20
196.728272
70
0
0
VERTEX
8
Layer 1
10
139.027585
20
196.395358
70
0
0
VERTEX
8
Layer 1
10
138.426173
20
195.883704
70
0
0
VERTEX
8
Layer 1
10
137.978977
20
195.232934
70
0
0
VERTEX
8
Layer 1
10
137.719879
20
194.500703
70
0
0
VERTEX
8
Layer 1
10
137.657313
20
193.726507
70
0
0
VERTEX
8
Layer 1
10
137.799712
20
192.949841
70
0
0
VERTEX
8
Layer 1
10
138.383814
20
191.911568
70
0
0
VERTEX
8
Layer 1
10
139.289287
20
191.202488
70
0
0
VERTEX
8
Layer 1
10
140.394581
20
190.884677
70
0
0
VERTEX
8
Layer 1
10
141.578142
20
191.020211
70
0
0
VERTEX
8
Layer 1
10
142.616415
20
191.604313
70
0
0
VERTEX
8
Layer 1
10
143.325496
20
192.509787
70
0
0
VERTEX
8
Layer 1
10
143.643307
20
193.615080
70
0
0
VERTEX
8
Layer 1
10
143.507772
20
194.798642
70
0
0
VERTEX
8
Layer 1
10
143.507772
20
194.798642
70
0
0
SEQEND
8
Layer 1
0
POLYLINE
8
Layer 1
62
7
70
0
10
0.000000
20
0.000000
66
1
0
VERTEX
8
Layer 1
10
138.031910
20
274.965251
70
0
0
VERTEX
8
Layer 1
10
137.446442
20
276.000433
70
0
0
VERTEX
8
Layer 1
10
136.541270
20
276.706927
70
0
0
VERTEX
8
Layer 1
10
135.437417
20
277.023127
70
0
0
VERTEX
8
Layer 1
10
134.255910
20
276.887424
70
0
0
VERTEX
8
Layer 1
10
133.219202
20
276.304663
70
0
0
VERTEX
8
Layer 1
10
132.510344
20
275.401341
70
0
0
VERTEX
8
Layer 1
10
132.191260
20
274.298319
70
0
0
VERTEX
8
Layer 1
10
132.323875
20
273.116461
70
0
0
VERTEX
8
Layer 1
10
132.909343
20
272.081279
70
0
0
VERTEX
8
Layer 1
10
133.814515
20
271.374784
70
0
0
VERTEX
8
Layer 1
10
134.918368
20
271.058585
70
0
0
VERTEX
8
Layer 1
10
136.099874
20
271.194288
70
0
0
VERTEX
8
Layer 1
10
137.136583
20
271.777048
70
0
0
VERTEX
8
Layer 1
10
137.845441
20
272.680371
70
0
0
VERTEX
8
Layer 1
10
138.164524
20
273.783393
70
0
0
VERTEX
8
Layer 1
10
138.031910
20
274.965251
70
0
0
VERTEX
8
Layer 1
10
138.031910
20
274.965251
70
0
0
SEQEND
8
Layer 1
0
POLYLINE
8
Layer 1
62
7
70
0
10
0.000000
20
0.000000
66
1
0
VERTEX
8
Layer 1
10
125.815821
20
797.021485
70
0
0
VERTEX
8
Layer 1
10
125.230504
20
798.057010
70
0
0
VERTEX
8
Layer 1
10
124.325297
20
798.763792
70
0
0
VERTEX
8
Layer 1
10
123.221284
20
799.080169
70
0
0
VERTEX
8
Layer 1
10
122.039548
20
798.944483
70
0
0
VERTEX
8
Layer 1
10
121.002666
20
798.361572
70
0
0
VERTEX
8
Layer 1
10
120.293785
20
797.458008
70
0
0
VERTEX
8
Layer 1
10
119.974845
20
796.354732
70
0
0
VERTEX
8
Layer 1
10
120.107787
20
795.172685
70
0
0
VERTEX
8
Layer 1
10
120.693104
20
794.137159
70
0
0
VERTEX
8
Layer 1
10
121.598312
20
793.430377
70
0
0
VERTEX
8
Layer 1
10
122.702325
20
793.114000
70
0
0
VERTEX
8
Layer 1
10
123.884061
20
793.249686
70
0
0
VERTEX
8
Layer 1
10
124.920942
20
793.832598
70
0
0
VERTEX
8
Layer 1
10
125.629824
20
794.736162
70
0
0
VERTEX
8
Layer 1
10
125.948764
20
795.839437
70
0
0
VERTEX
8
Layer 1
10
125.815821
20
797.021485
70
0
0
VERTEX
8
Layer 1
10
125.815821
20
797.021485
70
0
0
SEQEND
8
Layer 1
0
POLYLINE
8
Layer 1
62
7
70
0
10
0.000000
20
0.000000
66
1
0
VERTEX
8
Layer 1
10
200.041090
20
1022.858606
70
0
0
VERTEX
8
Layer 1
10
199.456129
20
1023.894933
70
0
0
VERTEX
8
Layer 1
10
198.550846
20
1024.602387
70
0
0
VERTEX
8
Layer 1
10
197.446462
20
1024.919186
70
0
0
VERTEX
8
Layer 1
10
196.264195
20
1024.783549
70
0
0
VERTEX
8
Layer 1
10
195.226905
20
1024.200297
70
0
0
VERTEX
8
Layer 1
10
194.517960
20
1023.296182
70
0
0
VERTEX
8
Layer 1
10
194.199341
20
1022.192322
70
0
0
VERTEX
8
Layer 1
10
194.333029
20
1021.009833
70
0
0
VERTEX
8
Layer 1
10
194.917990
20
1019.973506
70
0
0
VERTEX
8
Layer 1
10
195.823272
20
1019.266052
70
0
0
VERTEX
8
Layer 1
10
196.927657
20
1018.949253
70
0
0
VERTEX
8
Layer 1
10
198.109924
20
1019.084889
70
0
0
VERTEX
8
Layer 1
10
199.147213
20
1019.668141
70
0
0
VERTEX
8
Layer 1
10
199.856158
20
1020.572256
70
0
0
VERTEX
8
Layer 1
10
200.174777
20
1021.676117
70
0
0
VERTEX
8
Layer 1
10
200.041090
20
1022.858606
70
0
0
VERTEX
8
Layer 1
10
200.041090
20
1022.858606
70
0
0
SEQEND
8
Layer 1
0
POLYLINE
8
Layer 1
62
7
70
0
10
0.000000
20
0.000000
66
1
0
VERTEX
8
Layer 1
10
210.513364
20
1067.495822
70
0
0
VERTEX
8
Layer 1
10
223.558523
20
1060.810603
70
0
0
SEQEND
8
Layer 1
0
POLYLINE
8
Layer 1
62
7
70
0
10
0.000000
20
0.000000
66
1
0
VERTEX
8
Layer 1
10
92.526279
20
115.655675
70
0
0
VERTEX
8
Layer 1
10
218.517344
20
23.938587
70
0
0
SEQEND
8
Layer 1
0
POLYLINE
8
Layer 1
62
7
70
0
10
0.000000
20
0.000000
66
1
0
VERTEX
8
Layer 1
10
218.517344
20
23.938587
70
0
0
VERTEX
8
Layer 1
10
220.089089
20
22.945823
70
0
0
VERTEX
8
Layer 1
10
221.755970
20
22.178844
70
0
0
VERTEX
8
Layer 1
10
223.494543
20
21.640141
70
0
0
VERTEX
8
Layer 1
10
225.281363
20
21.332207
70
0
0
VERTEX
8
Layer 1
10
227.092984
20
21.257536
70
0
0
VERTEX
8
Layer 1
10
228.905962
20
21.418619
70
0
0
VERTEX
8
Layer 1
10
230.696852
20
21.817950
70
0
0
VERTEX
8
Layer 1
10
232.442208
20
22.458021
70
0
0
VERTEX
8
Layer 1
10
234.087599
20
23.323268
70
0
0
VERTEX
8
Layer 1
10
235.584969
20
24.383756
70
0
0
VERTEX
8
Layer 1
10
236.920442
20
25.620424
70
0
0
VERTEX
8
Layer 1
10
238.080143
20
27.014210
70
0
0
VERTEX
8
Layer 1
10
239.050196
20
28.546054
70
0
0
VERTEX
8
Layer 1
10
239.816724
20
30.196894
70
0
0
VERTEX
8
Layer 1
10
240.365852
20
31.947668
70
0
0
VERTEX
8
Layer 1
10
240.683703
20
33.779315
70
0
0
VERTEX
8
Layer 1
10
240.756556
20
35.636908
70
0
0
VERTEX
8
Layer 1
10
240.586324
20
37.463866
70
0
0
VERTEX
8
Layer 1
10
240.182582
20
39.238641
70
0
0
VERTEX
8
Layer 1
10
239.554905
20
40.939691
70
0
0
VERTEX
8
Layer 1
10
238.712870
20
42.545469
70
0
0
VERTEX
8
Layer 1
10
237.666051
20
44.034431
70
0
0
VERTEX
8
Layer 1
10
236.424025
20
45.385031
70
0
0
VERTEX
8
Layer 1
10
234.996367
20
46.575726
70
0
0
SEQEND
8
Layer 1
0
POLYLINE
8
Layer 1
62
7
70
0
10
0.000000
20
0.000000
66
1
0
VERTEX
8
Layer 1
10
154.148983
20
105.430971
70
0
0
VERTEX
8
Layer 1
10
234.995891
20
46.577393
70
0
0
SEQEND
8
Layer 1
0
POLYLINE
8
Layer 1
62
7
70
0
10
0.000000
20
0.000000
66
1
0
VERTEX
8
Layer 1
10
142.975220
20
137.979839
70
0
0
VERTEX
8
Layer 1
10
142.413950
20
135.698497
70
0
0
VERTEX
8
Layer 1
10
142.035821
20
133.405843
70
0
0
VERTEX
8
Layer 1
10
141.837578
20
131.111357
70
0
0
VERTEX
8
Layer 1
10
141.815966
20
128.824519
70
0
0
VERTEX
8
Layer 1
10
141.967731
20
126.554810
70
0
0
VERTEX
8
Layer 1
10
142.289618
20
124.311710
70
0
0
VERTEX
8
Layer 1
10
142.778373
20
122.104699
70
0
0
VERTEX
8
Layer 1
10
143.430742
20
119.943257
70
0
0
VERTEX
8
Layer 1
10
144.243470
20
117.836864
70
0
0
VERTEX
8
Layer 1
10
145.213303
20
115.795001
70
0
0
VERTEX
8
Layer 1
10
146.336986
20
113.827147
70
0
0
VERTEX
8
Layer 1
10
147.611264
20
111.942784
70
0
0
VERTEX
8
Layer 1
10
149.032884
20
110.151390
70
0
0
VERTEX
8
Layer 1
10
150.598591
20
108.462447
70
0
0
VERTEX
8
Layer 1
10
152.305130
20
106.885435
70
0
0
VERTEX
8
Layer 1
10
154.149248
20
105.429833
70
0
0
SEQEND
8
Layer 1
0
POLYLINE
8
Layer 1
62
7
70
0
10
0.000000
20
0.000000
66
1
0
VERTEX
8
Layer 1
10
144.948929
20
276.168807
70
0
0
VERTEX
8
Layer 1
10
160.290219
20
198.155115
70
0
0
SEQEND
8
Layer 1
0
POLYLINE
8
Layer 1
62
7
70
0
10
0.000000
20
0.000000
66
1
0
VERTEX
8
Layer 1
10
223.559343
20
1060.811133
70
0
0
VERTEX
8
Layer 1
10
212.406070
20
1037.929343
70
0
0
VERTEX
8
Layer 1
10
201.804056
20
1014.843875
70
0
0
VERTEX
8
Layer 1
10
191.754285
20
991.564526
70
0
0
VERTEX
8
Layer 1
10
182.257738
20
968.101097
70
0
0
VERTEX
8
Layer 1
10
173.315396
20
944.463383
70
0
0
VERTEX
8
Layer 1
10
164.928242
20
920.661185
70
0
0
VERTEX
8
Layer 1
10
157.097256
20
896.704299
70
0
0
VERTEX
8
Layer 1
10
149.823421
20
872.602525
70
0
0
VERTEX
8
Layer 1
10
143.107718
20
848.365661
70
0
0
VERTEX
8
Layer 1
10
136.951129
20
824.003504
70
0
0
VERTEX
8
Layer 1
10
131.354635
20
799.525854
70
0
0
VERTEX
8
Layer 1
10
126.319218
20
774.942508
70
0
0
VERTEX
8
Layer 1
10
121.845860
20
750.263265
70
0
0
VERTEX
8
Layer 1
10
117.935543
20
725.497924
70
0
0
VERTEX
8
Layer 1
10
114.589247
20
700.656281
70
0
0
VERTEX
8
Layer 1
10
111.807955
20
675.748136
70
0
0
VERTEX
8
Layer 1
10
109.592649
20
650.783288
70
0
0
VERTEX
8
Layer 1
10
107.944310
20
625.771533
70
0
0
VERTEX
8
Layer 1
10
106.863919
20
600.722671
70
0
0
VERTEX
8
Layer 1
10
106.352459
20
575.646500
70
0
0
VERTEX
8
Layer 1
10
106.410910
20
550.552817
70
0
0
VERTEX
8
Layer 1
10
107.040256
20
525.451422
70
0
0
VERTEX
8
Layer 1
10
108.241476
20
500.352113
70
0
0
VERTEX
8
Layer 1
10
110.015554
20
475.264688
70
0
0
VERTEX
8
Layer 1
10
112.363470
20
450.198944
70
0
0
VERTEX
8
Layer 1
10
115.286206
20
425.164682
70
0
0
VERTEX
8
Layer 1
10
118.784745
20
400.171698
70
0
0
VERTEX
8
Layer 1
10
122.860067
20
375.229791
70
0
0
VERTEX
8
Layer 1
10
127.513154
20
350.348759
70
0
0
VERTEX
8
Layer 1
10
132.744988
20
325.538401
70
0
0
VERTEX
8
Layer 1
10
138.556551
20
300.808515
70
0
0
VERTEX
8
Layer 1
10
144.948824
20
276.168900
70
0
0
SEQEND
8
Layer 1
0
POLYLINE
8
Layer 1
62
7
70
0
10
0.000000
20
0.000000
66
1
0
VERTEX
8
Layer 1
10
210.513549
20
1067.496034
70
0
0
VERTEX
8
Layer 1
10
199.249569
20
1044.296554
70
0
0
VERTEX
8
Layer 1
10
188.530584
20
1020.895151
70
0
0
VERTEX
8
Layer 1
10
178.357607
20
997.301292
70
0
0
VERTEX
8
Layer 1
10
168.731652
20
973.524443
70
0
0
VERTEX
8
Layer 1
10
159.653730
20
949.574071
70
0
0
VERTEX
8
Layer 1
10
151.124855
20
925.459641
70
0
0
VERTEX
8
Layer 1
10
143.146040
20
901.190622
70
0
0
VERTEX
8
Layer 1
10
135.718296
20
876.776478
70
0
0
VERTEX
8
Layer 1
10
128.842636
20
852.226677
70
0
0
VERTEX
8
Layer 1
10
122.520074
20
827.550686
70
0
0
VERTEX
8
Layer 1
10
116.751622
20
802.757970
70
0
0
VERTEX
8
Layer 1
10
111.538292
20
777.857996
70
0
0
VERTEX
8
Layer 1
10
106.881097
20
752.860231
70
0
0
VERTEX
8
Layer 1
10
102.781050
20
727.774141
70
0
0
VERTEX
8
Layer 1
10
99.239164
20
702.609193
70
0
0
VERTEX
8
Layer 1
10
96.256451
20
677.374853
70
0
0
VERTEX
8
Layer 1
10
93.833924
20
652.080588
70
0
0
VERTEX
8
Layer 1
10
91.972595
20
626.735865
70
0
0
VERTEX
8
Layer 1
10
90.673478
20
601.350149
70
0
0
VERTEX
8
Layer 1
10
89.937584
20
575.932907
70
0
0
VERTEX
8
Layer 1
10
89.765927
20
550.493606
70
0
0
VERTEX
8
Layer 1
10
90.159519
20
525.041712
70
0
0
VERTEX
8
Layer 1
10
91.119373
20
499.586692
70
0
0
VERTEX
8
Layer 1
10
92.646502
20
474.138013
70
0
0
VERTEX
8
Layer 1
10
94.741918
20
448.705140
70
0
0
VERTEX
8
Layer 1
10
97.406633
20
423.297541
70
0
0
VERTEX
8
Layer 1
10
100.641662
20
397.924681
70
0
0
VERTEX
8
Layer 1
10
104.448015
20
372.596028
70
0
0
VERTEX
8
Layer 1
10
108.826707
20
347.321048
70
0
0
VERTEX
8
Layer 1
10
113.778749
20
322.109207
70
0
0
VERTEX
8
Layer 1
10
119.305154
20
296.969972
70
0
0
VERTEX
8
Layer 1
10
125.406935
20
271.912809
70
0
0
SEQEND
8
Layer 1
0
POLYLINE
8
Layer 1
62
7
70
0
10
0.000000
20
0.000000
66
1
0
VERTEX
8
Layer 1
10
92.526174
20
115.655940
70
0
0
VERTEX
8
Layer 1
10
98.424540
20
124.229741
70
0
0
VERTEX
8
Layer 1
10
103.831073
20
133.060443
70
0
0
VERTEX
8
Layer 1
10
108.741354
20
142.127060
70
0
0
VERTEX
8
Layer 1
10
113.150969
20
151.408606
70
0
0
VERTEX
8
Layer 1
10
117.055501
20
160.884095
70
0
0
VERTEX
8
Layer 1
10
120.450535
20
170.532542
70
0
0
VERTEX
8
Layer 1
10
123.331654
20
180.332960
70
0
0
VERTEX
8
Layer 1
10
125.694443
20
190.264365
70
0
0
VERTEX
8
Layer 1
10
127.534485
20
200.305770
70
0
0
VERTEX
8
Layer 1
10
128.847365
20
210.436189
70
0
0
VERTEX
8
Layer 1
10
129.628666
20
220.634637
70
0
0
VERTEX
8
Layer 1
10
129.873972
20
230.880129
70
0
0
VERTEX
8
Layer 1
10
129.578869
20
241.151677
70
0
0
VERTEX
8
Layer 1
10
128.738938
20
251.428297
70
0
0
VERTEX
8
Layer 1
10
127.349766
20
261.689003
70
0
0
VERTEX
8
Layer 1
10
125.406935
20
271.912809
70
0
0
SEQEND
8
Layer 1
0
POLYLINE
8
Layer 1
62
7
70
0
10
0.000000
20
0.000000
66
1
0
VERTEX
8
Layer 1
10
160.290219
20
198.155115
70
0
0
VERTEX
8
Layer 1
10
142.975061
20
137.980686
70
0
0
SEQEND
8
Layer 1
0
POLYLINE
8
Layer 1
62
7
70
0
10
0.000000
20
0.000000
66
1
0
VERTEX
8
Layer 1
10
247.248676
20
352.004211
70
0
0
VERTEX
8
Layer 1
10
246.096188
20
352.297911
70
0
0
VERTEX
8
Layer 1
10
244.959753
20
352.133329
70
0
0
VERTEX
8
Layer 1
10
243.967608
20
351.555210
70
0
0
VERTEX
8
Layer 1
10
243.247993
20
350.608298
70
0
0
VERTEX
8
Layer 1
10
242.951354
20
349.456562
70
0
0
VERTEX
8
Layer 1
10
243.113037
20
348.319711
70
0
0
VERTEX
8
Layer 1
10
243.688623
20
347.326095
70
0
0
VERTEX
8
Layer 1
10
244.633697
20
346.604067
70
0
0
VERTEX
8
Layer 1
10
245.786185
20
346.310366
70
0
0
VERTEX
8
Layer 1
10
246.922620
20
346.474948
70
0
0
VERTEX
8
Layer 1
10
247.914765
20
347.053068
70
0
0
VERTEX
8
Layer 1
10
248.634380
20
347.999980
70
0
0
VERTEX
8
Layer 1
10
248.931019
20
349.151715
70
0
0
VERTEX
8
Layer 1
10
248.769336
20
350.288566
70
0
0
VERTEX
8
Layer 1
10
248.193750
20
351.282182
70
0
0
VERTEX
8
Layer 1
10
247.248676
20
352.004211
70
0
0
VERTEX
8
Layer 1
10
247.248676
20
352.004211
70
0
0
SEQEND
8
Layer 1
0
POLYLINE
8
Layer 1
62
7
70
0
10
0.000000
20
0.000000
66
1
0
VERTEX
8
Layer 1
10
224.329941
20
449.227330
70
0
0
VERTEX
8
Layer 1
10
223.177001
20
449.522132
70
0
0
VERTEX
8
Layer 1
10
222.039836
20
449.358107
70
0
0
VERTEX
8
Layer 1
10
221.046930
20
448.780018
70
0
0
VERTEX
8
Layer 1
10
220.326768
20
447.832629
70
0
0
VERTEX
8
Layer 1
10
220.030085
20
446.680171
70
0
0
VERTEX
8
Layer 1
10
220.192254
20
445.542740
70
0
0
VERTEX
8
Layer 1
10
220.768722
20
444.548892
70
0
0
VERTEX
8
Layer 1
10
221.714935
20
443.827185
70
0
0
VERTEX
8
Layer 1
10
222.867875
20
443.532383
70
0
0
VERTEX
8
Layer 1
10
224.005041
20
443.696408
70
0
0
VERTEX
8
Layer 1
10
224.997947
20
444.274497
70
0
0
VERTEX
8
Layer 1
10
225.718108
20
445.221886
70
0
0
VERTEX
8
Layer 1
10
226.014792
20
446.374344
70
0
0
VERTEX
8
Layer 1
10
225.852622
20
447.511775
70
0
0
VERTEX
8
Layer 1
10
225.276154
20
448.505623
70
0
0
VERTEX
8
Layer 1
10
224.329941
20
449.227330
70
0
0
VERTEX
8
Layer 1
10
224.329941
20
449.227330
70
0
0
SEQEND
8
Layer 1
0
POLYLINE
8
Layer 1
62
7
70
0
10
0.000000
20
0.000000
66
1
0
VERTEX
8
Layer 1
10
232.716429
20
774.142649
70
0
0
VERTEX
8
Layer 1
10
231.563334
20
774.437818
70
0
0
VERTEX
8
Layer 1
10
230.425923
20
774.273974
70
0
0
VERTEX
8
Layer 1
10
229.432762
20
773.695889
70
0
0
VERTEX
8
Layer 1
10
228.712422
20
772.748333
70
0
0
VERTEX
8
Layer 1
10
228.415730
20
771.595629
70
0
0
VERTEX
8
Layer 1
10
228.578072
20
770.458002
70
0
0
VERTEX
8
Layer 1
10
229.154846
20
769.464080
70
0
0
VERTEX
8
Layer 1
10
230.101449
20
768.742489
70
0
0
VERTEX
8
Layer 1
10
231.254544
20
768.447320
70
0
0
VERTEX
8
Layer 1
10
232.391955
20
768.611164
70
0
0
VERTEX
8
Layer 1
10
233.385115
20
769.189249
70
0
0
VERTEX
8
Layer 1
10
234.105456
20
770.136804
70
0
0
VERTEX
8
Layer 1
10
234.402147
20
771.289508
70
0
0
VERTEX
8
Layer 1
10
234.239805
20
772.427135
70
0
0
VERTEX
8
Layer 1
10
233.663032
20
773.421058
70
0
0
VERTEX
8
Layer 1
10
232.716429
20
774.142649
70
0
0
VERTEX
8
Layer 1
10
232.716429
20
774.142649
70
0
0
SEQEND
8
Layer 1
0
POLYLINE
8
Layer 1
62
7
70
0
10
0.000000
20
0.000000
66
1
0
VERTEX
8
Layer 1
10
339.360337
20
1151.803237
70
0
0
VERTEX
8
Layer 1
10
338.206656
20
1152.099837
70
0
0
VERTEX
8
Layer 1
10
337.068296
20
1151.936715
70
0
0
VERTEX
8
Layer 1
10
336.074147
20
1151.358667
70
0
0
VERTEX
8
Layer 1
10
335.353097
20
1150.410490
70
0
0
VERTEX
8
Layer 1
10
335.056349
20
1149.256847
70
0
0
VERTEX
8
Layer 1
10
335.219326
20
1148.118466
70
0
0
VERTEX
8
Layer 1
10
335.797246
20
1147.124242
70
0
0
VERTEX
8
Layer 1
10
336.745331
20
1146.403072
70
0
0
VERTEX
8
Layer 1
10
337.899013
20
1146.106471
70
0
0
VERTEX
8
Layer 1
10
339.037373
20
1146.269594
70
0
0
VERTEX
8
Layer 1
10
340.031522
20
1146.847641
70
0
0
VERTEX
8
Layer 1
10
340.752572
20
1147.795819
70
0
0
VERTEX
8
Layer 1
10
341.049319
20
1148.949462
70
0
0
VERTEX
8
Layer 1
10
340.886343
20
1150.087843
70
0
0
VERTEX
8
Layer 1
10
340.308422
20
1151.082066
70
0
0
VERTEX
8
Layer 1
10
339.360337
20
1151.803237
70
0
0
VERTEX
8
Layer 1
10
339.360337
20
1151.803237
70
0
0
SEQEND
8
Layer 1
0
POLYLINE
8
Layer 1
62
7
70
0
10
0.000000
20
0.000000
66
1
0
VERTEX
8
Layer 1
10
356.267562
20
1079.680134
70
0
0
VERTEX
8
Layer 1
10
357.633307
20
1082.463232
70
0
0
VERTEX
8
Layer 1
10
358.854381
20
1085.298101
70
0
0
VERTEX
8
Layer 1
10
359.930294
20
1088.179219
70
0
0
VERTEX
8
Layer 1
10
360.860559
20
1091.101061
70
0
0
VERTEX
8
Layer 1
10
362.282184
20
1097.044827
70
0
0
VERTEX
8
Layer 1
10
363.115346
20
1103.085213
70
0
0
VERTEX
8
Layer 1
10
363.356134
20
1109.178031
70
0
0
VERTEX
8
Layer 1
10
363.000635
20
1115.279096
70
0
0
VERTEX
8
Layer 1
10
362.598057
20
1118.318913
70
0
0
VERTEX
8
Layer 1
10
362.044940
20
1121.344221
70
0
0
VERTEX
8
Layer 1
10
361.340796
20
1124.349498
70
0
0
VERTEX
8
Layer 1
10
360.485137
20
1127.329219
70
0
0
VERTEX
8
Layer 1
10
359.482917
20
1130.262894
70
0
0
VERTEX
8
Layer 1
10
358.341791
20
1133.130879
70
0
0
VERTEX
8
Layer 1
10
357.065318
20
1135.928923
70
0
0
VERTEX
8
Layer 1
10
355.657059
20
1138.652773
70
0
0
VERTEX
8
Layer 1
10
352.459423
20
1143.860891
70
0
0
VERTEX
8
Layer 1
10
348.777359
20
1148.721222
70
0
0
VERTEX
8
Layer 1
10
344.639347
20
1153.199757
70
0
0
VERTEX
8
Layer 1
10
340.073867
20
1157.262486
70
0
0
VERTEX
8
Layer 1
10
337.639726
20
1159.127294
70
0
0
VERTEX
8
Layer 1
10
335.109397
20
1160.875397
70
0
0
VERTEX
8
Layer 1
10
332.486440
20
1162.502544
70
0
0
VERTEX
8
Layer 1
10
329.774416
20
1164.004482
70
0
0
SEQEND
8
Layer 1
0
POLYLINE
8
Layer 1
62
7
70
0
10
0.000000
20
0.000000
66
1
0
VERTEX
8
Layer 1
10
322.832155
20
1150.698788
70
0
0
VERTEX
8
Layer 1
10
329.775263
20
1164.004853
70
0
0
SEQEND
8
Layer 1
0
POLYLINE
8
Layer 1
62
7
70
0
10
0.000000
20
0.000000
66
1
0
VERTEX
8
Layer 1
10
342.963455
20
1086.623003
70
0
0
VERTEX
8
Layer 1
10
344.992658
20
1091.041401
70
0
0
VERTEX
8
Layer 1
10
346.536310
20
1095.554965
70
0
0
VERTEX
8
Layer 1
10
347.604532
20
1100.131486
70
0
0
VERTEX
8
Layer 1
10
348.207442
20
1104.738756
70
0
0
VERTEX
8
Layer 1
10
348.355160
20
1109.344565
70
0
0
VERTEX
8
Layer 1
10
348.057806
20
1113.916706
70
0
0
VERTEX
8
Layer 1
10
347.325499
20
1118.422968
70
0
0
VERTEX
8
Layer 1
10
346.168358
20
1122.831144
70
0
0
VERTEX
8
Layer 1
10
344.596503
20
1127.109025
70
0
0
VERTEX
8
Layer 1
10
342.620053
20
1131.224401
70
0
0
VERTEX
8
Layer 1
10
340.249127
20
1135.145064
70
0
0
VERTEX
8
Layer 1
10
337.493846
20
1138.838805
70
0
0
VERTEX
8
Layer 1
10
334.364327
20
1142.273416
70
0
0
VERTEX
8
Layer 1
10
330.870692
20
1145.416687
70
0
0
VERTEX
8
Layer 1
10
327.023058
20
1148.236410
70
0
0
VERTEX
8
Layer 1
10
322.831546
20
1150.700376
70
0
0
SEQEND
8
Layer 1
0
POLYLINE
8
Layer 1
62
7
70
0
10
0.000000
20
0.000000
66
1
0
VERTEX
8
Layer 1
10
342.963455
20
1086.623003
70
0
0
VERTEX
8
Layer 1
10
332.487829
20
1068.411201
70
0
0
VERTEX
8
Layer 1
10
322.417924
20
1050.013080
70
0
0
VERTEX
8
Layer 1
10
312.755087
20
1031.435428
70
0
0
VERTEX
8
Layer 1
10
303.500664
20
1012.685032
70
0
0
VERTEX
8
Layer 1
10
294.656003
20
993.768678
70
0
0
VERTEX
8
Layer 1
10
286.222449
20
974.693152
70
0
0
VERTEX
8
Layer 1
10
278.201351
20
955.465242
70
0
0
VERTEX
8
Layer 1
10
270.594053
20
936.091734
70
0
0
VERTEX
8
Layer 1
10
263.401904
20
916.579415
70
0
0
VERTEX
8
Layer 1
10
256.626250
20
896.935071
70
0
0
VERTEX
8
Layer 1
10
250.268437
20
877.165489
70
0
0
VERTEX
8
Layer 1
10
244.329813
20
857.277455
70
0
0
VERTEX
8
Layer 1
10
238.811723
20
837.277757
70
0
0
VERTEX
8
Layer 1
10
233.715516
20
817.173181
70
0
0
VERTEX
8
Layer 1
10
229.042536
20
796.970512
70
0
0
VERTEX
8
Layer 1
10
224.794132
20
776.676539
70
0
0
VERTEX
8
Layer 1
10
220.971650
20
756.298048
70
0
0
VERTEX
8
Layer 1
10
217.576436
20
735.841825
70
0
0
VERTEX
8
Layer 1
10
214.609837
20
715.314657
70
0
0
VERTEX
8
Layer 1
10
212.073201
20
694.723331
70
0
0
VERTEX
8
Layer 1
10
209.967873
20
674.074633
70
0
0
VERTEX
8
Layer 1
10
208.295200
20
653.375350
70
0
0
VERTEX
8
Layer 1
10
207.056530
20
632.632268
70
0
0
VERTEX
8
Layer 1
10
206.253209
20
611.852174
70
0
0
VERTEX
8
Layer 1
10
205.886583
20
591.041855
70
0
0
VERTEX
8
Layer 1
10
205.957999
20
570.208098
70
0
0
VERTEX
8
Layer 1
10
206.468804
20
549.357689
70
0
0
VERTEX
8
Layer 1
10
207.420345
20
528.497414
70
0
0
VERTEX
8
Layer 1
10
208.813968
20
507.634061
70
0
0
VERTEX
8
Layer 1
10
210.651021
20
486.774415
70
0
0
VERTEX
8
Layer 1
10
212.932849
20
465.925265
70
0
0
VERTEX
8
Layer 1
10
215.660800
20
445.093395
70
0
0
SEQEND
8
Layer 1
0
POLYLINE
8
Layer 1
62
7
70
0
10
0.000000
20
0.000000
66
1
0
VERTEX
8
Layer 1
10
215.660800
20
445.093395
70
0
0
VERTEX
8
Layer 1
10
218.964228
20
427.719796
70
0
0
VERTEX
8
Layer 1
10
222.607165
20
410.419429
70
0
0
VERTEX
8
Layer 1
10
226.588312
20
393.197240
70
0
0
VERTEX
8
Layer 1
10
230.906373
20
376.058173
70
0
0
VERTEX
8
Layer 1
10
235.560050
20
359.007175
70
0
0
VERTEX
8
Layer 1
10
240.548045
20
342.049190
70
0
0
VERTEX
8
Layer 1
10
245.869060
20
325.189164
70
0
0
VERTEX
8
Layer 1
10
251.521798
20
308.432042
70
0
0
SEQEND
8
Layer 1
0
POLYLINE
8
Layer 1
62
7
70
0
10
0.000000
20
0.000000
66
1
0
VERTEX
8
Layer 1
10
251.521665
20
308.432148
70
0
0
VERTEX
8
Layer 1
10
265.420607
20
313.240071
70
0
0
SEQEND
8
Layer 1
0
POLYLINE
8
Layer 1
62
7
70
0
10
0.000000
20
0.000000
66
1
0
VERTEX
8
Layer 1
10
234.274267
20
428.342759
70
0
0
VERTEX
8
Layer 1
10
237.296501
20
413.731266
70
0
0
VERTEX
8
Layer 1
10
240.569289
20
399.177251
70
0
0
VERTEX
8
Layer 1
10
244.091764
20
384.683917
70
0
0
VERTEX
8
Layer 1
10
247.863059
20
370.254470
70
0
0
VERTEX
8
Layer 1
10
251.882308
20
355.892115
70
0
0
VERTEX
8
Layer 1
10
256.148642
20
341.600056
70
0
0
VERTEX
8
Layer 1
10
260.661195
20
327.381499
70
0
0
VERTEX
8
Layer 1
10
265.419099
20
313.239648
70
0
0
SEQEND
8
Layer 1
0
POLYLINE
8
Layer 1
62
7
70
0
10
0.000000
20
0.000000
66
1
0
VERTEX
8
Layer 1
10
227.991267
20
467.817066
70
0
0
VERTEX
8
Layer 1
10
229.284185
20
457.905602
70
0
0
VERTEX
8
Layer 1
10
230.762600
20
448.020994
70
0
0
VERTEX
8
Layer 1
10
232.426099
20
438.165845
70
0
0
VERTEX
8
Layer 1
10
234.274267
20
428.342759
70
0
0
SEQEND
8
Layer 1
0
POLYLINE
8
Layer 1
62
7
70
0
10
0.000000
20
0.000000
66
1
0
VERTEX
8
Layer 1
10
356.267350
20
1079.679711
70
0
0
VERTEX
8
Layer 1
10
346.246302
20
1062.312867
70
0
0
VERTEX
8
Layer 1
10
336.600368
20
1044.771890
70
0
0
VERTEX
8
Layer 1
10
327.330826
20
1027.062879
70
0
0
VERTEX
8
Layer 1
10
318.438955
20
1009.191931
70
0
0
VERTEX
8
Layer 1
10
309.926033
20
991.165144
70
0
0
VERTEX
8
Layer 1
10
301.793338
20
972.988616
70
0
0
VERTEX
8
Layer 1
10
294.042149
20
954.668446
70
0
0
VERTEX
8
Layer 1
10
286.673744
20
936.210732
70
0
0
VERTEX
8
Layer 1
10
279.689402
20
917.621570
70
0
0
VERTEX
8
Layer 1
10
273.090401
20
898.907060
70
0
0
VERTEX
8
Layer 1
10
266.878019
20
880.073300
70
0
0
VERTEX
8
Layer 1
10
261.053536
20
861.126387
70
0
0
VERTEX
8
Layer 1
10
255.618230
20
842.072420
70
0
0
VERTEX
8
Layer 1
10
250.573378
20
822.917496
70
0
0
VERTEX
8
Layer 1
10
245.920259
20
803.667714
70
0
0
VERTEX
8
Layer 1
10
241.660153
20
784.329171
70
0
0
VERTEX
8
Layer 1
10
237.794337
20
764.907966
70
0
0
VERTEX
8
Layer 1
10
234.324089
20
745.410197
70
0
0
VERTEX
8
Layer 1
10
231.250689
20
725.841961
70
0
0
VERTEX
8
Layer 1
10
228.575414
20
706.209357
70
0
0
VERTEX
8
Layer 1
10
226.299543
20
686.518483
70
0
0
VERTEX
8
Layer 1
10
224.424355
20
666.775436
70
0
0
VERTEX
8
Layer 1
10
222.951128
20
646.986316
70
0
0
VERTEX
8
Layer 1
10
221.881140
20
627.157219
70
0
0
VERTEX
8
Layer 1
10
221.215670
20
607.294244
70
0
0
VERTEX
8
Layer 1
10
220.955996
20
587.403489
70
0
0
VERTEX
8
Layer 1
10
221.103397
20
567.491052
70
0
0
VERTEX
8
Layer 1
10
221.659151
20
547.563031
70
0
0
VERTEX
8
Layer 1
10
222.624537
20
527.625524
70
0
0
VERTEX
8
Layer 1
10
224.000832
20
507.684628
70
0
0
VERTEX
8
Layer 1
10
225.789316
20
487.746443
70
0
0
VERTEX
8
Layer 1
10
227.991267
20
467.817066
70
0
0
SEQEND
8
Layer 1
0
POLYLINE
8
Layer 1
62
7
70
0
10
0.000000
20
0.000000
66
1
0
VERTEX
8
Layer 1
10
310.073963
20
1101.270874
70
0
0
VERTEX
8
Layer 1
10
308.906786
20
1101.504779
70
0
0
VERTEX
8
Layer 1
10
307.779520
20
1101.281060
70
0
0
VERTEX
8
Layer 1
10
306.818221
20
1100.651233
70
0
0
VERTEX
8
Layer 1
10
306.148945
20
1099.666813
70
0
0
VERTEX
8
Layer 1
10
305.913658
20
1098.499914
70
0
0
VERTEX
8
Layer 1
10
306.136042
20
1097.372384
70
0
0
VERTEX
8
Layer 1
10
306.764731
20
1096.410340
70
0
0
VERTEX
8
Layer 1
10
307.748357
20
1095.739899
70
0
0
VERTEX
8
Layer 1
10
308.915534
20
1095.505993
70
0
0
VERTEX
8
Layer 1
10
310.042800
20
1095.729712
70
0
0
VERTEX
8
Layer 1
10
311.004099
20
1096.359540
70
0
0
VERTEX
8
Layer 1
10
311.673375
20
1097.343960
70
0
0
VERTEX
8
Layer 1
10
311.908662
20
1098.510859
70
0
0
VERTEX
8
Layer 1
10
311.686278
20
1099.638389
70
0
0
VERTEX
8
Layer 1
10
311.057589
20
1100.600433
70
0
0
VERTEX
8
Layer 1
10
310.073963
20
1101.270874
70
0
0
VERTEX
8
Layer 1
10
310.073963
20
1101.270874
70
0
0
SEQEND
8
Layer 1
0
POLYLINE
8
Layer 1
62
7
70
0
10
0.000000
20
0.000000
66
1
0
VERTEX
8
Layer 1
10
140.703563
20
723.177404
70
0
0
VERTEX
8
Layer 1
10
139.537737
20
723.408473
70
0
0
VERTEX
8
Layer 1
10
138.412476
20
723.183396
70
0
0
VERTEX
8
Layer 1
10
137.453188
20
722.553603
70
0
0
VERTEX
8
Layer 1
10
136.785282
20
721.570523
70
0
0
VERTEX
8
Layer 1
10
136.550007
20
720.405539
70
0
0
VERTEX
8
Layer 1
10
136.771021
20
719.279472
70
0
0
VERTEX
8
Layer 1
10
137.397348
20
718.317918
70
0
0
VERTEX
8
Layer 1
10
138.378011
20
717.646468
70
0
0
VERTEX
8
Layer 1
10
139.543837
20
717.415399
70
0
0
VERTEX
8
Layer 1
10
140.669098
20
717.640476
70
0
0
VERTEX
8
Layer 1
10
141.628386
20
718.270270
70
0
0
VERTEX
8
Layer 1
10
142.296292
20
719.253349
70
0
0
VERTEX
8
Layer 1
10
142.531567
20
720.418334
70
0
0
VERTEX
8
Layer 1
10
142.310552
20
721.544400
70
0
0
VERTEX
8
Layer 1
10
141.684225
20
722.505954
70
0
0
VERTEX
8
Layer 1
10
140.703563
20
723.177404
70
0
0
VERTEX
8
Layer 1
10
140.703563
20
723.177404
70
0
0
SEQEND
8
Layer 1
0
POLYLINE
8
Layer 1
62
7
70
0
10
0.000000
20
0.000000
66
1
0
VERTEX
8
Layer 1
10
319.524867
20
1087.478665
70
0
0
VERTEX
8
Layer 1
10
315.005295
20
1089.271249
70
0
0
VERTEX
8
Layer 1
10
310.416379
20
1090.573927
70
0
0
VERTEX
8
Layer 1
10
305.789750
20
1091.398510
70
0
0
VERTEX
8
Layer 1
10
301.157034
20
1091.756807
70
0
0
VERTEX
8
Layer 1
10
296.549861
20
1091.660626
70
0
0
VERTEX
8
Layer 1
10
291.999858
20
1091.121778
70
0
0
VERTEX
8
Layer 1
10
287.538654
20
1090.152072
70
0
0
VERTEX
8
Layer 1
10
283.197877
20
1088.763317
70
0
0
VERTEX
8
Layer 1
10
279.009156
20
1086.967323
70
0
0
VERTEX
8
Layer 1
10
275.004118
20
1084.775899
70
0
0
VERTEX
8
Layer 1
10
271.214391
20
1082.200854
70
0
0
VERTEX
8
Layer 1
10
267.671605
20
1079.253997
70
0
0
VERTEX
8
Layer 1
10
264.407387
20
1075.947139
70
0
0
VERTEX
8
Layer 1
10
261.453366
20
1072.292088
70
0
0
VERTEX
8
Layer 1
10
258.841170
20
1068.300655
70
0
0
VERTEX
8
Layer 1
10
256.602426
20
1063.984647
70
0
0
SEQEND
8
Layer 1
0
POLYLINE
8
Layer 1
62
7
70
0
10
0.000000
20
0.000000
66
1
0
VERTEX
8
Layer 1
10
325.754130
20
1101.131492
70
0
0
VERTEX
8
Layer 1
10
322.902670
20
1102.348072
70
0
0
VERTEX
8
Layer 1
10
320.007165
20
1103.417445
70
0
0
VERTEX
8
Layer 1
10
317.073157
20
1104.339414
70
0
0
VERTEX
8
Layer 1
10
314.106187
20
1105.113782
70
0
0
VERTEX
8
Layer 1
10
308.095529
20
1106.218936
70
0
0
VERTEX
8
Layer 1
10
302.019522
20
1106.731338
70
0
0
VERTEX
8
Layer 1
10
295.922498
20
1106.649422
70
0
0
VERTEX
8
Layer 1
10
289.848788
20
1105.971618
70
0
0
VERTEX
8
Layer 1
10
286.834529
20
1105.408769
70
0
0
VERTEX
8
Layer 1
10
283.842723
20
1104.696360
70
0
0
VERTEX
8
Layer 1
10
280.878911
20
1103.834195
70
0
0
VERTEX
8
Layer 1
10
277.948636
20
1102.822079
70
0
0
VERTEX
8
Layer 1
10
275.072096
20
1101.666044
70
0
0
VERTEX
8
Layer 1
10
272.268505
20
1100.374773
70
0
0
VERTEX
8
Layer 1
10
269.541918
20
1098.952046
70
0
0
VERTEX
8
Layer 1
10
266.896392
20
1097.401643
70
0
0
VERTEX
8
Layer 1
10
261.864754
20
1093.932926
70
0
0
VERTEX
8
Layer 1
10
257.206046
20
1089.998863
70
0
0
VERTEX
8
Layer 1
10
252.952723
20
1085.629691
70
0
0
VERTEX
8
Layer 1
10
249.137242
20
1080.855649
70
0
0
VERTEX
8
Layer 1
10
247.403834
20
1078.326252
70
0
0
VERTEX
8
Layer 1
10
245.792058
20
1075.706976
70
0
0
VERTEX
8
Layer 1
10
244.305969
20
1073.001602
70
0
0
VERTEX
8
Layer 1
10
242.949626
20
1070.213910
70
0
0
SEQEND
8
Layer 1
0
POLYLINE
8
Layer 1
62
7
70
0
10
0.000000
20
0.000000
66
1
0
VERTEX
8
Layer 1
10
319.524391
20
1087.479168
70
0
0
VERTEX
8
Layer 1
10
325.752754
20
1101.131518
70
0
0
SEQEND
8
Layer 1
0
POLYLINE
8
Layer 1
62
7
70
0
10
0.000000
20
0.000000
66
1
0
VERTEX
8
Layer 1
10
185.221425
20
251.487597
70
0
0
VERTEX
8
Layer 1
10
184.054353
20
251.721289
70
0
0
VERTEX
8
Layer 1
10
182.927241
20
251.497469
70
0
0
VERTEX
8
Layer 1
10
181.966095
20
250.867646
70
0
0
VERTEX
8
Layer 1
10
181.296923
20
249.883331
70
0
0
VERTEX
8
Layer 1
10
181.061635
20
248.716579
70
0
0
VERTEX
8
Layer 1
10
181.283913
20
247.589162
70
0
0
VERTEX
8
Layer 1
10
181.912421
20
246.627156
70
0
0
VERTEX
8
Layer 1
10
182.895820
20
245.956638
70
0
0
VERTEX
8
Layer 1
10
184.062892
20
245.722946
70
0
0
VERTEX
8
Layer 1
10
185.190005
20
245.946766
70
0
0
VERTEX
8
Layer 1
10
186.151150
20
246.576588
70
0
0
VERTEX
8
Layer 1
10
186.820323
20
247.560904
70
0
0
VERTEX
8
Layer 1
10
187.055610
20
248.727656
70
0
0
VERTEX
8
Layer 1
10
186.833332
20
249.855073
70
0
0
VERTEX
8
Layer 1
10
186.204825
20
250.817079
70
0
0
VERTEX
8
Layer 1
10
185.221425
20
251.487597
70
0
0
VERTEX
8
Layer 1
10
185.221425
20
251.487597
70
0
0
SEQEND
8
Layer 1
0
POLYLINE
8
Layer 1
62
7
70
0
10
0.000000
20
0.000000
66
1
0
VERTEX
8
Layer 1
10
151.568743
20
355.063312
70
0
0
VERTEX
8
Layer 1
10
150.402383
20
355.295513
70
0
0
VERTEX
8
Layer 1
10
149.276326
20
355.070982
70
0
0
VERTEX
8
Layer 1
10
148.316237
20
354.441181
70
0
0
VERTEX
8
Layer 1
10
147.647782
20
353.457575
70
0
0
VERTEX
8
Layer 1
10
147.412495
20
352.291833
70
0
0
VERTEX
8
Layer 1
10
147.634046
20
351.165186
70
0
0
VERTEX
8
Layer 1
10
148.261304
20
350.203434
70
0
0
VERTEX
8
Layer 1
10
149.243138
20
349.532379
70
0
0
VERTEX
8
Layer 1
10
150.409498
20
349.300177
70
0
0
VERTEX
8
Layer 1
10
151.535555
20
349.524708
70
0
0
VERTEX
8
Layer 1
10
152.495644
20
350.154509
70
0
0
VERTEX
8
Layer 1
10
153.164099
20
351.138115
70
0
0
VERTEX
8
Layer 1
10
153.399386
20
352.303857
70
0
0
VERTEX
8
Layer 1
10
153.177835
20
353.430504
70
0
0
VERTEX
8
Layer 1
10
152.550577
20
354.392256
70
0
0
VERTEX
8
Layer 1
10
151.568743
20
355.063312
70
0
0
VERTEX
8
Layer 1
10
151.568743
20
355.063312
70
0
0
SEQEND
8
Layer 1
0
POLYLINE
8
Layer 1
62
7
70
0
10
0.000000
20
0.000000
66
1
0
VERTEX
8
Layer 1
10
256.602426
20
1063.984647
70
0
0
VERTEX
8
Layer 1
10
246.273633
20
1043.405465
70
0
0
VERTEX
8
Layer 1
10
236.401272
20
1022.647410
70
0
0
VERTEX
8
Layer 1
10
226.986392
20
1001.718020
70
0
0
VERTEX
8
Layer 1
10
218.030045
20
980.624833
70
0
0
VERTEX
8
Layer 1
10
209.533281
20
959.375389
70
0
0
VERTEX
8
Layer 1
10
201.497150
20
937.977224
70
0
0
VERTEX
8
Layer 1
10
193.922704
20
916.437877
70
0
0
VERTEX
8
Layer 1
10
186.810991
20
894.764886
70
0
0
VERTEX
8
Layer 1
10
180.163063
20
872.965790
70
0
0
VERTEX
8
Layer 1
10
173.979971
20
851.048126
70
0
0
VERTEX
8
Layer 1
10
168.262764
20
829.019433
70
0
0
VERTEX
8
Layer 1
10
163.012493
20
806.887248
70
0
0
VERTEX
8
Layer 1
10
158.230209
20
784.659111
70
0
0
VERTEX
8
Layer 1
10
153.916962
20
762.342558
70
0
0
VERTEX
8
Layer 1
10
150.073803
20
739.945130
70
0
0
VERTEX
8
Layer 1
10
146.701782
20
717.474362
70
0
0
VERTEX
8
Layer 1
10
143.801949
20
694.937794
70
0
0
VERTEX
8
Layer 1
10
141.375355
20
672.342964
70
0
0
VERTEX
8
Layer 1
10
139.423050
20
649.697411
70
0
0
VERTEX
8
Layer 1
10
137.946085
20
627.008671
70
0
0
VERTEX
8
Layer 1
10
136.945510
20
604.284284
70
0
0
VERTEX
8
Layer 1
10
136.422376
20
581.531787
70
0
0
VERTEX
8
Layer 1
10
136.377734
20
558.758719
70
0
0
VERTEX
8
Layer 1
10
136.812632
20
535.972617
70
0
0
VERTEX
8
Layer 1
10
137.728123
20
513.181021
70
0
0
VERTEX
8
Layer 1
10
139.125257
20
490.391468
70
0
0
VERTEX
8
Layer 1
10
141.005084
20
467.611496
70
0
0
VERTEX
8
Layer 1
10
143.368654
20
444.848644
70
0
0
VERTEX
8
Layer 1
10
146.217018
20
422.110450
70
0
0
VERTEX
8
Layer 1
10
149.551226
20
399.404451
70
0
0
VERTEX
8
Layer 1
10
153.372329
20
376.738187
70
0
0
VERTEX
8
Layer 1
10
157.681378
20
354.119195
70
0
0
SEQEND
8
Layer 1
0
POLYLINE
8
Layer 1
62
7
70
0
10
0.000000
20
0.000000
66
1
0
VERTEX
8
Layer 1
10
157.681378
20
354.119195
70
0
0
VERTEX
8
Layer 1
10
162.710713
20
335.452758
70
0
0
VERTEX
8
Layer 1
10
168.064863
20
316.881508
70
0
0
VERTEX
8
Layer 1
10
173.742412
20
298.409656
70
0
0
VERTEX
8
Layer 1
10
179.741944
20
280.041411
70
0
0
VERTEX
8
Layer 1
10
186.062042
20
261.780986
70
0
0
VERTEX
8
Layer 1
10
192.701290
20
243.632589
70
0
0
VERTEX
8
Layer 1
10
199.658272
20
225.600434
70
0
0
VERTEX
8
Layer 1
10
206.931572
20
207.688728
70
0
0
SEQEND
8
Layer 1
0
POLYLINE
8
Layer 1
62
7
70
0
10
0.000000
20
0.000000
66
1
0
VERTEX
8
Layer 1
10
193.351558
20
202.170268
70
0
0
VERTEX
8
Layer 1
10
206.931598
20
207.688490
70
0
0
SEQEND
8
Layer 1
0
POLYLINE
8
Layer 1
62
7
70
0
10
0.000000
20
0.000000
66
1
0
VERTEX
8
Layer 1
10
153.857757
20
311.941810
70
0
0
VERTEX
8
Layer 1
10
158.180721
20
298.006102
70
0
0
VERTEX
8
Layer 1
10
162.680239
20
284.128259
70
0
0
VERTEX
8
Layer 1
10
167.355708
20
270.309949
70
0
0
VERTEX
8
Layer 1
10
172.206530
20
256.552841
70
0
0
VERTEX
8
Layer 1
10
177.232102
20
242.858605
70
0
0
VERTEX
8
Layer 1
10
182.431825
20
229.228910
70
0
0
VERTEX
8
Layer 1
10
187.805098
20
215.665424
70
0
0
VERTEX
8
Layer 1
10
193.351320
20
202.169818
70
0
0
SEQEND
8
Layer 1
0
POLYLINE
8
Layer 1
62
7
70
0
10
0.000000
20
0.000000
66
1
0
VERTEX
8
Layer 1
10
135.758348
20
389.791233
70
0
0
VERTEX
8
Layer 1
10
137.457034
20
379.936324
70
0
0
VERTEX
8
Layer 1
10
139.317713
20
370.112790
70
0
0
VERTEX
8
Layer 1
10
141.339923
20
360.322621
70
0
0
VERTEX
8
Layer 1
10
143.523201
20
350.567803
70
0
0
VERTEX
8
Layer 1
10
145.867086
20
340.850325
70
0
0
VERTEX
8
Layer 1
10
148.371115
20
331.172175
70
0
0
VERTEX
8
Layer 1
10
151.034826
20
321.535340
70
0
0
VERTEX
8
Layer 1
10
153.857757
20
311.941810
70
0
0
SEQEND
8
Layer 1
0
POLYLINE
8
Layer 1
62
7
70
0
10
0.000000
20
0.000000
66
1
0
VERTEX
8
Layer 1
10
242.949626
20
1070.213910
70
0
0
VERTEX
8
Layer 1
10
233.057659
20
1050.492481
70
0
0
VERTEX
8
Layer 1
10
223.577634
20
1030.607227
70
0
0
VERTEX
8
Layer 1
10
214.510564
20
1010.564582
70
0
0
VERTEX
8
Layer 1
10
205.857463
20
990.370983
70
0
0
VERTEX
8
Layer 1
10
197.619345
20
970.032864
70
0
0
VERTEX
8
Layer 1
10
189.797224
20
949.556662
70
0
0
VERTEX
8
Layer 1
10
182.392114
20
928.948811
70
0
0
VERTEX
8
Layer 1
10
175.405028
20
908.215749
70
0
0
VERTEX
8
Layer 1
10
168.836981
20
887.363910
70
0
0
VERTEX
8
Layer 1
10
162.688986
20
866.399730
70
0
0
VERTEX
8
Layer 1
10
156.962057
20
845.329644
70
0
0
VERTEX
8
Layer 1
10
151.657208
20
824.160089
70
0
0
VERTEX
8
Layer 1
10
146.775453
20
802.897500
70
0
0
VERTEX
8
Layer 1
10
142.317806
20
781.548312
70
0
0
VERTEX
8
Layer 1
10
138.285280
20
760.118962
70
0
0
VERTEX
8
Layer 1
10
134.678889
20
738.615884
70
0
0
VERTEX
8
Layer 1
10
131.499648
20
717.045515
70
0
0
VERTEX
8
Layer 1
10
128.748570
20
695.414290
70
0
0
VERTEX
8
Layer 1
10
126.426668
20
673.728645
70
0
0
VERTEX
8
Layer 1
10
124.534958
20
651.995015
70
0
0
VERTEX
8
Layer 1
10
123.074452
20
630.219837
70
0
0
VERTEX
8
Layer 1
10
122.046164
20
608.409545
70
0
0
VERTEX
8
Layer 1
10
121.451109
20
586.570575
70
0
0
VERTEX
8
Layer 1
10
121.290300
20
564.709363
70
0
0
VERTEX
8
Layer 1
10
121.564750
20
542.832345
70
0
0
VERTEX
8
Layer 1
10
122.275475
20
520.945956
70
0
0
VERTEX
8
Layer 1
10
123.423487
20
499.056632
70
0
0
VERTEX
8
Layer 1
10
125.009801
20
477.170809
70
0
0
VERTEX
8
Layer 1
10
127.035430
20
455.294921
70
0
0
VERTEX
8
Layer 1
10
129.501388
20
433.435406
70
0
0
VERTEX
8
Layer 1
10
132.408690
20
411.598698
70
0
0
VERTEX
8
Layer 1
10
135.758348
20
389.791233
70
0
0
SEQEND
8
Layer 1
 0 
ENDSEC
 0 
EOF