999
"DXF R12 Output" (www.mydxf.blogspot.com)
 0 
SECTION
 2 
HEADER
 9 
$ACADVER
 1 
AC1009
 9 
$EXTMIN
 10 
 0 
 20 
 0 
 9 
$EXTMAX
 10 
 8.5 
 20 
 11 
 0 
ENDSEC
 0 
SECTION
 2 
ENTITIES
0
POLYLINE
8
Layer 1
62
7
70
0
10
0.000000
20
0.000000
66
1
0
VERTEX
8
Layer 1
10
92.796900
20
4346.664000
70
0
0
VERTEX
8
Layer 1
10
92.796900
20
3968.712000
70
0
0
SEQEND
8
Layer 1
0
POLYLINE
8
Layer 1
62
7
70
0
10
0.000000
20
0.000000
66
1
0
VERTEX
8
Layer 1
10
470.748900
20
4346.664000
70
0
0
VERTEX
8
Layer 1
10
92.796900
20
4346.664000
70
0
0
SEQEND
8
Layer 1
0
POLYLINE
8
Layer 1
62
7
70
0
10
0.000000
20
0.000000
66
1
0
VERTEX
8
Layer 1
10
470.748900
20
3968.712000
70
0
0
VERTEX
8
Layer 1
10
470.748900
20
4346.664000
70
0
0
SEQEND
8
Layer 1
0
POLYLINE
8
Layer 1
62
7
70
0
10
0.000000
20
0.000000
66
1
0
VERTEX
8
Layer 1
10
92.796900
20
3968.712000
70
0
0
VERTEX
8
Layer 1
10
470.748900
20
3968.712000
70
0
0
SEQEND
8
Layer 1
0
POLYLINE
8
Layer 1
62
7
70
0
10
0.000000
20
0.000000
66
1
0
VERTEX
8
Layer 1
10
507.743900
20
4434.532000
70
0
0
VERTEX
8
Layer 1
10
507.743900
20
4416.040000
70
0
0
SEQEND
8
Layer 1
0
POLYLINE
8
Layer 1
62
7
70
0
10
0.000000
20
0.000000
66
1
0
VERTEX
8
Layer 1
10
510.997900
20
4434.532000
70
0
0
VERTEX
8
Layer 1
10
507.743900
20
4434.532000
70
0
0
SEQEND
8
Layer 1
0
POLYLINE
8
Layer 1
62
7
70
0
10
0.000000
20
0.000000
66
1
0
VERTEX
8
Layer 1
10
510.997900
20
4426.800000
70
0
0
VERTEX
8
Layer 1
10
510.997900
20
4434.532000
70
0
0
SEQEND
8
Layer 1
0
POLYLINE
8
Layer 1
62
7
70
0
10
0.000000
20
0.000000
66
1
0
VERTEX
8
Layer 1
10
530.700900
20
4426.800000
70
0
0
VERTEX
8
Layer 1
10
510.997900
20
4426.800000
70
0
0
SEQEND
8
Layer 1
0
POLYLINE
8
Layer 1
62
7
70
0
10
0.000000
20
0.000000
66
1
0
VERTEX
8
Layer 1
10
530.700900
20
4434.621000
70
0
0
VERTEX
8
Layer 1
10
530.700900
20
4426.800000
70
0
0
SEQEND
8
Layer 1
0
POLYLINE
8
Layer 1
62
7
70
0
10
0.000000
20
0.000000
66
1
0
VERTEX
8
Layer 1
10
533.646900
20
4434.621000
70
0
0
VERTEX
8
Layer 1
10
530.700900
20
4434.621000
70
0
0
SEQEND
8
Layer 1
0
POLYLINE
8
Layer 1
62
7
70
0
10
0.000000
20
0.000000
66
1
0
VERTEX
8
Layer 1
10
537.980200
20
4425.715700
70
0
0
VERTEX
8
Layer 1
10
536.731683
20
4426.250391
70
0
0
VERTEX
8
Layer 1
10
535.742189
20
4426.916431
70
0
0
VERTEX
8
Layer 1
10
534.983191
20
4427.730793
70
0
0
VERTEX
8
Layer 1
10
534.426162
20
4428.710450
70
0
0
VERTEX
8
Layer 1
10
534.042576
20
4429.872376
70
0
0
VERTEX
8
Layer 1
10
533.803905
20
4431.233544
70
0
0
VERTEX
8
Layer 1
10
533.647200
20
4434.621500
70
0
0
SEQEND
8
Layer 1
0
POLYLINE
8
Layer 1
62
7
70
0
10
0.000000
20
0.000000
66
1
0
VERTEX
8
Layer 1
10
537.979900
20
4423.002000
70
0
0
VERTEX
8
Layer 1
10
537.979900
20
4425.716000
70
0
0
SEQEND
8
Layer 1
0
POLYLINE
8
Layer 1
62
7
70
0
10
0.000000
20
0.000000
66
1
0
VERTEX
8
Layer 1
10
510.997900
20
4423.002000
70
0
0
VERTEX
8
Layer 1
10
537.979900
20
4423.002000
70
0
0
SEQEND
8
Layer 1
0
POLYLINE
8
Layer 1
62
7
70
0
10
0.000000
20
0.000000
66
1
0
VERTEX
8
Layer 1
10
510.997900
20
4416.040000
70
0
0
VERTEX
8
Layer 1
10
510.997900
20
4423.002000
70
0
0
SEQEND
8
Layer 1
0
POLYLINE
8
Layer 1
62
7
70
0
10
0.000000
20
0.000000
66
1
0
VERTEX
8
Layer 1
10
507.743900
20
4416.040000
70
0
0
VERTEX
8
Layer 1
10
510.997900
20
4416.040000
70
0
0
SEQEND
8
Layer 1
0
POLYLINE
8
Layer 1
62
7
70
0
10
0.000000
20
0.000000
66
1
0
VERTEX
8
Layer 1
10
507.178800
20
4396.948300
70
0
0
VERTEX
8
Layer 1
10
507.439166
20
4394.308526
70
0
0
VERTEX
8
Layer 1
10
508.211709
20
4391.962306
70
0
0
VERTEX
8
Layer 1
10
509.483598
20
4389.927646
70
0
0
VERTEX
8
Layer 1
10
511.242000
20
4388.222550
70
0
0
VERTEX
8
Layer 1
10
513.474083
20
4386.865023
70
0
0
VERTEX
8
Layer 1
10
516.167016
20
4385.873069
70
0
0
VERTEX
8
Layer 1
10
519.307965
20
4385.264693
70
0
0
VERTEX
8
Layer 1
10
522.884100
20
4385.057900
70
0
0
SEQEND
8
Layer 1
0
POLYLINE
8
Layer 1
62
7
70
0
10
0.000000
20
0.000000
66
1
0
VERTEX
8
Layer 1
10
522.884100
20
4408.838900
70
0
0
VERTEX
8
Layer 1
10
519.307965
20
4408.632103
70
0
0
VERTEX
8
Layer 1
10
516.167016
20
4408.023716
70
0
0
VERTEX
8
Layer 1
10
513.474083
20
4407.031746
70
0
0
VERTEX
8
Layer 1
10
511.242000
20
4405.674200
70
0
0
VERTEX
8
Layer 1
10
509.483598
20
4403.969086
70
0
0
VERTEX
8
Layer 1
10
508.211709
20
4401.934409
70
0
0
VERTEX
8
Layer 1
10
507.439166
20
4399.588179
70
0
0
VERTEX
8
Layer 1
10
507.178800
20
4396.948400
70
0
0
SEQEND
8
Layer 1
0
POLYLINE
8
Layer 1
62
7
70
0
10
0.000000
20
0.000000
66
1
0
VERTEX
8
Layer 1
10
538.545300
20
4396.948300
70
0
0
VERTEX
8
Layer 1
10
538.286833
20
4399.588112
70
0
0
VERTEX
8
Layer 1
10
537.519295
20
4401.934367
70
0
0
VERTEX
8
Layer 1
10
536.254482
20
4403.969061
70
0
0
VERTEX
8
Layer 1
10
534.504187
20
4405.674187
70
0
0
VERTEX
8
Layer 1
10
532.280207
20
4407.031740
70
0
0
VERTEX
8
Layer 1
10
529.594336
20
4408.023714
70
0
0
VERTEX
8
Layer 1
10
526.458369
20
4408.632103
70
0
0
VERTEX
8
Layer 1
10
522.884100
20
4408.838900
70
0
0
SEQEND
8
Layer 1
0
POLYLINE
8
Layer 1
62
7
70
0
10
0.000000
20
0.000000
66
1
0
VERTEX
8
Layer 1
10
522.884100
20
4385.057900
70
0
0
VERTEX
8
Layer 1
10
526.458369
20
4385.264693
70
0
0
VERTEX
8
Layer 1
10
529.594336
20
4385.873069
70
0
0
VERTEX
8
Layer 1
10
532.280207
20
4386.865023
70
0
0
VERTEX
8
Layer 1
10
534.504187
20
4388.222550
70
0
0
VERTEX
8
Layer 1
10
536.254482
20
4389.927646
70
0
0
VERTEX
8
Layer 1
10
537.519295
20
4391.962306
70
0
0
VERTEX
8
Layer 1
10
538.286833
20
4394.308526
70
0
0
VERTEX
8
Layer 1
10
538.545300
20
4396.948300
70
0
0
SEQEND
8
Layer 1
0
POLYLINE
8
Layer 1
62
7
70
0
10
0.000000
20
0.000000
66
1
0
VERTEX
8
Layer 1
10
510.297500
20
4396.948300
70
0
0
VERTEX
8
Layer 1
10
510.466417
20
4398.616030
70
0
0
VERTEX
8
Layer 1
10
510.989025
20
4400.143936
70
0
0
VERTEX
8
Layer 1
10
511.889108
20
4401.506577
70
0
0
VERTEX
8
Layer 1
10
513.190450
20
4402.678513
70
0
0
VERTEX
8
Layer 1
10
514.916836
20
4403.634303
70
0
0
VERTEX
8
Layer 1
10
517.092050
20
4404.348508
70
0
0
VERTEX
8
Layer 1
10
519.739877
20
4404.795687
70
0
0
VERTEX
8
Layer 1
10
522.884100
20
4404.950400
70
0
0
SEQEND
8
Layer 1
0
POLYLINE
8
Layer 1
62
7
70
0
10
0.000000
20
0.000000
66
1
0
VERTEX
8
Layer 1
10
512.778900
20
4391.523400
70
0
0
VERTEX
8
Layer 1
10
511.649188
20
4392.637820
70
0
0
VERTEX
8
Layer 1
10
510.878650
20
4393.930638
70
0
0
VERTEX
8
Layer 1
10
510.437888
20
4395.376061
70
0
0
VERTEX
8
Layer 1
10
510.297500
20
4396.948300
70
0
0
SEQEND
8
Layer 1
0
POLYLINE
8
Layer 1
62
7
70
0
10
0.000000
20
0.000000
66
1
0
VERTEX
8
Layer 1
10
530.461900
20
4403.685000
70
0
0
VERTEX
8
Layer 1
10
512.778900
20
4391.523000
70
0
0
SEQEND
8
Layer 1
0
POLYLINE
8
Layer 1
62
7
70
0
10
0.000000
20
0.000000
66
1
0
VERTEX
8
Layer 1
10
522.884100
20
4404.950400
70
0
0
VERTEX
8
Layer 1
10
525.133812
20
4404.875794
70
0
0
VERTEX
8
Layer 1
10
527.146750
20
4404.639975
70
0
0
VERTEX
8
Layer 1
10
528.922912
20
4404.242944
70
0
0
VERTEX
8
Layer 1
10
530.462300
20
4403.684700
70
0
0
SEQEND
8
Layer 1
0
POLYLINE
8
Layer 1
62
7
70
0
10
0.000000
20
0.000000
66
1
0
VERTEX
8
Layer 1
10
515.395900
20
4390.166000
70
0
0
VERTEX
8
Layer 1
10
533.033900
20
4402.329000
70
0
0
SEQEND
8
Layer 1
0
POLYLINE
8
Layer 1
62
7
70
0
10
0.000000
20
0.000000
66
1
0
VERTEX
8
Layer 1
10
522.884100
20
4388.946300
70
0
0
VERTEX
8
Layer 1
10
520.622900
20
4389.022486
70
0
0
VERTEX
8
Layer 1
10
518.632150
20
4389.251137
70
0
0
VERTEX
8
Layer 1
10
516.895275
20
4389.632395
70
0
0
VERTEX
8
Layer 1
10
515.395700
20
4390.166400
70
0
0
SEQEND
8
Layer 1
0
POLYLINE
8
Layer 1
62
7
70
0
10
0.000000
20
0.000000
66
1
0
VERTEX
8
Layer 1
10
535.470800
20
4396.948300
70
0
0
VERTEX
8
Layer 1
10
535.264878
20
4395.176640
70
0
0
VERTEX
8
Layer 1
10
534.652402
20
4393.599961
70
0
0
VERTEX
8
Layer 1
10
533.641302
20
4392.230973
70
0
0
VERTEX
8
Layer 1
10
532.239513
20
4391.082388
70
0
0
VERTEX
8
Layer 1
10
530.454965
20
4390.166916
70
0
0
VERTEX
8
Layer 1
10
528.295592
20
4389.497270
70
0
0
VERTEX
8
Layer 1
10
525.769326
20
4389.086161
70
0
0
VERTEX
8
Layer 1
10
522.884100
20
4388.946300
70
0
0
SEQEND
8
Layer 1
0
POLYLINE
8
Layer 1
62
7
70
0
10
0.000000
20
0.000000
66
1
0
VERTEX
8
Layer 1
10
533.033500
20
4402.329200
70
0
0
VERTEX
8
Layer 1
10
534.119070
20
4401.201997
70
0
0
VERTEX
8
Layer 1
10
534.878587
20
4399.926875
70
0
0
VERTEX
8
Layer 1
10
535.324886
20
4398.507716
70
0
0
VERTEX
8
Layer 1
10
535.470800
20
4396.948400
70
0
0
SEQEND
8
Layer 1
0
POLYLINE
8
Layer 1
62
7
70
0
10
0.000000
20
0.000000
66
1
0
VERTEX
8
Layer 1
10
507.178800
20
4368.407600
70
0
0
VERTEX
8
Layer 1
10
507.439166
20
4365.767821
70
0
0
VERTEX
8
Layer 1
10
508.211709
20
4363.421591
70
0
0
VERTEX
8
Layer 1
10
509.483598
20
4361.386914
70
0
0
VERTEX
8
Layer 1
10
511.242000
20
4359.681800
70
0
0
VERTEX
8
Layer 1
10
513.474083
20
4358.324254
70
0
0
VERTEX
8
Layer 1
10
516.167016
20
4357.332284
70
0
0
VERTEX
8
Layer 1
10
519.307965
20
4356.723897
70
0
0
VERTEX
8
Layer 1
10
522.884100
20
4356.517100
70
0
0
SEQEND
8
Layer 1
0
POLYLINE
8
Layer 1
62
7
70
0
10
0.000000
20
0.000000
66
1
0
VERTEX
8
Layer 1
10
522.884100
20
4380.298100
70
0
0
VERTEX
8
Layer 1
10
519.307965
20
4380.091303
70
0
0
VERTEX
8
Layer 1
10
516.167016
20
4379.482916
70
0
0
VERTEX
8
Layer 1
10
513.474083
20
4378.490946
70
0
0
VERTEX
8
Layer 1
10
511.242000
20
4377.133400
70
0
0
VERTEX
8
Layer 1
10
509.483598
20
4375.428286
70
0
0
VERTEX
8
Layer 1
10
508.211709
20
4373.393609
70
0
0
VERTEX
8
Layer 1
10
507.439166
20
4371.047379
70
0
0
VERTEX
8
Layer 1
10
507.178800
20
4368.407600
70
0
0
SEQEND
8
Layer 1
0
POLYLINE
8
Layer 1
62
7
70
0
10
0.000000
20
0.000000
66
1
0
VERTEX
8
Layer 1
10
538.545300
20
4368.407600
70
0
0
VERTEX
8
Layer 1
10
538.286833
20
4371.047379
70
0
0
VERTEX
8
Layer 1
10
537.519295
20
4373.393609
70
0
0
VERTEX
8
Layer 1
10
536.254482
20
4375.428286
70
0
0
VERTEX
8
Layer 1
10
534.504187
20
4377.133400
70
0
0
VERTEX
8
Layer 1
10
532.280207
20
4378.490946
70
0
0
VERTEX
8
Layer 1
10
529.594336
20
4379.482916
70
0
0
VERTEX
8
Layer 1
10
526.458369
20
4380.091303
70
0
0
VERTEX
8
Layer 1
10
522.884100
20
4380.298100
70
0
0
SEQEND
8
Layer 1
0
POLYLINE
8
Layer 1
62
7
70
0
10
0.000000
20
0.000000
66
1
0
VERTEX
8
Layer 1
10
522.884100
20
4356.517100
70
0
0
VERTEX
8
Layer 1
10
526.458369
20
4356.723897
70
0
0
VERTEX
8
Layer 1
10
529.594336
20
4357.332284
70
0
0
VERTEX
8
Layer 1
10
532.280207
20
4358.324254
70
0
0
VERTEX
8
Layer 1
10
534.504187
20
4359.681800
70
0
0
VERTEX
8
Layer 1
10
536.254482
20
4361.386914
70
0
0
VERTEX
8
Layer 1
10
537.519295
20
4363.421591
70
0
0
VERTEX
8
Layer 1
10
538.286833
20
4365.767821
70
0
0
VERTEX
8
Layer 1
10
538.545300
20
4368.407600
70
0
0
SEQEND
8
Layer 1
0
POLYLINE
8
Layer 1
62
7
70
0
10
0.000000
20
0.000000
66
1
0
VERTEX
8
Layer 1
10
510.297500
20
4368.407600
70
0
0
VERTEX
8
Layer 1
10
510.466417
20
4370.075330
70
0
0
VERTEX
8
Layer 1
10
510.989025
20
4371.603236
70
0
0
VERTEX
8
Layer 1
10
511.889108
20
4372.965877
70
0
0
VERTEX
8
Layer 1
10
513.190450
20
4374.137812
70
0
0
VERTEX
8
Layer 1
10
514.916836
20
4375.093603
70
0
0
VERTEX
8
Layer 1
10
517.092050
20
4375.807808
70
0
0
VERTEX
8
Layer 1
10
519.739877
20
4376.254987
70
0
0
VERTEX
8
Layer 1
10
522.884100
20
4376.409700
70
0
0
SEQEND
8
Layer 1
0
POLYLINE
8
Layer 1
62
7
70
0
10
0.000000
20
0.000000
66
1
0
VERTEX
8
Layer 1
10
512.778900
20
4362.982600
70
0
0
VERTEX
8
Layer 1
10
511.649188
20
4364.097036
70
0
0
VERTEX
8
Layer 1
10
510.878650
20
4365.389887
70
0
0
VERTEX
8
Layer 1
10
510.437888
20
4366.835345
70
0
0
VERTEX
8
Layer 1
10
510.297500
20
4368.407600
70
0
0
SEQEND
8
Layer 1
0
POLYLINE
8
Layer 1
62
7
70
0
10
0.000000
20
0.000000
66
1
0
VERTEX
8
Layer 1
10
530.461900
20
4375.144000
70
0
0
VERTEX
8
Layer 1
10
512.778900
20
4362.983000
70
0
0
SEQEND
8
Layer 1
0
POLYLINE
8
Layer 1
62
7
70
0
10
0.000000
20
0.000000
66
1
0
VERTEX
8
Layer 1
10
522.884100
20
4376.409700
70
0
0
VERTEX
8
Layer 1
10
525.133812
20
4376.335087
70
0
0
VERTEX
8
Layer 1
10
527.146750
20
4376.099250
70
0
0
VERTEX
8
Layer 1
10
528.922912
20
4375.702187
70
0
0
VERTEX
8
Layer 1
10
530.462300
20
4375.143900
70
0
0
SEQEND
8
Layer 1
0
POLYLINE
8
Layer 1
62
7
70
0
10
0.000000
20
0.000000
66
1
0
VERTEX
8
Layer 1
10
515.395900
20
4361.626000
70
0
0
VERTEX
8
Layer 1
10
533.033900
20
4373.788000
70
0
0
SEQEND
8
Layer 1
0
POLYLINE
8
Layer 1
62
7
70
0
10
0.000000
20
0.000000
66
1
0
VERTEX
8
Layer 1
10
522.884100
20
4360.405600
70
0
0
VERTEX
8
Layer 1
10
520.622900
20
4360.481786
70
0
0
VERTEX
8
Layer 1
10
518.632150
20
4360.710437
70
0
0
VERTEX
8
Layer 1
10
516.895275
20
4361.091695
70
0
0
VERTEX
8
Layer 1
10
515.395700
20
4361.625700
70
0
0
SEQEND
8
Layer 1
0
POLYLINE
8
Layer 1
62
7
70
0
10
0.000000
20
0.000000
66
1
0
VERTEX
8
Layer 1
10
535.470800
20
4368.407600
70
0
0
VERTEX
8
Layer 1
10
535.264878
20
4366.635940
70
0
0
VERTEX
8
Layer 1
10
534.652402
20
4365.059261
70
0
0
VERTEX
8
Layer 1
10
533.641302
20
4363.690273
70
0
0
VERTEX
8
Layer 1
10
532.239513
20
4362.541687
70
0
0
VERTEX
8
Layer 1
10
530.454965
20
4361.626216
70
0
0
VERTEX
8
Layer 1
10
528.295592
20
4360.956570
70
0
0
VERTEX
8
Layer 1
10
525.769326
20
4360.545461
70
0
0
VERTEX
8
Layer 1
10
522.884100
20
4360.405600
70
0
0
SEQEND
8
Layer 1
0
POLYLINE
8
Layer 1
62
7
70
0
10
0.000000
20
0.000000
66
1
0
VERTEX
8
Layer 1
10
533.033500
20
4373.788400
70
0
0
VERTEX
8
Layer 1
10
534.119070
20
4372.661211
70
0
0
VERTEX
8
Layer 1
10
534.878587
20
4371.386112
70
0
0
VERTEX
8
Layer 1
10
535.324886
20
4369.966958
70
0
0
VERTEX
8
Layer 1
10
535.470800
20
4368.407600
70
0
0
SEQEND
8
Layer 1
0
POLYLINE
8
Layer 1
62
7
70
0
10
0.000000
20
0.000000
66
1
0
VERTEX
8
Layer 1
10
507.743900
20
4351.306000
70
0
0
VERTEX
8
Layer 1
10
507.743900
20
4347.869000
70
0
0
SEQEND
8
Layer 1
0
POLYLINE
8
Layer 1
62
7
70
0
10
0.000000
20
0.000000
66
1
0
VERTEX
8
Layer 1
10
530.161900
20
4351.306000
70
0
0
VERTEX
8
Layer 1
10
507.743900
20
4351.306000
70
0
0
SEQEND
8
Layer 1
0
POLYLINE
8
Layer 1
62
7
70
0
10
0.000000
20
0.000000
66
1
0
VERTEX
8
Layer 1
10
530.161900
20
4348.547000
70
0
0
VERTEX
8
Layer 1
10
530.161900
20
4351.306000
70
0
0
SEQEND
8
Layer 1
0
POLYLINE
8
Layer 1
62
7
70
0
10
0.000000
20
0.000000
66
1
0
VERTEX
8
Layer 1
10
527.783900
20
4348.096000
70
0
0
VERTEX
8
Layer 1
10
530.161900
20
4348.547000
70
0
0
SEQEND
8
Layer 1
0
POLYLINE
8
Layer 1
62
7
70
0
10
0.000000
20
0.000000
66
1
0
VERTEX
8
Layer 1
10
530.633000
20
4343.257900
70
0
0
VERTEX
8
Layer 1
10
530.397666
20
4344.910148
70
0
0
VERTEX
8
Layer 1
10
529.768000
20
4346.270037
70
0
0
VERTEX
8
Layer 1
10
528.858509
20
4347.333283
70
0
0
VERTEX
8
Layer 1
10
527.783700
20
4348.095600
70
0
0
SEQEND
8
Layer 1
0
POLYLINE
8
Layer 1
62
7
70
0
10
0.000000
20
0.000000
66
1
0
VERTEX
8
Layer 1
10
527.738100
20
4338.601200
70
0
0
VERTEX
8
Layer 1
10
528.953516
20
4339.290292
70
0
0
VERTEX
8
Layer 1
10
529.863850
20
4340.284887
70
0
0
VERTEX
8
Layer 1
10
530.435034
20
4341.601814
70
0
0
VERTEX
8
Layer 1
10
530.633000
20
4343.257900
70
0
0
SEQEND
8
Layer 1
0
POLYLINE
8
Layer 1
62
7
70
0
10
0.000000
20
0.000000
66
1
0
VERTEX
8
Layer 1
10
530.633000
20
4333.582400
70
0
0
VERTEX
8
Layer 1
10
530.390527
20
4335.326480
70
0
0
VERTEX
8
Layer 1
10
529.745163
20
4336.752962
70
0
0
VERTEX
8
Layer 1
10
528.819992
20
4337.848864
70
0
0
VERTEX
8
Layer 1
10
527.738100
20
4338.601200
70
0
0
SEQEND
8
Layer 1
0
POLYLINE
8
Layer 1
62
7
70
0
10
0.000000
20
0.000000
66
1
0
VERTEX
8
Layer 1
10
524.669400
20
4328.338400
70
0
0
VERTEX
8
Layer 1
10
525.936848
20
4328.413537
70
0
0
VERTEX
8
Layer 1
10
527.087056
20
4328.642834
70
0
0
VERTEX
8
Layer 1
10
528.104074
20
4329.032121
70
0
0
VERTEX
8
Layer 1
10
528.971950
20
4329.587225
70
0
0
VERTEX
8
Layer 1
10
529.674732
20
4330.313976
70
0
0
VERTEX
8
Layer 1
10
530.196469
20
4331.218203
70
0
0
VERTEX
8
Layer 1
10
530.521209
20
4332.305735
70
0
0
VERTEX
8
Layer 1
10
530.633000
20
4333.582400
70
0
0
SEQEND
8
Layer 1
0
POLYLINE
8
Layer 1
62
7
70
0
10
0.000000
20
0.000000
66
1
0
VERTEX
8
Layer 1
10
507.743900
20
4328.338000
70
0
0
VERTEX
8
Layer 1
10
524.668900
20
4328.338000
70
0
0
SEQEND
8
Layer 1
0
POLYLINE
8
Layer 1
62
7
70
0
10
0.000000
20
0.000000
66
1
0
VERTEX
8
Layer 1
10
507.743900
20
4331.774000
70
0
0
VERTEX
8
Layer 1
10
507.743900
20
4328.338000
70
0
0
SEQEND
8
Layer 1
0
POLYLINE
8
Layer 1
62
7
70
0
10
0.000000
20
0.000000
66
1
0
VERTEX
8
Layer 1
10
523.494900
20
4331.774000
70
0
0
VERTEX
8
Layer 1
10
507.743900
20
4331.774000
70
0
0
SEQEND
8
Layer 1
0
POLYLINE
8
Layer 1
62
7
70
0
10
0.000000
20
0.000000
66
1
0
VERTEX
8
Layer 1
10
527.467200
20
4334.622900
70
0
0
VERTEX
8
Layer 1
10
527.398353
20
4333.916087
70
0
0
VERTEX
8
Layer 1
10
527.195686
20
4333.319013
70
0
0
VERTEX
8
Layer 1
10
526.865010
20
4332.826901
70
0
0
VERTEX
8
Layer 1
10
526.412138
20
4332.434975
70
0
0
VERTEX
8
Layer 1
10
525.163045
20
4331.932575
70
0
0
VERTEX
8
Layer 1
10
523.494900
20
4331.773600
70
0
0
SEQEND
8
Layer 1
0
POLYLINE
8
Layer 1
62
7
70
0
10
0.000000
20
0.000000
66
1
0
VERTEX
8
Layer 1
10
522.592700
20
4338.103700
70
0
0
VERTEX
8
Layer 1
10
524.725308
20
4337.845856
70
0
0
VERTEX
8
Layer 1
10
525.563113
20
4337.538662
70
0
0
VERTEX
8
Layer 1
10
526.248588
20
4337.126050
70
0
0
VERTEX
8
Layer 1
10
526.781732
20
4336.618095
70
0
0
VERTEX
8
Layer 1
10
527.162548
20
4336.024869
70
0
0
VERTEX
8
Layer 1
10
527.391037
20
4335.356446
70
0
0
VERTEX
8
Layer 1
10
527.467200
20
4334.622900
70
0
0
SEQEND
8
Layer 1
0
POLYLINE
8
Layer 1
62
7
70
0
10
0.000000
20
0.000000
66
1
0
VERTEX
8
Layer 1
10
507.743900
20
4338.104000
70
0
0
VERTEX
8
Layer 1
10
522.592900
20
4338.104000
70
0
0
SEQEND
8
Layer 1
0
POLYLINE
8
Layer 1
62
7
70
0
10
0.000000
20
0.000000
66
1
0
VERTEX
8
Layer 1
10
507.743900
20
4341.540000
70
0
0
VERTEX
8
Layer 1
10
507.743900
20
4338.104000
70
0
0
SEQEND
8
Layer 1
0
POLYLINE
8
Layer 1
62
7
70
0
10
0.000000
20
0.000000
66
1
0
VERTEX
8
Layer 1
10
523.540900
20
4341.540000
70
0
0
VERTEX
8
Layer 1
10
507.743900
20
4341.540000
70
0
0
SEQEND
8
Layer 1
0
POLYLINE
8
Layer 1
62
7
70
0
10
0.000000
20
0.000000
66
1
0
VERTEX
8
Layer 1
10
527.467200
20
4344.342600
70
0
0
VERTEX
8
Layer 1
10
527.398442
20
4343.638208
70
0
0
VERTEX
8
Layer 1
10
527.196398
20
4343.046647
70
0
0
VERTEX
8
Layer 1
10
526.867415
20
4342.562087
70
0
0
VERTEX
8
Layer 1
10
526.417838
20
4342.178700
70
0
0
VERTEX
8
Layer 1
10
525.182283
20
4341.692128
70
0
0
VERTEX
8
Layer 1
10
523.540500
20
4341.540300
70
0
0
SEQEND
8
Layer 1
0
POLYLINE
8
Layer 1
62
7
70
0
10
0.000000
20
0.000000
66
1
0
VERTEX
8
Layer 1
10
522.547100
20
4347.869000
70
0
0
VERTEX
8
Layer 1
10
524.686833
20
4347.604228
70
0
0
VERTEX
8
Layer 1
10
525.531941
20
4347.289903
70
0
0
VERTEX
8
Layer 1
10
526.225788
20
4346.869075
70
0
0
VERTEX
8
Layer 1
10
526.767304
20
4346.352838
70
0
0
VERTEX
8
Layer 1
10
527.155423
20
4345.752284
70
0
0
VERTEX
8
Layer 1
10
527.389078
20
4345.078507
70
0
0
VERTEX
8
Layer 1
10
527.467200
20
4344.342600
70
0
0
SEQEND
8
Layer 1
0
POLYLINE
8
Layer 1
62
7
70
0
10
0.000000
20
0.000000
66
1
0
VERTEX
8
Layer 1
10
507.743900
20
4347.869000
70
0
0
VERTEX
8
Layer 1
10
522.546900
20
4347.869000
70
0
0
SEQEND
8
Layer 1
0
POLYLINE
8
Layer 1
62
7
70
0
10
0.000000
20
0.000000
66
1
0
VERTEX
8
Layer 1
10
507.743900
20
4322.765000
70
0
0
VERTEX
8
Layer 1
10
507.743900
20
4319.328000
70
0
0
SEQEND
8
Layer 1
0
POLYLINE
8
Layer 1
62
7
70
0
10
0.000000
20
0.000000
66
1
0
VERTEX
8
Layer 1
10
530.161900
20
4322.765000
70
0
0
VERTEX
8
Layer 1
10
507.743900
20
4322.765000
70
0
0
SEQEND
8
Layer 1
0
POLYLINE
8
Layer 1
62
7
70
0
10
0.000000
20
0.000000
66
1
0
VERTEX
8
Layer 1
10
530.161900
20
4320.007000
70
0
0
VERTEX
8
Layer 1
10
530.161900
20
4322.765000
70
0
0
SEQEND
8
Layer 1
0
POLYLINE
8
Layer 1
62
7
70
0
10
0.000000
20
0.000000
66
1
0
VERTEX
8
Layer 1
10
527.783900
20
4319.555000
70
0
0
VERTEX
8
Layer 1
10
530.161900
20
4320.007000
70
0
0
SEQEND
8
Layer 1
0
POLYLINE
8
Layer 1
62
7
70
0
10
0.000000
20
0.000000
66
1
0
VERTEX
8
Layer 1
10
530.633000
20
4314.717100
70
0
0
VERTEX
8
Layer 1
10
530.397666
20
4316.369406
70
0
0
VERTEX
8
Layer 1
10
529.768000
20
4317.729325
70
0
0
VERTEX
8
Layer 1
10
528.858509
20
4318.792581
70
0
0
VERTEX
8
Layer 1
10
527.783700
20
4319.554900
70
0
0
SEQEND
8
Layer 1
0
POLYLINE
8
Layer 1
62
7
70
0
10
0.000000
20
0.000000
66
1
0
VERTEX
8
Layer 1
10
527.738100
20
4310.060400
70
0
0
VERTEX
8
Layer 1
10
528.953516
20
4310.749548
70
0
0
VERTEX
8
Layer 1
10
529.863850
20
4311.744162
70
0
0
VERTEX
8
Layer 1
10
530.435034
20
4313.061070
70
0
0
VERTEX
8
Layer 1
10
530.633000
20
4314.717100
70
0
0
SEQEND
8
Layer 1
0
POLYLINE
8
Layer 1
62
7
70
0
10
0.000000
20
0.000000
66
1
0
VERTEX
8
Layer 1
10
530.633000
20
4305.041700
70
0
0
VERTEX
8
Layer 1
10
530.390527
20
4306.785778
70
0
0
VERTEX
8
Layer 1
10
529.745163
20
4308.212250
70
0
0
VERTEX
8
Layer 1
10
528.819992
20
4309.308122
70
0
0
VERTEX
8
Layer 1
10
527.738100
20
4310.060400
70
0
0
SEQEND
8
Layer 1
0
POLYLINE
8
Layer 1
62
7
70
0
10
0.000000
20
0.000000
66
1
0
VERTEX
8
Layer 1
10
524.669400
20
4299.797700
70
0
0
VERTEX
8
Layer 1
10
525.936848
20
4299.872837
70
0
0
VERTEX
8
Layer 1
10
527.087056
20
4300.102134
70
0
0
VERTEX
8
Layer 1
10
528.104074
20
4300.491421
70
0
0
VERTEX
8
Layer 1
10
528.971950
20
4301.046525
70
0
0
VERTEX
8
Layer 1
10
529.674732
20
4301.773276
70
0
0
VERTEX
8
Layer 1
10
530.196469
20
4302.677503
70
0
0
VERTEX
8
Layer 1
10
530.521209
20
4303.765035
70
0
0
VERTEX
8
Layer 1
10
530.633000
20
4305.041700
70
0
0
SEQEND
8
Layer 1
0
POLYLINE
8
Layer 1
62
7
70
0
10
0.000000
20
0.000000
66
1
0
VERTEX
8
Layer 1
10
507.743900
20
4299.798000
70
0
0
VERTEX
8
Layer 1
10
524.668900
20
4299.798000
70
0
0
SEQEND
8
Layer 1
0
POLYLINE
8
Layer 1
62
7
70
0
10
0.000000
20
0.000000
66
1
0
VERTEX
8
Layer 1
10
507.743900
20
4303.233000
70
0
0
VERTEX
8
Layer 1
10
507.743900
20
4299.798000
70
0
0
SEQEND
8
Layer 1
0
POLYLINE
8
Layer 1
62
7
70
0
10
0.000000
20
0.000000
66
1
0
VERTEX
8
Layer 1
10
523.494900
20
4303.233000
70
0
0
VERTEX
8
Layer 1
10
507.743900
20
4303.233000
70
0
0
SEQEND
8
Layer 1
0
POLYLINE
8
Layer 1
62
7
70
0
10
0.000000
20
0.000000
66
1
0
VERTEX
8
Layer 1
10
527.467200
20
4306.082200
70
0
0
VERTEX
8
Layer 1
10
527.398353
20
4305.375354
70
0
0
VERTEX
8
Layer 1
10
527.195686
20
4304.778255
70
0
0
VERTEX
8
Layer 1
10
526.865010
20
4304.286125
70
0
0
VERTEX
8
Layer 1
10
526.412138
20
4303.894188
70
0
0
VERTEX
8
Layer 1
10
525.163045
20
4303.391777
70
0
0
VERTEX
8
Layer 1
10
523.494900
20
4303.232800
70
0
0
SEQEND
8
Layer 1
0
POLYLINE
8
Layer 1
62
7
70
0
10
0.000000
20
0.000000
66
1
0
VERTEX
8
Layer 1
10
522.592700
20
4309.563000
70
0
0
VERTEX
8
Layer 1
10
524.725308
20
4309.305156
70
0
0
VERTEX
8
Layer 1
10
525.563113
20
4308.997962
70
0
0
VERTEX
8
Layer 1
10
526.248588
20
4308.585350
70
0
0
VERTEX
8
Layer 1
10
526.781732
20
4308.077395
70
0
0
VERTEX
8
Layer 1
10
527.162548
20
4307.484169
70
0
0
VERTEX
8
Layer 1
10
527.391037
20
4306.815746
70
0
0
VERTEX
8
Layer 1
10
527.467200
20
4306.082200
70
0
0
SEQEND
8
Layer 1
0
POLYLINE
8
Layer 1
62
7
70
0
10
0.000000
20
0.000000
66
1
0
VERTEX
8
Layer 1
10
507.743900
20
4309.563000
70
0
0
VERTEX
8
Layer 1
10
522.592900
20
4309.563000
70
0
0
SEQEND
8
Layer 1
0
POLYLINE
8
Layer 1
62
7
70
0
10
0.000000
20
0.000000
66
1
0
VERTEX
8
Layer 1
10
507.743900
20
4313.000000
70
0
0
VERTEX
8
Layer 1
10
507.743900
20
4309.563000
70
0
0
SEQEND
8
Layer 1
0
POLYLINE
8
Layer 1
62
7
70
0
10
0.000000
20
0.000000
66
1
0
VERTEX
8
Layer 1
10
523.540900
20
4313.000000
70
0
0
VERTEX
8
Layer 1
10
507.743900
20
4313.000000
70
0
0
SEQEND
8
Layer 1
0
POLYLINE
8
Layer 1
62
7
70
0
10
0.000000
20
0.000000
66
1
0
VERTEX
8
Layer 1
10
527.467200
20
4315.801800
70
0
0
VERTEX
8
Layer 1
10
527.398442
20
4315.097412
70
0
0
VERTEX
8
Layer 1
10
527.196398
20
4314.505862
70
0
0
VERTEX
8
Layer 1
10
526.867415
20
4314.021319
70
0
0
VERTEX
8
Layer 1
10
526.417838
20
4313.637950
70
0
0
VERTEX
8
Layer 1
10
525.182283
20
4313.151412
70
0
0
VERTEX
8
Layer 1
10
523.540500
20
4312.999600
70
0
0
SEQEND
8
Layer 1
0
POLYLINE
8
Layer 1
62
7
70
0
10
0.000000
20
0.000000
66
1
0
VERTEX
8
Layer 1
10
522.547100
20
4319.328200
70
0
0
VERTEX
8
Layer 1
10
524.686833
20
4319.063442
70
0
0
VERTEX
8
Layer 1
10
525.531941
20
4318.749129
70
0
0
VERTEX
8
Layer 1
10
526.225788
20
4318.328312
70
0
0
VERTEX
8
Layer 1
10
526.767304
20
4317.812082
70
0
0
VERTEX
8
Layer 1
10
527.155423
20
4317.211527
70
0
0
VERTEX
8
Layer 1
10
527.389078
20
4316.537736
70
0
0
VERTEX
8
Layer 1
10
527.467200
20
4315.801800
70
0
0
SEQEND
8
Layer 1
0
POLYLINE
8
Layer 1
62
7
70
0
10
0.000000
20
0.000000
66
1
0
VERTEX
8
Layer 1
10
507.743900
20
4319.328000
70
0
0
VERTEX
8
Layer 1
10
522.546900
20
4319.328000
70
0
0
SEQEND
8
Layer 1
0
POLYLINE
8
Layer 1
62
7
70
0
10
0.000000
20
0.000000
66
1
0
VERTEX
8
Layer 1
10
522.602900
20
4257.862000
70
0
0
VERTEX
8
Layer 1
10
527.575900
20
4254.245000
70
0
0
SEQEND
8
Layer 1
0
POLYLINE
8
Layer 1
62
7
70
0
10
0.000000
20
0.000000
66
1
0
VERTEX
8
Layer 1
10
524.095900
20
4259.986000
70
0
0
VERTEX
8
Layer 1
10
522.602900
20
4257.862000
70
0
0
SEQEND
8
Layer 1
0
POLYLINE
8
Layer 1
62
7
70
0
10
0.000000
20
0.000000
66
1
0
VERTEX
8
Layer 1
10
529.203900
20
4256.279000
70
0
0
VERTEX
8
Layer 1
10
524.095900
20
4259.986000
70
0
0
SEQEND
8
Layer 1
0
POLYLINE
8
Layer 1
62
7
70
0
10
0.000000
20
0.000000
66
1
0
VERTEX
8
Layer 1
10
531.057900
20
4262.292000
70
0
0
VERTEX
8
Layer 1
10
529.203900
20
4256.279000
70
0
0
SEQEND
8
Layer 1
0
POLYLINE
8
Layer 1
62
7
70
0
10
0.000000
20
0.000000
66
1
0
VERTEX
8
Layer 1
10
533.543900
20
4261.524000
70
0
0
VERTEX
8
Layer 1
10
531.057900
20
4262.292000
70
0
0
SEQEND
8
Layer 1
0
POLYLINE
8
Layer 1
62
7
70
0
10
0.000000
20
0.000000
66
1
0
VERTEX
8
Layer 1
10
531.599900
20
4255.510000
70
0
0
VERTEX
8
Layer 1
10
533.543900
20
4261.524000
70
0
0
SEQEND
8
Layer 1
0
POLYLINE
8
Layer 1
62
7
70
0
10
0.000000
20
0.000000
66
1
0
VERTEX
8
Layer 1
10
537.885900
20
4255.510000
70
0
0
VERTEX
8
Layer 1
10
531.599900
20
4255.510000
70
0
0
SEQEND
8
Layer 1
0
POLYLINE
8
Layer 1
62
7
70
0
10
0.000000
20
0.000000
66
1
0
VERTEX
8
Layer 1
10
537.885900
20
4252.933000
70
0
0
VERTEX
8
Layer 1
10
537.885900
20
4255.510000
70
0
0
SEQEND
8
Layer 1
0
POLYLINE
8
Layer 1
62
7
70
0
10
0.000000
20
0.000000
66
1
0
VERTEX
8
Layer 1
10
531.599900
20
4252.933000
70
0
0
VERTEX
8
Layer 1
10
537.885900
20
4252.933000
70
0
0
SEQEND
8
Layer 1
0
POLYLINE
8
Layer 1
62
7
70
0
10
0.000000
20
0.000000
66
1
0
VERTEX
8
Layer 1
10
533.543900
20
4246.965000
70
0
0
VERTEX
8
Layer 1
10
531.599900
20
4252.933000
70
0
0
SEQEND
8
Layer 1
0
POLYLINE
8
Layer 1
62
7
70
0
10
0.000000
20
0.000000
66
1
0
VERTEX
8
Layer 1
10
531.057900
20
4246.151000
70
0
0
VERTEX
8
Layer 1
10
533.543900
20
4246.965000
70
0
0
SEQEND
8
Layer 1
0
POLYLINE
8
Layer 1
62
7
70
0
10
0.000000
20
0.000000
66
1
0
VERTEX
8
Layer 1
10
529.203900
20
4252.165000
70
0
0
VERTEX
8
Layer 1
10
531.057900
20
4246.151000
70
0
0
SEQEND
8
Layer 1
0
POLYLINE
8
Layer 1
62
7
70
0
10
0.000000
20
0.000000
66
1
0
VERTEX
8
Layer 1
10
524.095900
20
4248.412000
70
0
0
VERTEX
8
Layer 1
10
529.203900
20
4252.165000
70
0
0
SEQEND
8
Layer 1
0
POLYLINE
8
Layer 1
62
7
70
0
10
0.000000
20
0.000000
66
1
0
VERTEX
8
Layer 1
10
522.558900
20
4250.492000
70
0
0
VERTEX
8
Layer 1
10
524.095900
20
4248.412000
70
0
0
SEQEND
8
Layer 1
0
POLYLINE
8
Layer 1
62
7
70
0
10
0.000000
20
0.000000
66
1
0
VERTEX
8
Layer 1
10
527.575900
20
4254.245000
70
0
0
VERTEX
8
Layer 1
10
522.558900
20
4250.492000
70
0
0
SEQEND
8
Layer 1
0
POLYLINE
8
Layer 1
62
7
70
0
10
0.000000
20
0.000000
66
1
0
VERTEX
8
Layer 1
10
507.743900
20
4206.206000
70
0
0
VERTEX
8
Layer 1
10
507.743900
20
4187.714000
70
0
0
SEQEND
8
Layer 1
0
POLYLINE
8
Layer 1
62
7
70
0
10
0.000000
20
0.000000
66
1
0
VERTEX
8
Layer 1
10
510.997900
20
4206.206000
70
0
0
VERTEX
8
Layer 1
10
507.743900
20
4206.206000
70
0
0
SEQEND
8
Layer 1
0
POLYLINE
8
Layer 1
62
7
70
0
10
0.000000
20
0.000000
66
1
0
VERTEX
8
Layer 1
10
510.997900
20
4198.475000
70
0
0
VERTEX
8
Layer 1
10
510.997900
20
4206.206000
70
0
0
SEQEND
8
Layer 1
0
POLYLINE
8
Layer 1
62
7
70
0
10
0.000000
20
0.000000
66
1
0
VERTEX
8
Layer 1
10
530.700900
20
4198.475000
70
0
0
VERTEX
8
Layer 1
10
510.997900
20
4198.475000
70
0
0
SEQEND
8
Layer 1
0
POLYLINE
8
Layer 1
62
7
70
0
10
0.000000
20
0.000000
66
1
0
VERTEX
8
Layer 1
10
530.700900
20
4206.296000
70
0
0
VERTEX
8
Layer 1
10
530.700900
20
4198.475000
70
0
0
SEQEND
8
Layer 1
0
POLYLINE
8
Layer 1
62
7
70
0
10
0.000000
20
0.000000
66
1
0
VERTEX
8
Layer 1
10
533.646900
20
4206.296000
70
0
0
VERTEX
8
Layer 1
10
530.700900
20
4206.296000
70
0
0
SEQEND
8
Layer 1
0
POLYLINE
8
Layer 1
62
7
70
0
10
0.000000
20
0.000000
66
1
0
VERTEX
8
Layer 1
10
537.980200
20
4197.389900
70
0
0
VERTEX
8
Layer 1
10
536.731683
20
4197.924562
70
0
0
VERTEX
8
Layer 1
10
535.742189
20
4198.590587
70
0
0
VERTEX
8
Layer 1
10
534.983191
20
4199.404944
70
0
0
VERTEX
8
Layer 1
10
534.426162
20
4200.384600
70
0
0
VERTEX
8
Layer 1
10
534.042576
20
4201.546525
70
0
0
VERTEX
8
Layer 1
10
533.803905
20
4202.907687
70
0
0
VERTEX
8
Layer 1
10
533.647200
20
4206.295600
70
0
0
SEQEND
8
Layer 1
0
POLYLINE
8
Layer 1
62
7
70
0
10
0.000000
20
0.000000
66
1
0
VERTEX
8
Layer 1
10
537.979900
20
4194.676000
70
0
0
VERTEX
8
Layer 1
10
537.979900
20
4197.390000
70
0
0
SEQEND
8
Layer 1
0
POLYLINE
8
Layer 1
62
7
70
0
10
0.000000
20
0.000000
66
1
0
VERTEX
8
Layer 1
10
510.997900
20
4194.676000
70
0
0
VERTEX
8
Layer 1
10
537.979900
20
4194.676000
70
0
0
SEQEND
8
Layer 1
0
POLYLINE
8
Layer 1
62
7
70
0
10
0.000000
20
0.000000
66
1
0
VERTEX
8
Layer 1
10
510.997900
20
4187.714000
70
0
0
VERTEX
8
Layer 1
10
510.997900
20
4194.676000
70
0
0
SEQEND
8
Layer 1
0
POLYLINE
8
Layer 1
62
7
70
0
10
0.000000
20
0.000000
66
1
0
VERTEX
8
Layer 1
10
507.743900
20
4187.714000
70
0
0
VERTEX
8
Layer 1
10
510.997900
20
4187.714000
70
0
0
SEQEND
8
Layer 1
0
POLYLINE
8
Layer 1
62
7
70
0
10
0.000000
20
0.000000
66
1
0
VERTEX
8
Layer 1
10
507.178800
20
4168.622500
70
0
0
VERTEX
8
Layer 1
10
507.439166
20
4165.982721
70
0
0
VERTEX
8
Layer 1
10
508.211709
20
4163.636491
70
0
0
VERTEX
8
Layer 1
10
509.483598
20
4161.601814
70
0
0
VERTEX
8
Layer 1
10
511.242000
20
4159.896700
70
0
0
VERTEX
8
Layer 1
10
513.474083
20
4158.539154
70
0
0
VERTEX
8
Layer 1
10
516.167016
20
4157.547184
70
0
0
VERTEX
8
Layer 1
10
519.307965
20
4156.938797
70
0
0
VERTEX
8
Layer 1
10
522.884100
20
4156.732000
70
0
0
SEQEND
8
Layer 1
0
POLYLINE
8
Layer 1
62
7
70
0
10
0.000000
20
0.000000
66
1
0
VERTEX
8
Layer 1
10
522.884100
20
4180.513000
70
0
0
VERTEX
8
Layer 1
10
519.307965
20
4180.306203
70
0
0
VERTEX
8
Layer 1
10
516.167016
20
4179.697816
70
0
0
VERTEX
8
Layer 1
10
513.474083
20
4178.705846
70
0
0
VERTEX
8
Layer 1
10
511.242000
20
4177.348300
70
0
0
VERTEX
8
Layer 1
10
509.483598
20
4175.643186
70
0
0
VERTEX
8
Layer 1
10
508.211709
20
4173.608509
70
0
0
VERTEX
8
Layer 1
10
507.439166
20
4171.262279
70
0
0
VERTEX
8
Layer 1
10
507.178800
20
4168.622500
70
0
0
SEQEND
8
Layer 1
0
POLYLINE
8
Layer 1
62
7
70
0
10
0.000000
20
0.000000
66
1
0
VERTEX
8
Layer 1
10
538.545300
20
4168.622500
70
0
0
VERTEX
8
Layer 1
10
538.286833
20
4171.262279
70
0
0
VERTEX
8
Layer 1
10
537.519295
20
4173.608509
70
0
0
VERTEX
8
Layer 1
10
536.254482
20
4175.643186
70
0
0
VERTEX
8
Layer 1
10
534.504187
20
4177.348300
70
0
0
VERTEX
8
Layer 1
10
532.280207
20
4178.705846
70
0
0
VERTEX
8
Layer 1
10
529.594336
20
4179.697816
70
0
0
VERTEX
8
Layer 1
10
526.458369
20
4180.306203
70
0
0
VERTEX
8
Layer 1
10
522.884100
20
4180.513000
70
0
0
SEQEND
8
Layer 1
0
POLYLINE
8
Layer 1
62
7
70
0
10
0.000000
20
0.000000
66
1
0
VERTEX
8
Layer 1
10
522.884100
20
4156.732000
70
0
0
VERTEX
8
Layer 1
10
526.458369
20
4156.938797
70
0
0
VERTEX
8
Layer 1
10
529.594336
20
4157.547184
70
0
0
VERTEX
8
Layer 1
10
532.280207
20
4158.539154
70
0
0
VERTEX
8
Layer 1
10
534.504187
20
4159.896700
70
0
0
VERTEX
8
Layer 1
10
536.254482
20
4161.601814
70
0
0
VERTEX
8
Layer 1
10
537.519295
20
4163.636491
70
0
0
VERTEX
8
Layer 1
10
538.286833
20
4165.982721
70
0
0
VERTEX
8
Layer 1
10
538.545300
20
4168.622500
70
0
0
SEQEND
8
Layer 1
0
POLYLINE
8
Layer 1
62
7
70
0
10
0.000000
20
0.000000
66
1
0
VERTEX
8
Layer 1
10
510.297500
20
4168.622500
70
0
0
VERTEX
8
Layer 1
10
510.466417
20
4170.290230
70
0
0
VERTEX
8
Layer 1
10
510.989025
20
4171.818136
70
0
0
VERTEX
8
Layer 1
10
511.889108
20
4173.180777
70
0
0
VERTEX
8
Layer 1
10
513.190450
20
4174.352713
70
0
0
VERTEX
8
Layer 1
10
514.916836
20
4175.308503
70
0
0
VERTEX
8
Layer 1
10
517.092050
20
4176.022708
70
0
0
VERTEX
8
Layer 1
10
519.739877
20
4176.469887
70
0
0
VERTEX
8
Layer 1
10
522.884100
20
4176.624600
70
0
0
SEQEND
8
Layer 1
0
POLYLINE
8
Layer 1
62
7
70
0
10
0.000000
20
0.000000
66
1
0
VERTEX
8
Layer 1
10
512.778900
20
4163.197500
70
0
0
VERTEX
8
Layer 1
10
511.649188
20
4164.311936
70
0
0
VERTEX
8
Layer 1
10
510.878650
20
4165.604787
70
0
0
VERTEX
8
Layer 1
10
510.437888
20
4167.050245
70
0
0
VERTEX
8
Layer 1
10
510.297500
20
4168.622500
70
0
0
SEQEND
8
Layer 1
0
POLYLINE
8
Layer 1
62
7
70
0
10
0.000000
20
0.000000
66
1
0
VERTEX
8
Layer 1
10
530.461900
20
4175.359000
70
0
0
VERTEX
8
Layer 1
10
512.778900
20
4163.198000
70
0
0
SEQEND
8
Layer 1
0
POLYLINE
8
Layer 1
62
7
70
0
10
0.000000
20
0.000000
66
1
0
VERTEX
8
Layer 1
10
522.884100
20
4176.624600
70
0
0
VERTEX
8
Layer 1
10
525.133812
20
4176.549987
70
0
0
VERTEX
8
Layer 1
10
527.146750
20
4176.314150
70
0
0
VERTEX
8
Layer 1
10
528.922912
20
4175.917087
70
0
0
VERTEX
8
Layer 1
10
530.462300
20
4175.358800
70
0
0
SEQEND
8
Layer 1
0
POLYLINE
8
Layer 1
62
7
70
0
10
0.000000
20
0.000000
66
1
0
VERTEX
8
Layer 1
10
515.395900
20
4161.841000
70
0
0
VERTEX
8
Layer 1
10
533.033900
20
4174.003000
70
0
0
SEQEND
8
Layer 1
0
POLYLINE
8
Layer 1
62
7
70
0
10
0.000000
20
0.000000
66
1
0
VERTEX
8
Layer 1
10
522.884100
20
4160.620400
70
0
0
VERTEX
8
Layer 1
10
520.622900
20
4160.696586
70
0
0
VERTEX
8
Layer 1
10
518.632150
20
4160.925237
70
0
0
VERTEX
8
Layer 1
10
516.895275
20
4161.306495
70
0
0
VERTEX
8
Layer 1
10
515.395700
20
4161.840500
70
0
0
SEQEND
8
Layer 1
0
POLYLINE
8
Layer 1
62
7
70
0
10
0.000000
20
0.000000
66
1
0
VERTEX
8
Layer 1
10
535.470800
20
4168.622500
70
0
0
VERTEX
8
Layer 1
10
535.264878
20
4166.850836
70
0
0
VERTEX
8
Layer 1
10
534.652402
20
4165.274145
70
0
0
VERTEX
8
Layer 1
10
533.641302
20
4163.905141
70
0
0
VERTEX
8
Layer 1
10
532.239513
20
4162.756537
70
0
0
VERTEX
8
Layer 1
10
530.454965
20
4161.841048
70
0
0
VERTEX
8
Layer 1
10
528.295592
20
4161.171386
70
0
0
VERTEX
8
Layer 1
10
525.769326
20
4160.760265
70
0
0
VERTEX
8
Layer 1
10
522.884100
20
4160.620400
70
0
0
SEQEND
8
Layer 1
0
POLYLINE
8
Layer 1
62
7
70
0
10
0.000000
20
0.000000
66
1
0
VERTEX
8
Layer 1
10
533.033500
20
4174.003300
70
0
0
VERTEX
8
Layer 1
10
534.119070
20
4172.876111
70
0
0
VERTEX
8
Layer 1
10
534.878587
20
4171.601012
70
0
0
VERTEX
8
Layer 1
10
535.324886
20
4170.181858
70
0
0
VERTEX
8
Layer 1
10
535.470800
20
4168.622500
70
0
0
SEQEND
8
Layer 1
0
POLYLINE
8
Layer 1
62
7
70
0
10
0.000000
20
0.000000
66
1
0
VERTEX
8
Layer 1
10
507.178800
20
4140.081800
70
0
0
VERTEX
8
Layer 1
10
507.439166
20
4137.441993
70
0
0
VERTEX
8
Layer 1
10
508.211709
20
4135.095748
70
0
0
VERTEX
8
Layer 1
10
509.483598
20
4133.061071
70
0
0
VERTEX
8
Layer 1
10
511.242000
20
4131.355962
70
0
0
VERTEX
8
Layer 1
10
513.474083
20
4129.998428
70
0
0
VERTEX
8
Layer 1
10
516.167016
20
4129.006470
70
0
0
VERTEX
8
Layer 1
10
519.307965
20
4128.398093
70
0
0
VERTEX
8
Layer 1
10
522.884100
20
4128.191300
70
0
0
SEQEND
8
Layer 1
0
POLYLINE
8
Layer 1
62
7
70
0
10
0.000000
20
0.000000
66
1
0
VERTEX
8
Layer 1
10
522.884100
20
4151.972300
70
0
0
VERTEX
8
Layer 1
10
519.307965
20
4151.765503
70
0
0
VERTEX
8
Layer 1
10
516.167016
20
4151.157116
70
0
0
VERTEX
8
Layer 1
10
513.474083
20
4150.165146
70
0
0
VERTEX
8
Layer 1
10
511.242000
20
4148.807600
70
0
0
VERTEX
8
Layer 1
10
509.483598
20
4147.102486
70
0
0
VERTEX
8
Layer 1
10
508.211709
20
4145.067809
70
0
0
VERTEX
8
Layer 1
10
507.439166
20
4142.721579
70
0
0
VERTEX
8
Layer 1
10
507.178800
20
4140.081800
70
0
0
SEQEND
8
Layer 1
0
POLYLINE
8
Layer 1
62
7
70
0
10
0.000000
20
0.000000
66
1
0
VERTEX
8
Layer 1
10
538.545300
20
4140.081800
70
0
0
VERTEX
8
Layer 1
10
538.286833
20
4142.721579
70
0
0
VERTEX
8
Layer 1
10
537.519295
20
4145.067809
70
0
0
VERTEX
8
Layer 1
10
536.254482
20
4147.102486
70
0
0
VERTEX
8
Layer 1
10
534.504187
20
4148.807600
70
0
0
VERTEX
8
Layer 1
10
532.280207
20
4150.165146
70
0
0
VERTEX
8
Layer 1
10
529.594336
20
4151.157116
70
0
0
VERTEX
8
Layer 1
10
526.458369
20
4151.765503
70
0
0
VERTEX
8
Layer 1
10
522.884100
20
4151.972300
70
0
0
SEQEND
8
Layer 1
0
POLYLINE
8
Layer 1
62
7
70
0
10
0.000000
20
0.000000
66
1
0
VERTEX
8
Layer 1
10
522.884100
20
4128.191300
70
0
0
VERTEX
8
Layer 1
10
526.458369
20
4128.398093
70
0
0
VERTEX
8
Layer 1
10
529.594336
20
4129.006470
70
0
0
VERTEX
8
Layer 1
10
532.280207
20
4129.998428
70
0
0
VERTEX
8
Layer 1
10
534.504187
20
4131.355962
70
0
0
VERTEX
8
Layer 1
10
536.254482
20
4133.061071
70
0
0
VERTEX
8
Layer 1
10
537.519295
20
4135.095748
70
0
0
VERTEX
8
Layer 1
10
538.286833
20
4137.441993
70
0
0
VERTEX
8
Layer 1
10
538.545300
20
4140.081800
70
0
0
SEQEND
8
Layer 1
0
POLYLINE
8
Layer 1
62
7
70
0
10
0.000000
20
0.000000
66
1
0
VERTEX
8
Layer 1
10
510.297500
20
4140.081800
70
0
0
VERTEX
8
Layer 1
10
510.466417
20
4141.749526
70
0
0
VERTEX
8
Layer 1
10
510.989025
20
4143.277420
70
0
0
VERTEX
8
Layer 1
10
511.889108
20
4144.640045
70
0
0
VERTEX
8
Layer 1
10
513.190450
20
4145.811962
70
0
0
VERTEX
8
Layer 1
10
514.916836
20
4146.767735
70
0
0
VERTEX
8
Layer 1
10
517.092050
20
4147.481923
70
0
0
VERTEX
8
Layer 1
10
519.739877
20
4147.929091
70
0
0
VERTEX
8
Layer 1
10
522.884100
20
4148.083800
70
0
0
SEQEND
8
Layer 1
0
POLYLINE
8
Layer 1
62
7
70
0
10
0.000000
20
0.000000
66
1
0
VERTEX
8
Layer 1
10
512.778900
20
4134.656800
70
0
0
VERTEX
8
Layer 1
10
511.649188
20
4135.771236
70
0
0
VERTEX
8
Layer 1
10
510.878650
20
4137.064087
70
0
0
VERTEX
8
Layer 1
10
510.437888
20
4138.509545
70
0
0
VERTEX
8
Layer 1
10
510.297500
20
4140.081800
70
0
0
SEQEND
8
Layer 1
0
POLYLINE
8
Layer 1
62
7
70
0
10
0.000000
20
0.000000
66
1
0
VERTEX
8
Layer 1
10
530.461900
20
4146.818000
70
0
0
VERTEX
8
Layer 1
10
512.778900
20
4134.657000
70
0
0
SEQEND
8
Layer 1
0
POLYLINE
8
Layer 1
62
7
70
0
10
0.000000
20
0.000000
66
1
0
VERTEX
8
Layer 1
10
522.884100
20
4148.083800
70
0
0
VERTEX
8
Layer 1
10
525.133812
20
4148.009194
70
0
0
VERTEX
8
Layer 1
10
527.146750
20
4147.773375
70
0
0
VERTEX
8
Layer 1
10
528.922912
20
4147.376344
70
0
0
VERTEX
8
Layer 1
10
530.462300
20
4146.818100
70
0
0
SEQEND
8
Layer 1
0
POLYLINE
8
Layer 1
62
7
70
0
10
0.000000
20
0.000000
66
1
0
VERTEX
8
Layer 1
10
515.395900
20
4133.300000
70
0
0
VERTEX
8
Layer 1
10
533.033900
20
4145.463000
70
0
0
SEQEND
8
Layer 1
0
POLYLINE
8
Layer 1
62
7
70
0
10
0.000000
20
0.000000
66
1
0
VERTEX
8
Layer 1
10
522.884100
20
4132.079700
70
0
0
VERTEX
8
Layer 1
10
520.622900
20
4132.155886
70
0
0
VERTEX
8
Layer 1
10
518.632150
20
4132.384537
70
0
0
VERTEX
8
Layer 1
10
516.895275
20
4132.765795
70
0
0
VERTEX
8
Layer 1
10
515.395700
20
4133.299800
70
0
0
SEQEND
8
Layer 1
0
POLYLINE
8
Layer 1
62
7
70
0
10
0.000000
20
0.000000
66
1
0
VERTEX
8
Layer 1
10
535.470800
20
4140.081800
70
0
0
VERTEX
8
Layer 1
10
535.264878
20
4138.310107
70
0
0
VERTEX
8
Layer 1
10
534.652402
20
4136.733403
70
0
0
VERTEX
8
Layer 1
10
533.641302
20
4135.364397
70
0
0
VERTEX
8
Layer 1
10
532.239513
20
4134.215800
70
0
0
VERTEX
8
Layer 1
10
530.454965
20
4133.300321
70
0
0
VERTEX
8
Layer 1
10
528.295592
20
4132.630672
70
0
0
VERTEX
8
Layer 1
10
525.769326
20
4132.219561
70
0
0
VERTEX
8
Layer 1
10
522.884100
20
4132.079700
70
0
0
SEQEND
8
Layer 1
0
POLYLINE
8
Layer 1
62
7
70
0
10
0.000000
20
0.000000
66
1
0
VERTEX
8
Layer 1
10
533.033500
20
4145.462600
70
0
0
VERTEX
8
Layer 1
10
534.119070
20
4144.335397
70
0
0
VERTEX
8
Layer 1
10
534.878587
20
4143.060275
70
0
0
VERTEX
8
Layer 1
10
535.324886
20
4141.641116
70
0
0
VERTEX
8
Layer 1
10
535.470800
20
4140.081800
70
0
0
SEQEND
8
Layer 1
0
POLYLINE
8
Layer 1
62
7
70
0
10
0.000000
20
0.000000
66
1
0
VERTEX
8
Layer 1
10
507.743900
20
4122.980000
70
0
0
VERTEX
8
Layer 1
10
507.743900
20
4119.543000
70
0
0
SEQEND
8
Layer 1
0
POLYLINE
8
Layer 1
62
7
70
0
10
0.000000
20
0.000000
66
1
0
VERTEX
8
Layer 1
10
530.161900
20
4122.980000
70
0
0
VERTEX
8
Layer 1
10
507.743900
20
4122.980000
70
0
0
SEQEND
8
Layer 1
0
POLYLINE
8
Layer 1
62
7
70
0
10
0.000000
20
0.000000
66
1
0
VERTEX
8
Layer 1
10
530.161900
20
4120.222000
70
0
0
VERTEX
8
Layer 1
10
530.161900
20
4122.980000
70
0
0
SEQEND
8
Layer 1
0
POLYLINE
8
Layer 1
62
7
70
0
10
0.000000
20
0.000000
66
1
0
VERTEX
8
Layer 1
10
527.783900
20
4119.770000
70
0
0
VERTEX
8
Layer 1
10
530.161900
20
4120.222000
70
0
0
SEQEND
8
Layer 1
0
POLYLINE
8
Layer 1
62
7
70
0
10
0.000000
20
0.000000
66
1
0
VERTEX
8
Layer 1
10
530.633000
20
4114.932000
70
0
0
VERTEX
8
Layer 1
10
530.397666
20
4116.584306
70
0
0
VERTEX
8
Layer 1
10
529.768000
20
4117.944225
70
0
0
VERTEX
8
Layer 1
10
528.858509
20
4119.007481
70
0
0
VERTEX
8
Layer 1
10
527.783700
20
4119.769800
70
0
0
SEQEND
8
Layer 1
0
POLYLINE
8
Layer 1
62
7
70
0
10
0.000000
20
0.000000
66
1
0
VERTEX
8
Layer 1
10
527.738100
20
4110.275300
70
0
0
VERTEX
8
Layer 1
10
528.953516
20
4110.964392
70
0
0
VERTEX
8
Layer 1
10
529.863850
20
4111.958988
70
0
0
VERTEX
8
Layer 1
10
530.435034
20
4113.275914
70
0
0
VERTEX
8
Layer 1
10
530.633000
20
4114.932000
70
0
0
SEQEND
8
Layer 1
0
POLYLINE
8
Layer 1
62
7
70
0
10
0.000000
20
0.000000
66
1
0
VERTEX
8
Layer 1
10
530.633000
20
4105.256500
70
0
0
VERTEX
8
Layer 1
10
530.390527
20
4107.000622
70
0
0
VERTEX
8
Layer 1
10
529.745163
20
4108.427100
70
0
0
VERTEX
8
Layer 1
10
528.819992
20
4109.522978
70
0
0
VERTEX
8
Layer 1
10
527.738100
20
4110.275300
70
0
0
SEQEND
8
Layer 1
0
POLYLINE
8
Layer 1
62
7
70
0
10
0.000000
20
0.000000
66
1
0
VERTEX
8
Layer 1
10
524.669400
20
4100.012600
70
0
0
VERTEX
8
Layer 1
10
525.936848
20
4100.087737
70
0
0
VERTEX
8
Layer 1
10
527.087056
20
4100.317033
70
0
0
VERTEX
8
Layer 1
10
528.104074
20
4100.706315
70
0
0
VERTEX
8
Layer 1
10
528.971950
20
4101.261413
70
0
0
VERTEX
8
Layer 1
10
529.674732
20
4101.988152
70
0
0
VERTEX
8
Layer 1
10
530.196469
20
4102.892361
70
0
0
VERTEX
8
Layer 1
10
530.521209
20
4103.979868
70
0
0
VERTEX
8
Layer 1
10
530.633000
20
4105.256500
70
0
0
SEQEND
8
Layer 1
0
POLYLINE
8
Layer 1
62
7
70
0
10
0.000000
20
0.000000
66
1
0
VERTEX
8
Layer 1
10
507.743900
20
4100.013000
70
0
0
VERTEX
8
Layer 1
10
524.668900
20
4100.013000
70
0
0
SEQEND
8
Layer 1
0
POLYLINE
8
Layer 1
62
7
70
0
10
0.000000
20
0.000000
66
1
0
VERTEX
8
Layer 1
10
507.743900
20
4103.448000
70
0
0
VERTEX
8
Layer 1
10
507.743900
20
4100.013000
70
0
0
SEQEND
8
Layer 1
0
POLYLINE
8
Layer 1
62
7
70
0
10
0.000000
20
0.000000
66
1
0
VERTEX
8
Layer 1
10
523.494900
20
4103.448000
70
0
0
VERTEX
8
Layer 1
10
507.743900
20
4103.448000
70
0
0
SEQEND
8
Layer 1
0
POLYLINE
8
Layer 1
62
7
70
0
10
0.000000
20
0.000000
66
1
0
VERTEX
8
Layer 1
10
527.467200
20
4106.297100
70
0
0
VERTEX
8
Layer 1
10
527.398353
20
4105.590254
70
0
0
VERTEX
8
Layer 1
10
527.195686
20
4104.993155
70
0
0
VERTEX
8
Layer 1
10
526.865010
20
4104.501025
70
0
0
VERTEX
8
Layer 1
10
526.412138
20
4104.109087
70
0
0
VERTEX
8
Layer 1
10
525.163045
20
4103.606677
70
0
0
VERTEX
8
Layer 1
10
523.494900
20
4103.447700
70
0
0
SEQEND
8
Layer 1
0
POLYLINE
8
Layer 1
62
7
70
0
10
0.000000
20
0.000000
66
1
0
VERTEX
8
Layer 1
10
522.592700
20
4109.777800
70
0
0
VERTEX
8
Layer 1
10
524.725308
20
4109.519972
70
0
0
VERTEX
8
Layer 1
10
525.563113
20
4109.212793
70
0
0
VERTEX
8
Layer 1
10
526.248588
20
4108.800200
70
0
0
VERTEX
8
Layer 1
10
526.781732
20
4108.292263
70
0
0
VERTEX
8
Layer 1
10
527.162548
20
4107.699053
70
0
0
VERTEX
8
Layer 1
10
527.391037
20
4107.030642
70
0
0
VERTEX
8
Layer 1
10
527.467200
20
4106.297100
70
0
0
SEQEND
8
Layer 1
0
POLYLINE
8
Layer 1
62
7
70
0
10
0.000000
20
0.000000
66
1
0
VERTEX
8
Layer 1
10
507.743900
20
4109.778000
70
0
0
VERTEX
8
Layer 1
10
522.592900
20
4109.778000
70
0
0
SEQEND
8
Layer 1
0
POLYLINE
8
Layer 1
62
7
70
0
10
0.000000
20
0.000000
66
1
0
VERTEX
8
Layer 1
10
507.743900
20
4113.214000
70
0
0
VERTEX
8
Layer 1
10
507.743900
20
4109.778000
70
0
0
SEQEND
8
Layer 1
0
POLYLINE
8
Layer 1
62
7
70
0
10
0.000000
20
0.000000
66
1
0
VERTEX
8
Layer 1
10
523.540900
20
4113.214000
70
0
0
VERTEX
8
Layer 1
10
507.743900
20
4113.214000
70
0
0
SEQEND
8
Layer 1
0
POLYLINE
8
Layer 1
62
7
70
0
10
0.000000
20
0.000000
66
1
0
VERTEX
8
Layer 1
10
527.467200
20
4116.016700
70
0
0
VERTEX
8
Layer 1
10
527.398442
20
4115.312312
70
0
0
VERTEX
8
Layer 1
10
527.196398
20
4114.720762
70
0
0
VERTEX
8
Layer 1
10
526.867415
20
4114.236219
70
0
0
VERTEX
8
Layer 1
10
526.417838
20
4113.852850
70
0
0
VERTEX
8
Layer 1
10
525.182283
20
4113.366312
70
0
0
VERTEX
8
Layer 1
10
523.540500
20
4113.214500
70
0
0
SEQEND
8
Layer 1
0
POLYLINE
8
Layer 1
62
7
70
0
10
0.000000
20
0.000000
66
1
0
VERTEX
8
Layer 1
10
522.547100
20
4119.543100
70
0
0
VERTEX
8
Layer 1
10
524.686833
20
4119.278342
70
0
0
VERTEX
8
Layer 1
10
525.531941
20
4118.964029
70
0
0
VERTEX
8
Layer 1
10
526.225788
20
4118.543212
70
0
0
VERTEX
8
Layer 1
10
526.767304
20
4118.026982
70
0
0
VERTEX
8
Layer 1
10
527.155423
20
4117.426427
70
0
0
VERTEX
8
Layer 1
10
527.389078
20
4116.752636
70
0
0
VERTEX
8
Layer 1
10
527.467200
20
4116.016700
70
0
0
SEQEND
8
Layer 1
0
POLYLINE
8
Layer 1
62
7
70
0
10
0.000000
20
0.000000
66
1
0
VERTEX
8
Layer 1
10
507.743900
20
4119.543000
70
0
0
VERTEX
8
Layer 1
10
522.546900
20
4119.543000
70
0
0
SEQEND
8
Layer 1
0
POLYLINE
8
Layer 1
62
7
70
0
10
0.000000
20
0.000000
66
1
0
VERTEX
8
Layer 1
10
507.743900
20
4094.439000
70
0
0
VERTEX
8
Layer 1
10
507.743900
20
4091.002000
70
0
0
SEQEND
8
Layer 1
0
POLYLINE
8
Layer 1
62
7
70
0
10
0.000000
20
0.000000
66
1
0
VERTEX
8
Layer 1
10
530.161900
20
4094.439000
70
0
0
VERTEX
8
Layer 1
10
507.743900
20
4094.439000
70
0
0
SEQEND
8
Layer 1
0
POLYLINE
8
Layer 1
62
7
70
0
10
0.000000
20
0.000000
66
1
0
VERTEX
8
Layer 1
10
530.161900
20
4091.681000
70
0
0
VERTEX
8
Layer 1
10
530.161900
20
4094.439000
70
0
0
SEQEND
8
Layer 1
0
POLYLINE
8
Layer 1
62
7
70
0
10
0.000000
20
0.000000
66
1
0
VERTEX
8
Layer 1
10
527.783900
20
4091.229000
70
0
0
VERTEX
8
Layer 1
10
530.161900
20
4091.681000
70
0
0
SEQEND
8
Layer 1
0
POLYLINE
8
Layer 1
62
7
70
0
10
0.000000
20
0.000000
66
1
0
VERTEX
8
Layer 1
10
530.633000
20
4086.391300
70
0
0
VERTEX
8
Layer 1
10
530.397666
20
4088.043548
70
0
0
VERTEX
8
Layer 1
10
529.768000
20
4089.403437
70
0
0
VERTEX
8
Layer 1
10
528.858509
20
4090.466683
70
0
0
VERTEX
8
Layer 1
10
527.783700
20
4091.229000
70
0
0
SEQEND
8
Layer 1
0
POLYLINE
8
Layer 1
62
7
70
0
10
0.000000
20
0.000000
66
1
0
VERTEX
8
Layer 1
10
527.738100
20
4081.734600
70
0
0
VERTEX
8
Layer 1
10
528.953516
20
4082.423692
70
0
0
VERTEX
8
Layer 1
10
529.863850
20
4083.418288
70
0
0
VERTEX
8
Layer 1
10
530.435034
20
4084.735214
70
0
0
VERTEX
8
Layer 1
10
530.633000
20
4086.391300
70
0
0
SEQEND
8
Layer 1
0
POLYLINE
8
Layer 1
62
7
70
0
10
0.000000
20
0.000000
66
1
0
VERTEX
8
Layer 1
10
530.633000
20
4076.715800
70
0
0
VERTEX
8
Layer 1
10
530.390527
20
4078.459922
70
0
0
VERTEX
8
Layer 1
10
529.745163
20
4079.886400
70
0
0
VERTEX
8
Layer 1
10
528.819992
20
4080.982278
70
0
0
VERTEX
8
Layer 1
10
527.738100
20
4081.734600
70
0
0
SEQEND
8
Layer 1
0
POLYLINE
8
Layer 1
62
7
70
0
10
0.000000
20
0.000000
66
1
0
VERTEX
8
Layer 1
10
524.669400
20
4071.471900
70
0
0
VERTEX
8
Layer 1
10
525.936848
20
4071.547033
70
0
0
VERTEX
8
Layer 1
10
527.087056
20
4071.776319
70
0
0
VERTEX
8
Layer 1
10
528.104074
20
4072.165589
70
0
0
VERTEX
8
Layer 1
10
528.971950
20
4072.720675
70
0
0
VERTEX
8
Layer 1
10
529.674732
20
4073.447408
70
0
0
VERTEX
8
Layer 1
10
530.196469
20
4074.351619
70
0
0
VERTEX
8
Layer 1
10
530.521209
20
4075.439139
70
0
0
VERTEX
8
Layer 1
10
530.633000
20
4076.715800
70
0
0
SEQEND
8
Layer 1
0
POLYLINE
8
Layer 1
62
7
70
0
10
0.000000
20
0.000000
66
1
0
VERTEX
8
Layer 1
10
507.743900
20
4071.472000
70
0
0
VERTEX
8
Layer 1
10
524.668900
20
4071.472000
70
0
0
SEQEND
8
Layer 1
0
POLYLINE
8
Layer 1
62
7
70
0
10
0.000000
20
0.000000
66
1
0
VERTEX
8
Layer 1
10
507.743900
20
4074.907000
70
0
0
VERTEX
8
Layer 1
10
507.743900
20
4071.472000
70
0
0
SEQEND
8
Layer 1
0
POLYLINE
8
Layer 1
62
7
70
0
10
0.000000
20
0.000000
66
1
0
VERTEX
8
Layer 1
10
523.494900
20
4074.907000
70
0
0
VERTEX
8
Layer 1
10
507.743900
20
4074.907000
70
0
0
SEQEND
8
Layer 1
0
POLYLINE
8
Layer 1
62
7
70
0
10
0.000000
20
0.000000
66
1
0
VERTEX
8
Layer 1
10
527.467200
20
4077.756400
70
0
0
VERTEX
8
Layer 1
10
527.398353
20
4077.049554
70
0
0
VERTEX
8
Layer 1
10
527.195686
20
4076.452455
70
0
0
VERTEX
8
Layer 1
10
526.865010
20
4075.960325
70
0
0
VERTEX
8
Layer 1
10
526.412138
20
4075.568387
70
0
0
VERTEX
8
Layer 1
10
525.163045
20
4075.065977
70
0
0
VERTEX
8
Layer 1
10
523.494900
20
4074.907000
70
0
0
SEQEND
8
Layer 1
0
POLYLINE
8
Layer 1
62
7
70
0
10
0.000000
20
0.000000
66
1
0
VERTEX
8
Layer 1
10
522.592700
20
4081.237100
70
0
0
VERTEX
8
Layer 1
10
524.725308
20
4080.979272
70
0
0
VERTEX
8
Layer 1
10
525.563113
20
4080.672093
70
0
0
VERTEX
8
Layer 1
10
526.248588
20
4080.259500
70
0
0
VERTEX
8
Layer 1
10
526.781732
20
4079.751563
70
0
0
VERTEX
8
Layer 1
10
527.162548
20
4079.158353
70
0
0
VERTEX
8
Layer 1
10
527.391037
20
4078.489942
70
0
0
VERTEX
8
Layer 1
10
527.467200
20
4077.756400
70
0
0
SEQEND
8
Layer 1
0
POLYLINE
8
Layer 1
62
7
70
0
10
0.000000
20
0.000000
66
1
0
VERTEX
8
Layer 1
10
507.743900
20
4081.237000
70
0
0
VERTEX
8
Layer 1
10
522.592900
20
4081.237000
70
0
0
SEQEND
8
Layer 1
0
POLYLINE
8
Layer 1
62
7
70
0
10
0.000000
20
0.000000
66
1
0
VERTEX
8
Layer 1
10
507.743900
20
4084.674000
70
0
0
VERTEX
8
Layer 1
10
507.743900
20
4081.237000
70
0
0
SEQEND
8
Layer 1
0
POLYLINE
8
Layer 1
62
7
70
0
10
0.000000
20
0.000000
66
1
0
VERTEX
8
Layer 1
10
523.540900
20
4084.674000
70
0
0
VERTEX
8
Layer 1
10
507.743900
20
4084.674000
70
0
0
SEQEND
8
Layer 1
0
POLYLINE
8
Layer 1
62
7
70
0
10
0.000000
20
0.000000
66
1
0
VERTEX
8
Layer 1
10
527.467200
20
4087.476000
70
0
0
VERTEX
8
Layer 1
10
527.398442
20
4086.771608
70
0
0
VERTEX
8
Layer 1
10
527.196398
20
4086.180047
70
0
0
VERTEX
8
Layer 1
10
526.867415
20
4085.695487
70
0
0
VERTEX
8
Layer 1
10
526.417838
20
4085.312100
70
0
0
VERTEX
8
Layer 1
10
525.182283
20
4084.825528
70
0
0
VERTEX
8
Layer 1
10
523.540500
20
4084.673700
70
0
0
SEQEND
8
Layer 1
0
POLYLINE
8
Layer 1
62
7
70
0
10
0.000000
20
0.000000
66
1
0
VERTEX
8
Layer 1
10
522.547100
20
4091.002400
70
0
0
VERTEX
8
Layer 1
10
524.686833
20
4090.737628
70
0
0
VERTEX
8
Layer 1
10
525.531941
20
4090.423303
70
0
0
VERTEX
8
Layer 1
10
526.225788
20
4090.002475
70
0
0
VERTEX
8
Layer 1
10
526.767304
20
4089.486238
70
0
0
VERTEX
8
Layer 1
10
527.155423
20
4088.885684
70
0
0
VERTEX
8
Layer 1
10
527.389078
20
4088.211907
70
0
0
VERTEX
8
Layer 1
10
527.467200
20
4087.476000
70
0
0
SEQEND
8
Layer 1
0
POLYLINE
8
Layer 1
62
7
70
0
10
0.000000
20
0.000000
66
1
0
VERTEX
8
Layer 1
10
507.743900
20
4091.002000
70
0
0
VERTEX
8
Layer 1
10
522.546900
20
4091.002000
70
0
0
SEQEND
8
Layer 1
0
POLYLINE
8
Layer 1
62
7
70
0
10
0.000000
20
0.000000
66
1
0
VERTEX
8
Layer 1
10
507.178800
20
4025.602400
70
0
0
VERTEX
8
Layer 1
10
507.294261
20
4023.634905
70
0
0
VERTEX
8
Layer 1
10
507.636403
20
4021.823087
70
0
0
VERTEX
8
Layer 1
10
508.198862
20
4020.199820
70
0
0
VERTEX
8
Layer 1
10
508.975275
20
4018.797975
70
0
0
VERTEX
8
Layer 1
10
509.959279
20
4017.650427
70
0
0
VERTEX
8
Layer 1
10
511.144509
20
4016.790050
70
0
0
VERTEX
8
Layer 1
10
512.524604
20
4016.249716
70
0
0
VERTEX
8
Layer 1
10
514.093200
20
4016.062300
70
0
0
SEQEND
8
Layer 1
0
POLYLINE
8
Layer 1
62
7
70
0
10
0.000000
20
0.000000
66
1
0
VERTEX
8
Layer 1
10
512.827500
20
4035.775300
70
0
0
VERTEX
8
Layer 1
10
511.481880
20
4035.106396
70
0
0
VERTEX
8
Layer 1
10
510.324300
20
4034.204853
70
0
0
VERTEX
8
Layer 1
10
509.352101
20
4033.100890
70
0
0
VERTEX
8
Layer 1
10
508.562625
20
4031.824725
70
0
0
VERTEX
8
Layer 1
10
507.953215
20
4030.406575
70
0
0
VERTEX
8
Layer 1
10
507.521213
20
4028.876659
70
0
0
VERTEX
8
Layer 1
10
507.263960
20
4027.265195
70
0
0
VERTEX
8
Layer 1
10
507.178800
20
4025.602400
70
0
0
SEQEND
8
Layer 1
0
POLYLINE
8
Layer 1
62
7
70
0
10
0.000000
20
0.000000
66
1
0
VERTEX
8
Layer 1
10
514.092900
20
4032.295000
70
0
0
VERTEX
8
Layer 1
10
512.827900
20
4035.775000
70
0
0
SEQEND
8
Layer 1
0
POLYLINE
8
Layer 1
62
7
70
0
10
0.000000
20
0.000000
66
1
0
VERTEX
8
Layer 1
10
510.207700
20
4025.556800
70
0
0
VERTEX
8
Layer 1
10
510.471656
20
4027.976808
70
0
0
VERTEX
8
Layer 1
10
510.793684
20
4029.028021
70
0
0
VERTEX
8
Layer 1
10
511.235375
20
4029.959988
70
0
0
VERTEX
8
Layer 1
10
511.791450
20
4030.762668
70
0
0
VERTEX
8
Layer 1
10
512.456631
20
4031.426023
70
0
0
VERTEX
8
Layer 1
10
513.225641
20
4031.940014
70
0
0
VERTEX
8
Layer 1
10
514.093200
20
4032.294600
70
0
0
SEQEND
8
Layer 1
0
POLYLINE
8
Layer 1
62
7
70
0
10
0.000000
20
0.000000
66
1
0
VERTEX
8
Layer 1
10
513.822400
20
4019.724100
70
0
0
VERTEX
8
Layer 1
10
513.044226
20
4019.826403
70
0
0
VERTEX
8
Layer 1
10
512.342388
20
4020.126931
70
0
0
VERTEX
8
Layer 1
10
511.725337
20
4020.616112
70
0
0
VERTEX
8
Layer 1
10
511.201525
20
4021.284375
70
0
0
VERTEX
8
Layer 1
10
510.779404
20
4022.122147
70
0
0
VERTEX
8
Layer 1
10
510.467425
20
4023.119856
70
0
0
VERTEX
8
Layer 1
10
510.207700
20
4025.556800
70
0
0
SEQEND
8
Layer 1
0
POLYLINE
8
Layer 1
62
7
70
0
10
0.000000
20
0.000000
66
1
0
VERTEX
8
Layer 1
10
517.481200
20
4024.698700
70
0
0
VERTEX
8
Layer 1
10
516.954414
20
4022.624364
70
0
0
VERTEX
8
Layer 1
10
516.245087
20
4021.058463
70
0
0
VERTEX
8
Layer 1
10
515.786314
20
4020.487435
70
0
0
VERTEX
8
Layer 1
10
515.239117
20
4020.069030
70
0
0
VERTEX
8
Layer 1
10
514.589233
20
4019.811750
70
0
0
VERTEX
8
Layer 1
10
513.822400
20
4019.724100
70
0
0
SEQEND
8
Layer 1
0
POLYLINE
8
Layer 1
62
7
70
0
10
0.000000
20
0.000000
66
1
0
VERTEX
8
Layer 1
10
518.249900
20
4028.406000
70
0
0
VERTEX
8
Layer 1
10
517.480900
20
4024.699000
70
0
0
SEQEND
8
Layer 1
0
POLYLINE
8
Layer 1
62
7
70
0
10
0.000000
20
0.000000
66
1
0
VERTEX
8
Layer 1
10
524.169000
20
4035.051200
70
0
0
VERTEX
8
Layer 1
10
522.947219
20
4034.932520
70
0
0
VERTEX
8
Layer 1
10
521.884291
20
4034.584966
70
0
0
VERTEX
8
Layer 1
10
520.969623
20
4034.021266
70
0
0
VERTEX
8
Layer 1
10
520.192625
20
4033.254150
70
0
0
VERTEX
8
Layer 1
10
519.542705
20
4032.296346
70
0
0
VERTEX
8
Layer 1
10
519.009272
20
4031.160584
70
0
0
VERTEX
8
Layer 1
10
518.249500
20
4028.406100
70
0
0
SEQEND
8
Layer 1
0
POLYLINE
8
Layer 1
62
7
70
0
10
0.000000
20
0.000000
66
1
0
VERTEX
8
Layer 1
10
530.633000
20
4025.918800
70
0
0
VERTEX
8
Layer 1
10
530.522040
20
4027.777935
70
0
0
VERTEX
8
Layer 1
10
530.194852
20
4029.500928
70
0
0
VERTEX
8
Layer 1
10
529.659972
20
4031.053339
70
0
0
VERTEX
8
Layer 1
10
528.925938
20
4032.400725
70
0
0
VERTEX
8
Layer 1
10
528.001286
20
4033.508646
70
0
0
VERTEX
8
Layer 1
10
526.894555
20
4034.342659
70
0
0
VERTEX
8
Layer 1
10
525.614280
20
4034.868325
70
0
0
VERTEX
8
Layer 1
10
524.169000
20
4035.051200
70
0
0
SEQEND
8
Layer 1
0
POLYLINE
8
Layer 1
62
7
70
0
10
0.000000
20
0.000000
66
1
0
VERTEX
8
Layer 1
10
525.930700
20
4016.830600
70
0
0
VERTEX
8
Layer 1
10
527.041252
20
4017.436379
70
0
0
VERTEX
8
Layer 1
10
528.000373
20
4018.225389
70
0
0
VERTEX
8
Layer 1
10
528.809099
20
4019.181764
70
0
0
VERTEX
8
Layer 1
10
529.468462
20
4020.289638
70
0
0
VERTEX
8
Layer 1
10
529.979500
20
4021.533144
70
0
0
VERTEX
8
Layer 1
10
530.343245
20
4022.896417
70
0
0
VERTEX
8
Layer 1
10
530.560734
20
4024.363591
70
0
0
VERTEX
8
Layer 1
10
530.633000
20
4025.918800
70
0
0
SEQEND
8
Layer 1
0
POLYLINE
8
Layer 1
62
7
70
0
10
0.000000
20
0.000000
66
1
0
VERTEX
8
Layer 1
10
524.666900
20
4020.222000
70
0
0
VERTEX
8
Layer 1
10
525.930900
20
4016.831000
70
0
0
SEQEND
8
Layer 1
0
POLYLINE
8
Layer 1
62
7
70
0
10
0.000000
20
0.000000
66
1
0
VERTEX
8
Layer 1
10
527.602600
20
4026.010100
70
0
0
VERTEX
8
Layer 1
10
527.417025
20
4024.031075
70
0
0
VERTEX
8
Layer 1
10
526.863050
20
4022.353100
70
0
0
VERTEX
8
Layer 1
10
525.944800
20
4021.056500
70
0
0
VERTEX
8
Layer 1
10
525.350361
20
4020.576317
70
0
0
VERTEX
8
Layer 1
10
524.666400
20
4020.221600
70
0
0
SEQEND
8
Layer 1
0
POLYLINE
8
Layer 1
62
7
70
0
10
0.000000
20
0.000000
66
1
0
VERTEX
8
Layer 1
10
524.395600
20
4031.389400
70
0
0
VERTEX
8
Layer 1
10
525.130071
20
4031.288044
70
0
0
VERTEX
8
Layer 1
10
525.773434
20
4030.993864
70
0
0
VERTEX
8
Layer 1
10
526.323586
20
4030.521693
70
0
0
VERTEX
8
Layer 1
10
526.778425
20
4029.886363
70
0
0
VERTEX
8
Layer 1
10
527.393753
20
4028.185555
70
0
0
VERTEX
8
Layer 1
10
527.602600
20
4026.010100
70
0
0
SEQEND
8
Layer 1
0
POLYLINE
8
Layer 1
62
7
70
0
10
0.000000
20
0.000000
66
1
0
VERTEX
8
Layer 1
10
521.322600
20
4027.365600
70
0
0
VERTEX
8
Layer 1
10
521.777486
20
4029.043648
70
0
0
VERTEX
8
Layer 1
10
522.418662
20
4030.310238
70
0
0
VERTEX
8
Layer 1
10
523.280058
20
4031.110458
70
0
0
VERTEX
8
Layer 1
10
523.803940
20
4031.318521
70
0
0
VERTEX
8
Layer 1
10
524.395600
20
4031.389400
70
0
0
SEQEND
8
Layer 1
0
POLYLINE
8
Layer 1
62
7
70
0
10
0.000000
20
0.000000
66
1
0
VERTEX
8
Layer 1
10
520.553900
20
4023.568000
70
0
0
VERTEX
8
Layer 1
10
521.322900
20
4027.366000
70
0
0
SEQEND
8
Layer 1
0
POLYLINE
8
Layer 1
62
7
70
0
10
0.000000
20
0.000000
66
1
0
VERTEX
8
Layer 1
10
514.093200
20
4016.062300
70
0
0
VERTEX
8
Layer 1
10
515.445640
20
4016.180791
70
0
0
VERTEX
8
Layer 1
10
516.602231
20
4016.535575
70
0
0
VERTEX
8
Layer 1
10
517.583070
20
4017.125615
70
0
0
VERTEX
8
Layer 1
10
518.408250
20
4017.949875
70
0
0
VERTEX
8
Layer 1
10
519.097868
20
4019.007320
70
0
0
VERTEX
8
Layer 1
10
519.672019
20
4020.296912
70
0
0
VERTEX
8
Layer 1
10
520.554300
20
4023.568400
70
0
0
SEQEND
8
Layer 1
0
POLYLINE
8
Layer 1
62
7
70
0
10
0.000000
20
0.000000
66
1
0
VERTEX
8
Layer 1
10
499.831700
20
3986.166100
70
0
0
VERTEX
8
Layer 1
10
500.034975
20
3984.441725
70
0
0
VERTEX
8
Layer 1
10
500.508700
20
3983.091600
70
0
0
SEQEND
8
Layer 1
0
POLYLINE
8
Layer 1
62
7
70
0
10
0.000000
20
0.000000
66
1
0
VERTEX
8
Layer 1
10
505.814400
20
3991.320300
70
0
0
VERTEX
8
Layer 1
10
504.203036
20
3991.217509
70
0
0
VERTEX
8
Layer 1
10
502.889619
20
3990.921855
70
0
0
VERTEX
8
Layer 1
10
501.848536
20
3990.452413
70
0
0
VERTEX
8
Layer 1
10
501.054175
20
3989.828262
70
0
0
VERTEX
8
Layer 1
10
500.480923
20
3989.068479
70
0
0
VERTEX
8
Layer 1
10
500.103169
20
3988.192139
70
0
0
VERTEX
8
Layer 1
10
499.895298
20
3987.218321
70
0
0
VERTEX
8
Layer 1
10
499.831700
20
3986.166100
70
0
0
SEQEND
8
Layer 1
0
POLYLINE
8
Layer 1
62
7
70
0
10
0.000000
20
0.000000
66
1
0
VERTEX
8
Layer 1
10
511.381900
20
3991.320000
70
0
0
VERTEX
8
Layer 1
10
505.814900
20
3991.320000
70
0
0
SEQEND
8
Layer 1
0
POLYLINE
8
Layer 1
62
7
70
0
10
0.000000
20
0.000000
66
1
0
VERTEX
8
Layer 1
10
507.178800
20
3999.141300
70
0
0
VERTEX
8
Layer 1
10
507.257454
20
3997.857670
70
0
0
VERTEX
8
Layer 1
10
507.486002
20
3996.654052
70
0
0
VERTEX
8
Layer 1
10
507.853320
20
3995.534154
70
0
0
VERTEX
8
Layer 1
10
508.348288
20
3994.501687
70
0
0
VERTEX
8
Layer 1
10
509.676680
20
3992.713880
70
0
0
VERTEX
8
Layer 1
10
511.382200
20
3991.320300
70
0
0
SEQEND
8
Layer 1
0
POLYLINE
8
Layer 1
62
7
70
0
10
0.000000
20
0.000000
66
1
0
VERTEX
8
Layer 1
10
518.882400
20
4009.268600
70
0
0
VERTEX
8
Layer 1
10
516.265008
20
4009.078228
70
0
0
VERTEX
8
Layer 1
10
513.946687
20
4008.525473
70
0
0
VERTEX
8
Layer 1
10
511.942823
20
4007.637879
70
0
0
VERTEX
8
Layer 1
10
510.268800
20
4006.442987
70
0
0
VERTEX
8
Layer 1
10
508.940002
20
4004.968341
70
0
0
VERTEX
8
Layer 1
10
507.971812
20
4003.241483
70
0
0
VERTEX
8
Layer 1
10
507.379617
20
4001.289955
70
0
0
VERTEX
8
Layer 1
10
507.178800
20
3999.141300
70
0
0
SEQEND
8
Layer 1
0
POLYLINE
8
Layer 1
62
7
70
0
10
0.000000
20
0.000000
66
1
0
VERTEX
8
Layer 1
10
530.633000
20
3999.095700
70
0
0
VERTEX
8
Layer 1
10
530.430159
20
4001.259406
70
0
0
VERTEX
8
Layer 1
10
529.832630
20
4003.222245
70
0
0
VERTEX
8
Layer 1
10
528.856901
20
4004.957208
70
0
0
VERTEX
8
Layer 1
10
527.519463
20
4006.437287
70
0
0
VERTEX
8
Layer 1
10
525.836804
20
4007.635474
70
0
0
VERTEX
8
Layer 1
10
523.825414
20
4008.524761
70
0
0
VERTEX
8
Layer 1
10
521.501783
20
4009.078139
70
0
0
VERTEX
8
Layer 1
10
518.882400
20
4009.268600
70
0
0
SEQEND
8
Layer 1
0
POLYLINE
8
Layer 1
62
7
70
0
10
0.000000
20
0.000000
66
1
0
VERTEX
8
Layer 1
10
526.382500
20
3991.320300
70
0
0
VERTEX
8
Layer 1
10
528.114617
20
3992.693930
70
0
0
VERTEX
8
Layer 1
10
529.457063
20
3994.478887
70
0
0
VERTEX
8
Layer 1
10
529.955601
20
3995.510998
70
0
0
VERTEX
8
Layer 1
10
530.324852
20
3996.628402
70
0
0
VERTEX
8
Layer 1
10
530.554192
20
3997.825251
70
0
0
VERTEX
8
Layer 1
10
530.633000
20
3999.095700
70
0
0
SEQEND
8
Layer 1
0
POLYLINE
8
Layer 1
62
7
70
0
10
0.000000
20
0.000000
66
1
0
VERTEX
8
Layer 1
10
530.161900
20
3990.642000
70
0
0
VERTEX
8
Layer 1
10
526.382900
20
3991.320000
70
0
0
SEQEND
8
Layer 1
0
POLYLINE
8
Layer 1
62
7
70
0
10
0.000000
20
0.000000
66
1
0
VERTEX
8
Layer 1
10
530.161900
20
3987.476000
70
0
0
VERTEX
8
Layer 1
10
530.161900
20
3990.642000
70
0
0
SEQEND
8
Layer 1
0
POLYLINE
8
Layer 1
62
7
70
0
10
0.000000
20
0.000000
66
1
0
VERTEX
8
Layer 1
10
506.495900
20
3987.476000
70
0
0
VERTEX
8
Layer 1
10
530.161900
20
3987.476000
70
0
0
SEQEND
8
Layer 1
0
POLYLINE
8
Layer 1
62
7
70
0
10
0.000000
20
0.000000
66
1
0
VERTEX
8
Layer 1
10
503.221200
20
3985.261000
70
0
0
VERTEX
8
Layer 1
10
503.432342
20
3986.313059
70
0
0
VERTEX
8
Layer 1
10
504.057137
20
3986.996025
70
0
0
VERTEX
8
Layer 1
10
505.082639
20
3987.365228
70
0
0
VERTEX
8
Layer 1
10
506.495900
20
3987.476000
70
0
0
SEQEND
8
Layer 1
0
POLYLINE
8
Layer 1
62
7
70
0
10
0.000000
20
0.000000
66
1
0
VERTEX
8
Layer 1
10
503.812800
20
3983.091600
70
0
0
VERTEX
8
Layer 1
10
503.363588
20
3984.159163
70
0
0
VERTEX
8
Layer 1
10
503.221200
20
3985.261000
70
0
0
SEQEND
8
Layer 1
0
POLYLINE
8
Layer 1
62
7
70
0
10
0.000000
20
0.000000
66
1
0
VERTEX
8
Layer 1
10
500.508900
20
3983.092000
70
0
0
VERTEX
8
Layer 1
10
503.812900
20
3983.092000
70
0
0
SEQEND
8
Layer 1
0
POLYLINE
8
Layer 1
62
7
70
0
10
0.000000
20
0.000000
66
1
0
VERTEX
8
Layer 1
10
510.343100
20
3998.192000
70
0
0
VERTEX
8
Layer 1
10
510.485851
20
3999.706235
70
0
0
VERTEX
8
Layer 1
10
510.909183
20
4001.082192
70
0
0
VERTEX
8
Layer 1
10
511.605714
20
4002.300263
70
0
0
VERTEX
8
Layer 1
10
512.568063
20
4003.340838
70
0
0
VERTEX
8
Layer 1
10
513.788847
20
4004.184308
70
0
0
VERTEX
8
Layer 1
10
515.260686
20
4004.811064
70
0
0
VERTEX
8
Layer 1
10
516.976197
20
4005.201498
70
0
0
VERTEX
8
Layer 1
10
518.928000
20
4005.336000
70
0
0
SEQEND
8
Layer 1
0
POLYLINE
8
Layer 1
62
7
70
0
10
0.000000
20
0.000000
66
1
0
VERTEX
8
Layer 1
10
518.928000
20
3991.229000
70
0
0
VERTEX
8
Layer 1
10
517.002411
20
3991.357599
70
0
0
VERTEX
8
Layer 1
10
515.299203
20
3991.732081
70
0
0
VERTEX
8
Layer 1
10
513.828969
20
3992.335473
70
0
0
VERTEX
8
Layer 1
10
512.602300
20
3993.150800
70
0
0
VERTEX
8
Layer 1
10
511.629787
20
3994.161090
70
0
0
VERTEX
8
Layer 1
10
510.922022
20
3995.349369
70
0
0
VERTEX
8
Layer 1
10
510.489596
20
3996.698663
70
0
0
VERTEX
8
Layer 1
10
510.343100
20
3998.192000
70
0
0
SEQEND
8
Layer 1
0
POLYLINE
8
Layer 1
62
7
70
0
10
0.000000
20
0.000000
66
1
0
VERTEX
8
Layer 1
10
527.467200
20
3998.192000
70
0
0
VERTEX
8
Layer 1
10
527.322668
20
3996.711755
70
0
0
VERTEX
8
Layer 1
10
526.895419
20
3995.368606
70
0
0
VERTEX
8
Layer 1
10
526.194973
20
3994.181129
70
0
0
VERTEX
8
Layer 1
10
525.230850
20
3993.167900
70
0
0
VERTEX
8
Layer 1
10
524.012571
20
3992.347496
70
0
0
VERTEX
8
Layer 1
10
522.549656
20
3991.738494
70
0
0
VERTEX
8
Layer 1
10
520.851626
20
3991.359470
70
0
0
VERTEX
8
Layer 1
10
518.928000
20
3991.229000
70
0
0
SEQEND
8
Layer 1
0
POLYLINE
8
Layer 1
62
7
70
0
10
0.000000
20
0.000000
66
1
0
VERTEX
8
Layer 1
10
518.928000
20
4005.336000
70
0
0
VERTEX
8
Layer 1
10
520.877408
20
4005.201498
70
0
0
VERTEX
8
Layer 1
10
522.587541
20
4004.811064
70
0
0
VERTEX
8
Layer 1
10
524.052034
20
4004.184308
70
0
0
VERTEX
8
Layer 1
10
525.264525
20
4003.340837
70
0
0
VERTEX
8
Layer 1
10
526.218650
20
4002.300263
70
0
0
VERTEX
8
Layer 1
10
526.908047
20
4001.082192
70
0
0
VERTEX
8
Layer 1
10
527.326351
20
3999.706235
70
0
0
VERTEX
8
Layer 1
10
527.467200
20
3998.192000
70
0
0
SEQEND
8
Layer 1
0
POLYLINE
8
Layer 1
62
7
70
0
10
0.000000
20
0.000000
66
1
0
VERTEX
8
Layer 1
10
507.178800
20
3970.465200
70
0
0
VERTEX
8
Layer 1
10
507.266340
20
3969.071216
70
0
0
VERTEX
8
Layer 1
10
507.514864
20
3967.834169
70
0
0
VERTEX
8
Layer 1
10
507.903228
20
3966.745556
70
0
0
VERTEX
8
Layer 1
10
508.410288
20
3965.796875
70
0
0
VERTEX
8
Layer 1
10
509.695917
20
3964.285294
70
0
0
VERTEX
8
Layer 1
10
511.202600
20
3963.231400
70
0
0
SEQEND
8
Layer 1
0
POLYLINE
8
Layer 1
62
7
70
0
10
0.000000
20
0.000000
66
1
0
VERTEX
8
Layer 1
10
515.772500
20
3978.377400
70
0
0
VERTEX
8
Layer 1
10
513.909496
20
3978.272910
70
0
0
VERTEX
8
Layer 1
10
512.234845
20
3977.948503
70
0
0
VERTEX
8
Layer 1
10
510.767057
20
3977.387776
70
0
0
VERTEX
8
Layer 1
10
509.524638
20
3976.574325
70
0
0
VERTEX
8
Layer 1
10
508.526095
20
3975.491746
70
0
0
VERTEX
8
Layer 1
10
507.789936
20
3974.123634
70
0
0
VERTEX
8
Layer 1
10
507.334669
20
3972.453587
70
0
0
VERTEX
8
Layer 1
10
507.178800
20
3970.465200
70
0
0
SEQEND
8
Layer 1
0
POLYLINE
8
Layer 1
62
7
70
0
10
0.000000
20
0.000000
66
1
0
VERTEX
8
Layer 1
10
530.161900
20
3978.377000
70
0
0
VERTEX
8
Layer 1
10
515.772900
20
3978.377000
70
0
0
SEQEND
8
Layer 1
0
POLYLINE
8
Layer 1
62
7
70
0
10
0.000000
20
0.000000
66
1
0
VERTEX
8
Layer 1
10
530.161900
20
3974.489000
70
0
0
VERTEX
8
Layer 1
10
530.161900
20
3978.377000
70
0
0
SEQEND
8
Layer 1
0
POLYLINE
8
Layer 1
62
7
70
0
10
0.000000
20
0.000000
66
1
0
VERTEX
8
Layer 1
10
516.858900
20
3974.489000
70
0
0
VERTEX
8
Layer 1
10
530.161900
20
3974.489000
70
0
0
SEQEND
8
Layer 1
0
POLYLINE
8
Layer 1
62
7
70
0
10
0.000000
20
0.000000
66
1
0
VERTEX
8
Layer 1
10
510.343100
20
3969.470200
70
0
0
VERTEX
8
Layer 1
10
510.467142
20
3970.841151
70
0
0
VERTEX
8
Layer 1
10
510.826563
20
3971.951970
70
0
0
VERTEX
8
Layer 1
10
511.402302
20
3972.826495
70
0
0
VERTEX
8
Layer 1
10
512.175300
20
3973.488563
70
0
0
VERTEX
8
Layer 1
10
513.126498
20
3973.962010
70
0
0
VERTEX
8
Layer 1
10
514.236838
20
3974.270673
70
0
0
VERTEX
8
Layer 1
10
516.858700
20
3974.489000
70
0
0
SEQEND
8
Layer 1
0
POLYLINE
8
Layer 1
62
7
70
0
10
0.000000
20
0.000000
66
1
0
VERTEX
8
Layer 1
10
517.912500
20
3963.321100
70
0
0
VERTEX
8
Layer 1
10
516.154347
20
3963.431387
70
0
0
VERTEX
8
Layer 1
10
514.624288
20
3963.754131
70
0
0
VERTEX
8
Layer 1
10
513.324272
20
3964.277153
70
0
0
VERTEX
8
Layer 1
10
512.256250
20
3964.988275
70
0
0
VERTEX
8
Layer 1
10
511.422172
20
3965.875319
70
0
0
VERTEX
8
Layer 1
10
510.823988
20
3966.926106
70
0
0
VERTEX
8
Layer 1
10
510.463647
20
3968.128459
70
0
0
VERTEX
8
Layer 1
10
510.343100
20
3969.470200
70
0
0
SEQEND
8
Layer 1
0
POLYLINE
8
Layer 1
62
7
70
0
10
0.000000
20
0.000000
66
1
0
VERTEX
8
Layer 1
10
530.161900
20
3963.321000
70
0
0
VERTEX
8
Layer 1
10
517.912900
20
3963.321000
70
0
0
SEQEND
8
Layer 1
0
POLYLINE
8
Layer 1
62
7
70
0
10
0.000000
20
0.000000
66
1
0
VERTEX
8
Layer 1
10
530.161900
20
3959.478000
70
0
0
VERTEX
8
Layer 1
10
530.161900
20
3963.321000
70
0
0
SEQEND
8
Layer 1
0
POLYLINE
8
Layer 1
62
7
70
0
10
0.000000
20
0.000000
66
1
0
VERTEX
8
Layer 1
10
507.743900
20
3959.478000
70
0
0
VERTEX
8
Layer 1
10
530.161900
20
3959.478000
70
0
0
SEQEND
8
Layer 1
0
POLYLINE
8
Layer 1
62
7
70
0
10
0.000000
20
0.000000
66
1
0
VERTEX
8
Layer 1
10
507.743900
20
3962.599000
70
0
0
VERTEX
8
Layer 1
10
507.743900
20
3959.478000
70
0
0
SEQEND
8
Layer 1
0
POLYLINE
8
Layer 1
62
7
70
0
10
0.000000
20
0.000000
66
1
0
VERTEX
8
Layer 1
10
511.202900
20
3963.231000
70
0
0
VERTEX
8
Layer 1
10
507.743900
20
3962.599000
70
0
0
SEQEND
8
Layer 1
0
POLYLINE
8
Layer 1
62
7
70
0
10
0.000000
20
0.000000
66
1
0
VERTEX
8
Layer 1
10
507.178800
20
3943.054800
70
0
0
VERTEX
8
Layer 1
10
507.256925
20
3941.479001
70
0
0
VERTEX
8
Layer 1
10
507.481770
20
3940.071773
70
0
0
VERTEX
8
Layer 1
10
507.839040
20
3938.827818
70
0
0
VERTEX
8
Layer 1
10
508.314438
20
3937.741838
70
0
0
VERTEX
8
Layer 1
10
508.893668
20
3936.808533
70
0
0
VERTEX
8
Layer 1
10
509.562436
20
3936.022608
70
0
0
VERTEX
8
Layer 1
10
510.306445
20
3935.378763
70
0
0
VERTEX
8
Layer 1
10
511.111400
20
3934.871700
70
0
0
SEQEND
8
Layer 1
0
POLYLINE
8
Layer 1
62
7
70
0
10
0.000000
20
0.000000
66
1
0
VERTEX
8
Layer 1
10
513.372000
20
3951.012700
70
0
0
VERTEX
8
Layer 1
10
511.976398
20
3950.861756
70
0
0
VERTEX
8
Layer 1
10
510.744656
20
3950.424127
70
0
0
VERTEX
8
Layer 1
10
509.683624
20
3949.722612
70
0
0
VERTEX
8
Layer 1
10
508.800150
20
3948.780012
70
0
0
VERTEX
8
Layer 1
10
508.101082
20
3947.619131
70
0
0
VERTEX
8
Layer 1
10
507.593269
20
3946.262767
70
0
0
VERTEX
8
Layer 1
10
507.283559
20
3944.733723
70
0
0
VERTEX
8
Layer 1
10
507.178800
20
3943.054800
70
0
0
SEQEND
8
Layer 1
0
POLYLINE
8
Layer 1
62
7
70
0
10
0.000000
20
0.000000
66
1
0
VERTEX
8
Layer 1
10
521.714100
20
3935.188100
70
0
0
VERTEX
8
Layer 1
10
521.369391
20
3938.879668
70
0
0
VERTEX
8
Layer 1
10
520.865119
20
3942.085909
70
0
0
VERTEX
8
Layer 1
10
520.181344
20
3944.804702
70
0
0
VERTEX
8
Layer 1
10
519.298125
20
3947.033925
70
0
0
VERTEX
8
Layer 1
10
518.195522
20
3948.771457
70
0
0
VERTEX
8
Layer 1
10
516.853594
20
3950.015178
70
0
0
VERTEX
8
Layer 1
10
515.252400
20
3950.762966
70
0
0
VERTEX
8
Layer 1
10
513.372000
20
3951.012700
70
0
0
SEQEND
8
Layer 1
0
POLYLINE
8
Layer 1
62
7
70
0
10
0.000000
20
0.000000
66
1
0
VERTEX
8
Layer 1
10
522.212900
20
3935.188000
70
0
0
VERTEX
8
Layer 1
10
521.713900
20
3935.188000
70
0
0
SEQEND
8
Layer 1
0
POLYLINE
8
Layer 1
62
7
70
0
10
0.000000
20
0.000000
66
1
0
VERTEX
8
Layer 1
10
527.783700
20
3940.613100
70
0
0
VERTEX
8
Layer 1
10
527.687339
20
3939.289783
70
0
0
VERTEX
8
Layer 1
10
527.403581
20
3938.163500
70
0
0
VERTEX
8
Layer 1
10
526.940414
20
3937.227905
70
0
0
VERTEX
8
Layer 1
10
526.305825
20
3936.476650
70
0
0
VERTEX
8
Layer 1
10
525.507802
20
3935.903389
70
0
0
VERTEX
8
Layer 1
10
524.554331
20
3935.501775
70
0
0
VERTEX
8
Layer 1
10
523.453402
20
3935.265461
70
0
0
VERTEX
8
Layer 1
10
522.213000
20
3935.188100
70
0
0
SEQEND
8
Layer 1
0
POLYLINE
8
Layer 1
62
7
70
0
10
0.000000
20
0.000000
66
1
0
VERTEX
8
Layer 1
10
524.205800
20
3946.083700
70
0
0
VERTEX
8
Layer 1
10
525.624797
20
3945.451387
70
0
0
VERTEX
8
Layer 1
10
526.759150
20
3944.314775
70
0
0
VERTEX
8
Layer 1
10
527.189099
20
3943.563954
70
0
0
VERTEX
8
Layer 1
10
527.511303
20
3942.694975
70
0
0
VERTEX
8
Layer 1
10
527.783700
20
3940.613100
70
0
0
SEQEND
8
Layer 1
0
POLYLINE
8
Layer 1
62
7
70
0
10
0.000000
20
0.000000
66
1
0
VERTEX
8
Layer 1
10
525.247900
20
3949.656000
70
0
0
VERTEX
8
Layer 1
10
524.205900
20
3946.084000
70
0
0
SEQEND
8
Layer 1
0
POLYLINE
8
Layer 1
62
7
70
0
10
0.000000
20
0.000000
66
1
0
VERTEX
8
Layer 1
10
530.633000
20
3940.523300
70
0
0
VERTEX
8
Layer 1
10
530.540869
20
3942.148810
70
0
0
VERTEX
8
Layer 1
10
530.269041
20
3943.660434
70
0
0
VERTEX
8
Layer 1
10
529.824361
20
3945.045979
70
0
0
VERTEX
8
Layer 1
10
529.213675
20
3946.293250
70
0
0
VERTEX
8
Layer 1
10
528.443830
20
3947.390052
70
0
0
VERTEX
8
Layer 1
10
527.521672
20
3948.324191
70
0
0
VERTEX
8
Layer 1
10
526.454046
20
3949.083471
70
0
0
VERTEX
8
Layer 1
10
525.247800
20
3949.655700
70
0
0
SEQEND
8
Layer 1
0
POLYLINE
8
Layer 1
62
7
70
0
10
0.000000
20
0.000000
66
1
0
VERTEX
8
Layer 1
10
521.849500
20
3931.480700
70
0
0
VERTEX
8
Layer 1
10
523.904898
20
3931.618910
70
0
0
VERTEX
8
Layer 1
10
525.687528
20
3932.035302
70
0
0
VERTEX
8
Layer 1
10
527.196994
20
3932.732514
70
0
0
VERTEX
8
Layer 1
10
528.432900
20
3933.713188
70
0
0
VERTEX
8
Layer 1
10
529.394850
20
3934.979963
70
0
0
VERTEX
8
Layer 1
10
530.082447
20
3936.535480
70
0
0
VERTEX
8
Layer 1
10
530.495296
20
3938.382379
70
0
0
VERTEX
8
Layer 1
10
530.633000
20
3940.523300
70
0
0
SEQEND
8
Layer 1
0
POLYLINE
8
Layer 1
62
7
70
0
10
0.000000
20
0.000000
66
1
0
VERTEX
8
Layer 1
10
516.344900
20
3931.481000
70
0
0
VERTEX
8
Layer 1
10
521.849900
20
3931.481000
70
0
0
SEQEND
8
Layer 1
0
POLYLINE
8
Layer 1
62
7
70
0
10
0.000000
20
0.000000
66
1
0
VERTEX
8
Layer 1
10
507.743900
20
3930.666800
70
0
0
VERTEX
8
Layer 1
10
511.284475
20
3931.243175
70
0
0
VERTEX
8
Layer 1
10
516.345000
20
3931.480700
70
0
0
SEQEND
8
Layer 1
0
POLYLINE
8
Layer 1
62
7
70
0
10
0.000000
20
0.000000
66
1
0
VERTEX
8
Layer 1
10
507.743900
20
3934.012000
70
0
0
VERTEX
8
Layer 1
10
507.743900
20
3930.667000
70
0
0
SEQEND
8
Layer 1
0
POLYLINE
8
Layer 1
62
7
70
0
10
0.000000
20
0.000000
66
1
0
VERTEX
8
Layer 1
10
511.110900
20
3934.872000
70
0
0
VERTEX
8
Layer 1
10
507.743900
20
3934.012000
70
0
0
SEQEND
8
Layer 1
0
POLYLINE
8
Layer 1
62
7
70
0
10
0.000000
20
0.000000
66
1
0
VERTEX
8
Layer 1
10
510.072300
20
3942.151100
70
0
0
VERTEX
8
Layer 1
10
510.331313
20
3944.236723
70
0
0
VERTEX
8
Layer 1
10
510.641599
20
3945.080714
70
0
0
VERTEX
8
Layer 1
10
511.060425
20
3945.784363
70
0
0
VERTEX
8
Layer 1
10
511.578804
20
3946.341822
70
0
0
VERTEX
8
Layer 1
10
512.187750
20
3946.747245
70
0
0
VERTEX
8
Layer 1
10
512.878277
20
3946.994787
70
0
0
VERTEX
8
Layer 1
10
513.641400
20
3947.078600
70
0
0
SEQEND
8
Layer 1
0
POLYLINE
8
Layer 1
62
7
70
0
10
0.000000
20
0.000000
66
1
0
VERTEX
8
Layer 1
10
516.655600
20
3935.188100
70
0
0
VERTEX
8
Layer 1
10
514.975305
20
3935.325932
70
0
0
VERTEX
8
Layer 1
10
513.573609
20
3935.722836
70
0
0
VERTEX
8
Layer 1
10
512.433696
20
3936.353925
70
0
0
VERTEX
8
Layer 1
10
511.538750
20
3937.194312
70
0
0
VERTEX
8
Layer 1
10
510.871954
20
3938.219111
70
0
0
VERTEX
8
Layer 1
10
510.416491
20
3939.403433
70
0
0
VERTEX
8
Layer 1
10
510.155545
20
3940.722392
70
0
0
VERTEX
8
Layer 1
10
510.072300
20
3942.151100
70
0
0
SEQEND
8
Layer 1
0
POLYLINE
8
Layer 1
62
7
70
0
10
0.000000
20
0.000000
66
1
0
VERTEX
8
Layer 1
10
519.046900
20
3935.188000
70
0
0
VERTEX
8
Layer 1
10
516.655900
20
3935.188000
70
0
0
SEQEND
8
Layer 1
0
POLYLINE
8
Layer 1
62
7
70
0
10
0.000000
20
0.000000
66
1
0
VERTEX
8
Layer 1
10
513.641400
20
3947.078600
70
0
0
VERTEX
8
Layer 1
10
514.820805
20
3946.894017
70
0
0
VERTEX
8
Layer 1
10
515.834228
20
3946.339578
70
0
0
VERTEX
8
Layer 1
10
516.692706
20
3945.414250
70
0
0
VERTEX
8
Layer 1
10
517.407275
20
3944.117000
70
0
0
VERTEX
8
Layer 1
10
517.988972
20
3942.446793
70
0
0
VERTEX
8
Layer 1
10
518.448834
20
3940.402597
70
0
0
VERTEX
8
Layer 1
10
519.047200
20
3935.188100
70
0
0
SEQEND
8
Layer 1
0
POLYLINE
8
Layer 1
62
7
70
0
10
0.000000
20
0.000000
66
1
0
VERTEX
8
Layer 1
10
507.743900
20
3919.352000
70
0
0
VERTEX
8
Layer 1
10
507.743900
20
3915.509000
70
0
0
SEQEND
8
Layer 1
0
POLYLINE
8
Layer 1
62
7
70
0
10
0.000000
20
0.000000
66
1
0
VERTEX
8
Layer 1
10
530.161900
20
3919.352000
70
0
0
VERTEX
8
Layer 1
10
507.743900
20
3919.352000
70
0
0
SEQEND
8
Layer 1
0
POLYLINE
8
Layer 1
62
7
70
0
10
0.000000
20
0.000000
66
1
0
VERTEX
8
Layer 1
10
530.161900
20
3916.413000
70
0
0
VERTEX
8
Layer 1
10
530.161900
20
3919.352000
70
0
0
SEQEND
8
Layer 1
0
POLYLINE
8
Layer 1
62
7
70
0
10
0.000000
20
0.000000
66
1
0
VERTEX
8
Layer 1
10
524.935900
20
3915.555000
70
0
0
VERTEX
8
Layer 1
10
530.161900
20
3916.413000
70
0
0
SEQEND
8
Layer 1
0
POLYLINE
8
Layer 1
62
7
70
0
10
0.000000
20
0.000000
66
1
0
VERTEX
8
Layer 1
10
530.538800
20
3905.336000
70
0
0
VERTEX
8
Layer 1
10
530.453668
20
3906.895176
70
0
0
VERTEX
8
Layer 1
10
530.196891
20
3908.407728
70
0
0
VERTEX
8
Layer 1
10
529.766400
20
3909.856704
70
0
0
VERTEX
8
Layer 1
10
529.160125
20
3911.225150
70
0
0
VERTEX
8
Layer 1
10
528.375997
20
3912.496115
70
0
0
VERTEX
8
Layer 1
10
527.411947
20
3913.652647
70
0
0
VERTEX
8
Layer 1
10
526.265904
20
3914.677793
70
0
0
VERTEX
8
Layer 1
10
524.935800
20
3915.554600
70
0
0
SEQEND
8
Layer 1
0
POLYLINE
8
Layer 1
62
7
70
0
10
0.000000
20
0.000000
66
1
0
VERTEX
8
Layer 1
10
530.162100
20
3901.764000
70
0
0
VERTEX
8
Layer 1
10
530.423837
20
3903.465025
70
0
0
VERTEX
8
Layer 1
10
530.538800
20
3905.336000
70
0
0
SEQEND
8
Layer 1
0
POLYLINE
8
Layer 1
62
7
70
0
10
0.000000
20
0.000000
66
1
0
VERTEX
8
Layer 1
10
526.152900
20
3901.764000
70
0
0
VERTEX
8
Layer 1
10
530.161900
20
3901.764000
70
0
0
SEQEND
8
Layer 1
0
POLYLINE
8
Layer 1
62
7
70
0
10
0.000000
20
0.000000
66
1
0
VERTEX
8
Layer 1
10
526.830000
20
3906.149900
70
0
0
VERTEX
8
Layer 1
10
526.643813
20
3903.923312
70
0
0
VERTEX
8
Layer 1
10
526.152900
20
3901.764000
70
0
0
SEQEND
8
Layer 1
0
POLYLINE
8
Layer 1
62
7
70
0
10
0.000000
20
0.000000
66
1
0
VERTEX
8
Layer 1
10
517.083800
20
3915.509000
70
0
0
VERTEX
8
Layer 1
10
519.381311
20
3915.327491
70
0
0
VERTEX
8
Layer 1
10
521.367225
20
3914.803119
70
0
0
VERTEX
8
Layer 1
10
523.043164
20
3913.966119
70
0
0
VERTEX
8
Layer 1
10
524.410750
20
3912.846725
70
0
0
VERTEX
8
Layer 1
10
525.471605
20
3911.475172
70
0
0
VERTEX
8
Layer 1
10
526.227350
20
3909.881694
70
0
0
VERTEX
8
Layer 1
10
526.679608
20
3908.096525
70
0
0
VERTEX
8
Layer 1
10
526.830000
20
3906.149900
70
0
0
SEQEND
8
Layer 1
0
POLYLINE
8
Layer 1
62
7
70
0
10
0.000000
20
0.000000
66
1
0
VERTEX
8
Layer 1
10
507.743900
20
3915.509000
70
0
0
VERTEX
8
Layer 1
10
517.083900
20
3915.509000
70
0
0
SEQEND
8
Layer 1
0
POLYLINE
8
Layer 1
62
7
70
0
10
0.000000
20
0.000000
66
1
0
VERTEX
8
Layer 1
10
507.178800
20
3882.763400
70
0
0
VERTEX
8
Layer 1
10
507.267225
20
3881.115156
70
0
0
VERTEX
8
Layer 1
10
507.521947
20
3879.624919
70
0
0
VERTEX
8
Layer 1
10
507.927132
20
3878.285253
70
0
0
VERTEX
8
Layer 1
10
508.466950
20
3877.088725
70
0
0
VERTEX
8
Layer 1
10
509.125568
20
3876.027900
70
0
0
VERTEX
8
Layer 1
10
509.887153
20
3875.095344
70
0
0
VERTEX
8
Layer 1
10
511.655900
20
3873.585300
70
0
0
SEQEND
8
Layer 1
0
POLYLINE
8
Layer 1
62
7
70
0
10
0.000000
20
0.000000
66
1
0
VERTEX
8
Layer 1
10
518.895600
20
3894.066600
70
0
0
VERTEX
8
Layer 1
10
516.443303
20
3893.870187
70
0
0
VERTEX
8
Layer 1
10
514.201247
20
3893.292261
70
0
0
VERTEX
8
Layer 1
10
512.205411
20
3892.349796
70
0
0
VERTEX
8
Layer 1
10
510.491775
20
3891.059762
70
0
0
VERTEX
8
Layer 1
10
509.096317
20
3889.439134
70
0
0
VERTEX
8
Layer 1
10
508.055016
20
3887.504883
70
0
0
VERTEX
8
Layer 1
10
507.403850
20
3885.273981
70
0
0
VERTEX
8
Layer 1
10
507.178800
20
3882.763400
70
0
0
SEQEND
8
Layer 1
0
POLYLINE
8
Layer 1
62
7
70
0
10
0.000000
20
0.000000
66
1
0
VERTEX
8
Layer 1
10
530.633000
20
3882.944400
70
0
0
VERTEX
8
Layer 1
10
530.422942
20
3885.252428
70
0
0
VERTEX
8
Layer 1
10
529.808002
20
3887.371402
70
0
0
VERTEX
8
Layer 1
10
528.811033
20
3889.264740
70
0
0
VERTEX
8
Layer 1
10
527.454888
20
3890.895862
70
0
0
VERTEX
8
Layer 1
10
525.762419
20
3892.228190
70
0
0
VERTEX
8
Layer 1
10
523.756480
20
3893.225142
70
0
0
VERTEX
8
Layer 1
10
521.459922
20
3893.850139
70
0
0
VERTEX
8
Layer 1
10
518.895600
20
3894.066600
70
0
0
SEQEND
8
Layer 1
0
POLYLINE
8
Layer 1
62
7
70
0
10
0.000000
20
0.000000
66
1
0
VERTEX
8
Layer 1
10
518.262700
20
3872.319600
70
0
0
VERTEX
8
Layer 1
10
520.660275
20
3872.340282
70
0
0
VERTEX
8
Layer 1
10
522.937494
20
3872.765217
70
0
0
VERTEX
8
Layer 1
10
525.032922
20
3873.579053
70
0
0
VERTEX
8
Layer 1
10
526.885125
20
3874.766438
70
0
0
VERTEX
8
Layer 1
10
528.432669
20
3876.312017
70
0
0
VERTEX
8
Layer 1
10
529.614119
20
3878.200439
70
0
0
VERTEX
8
Layer 1
10
530.368041
20
3880.416351
70
0
0
VERTEX
8
Layer 1
10
530.633000
20
3882.944400
70
0
0
SEQEND
8
Layer 1
0
POLYLINE
8
Layer 1
62
7
70
0
10
0.000000
20
0.000000
66
1
0
VERTEX
8
Layer 1
10
518.262900
20
3890.224000
70
0
0
VERTEX
8
Layer 1
10
518.262900
20
3872.320000
70
0
0
SEQEND
8
Layer 1
0
POLYLINE
8
Layer 1
62
7
70
0
10
0.000000
20
0.000000
66
1
0
VERTEX
8
Layer 1
10
510.343100
20
3882.582300
70
0
0
VERTEX
8
Layer 1
10
510.434689
20
3883.874935
70
0
0
VERTEX
8
Layer 1
10
510.727830
20
3885.174983
70
0
0
VERTEX
8
Layer 1
10
511.250084
20
3886.430529
70
0
0
VERTEX
8
Layer 1
10
512.029013
20
3887.589663
70
0
0
VERTEX
8
Layer 1
10
513.092177
20
3888.600469
70
0
0
VERTEX
8
Layer 1
10
514.467139
20
3889.411036
70
0
0
VERTEX
8
Layer 1
10
516.181460
20
3889.969451
70
0
0
VERTEX
8
Layer 1
10
518.262700
20
3890.223800
70
0
0
SEQEND
8
Layer 1
0
POLYLINE
8
Layer 1
62
7
70
0
10
0.000000
20
0.000000
66
1
0
VERTEX
8
Layer 1
10
512.877500
20
3876.976300
70
0
0
VERTEX
8
Layer 1
10
511.870541
20
3877.909359
70
0
0
VERTEX
8
Layer 1
10
511.067225
20
3879.118100
70
0
0
VERTEX
8
Layer 1
10
510.535447
20
3880.657441
70
0
0
VERTEX
8
Layer 1
10
510.343100
20
3882.582300
70
0
0
SEQEND
8
Layer 1
0
POLYLINE
8
Layer 1
62
7
70
0
10
0.000000
20
0.000000
66
1
0
VERTEX
8
Layer 1
10
511.655900
20
3873.585000
70
0
0
VERTEX
8
Layer 1
10
512.877900
20
3876.976000
70
0
0
SEQEND
8
Layer 1
0
POLYLINE
8
Layer 1
62
7
70
0
10
0.000000
20
0.000000
66
1
0
VERTEX
8
Layer 1
10
520.930900
20
3876.071000
70
0
0
VERTEX
8
Layer 1
10
520.930900
20
3890.178000
70
0
0
SEQEND
8
Layer 1
0
POLYLINE
8
Layer 1
62
7
70
0
10
0.000000
20
0.000000
66
1
0
VERTEX
8
Layer 1
10
527.558500
20
3882.853100
70
0
0
VERTEX
8
Layer 1
10
527.406833
20
3881.293536
70
0
0
VERTEX
8
Layer 1
10
526.979325
20
3879.937347
70
0
0
VERTEX
8
Layer 1
10
526.317217
20
3878.784534
70
0
0
VERTEX
8
Layer 1
10
525.461750
20
3877.835100
70
0
0
VERTEX
8
Layer 1
10
524.454164
20
3877.089047
70
0
0
VERTEX
8
Layer 1
10
523.335700
20
3876.546378
70
0
0
VERTEX
8
Layer 1
10
522.147598
20
3876.207095
70
0
0
VERTEX
8
Layer 1
10
520.931100
20
3876.071200
70
0
0
SEQEND
8
Layer 1
0
POLYLINE
8
Layer 1
62
7
70
0
10
0.000000
20
0.000000
66
1
0
VERTEX
8
Layer 1
10
520.931100
20
3890.178200
70
0
0
VERTEX
8
Layer 1
10
522.613692
20
3889.811475
70
0
0
VERTEX
8
Layer 1
10
524.020572
20
3889.237109
70
0
0
VERTEX
8
Layer 1
10
525.167572
20
3888.480508
70
0
0
VERTEX
8
Layer 1
10
526.070525
20
3887.567075
70
0
0
VERTEX
8
Layer 1
10
526.745262
20
3886.522214
70
0
0
VERTEX
8
Layer 1
10
527.207616
20
3885.371328
70
0
0
VERTEX
8
Layer 1
10
527.473418
20
3884.139822
70
0
0
VERTEX
8
Layer 1
10
527.558500
20
3882.853100
70
0
0
SEQEND
8
Layer 1
0
POLYLINE
8
ShapeString
62
7
70
0
10
0.000000
20
0.000000
66
1
0
VERTEX
8
ShapeString
10
7938.651900
20
4121.802300
70
0
0
VERTEX
8
ShapeString
10
7940.923262
20
4121.478569
70
0
0
VERTEX
8
ShapeString
10
7943.145799
20
4121.609267
70
0
0
VERTEX
8
ShapeString
10
7945.264457
20
4122.161190
70
0
0
VERTEX
8
ShapeString
10
7947.224182
20
4123.101137
70
0
0
VERTEX
8
ShapeString
10
7948.969919
20
4124.395905
70
0
0
VERTEX
8
ShapeString
10
7950.446613
20
4126.012291
70
0
0
VERTEX
8
ShapeString
10
7951.599212
20
4127.917093
70
0
0
VERTEX
8
ShapeString
10
7952.372659
20
4130.077108
70
0
0
VERTEX
8
ShapeString
10
7952.699889
20
4132.347969
70
0
0
VERTEX
8
ShapeString
10
7952.572616
20
4134.570705
70
0
0
VERTEX
8
ShapeString
10
7952.023957
20
4136.690211
70
0
0
VERTEX
8
ShapeString
10
7951.087031
20
4138.651381
70
0
0
VERTEX
8
ShapeString
10
7949.794954
20
4140.399111
70
0
0
VERTEX
8
ShapeString
10
7948.180845
20
4141.878294
70
0
0
VERTEX
8
ShapeString
10
7946.277821
20
4143.033825
70
0
0
VERTEX
8
ShapeString
10
7944.119000
20
4143.810600
70
0
0
VERTEX
8
ShapeString
10
7941.847638
20
4144.134331
70
0
0
VERTEX
8
ShapeString
10
7939.625101
20
4144.003633
70
0
0
VERTEX
8
ShapeString
10
7937.506443
20
4143.451710
70
0
0
VERTEX
8
ShapeString
10
7935.546718
20
4142.511763
70
0
0
VERTEX
8
ShapeString
10
7933.800981
20
4141.216995
70
0
0
VERTEX
8
ShapeString
10
7932.324287
20
4139.600609
70
0
0
VERTEX
8
ShapeString
10
7931.171688
20
4137.695807
70
0
0
VERTEX
8
ShapeString
10
7930.398241
20
4135.535792
70
0
0
VERTEX
8
ShapeString
10
7930.071011
20
4133.264931
70
0
0
VERTEX
8
ShapeString
10
7930.198284
20
4131.042195
70
0
0
VERTEX
8
ShapeString
10
7930.746943
20
4128.922689
70
0
0
VERTEX
8
ShapeString
10
7931.683869
20
4126.961519
70
0
0
VERTEX
8
ShapeString
10
7932.975946
20
4125.213789
70
0
0
VERTEX
8
ShapeString
10
7934.590055
20
4123.734606
70
0
0
VERTEX
8
ShapeString
10
7936.493079
20
4122.579075
70
0
0
VERTEX
8
ShapeString
10
7938.651900
20
4121.802300
70
0
0
VERTEX
8
ShapeString
10
7938.651900
20
4121.802300
70
0
0
SEQEND
8
ShapeString
0
POLYLINE
8
ShapeString
62
7
70
0
10
0.000000
20
0.000000
66
1
0
VERTEX
8
ShapeString
10
7555.697600
20
3959.961600
70
0
0
VERTEX
8
ShapeString
10
7557.968962
20
3959.637869
70
0
0
VERTEX
8
ShapeString
10
7560.191499
20
3959.768567
70
0
0
VERTEX
8
ShapeString
10
7562.310157
20
3960.320490
70
0
0
VERTEX
8
ShapeString
10
7564.269882
20
3961.260437
70
0
0
VERTEX
8
ShapeString
10
7566.015619
20
3962.555205
70
0
0
VERTEX
8
ShapeString
10
7567.492313
20
3964.171591
70
0
0
VERTEX
8
ShapeString
10
7568.644912
20
3966.076393
70
0
0
VERTEX
8
ShapeString
10
7569.418359
20
3968.236408
70
0
0
VERTEX
8
ShapeString
10
7569.745589
20
3970.507269
70
0
0
VERTEX
8
ShapeString
10
7569.618316
20
3972.730005
70
0
0
VERTEX
8
ShapeString
10
7569.069657
20
3974.849511
70
0
0
VERTEX
8
ShapeString
10
7568.132731
20
3976.810681
70
0
0
VERTEX
8
ShapeString
10
7566.840654
20
3978.558411
70
0
0
VERTEX
8
ShapeString
10
7565.226545
20
3980.037594
70
0
0
VERTEX
8
ShapeString
10
7563.323521
20
3981.193125
70
0
0
VERTEX
8
ShapeString
10
7561.164700
20
3981.969900
70
0
0
VERTEX
8
ShapeString
10
7558.893338
20
3982.293631
70
0
0
VERTEX
8
ShapeString
10
7556.670801
20
3982.162933
70
0
0
VERTEX
8
ShapeString
10
7554.552143
20
3981.611010
70
0
0
VERTEX
8
ShapeString
10
7552.592418
20
3980.671063
70
0
0
VERTEX
8
ShapeString
10
7550.846681
20
3979.376295
70
0
0
VERTEX
8
ShapeString
10
7549.369987
20
3977.759909
70
0
0
VERTEX
8
ShapeString
10
7548.217388
20
3975.855107
70
0
0
VERTEX
8
ShapeString
10
7547.443941
20
3973.695092
70
0
0
VERTEX
8
ShapeString
10
7547.116711
20
3971.424231
70
0
0
VERTEX
8
ShapeString
10
7547.243984
20
3969.201495
70
0
0
VERTEX
8
ShapeString
10
7547.792643
20
3967.081989
70
0
0
VERTEX
8
ShapeString
10
7548.729569
20
3965.120819
70
0
0
VERTEX
8
ShapeString
10
7550.021646
20
3963.373089
70
0
0
VERTEX
8
ShapeString
10
7551.635755
20
3961.893906
70
0
0
VERTEX
8
ShapeString
10
7553.538779
20
3960.738375
70
0
0
VERTEX
8
ShapeString
10
7555.697600
20
3959.961600
70
0
0
VERTEX
8
ShapeString
10
7555.697600
20
3959.961600
70
0
0
SEQEND
8
ShapeString
0
POLYLINE
8
ShapeString
62
7
70
0
10
0.000000
20
0.000000
66
1
0
VERTEX
8
ShapeString
10
8193.391100
20
2753.406300
70
0
0
VERTEX
8
ShapeString
10
8194.872751
20
2753.140987
70
0
0
VERTEX
8
ShapeString
10
8196.356913
20
2753.073984
70
0
0
VERTEX
8
ShapeString
10
8197.825250
20
2753.200016
70
0
0
VERTEX
8
ShapeString
10
8199.259426
20
2753.513808
70
0
0
VERTEX
8
ShapeString
10
8200.641105
20
2754.010085
70
0
0
VERTEX
8
ShapeString
10
8201.951949
20
2754.683572
70
0
0
VERTEX
8
ShapeString
10
8203.173624
20
2755.528994
70
0
0
VERTEX
8
ShapeString
10
8204.287792
20
2756.541076
70
0
0
VERTEX
8
ShapeString
10
8205.258385
20
2757.691567
70
0
0
VERTEX
8
ShapeString
10
8206.058492
20
2758.943388
70
0
0
VERTEX
8
ShapeString
10
8206.683514
20
2760.278021
70
0
0
VERTEX
8
ShapeString
10
8207.128850
20
2761.676950
70
0
0
VERTEX
8
ShapeString
10
8207.389901
20
2763.121657
70
0
0
VERTEX
8
ShapeString
10
8207.462066
20
2764.593625
70
0
0
VERTEX
8
ShapeString
10
8207.340746
20
2766.074337
70
0
0
VERTEX
8
ShapeString
10
8207.021342
20
2767.545276
70
0
0
VERTEX
8
ShapeString
10
8206.510284
20
2768.961080
70
0
0
VERTEX
8
ShapeString
10
8205.826229
20
2770.279904
70
0
0
VERTEX
8
ShapeString
10
8204.982914
20
2771.488505
70
0
0
VERTEX
8
ShapeString
10
8203.994074
20
2772.573642
70
0
0
VERTEX
8
ShapeString
10
8202.873446
20
2773.522072
70
0
0
VERTEX
8
ShapeString
10
8201.634767
20
2774.320553
70
0
0
VERTEX
8
ShapeString
10
8200.291773
20
2774.955843
70
0
0
VERTEX
8
ShapeString
10
8198.858200
20
2775.414700
70
0
0
VERTEX
8
ShapeString
10
8196.584934
20
2775.742039
70
0
0
VERTEX
8
ShapeString
10
8194.360053
20
2775.613956
70
0
0
VERTEX
8
ShapeString
10
8192.238800
20
2775.063709
70
0
0
VERTEX
8
ShapeString
10
8190.276417
20
2774.124556
70
0
0
VERTEX
8
ShapeString
10
8188.528148
20
2772.829755
70
0
0
VERTEX
8
ShapeString
10
8187.049236
20
2771.212565
70
0
0
VERTEX
8
ShapeString
10
8185.894922
20
2769.306244
70
0
0
VERTEX
8
ShapeString
10
8185.120450
20
2767.144050
70
0
0
VERTEX
8
ShapeString
10
8184.793111
20
2764.870784
70
0
0
VERTEX
8
ShapeString
10
8184.921194
20
2762.645903
70
0
0
VERTEX
8
ShapeString
10
8185.471441
20
2760.524650
70
0
0
VERTEX
8
ShapeString
10
8186.410594
20
2758.562267
70
0
0
VERTEX
8
ShapeString
10
8187.705395
20
2756.813998
70
0
0
VERTEX
8
ShapeString
10
8189.322585
20
2755.335086
70
0
0
VERTEX
8
ShapeString
10
8191.228906
20
2754.180772
70
0
0
VERTEX
8
ShapeString
10
8193.391100
20
2753.406300
70
0
0
VERTEX
8
ShapeString
10
8193.391100
20
2753.406300
70
0
0
SEQEND
8
ShapeString
0
POLYLINE
8
ShapeString
62
7
70
0
10
0.000000
20
0.000000
66
1
0
VERTEX
8
ShapeString
10
7777.646400
20
2751.741500
70
0
0
VERTEX
8
ShapeString
10
7779.917693
20
2751.417901
70
0
0
VERTEX
8
ShapeString
10
7782.140145
20
2751.548694
70
0
0
VERTEX
8
ShapeString
10
7784.258709
20
2752.100678
70
0
0
VERTEX
8
ShapeString
10
7786.218337
20
2753.040655
70
0
0
VERTEX
8
ShapeString
10
7787.963981
20
2754.335421
70
0
0
VERTEX
8
ShapeString
10
7789.440595
20
2755.951779
70
0
0
VERTEX
8
ShapeString
10
7790.593131
20
2757.856525
70
0
0
VERTEX
8
ShapeString
10
7791.366542
20
2760.016462
70
0
0
VERTEX
8
ShapeString
10
7791.693768
20
2762.287235
70
0
0
VERTEX
8
ShapeString
10
7791.566524
20
2764.509893
70
0
0
VERTEX
8
ShapeString
10
7791.017923
20
2766.629335
70
0
0
VERTEX
8
ShapeString
10
7790.081077
20
2768.590462
70
0
0
VERTEX
8
ShapeString
10
7788.789100
20
2770.338172
70
0
0
VERTEX
8
ShapeString
10
7787.175102
20
2771.817365
70
0
0
VERTEX
8
ShapeString
10
7785.272198
20
2772.972942
70
0
0
VERTEX
8
ShapeString
10
7783.113500
20
2773.749800
70
0
0
VERTEX
8
ShapeString
10
7780.842207
20
2774.073399
70
0
0
VERTEX
8
ShapeString
10
7778.619755
20
2773.942606
70
0
0
VERTEX
8
ShapeString
10
7776.501191
20
2773.390622
70
0
0
VERTEX
8
ShapeString
10
7774.541563
20
2772.450645
70
0
0
VERTEX
8
ShapeString
10
7772.795919
20
2771.155879
70
0
0
VERTEX
8
ShapeString
10
7771.319305
20
2769.539521
70
0
0
VERTEX
8
ShapeString
10
7770.166769
20
2767.634775
70
0
0
VERTEX
8
ShapeString
10
7769.393358
20
2765.474838
70
0
0
VERTEX
8
ShapeString
10
7769.066132
20
2763.204065
70
0
0
VERTEX
8
ShapeString
10
7769.193376
20
2760.981407
70
0
0
VERTEX
8
ShapeString
10
7769.741977
20
2758.861965
70
0
0
VERTEX
8
ShapeString
10
7770.678823
20
2756.900838
70
0
0
VERTEX
8
ShapeString
10
7771.970800
20
2755.153128
70
0
0
VERTEX
8
ShapeString
10
7773.584798
20
2753.673935
70
0
0
VERTEX
8
ShapeString
10
7775.487702
20
2752.518358
70
0
0
VERTEX
8
ShapeString
10
7777.646400
20
2751.741500
70
0
0
VERTEX
8
ShapeString
10
7777.646400
20
2751.741500
70
0
0
SEQEND
8
ShapeString
0
POLYLINE
8
ShapeString
62
7
70
0
10
0.000000
20
0.000000
66
1
0
VERTEX
8
ShapeString
10
7780.849200
20
1242.884100
70
0
0
VERTEX
8
ShapeString
10
7783.120539
20
1242.560433
70
0
0
VERTEX
8
ShapeString
10
7785.343045
20
1242.691179
70
0
0
VERTEX
8
ShapeString
10
7787.461666
20
1243.243137
70
0
0
VERTEX
8
ShapeString
10
7789.421352
20
1244.183104
70
0
0
VERTEX
8
ShapeString
10
7791.167051
20
1245.477879
70
0
0
VERTEX
8
ShapeString
10
7792.643711
20
1247.094259
70
0
0
VERTEX
8
ShapeString
10
7793.796283
20
1248.999044
70
0
0
VERTEX
8
ShapeString
10
7794.569713
20
1251.159032
70
0
0
VERTEX
8
ShapeString
10
7794.896940
20
1253.429861
70
0
0
VERTEX
8
ShapeString
10
7794.769678
20
1255.652569
70
0
0
VERTEX
8
ShapeString
10
7794.221043
20
1257.772053
70
0
0
VERTEX
8
ShapeString
10
7793.284149
20
1259.733209
70
0
0
VERTEX
8
ShapeString
10
7791.992112
20
1261.480936
70
0
0
VERTEX
8
ShapeString
10
7790.378048
20
1262.960128
70
0
0
VERTEX
8
ShapeString
10
7788.475072
20
1264.115684
70
0
0
VERTEX
8
ShapeString
10
7786.316300
20
1264.892500
70
0
0
VERTEX
8
ShapeString
10
7784.044961
20
1265.216167
70
0
0
VERTEX
8
ShapeString
10
7781.822455
20
1265.085421
70
0
0
VERTEX
8
ShapeString
10
7779.703834
20
1264.533463
70
0
0
VERTEX
8
ShapeString
10
7777.744148
20
1263.593496
70
0
0
VERTEX
8
ShapeString
10
7775.998449
20
1262.298721
70
0
0
VERTEX
8
ShapeString
10
7774.521789
20
1260.682341
70
0
0
VERTEX
8
ShapeString
10
7773.369217
20
1258.777556
70
0
0
VERTEX
8
ShapeString
10
7772.595787
20
1256.617568
70
0
0
VERTEX
8
ShapeString
10
7772.268560
20
1254.346739
70
0
0
VERTEX
8
ShapeString
10
7772.395822
20
1252.124031
70
0
0
VERTEX
8
ShapeString
10
7772.944457
20
1250.004547
70
0
0
VERTEX
8
ShapeString
10
7773.881351
20
1248.043391
70
0
0
VERTEX
8
ShapeString
10
7775.173388
20
1246.295664
70
0
0
VERTEX
8
ShapeString
10
7776.787452
20
1244.816472
70
0
0
VERTEX
8
ShapeString
10
7778.690428
20
1243.660916
70
0
0
VERTEX
8
ShapeString
10
7780.849200
20
1242.884100
70
0
0
VERTEX
8
ShapeString
10
7780.849200
20
1242.884100
70
0
0
SEQEND
8
ShapeString
0
POLYLINE
8
ShapeString
62
7
70
0
10
0.000000
20
0.000000
66
1
0
VERTEX
8
ShapeString
10
7677.258100
20
1271.944900
70
0
0
VERTEX
8
ShapeString
10
7679.529940
20
1271.620267
70
0
0
VERTEX
8
ShapeString
10
7681.753064
20
1271.750312
70
0
0
VERTEX
8
ShapeString
10
7683.872372
20
1272.301820
70
0
0
VERTEX
8
ShapeString
10
7685.832760
20
1273.241572
70
0
0
VERTEX
8
ShapeString
10
7687.579128
20
1274.536352
70
0
0
VERTEX
8
ShapeString
10
7689.056373
20
1276.152944
70
0
0
VERTEX
8
ShapeString
10
7690.209395
20
1278.058130
70
0
0
VERTEX
8
ShapeString
10
7690.983091
20
1280.218695
70
0
0
VERTEX
8
ShapeString
10
7691.310339
20
1282.490159
70
0
0
VERTEX
8
ShapeString
10
7691.182852
20
1284.713432
70
0
0
VERTEX
8
ShapeString
10
7690.633785
20
1286.833373
70
0
0
VERTEX
8
ShapeString
10
7689.696290
20
1288.794841
70
0
0
VERTEX
8
ShapeString
10
7688.403521
20
1290.542698
70
0
0
VERTEX
8
ShapeString
10
7686.788630
20
1292.021804
70
0
0
VERTEX
8
ShapeString
10
7684.884772
20
1293.177018
70
0
0
VERTEX
8
ShapeString
10
7682.725100
20
1293.953200
70
0
0
VERTEX
8
ShapeString
10
7680.453260
20
1294.277833
70
0
0
VERTEX
8
ShapeString
10
7678.230136
20
1294.147788
70
0
0
VERTEX
8
ShapeString
10
7676.110828
20
1293.596280
70
0
0
VERTEX
8
ShapeString
10
7674.150440
20
1292.656528
70
0
0
VERTEX
8
ShapeString
10
7672.404072
20
1291.361748
70
0
0
VERTEX
8
ShapeString
10
7670.926827
20
1289.745156
70
0
0
VERTEX
8
ShapeString
10
7669.773805
20
1287.839970
70
0
0
VERTEX
8
ShapeString
10
7669.000109
20
1285.679405
70
0
0
VERTEX
8
ShapeString
10
7668.672861
20
1283.407941
70
0
0
VERTEX
8
ShapeString
10
7668.800348
20
1281.184668
70
0
0
VERTEX
8
ShapeString
10
7669.349415
20
1279.064727
70
0
0
VERTEX
8
ShapeString
10
7670.286910
20
1277.103259
70
0
0
VERTEX
8
ShapeString
10
7671.579679
20
1275.355402
70
0
0
VERTEX
8
ShapeString
10
7673.194570
20
1273.876296
70
0
0
VERTEX
8
ShapeString
10
7675.098428
20
1272.721082
70
0
0
VERTEX
8
ShapeString
10
7677.258100
20
1271.944900
70
0
0
VERTEX
8
ShapeString
10
7677.258100
20
1271.944900
70
0
0
SEQEND
8
ShapeString
0
POLYLINE
8
ShapeString
62
7
70
0
10
0.000000
20
0.000000
66
1
0
VERTEX
8
ShapeString
10
7744.441100
20
4029.877800
70
0
0
VERTEX
8
ShapeString
10
7746.718841
20
4029.434009
70
0
0
VERTEX
8
ShapeString
10
7748.986092
20
4029.226037
70
0
0
VERTEX
8
ShapeString
10
7751.229062
20
4029.245575
70
0
0
VERTEX
8
ShapeString
10
7753.433959
20
4029.484315
70
0
0
VERTEX
8
ShapeString
10
7755.586991
20
4029.933948
70
0
0
VERTEX
8
ShapeString
10
7757.674367
20
4030.586163
70
0
0
VERTEX
8
ShapeString
10
7759.682295
20
4031.432654
70
0
0
VERTEX
8
ShapeString
10
7761.596983
20
4032.465110
70
0
0
VERTEX
8
ShapeString
10
7763.404640
20
4033.675223
70
0
0
VERTEX
8
ShapeString
10
7765.091473
20
4035.054683
70
0
0
VERTEX
8
ShapeString
10
7766.643693
20
4036.595183
70
0
0
VERTEX
8
ShapeString
10
7768.047506
20
4038.288412
70
0
0
VERTEX
8
ShapeString
10
7769.289121
20
4040.126063
70
0
0
VERTEX
8
ShapeString
10
7770.354746
20
4042.099825
70
0
0
VERTEX
8
ShapeString
10
7771.230590
20
4044.201391
70
0
0
VERTEX
8
ShapeString
10
7771.902862
20
4046.422450
70
0
0
VERTEX
8
ShapeString
10
7772.348070
20
4048.699915
70
0
0
VERTEX
8
ShapeString
10
7772.557452
20
4050.967036
70
0
0
VERTEX
8
ShapeString
10
7772.539309
20
4053.210018
70
0
0
VERTEX
8
ShapeString
10
7772.301941
20
4055.415063
70
0
0
VERTEX
8
ShapeString
10
7771.853649
20
4057.568374
70
0
0
VERTEX
8
ShapeString
10
7771.202732
20
4059.656156
70
0
0
VERTEX
8
ShapeString
10
7770.357491
20
4061.664609
70
0
0
VERTEX
8
ShapeString
10
7769.326226
20
4063.579940
70
0
0
VERTEX
8
ShapeString
10
7768.117238
20
4065.388349
70
0
0
VERTEX
8
ShapeString
10
7766.738827
20
4067.076041
70
0
0
VERTEX
8
ShapeString
10
7765.199294
20
4068.629218
70
0
0
VERTEX
8
ShapeString
10
7763.506938
20
4070.034084
70
0
0
VERTEX
8
ShapeString
10
7761.670060
20
4071.276842
70
0
0
VERTEX
8
ShapeString
10
7759.696961
20
4072.343695
70
0
0
VERTEX
8
ShapeString
10
7757.595941
20
4073.220847
70
0
0
VERTEX
8
ShapeString
10
7755.375300
20
4073.894500
70
0
0
VERTEX
8
ShapeString
10
7753.097559
20
4074.338291
70
0
0
VERTEX
8
ShapeString
10
7750.830308
20
4074.546263
70
0
0
VERTEX
8
ShapeString
10
7748.587338
20
4074.526725
70
0
0
VERTEX
8
ShapeString
10
7746.382441
20
4074.287985
70
0
0
VERTEX
8
ShapeString
10
7744.229409
20
4073.838352
70
0
0
VERTEX
8
ShapeString
10
7742.142033
20
4073.186137
70
0
0
VERTEX
8
ShapeString
10
7740.134105
20
4072.339646
70
0
0
VERTEX
8
ShapeString
10
7738.219417
20
4071.307190
70
0
0
VERTEX
8
ShapeString
10
7736.411760
20
4070.097077
70
0
0
VERTEX
8
ShapeString
10
7734.724927
20
4068.717617
70
0
0
VERTEX
8
ShapeString
10
7733.172707
20
4067.177117
70
0
0
VERTEX
8
ShapeString
10
7731.768894
20
4065.483888
70
0
0
VERTEX
8
ShapeString
10
7730.527279
20
4063.646237
70
0
0
VERTEX
8
ShapeString
10
7729.461654
20
4061.672475
70
0
0
VERTEX
8
ShapeString
10
7728.585810
20
4059.570909
70
0
0
VERTEX
8
ShapeString
10
7727.913538
20
4057.349850
70
0
0
VERTEX
8
ShapeString
10
7727.468330
20
4055.072385
70
0
0
VERTEX
8
ShapeString
10
7727.258948
20
4052.805264
70
0
0
VERTEX
8
ShapeString
10
7727.277091
20
4050.562282
70
0
0
VERTEX
8
ShapeString
10
7727.514459
20
4048.357237
70
0
0
VERTEX
8
ShapeString
10
7727.962751
20
4046.203926
70
0
0
VERTEX
8
ShapeString
10
7728.613668
20
4044.116144
70
0
0
VERTEX
8
ShapeString
10
7729.458909
20
4042.107691
70
0
0
VERTEX
8
ShapeString
10
7730.490174
20
4040.192360
70
0
0
VERTEX
8
ShapeString
10
7731.699162
20
4038.383951
70
0
0
VERTEX
8
ShapeString
10
7733.077573
20
4036.696259
70
0
0
VERTEX
8
ShapeString
10
7734.617106
20
4035.143082
70
0
0
VERTEX
8
ShapeString
10
7736.309462
20
4033.738216
70
0
0
VERTEX
8
ShapeString
10
7738.146340
20
4032.495458
70
0
0
VERTEX
8
ShapeString
10
7740.119439
20
4031.428605
70
0
0
VERTEX
8
ShapeString
10
7742.220459
20
4030.551453
70
0
0
VERTEX
8
ShapeString
10
7744.441100
20
4029.877800
70
0
0
VERTEX
8
ShapeString
10
7744.441100
20
4029.877800
70
0
0
SEQEND
8
ShapeString
0
POLYLINE
8
ShapeString
62
7
70
0
10
0.000000
20
0.000000
66
1
0
VERTEX
8
ShapeString
10
7982.785100
20
2741.569800
70
0
0
VERTEX
8
ShapeString
10
7985.748390
20
2741.039160
70
0
0
VERTEX
8
ShapeString
10
7988.716704
20
2740.905139
70
0
0
VERTEX
8
ShapeString
10
7991.653370
20
2741.157186
70
0
0
VERTEX
8
ShapeString
10
7994.521716
20
2741.784753
70
0
0
VERTEX
8
ShapeString
10
7997.285069
20
2742.777289
70
0
0
VERTEX
8
ShapeString
10
7999.906757
20
2744.124245
70
0
0
VERTEX
8
ShapeString
10
8002.350107
20
2745.815071
70
0
0
VERTEX
8
ShapeString
10
8004.578447
20
2747.839216
70
0
0
VERTEX
8
ShapeString
10
8006.519639
20
2750.140180
70
0
0
VERTEX
8
ShapeString
10
8008.119862
20
2752.643805
70
0
0
VERTEX
8
ShapeString
10
8009.369916
20
2755.313056
70
0
0
VERTEX
8
ShapeString
10
8010.260600
20
2758.110900
70
0
0
VERTEX
8
ShapeString
10
8010.782715
20
2761.000302
70
0
0
VERTEX
8
ShapeString
10
8010.927061
20
2763.944228
70
0
0
VERTEX
8
ShapeString
10
8010.684438
20
2766.905644
70
0
0
VERTEX
8
ShapeString
10
8010.045647
20
2769.847516
70
0
0
VERTEX
8
ShapeString
10
8009.023550
20
2772.679120
70
0
0
VERTEX
8
ShapeString
10
8007.655458
20
2775.316766
70
0
0
VERTEX
8
ShapeString
10
8005.968846
20
2777.733970
70
0
0
VERTEX
8
ShapeString
10
8003.991184
20
2779.904247
70
0
0
VERTEX
8
ShapeString
10
8001.749946
20
2781.801113
70
0
0
VERTEX
8
ShapeString
10
7999.272604
20
2783.398083
70
0
0
VERTEX
8
ShapeString
10
7996.586631
20
2784.668674
70
0
0
VERTEX
8
ShapeString
10
7993.719500
20
2785.586400
70
0
0
VERTEX
8
ShapeString
10
7991.441053
20
2786.031763
70
0
0
VERTEX
8
ShapeString
10
7989.172986
20
2786.241101
70
0
0
VERTEX
8
ShapeString
10
7986.929110
20
2786.222728
70
0
0
VERTEX
8
ShapeString
10
7984.723237
20
2785.984959
70
0
0
VERTEX
8
ShapeString
10
7982.569176
20
2785.536109
70
0
0
VERTEX
8
ShapeString
10
7980.480738
20
2784.884491
70
0
0
VERTEX
8
ShapeString
10
7978.471735
20
2784.038421
70
0
0
VERTEX
8
ShapeString
10
7976.555976
20
2783.006212
70
0
0
VERTEX
8
ShapeString
10
7974.747273
20
2781.796179
70
0
0
VERTEX
8
ShapeString
10
7973.059436
20
2780.416638
70
0
0
VERTEX
8
ShapeString
10
7971.506275
20
2778.875901
70
0
0
VERTEX
8
ShapeString
10
7970.101602
20
2777.182284
70
0
0
VERTEX
8
ShapeString
10
7968.859228
20
2775.344100
70
0
0
VERTEX
8
ShapeString
10
7967.792962
20
2773.369666
70
0
0
VERTEX
8
ShapeString
10
7966.916616
20
2771.267294
70
0
0
VERTEX
8
ShapeString
10
7966.244000
20
2769.045300
70
0
0
VERTEX
8
ShapeString
10
7965.798637
20
2766.766852
70
0
0
VERTEX
8
ShapeString
10
7965.589299
20
2764.498786
70
0
0
VERTEX
8
ShapeString
10
7965.607672
20
2762.254910
70
0
0
VERTEX
8
ShapeString
10
7965.845440
20
2760.049037
70
0
0
VERTEX
8
ShapeString
10
7966.294291
20
2757.894976
70
0
0
VERTEX
8
ShapeString
10
7966.945909
20
2755.806538
70
0
0
VERTEX
8
ShapeString
10
7967.791979
20
2753.797535
70
0
0
VERTEX
8
ShapeString
10
7968.824188
20
2751.881776
70
0
0
VERTEX
8
ShapeString
10
7970.034220
20
2750.073073
70
0
0
VERTEX
8
ShapeString
10
7971.413762
20
2748.385235
70
0
0
VERTEX
8
ShapeString
10
7972.954499
20
2746.832075
70
0
0
VERTEX
8
ShapeString
10
7974.648116
20
2745.427402
70
0
0
VERTEX
8
ShapeString
10
7976.486299
20
2744.185028
70
0
0
VERTEX
8
ShapeString
10
7978.460734
20
2743.118762
70
0
0
VERTEX
8
ShapeString
10
7980.563106
20
2742.242416
70
0
0
VERTEX
8
ShapeString
10
7982.785100
20
2741.569800
70
0
0
VERTEX
8
ShapeString
10
7982.785100
20
2741.569800
70
0
0
SEQEND
8
ShapeString
0
POLYLINE
8
ShapeString
62
7
70
0
10
0.000000
20
0.000000
66
1
0
VERTEX
8
ShapeString
10
7780.548200
20
1439.714300
70
0
0
VERTEX
8
ShapeString
10
7782.823545
20
1439.275727
70
0
0
VERTEX
8
ShapeString
10
7785.088041
20
1439.072283
70
0
0
VERTEX
8
ShapeString
10
7787.327959
20
1439.095677
70
0
0
VERTEX
8
ShapeString
10
7789.529571
20
1439.337621
70
0
0
VERTEX
8
ShapeString
10
7791.679149
20
1439.789824
70
0
0
VERTEX
8
ShapeString
10
7793.762966
20
1440.443995
70
0
0
VERTEX
8
ShapeString
10
7795.767292
20
1441.291845
70
0
0
VERTEX
8
ShapeString
10
7797.678400
20
1442.325084
70
0
0
VERTEX
8
ShapeString
10
7799.482562
20
1443.535421
70
0
0
VERTEX
8
ShapeString
10
7801.166050
20
1444.914566
70
0
0
VERTEX
8
ShapeString
10
7802.715136
20
1446.454230
70
0
0
VERTEX
8
ShapeString
10
7804.116091
20
1448.146121
70
0
0
VERTEX
8
ShapeString
10
7805.355188
20
1449.981951
70
0
0
VERTEX
8
ShapeString
10
7806.418699
20
1451.953429
70
0
0
VERTEX
8
ShapeString
10
7807.292895
20
1454.052265
70
0
0
VERTEX
8
ShapeString
10
7807.964048
20
1456.270169
70
0
0
VERTEX
8
ShapeString
10
7808.408775
20
1458.544319
70
0
0
VERTEX
8
ShapeString
10
7808.618344
20
1460.808256
70
0
0
VERTEX
8
ShapeString
10
7808.601008
20
1463.048229
70
0
0
VERTEX
8
ShapeString
10
7808.365020
20
1465.250488
70
0
0
VERTEX
8
ShapeString
10
7807.918634
20
1467.401282
70
0
0
VERTEX
8
ShapeString
10
7807.270102
20
1469.486860
70
0
0
VERTEX
8
ShapeString
10
7806.427677
20
1471.493472
70
0
0
VERTEX
8
ShapeString
10
7805.399611
20
1473.407368
70
0
0
VERTEX
8
ShapeString
10
7804.194159
20
1475.214798
70
0
0
VERTEX
8
ShapeString
10
7802.819573
20
1476.902010
70
0
0
VERTEX
8
ShapeString
10
7801.284105
20
1478.455255
70
0
0
VERTEX
8
ShapeString
10
7799.596009
20
1479.860781
70
0
0
VERTEX
8
ShapeString
10
7797.763537
20
1481.104840
70
0
0
VERTEX
8
ShapeString
10
7795.794943
20
1482.173679
70
0
0
VERTEX
8
ShapeString
10
7793.698480
20
1483.053550
70
0
0
VERTEX
8
ShapeString
10
7791.482400
20
1483.730700
70
0
0
VERTEX
8
ShapeString
10
7789.207055
20
1484.169273
70
0
0
VERTEX
8
ShapeString
10
7786.942559
20
1484.372717
70
0
0
VERTEX
8
ShapeString
10
7784.702641
20
1484.349323
70
0
0
VERTEX
8
ShapeString
10
7782.501029
20
1484.107379
70
0
0
VERTEX
8
ShapeString
10
7780.351451
20
1483.655176
70
0
0
VERTEX
8
ShapeString
10
7778.267634
20
1483.001005
70
0
0
VERTEX
8
ShapeString
10
7776.263308
20
1482.153155
70
0
0
VERTEX
8
ShapeString
10
7774.352200
20
1481.119916
70
0
0
VERTEX
8
ShapeString
10
7772.548038
20
1479.909579
70
0
0
VERTEX
8
ShapeString
10
7770.864550
20
1478.530434
70
0
0
VERTEX
8
ShapeString
10
7769.315464
20
1476.990770
70
0
0
VERTEX
8
ShapeString
10
7767.914509
20
1475.298879
70
0
0
VERTEX
8
ShapeString
10
7766.675412
20
1473.463049
70
0
0
VERTEX
8
ShapeString
10
7765.611901
20
1471.491571
70
0
0
VERTEX
8
ShapeString
10
7764.737705
20
1469.392735
70
0
0
VERTEX
8
ShapeString
10
7764.066552
20
1467.174831
70
0
0
VERTEX
8
ShapeString
10
7763.621825
20
1464.900681
70
0
0
VERTEX
8
ShapeString
10
7763.412256
20
1462.636744
70
0
0
VERTEX
8
ShapeString
10
7763.429592
20
1460.396771
70
0
0
VERTEX
8
ShapeString
10
7763.665580
20
1458.194512
70
0
0
VERTEX
8
ShapeString
10
7764.111966
20
1456.043718
70
0
0
VERTEX
8
ShapeString
10
7764.760498
20
1453.958140
70
0
0
VERTEX
8
ShapeString
10
7765.602923
20
1451.951528
70
0
0
VERTEX
8
ShapeString
10
7766.630989
20
1450.037632
70
0
0
VERTEX
8
ShapeString
10
7767.836441
20
1448.230202
70
0
0
VERTEX
8
ShapeString
10
7769.211027
20
1446.542990
70
0
0
VERTEX
8
ShapeString
10
7770.746495
20
1444.989745
70
0
0
VERTEX
8
ShapeString
10
7772.434591
20
1443.584219
70
0
0
VERTEX
8
ShapeString
10
7774.267063
20
1442.340160
70
0
0
VERTEX
8
ShapeString
10
7776.235657
20
1441.271321
70
0
0
VERTEX
8
ShapeString
10
7778.332120
20
1440.391450
70
0
0
VERTEX
8
ShapeString
10
7780.548200
20
1439.714300
70
0
0
VERTEX
8
ShapeString
10
7780.548200
20
1439.714300
70
0
0
SEQEND
8
ShapeString
0
POLYLINE
8
ShapeString
62
7
70
0
10
0.000000
20
0.000000
66
1
0
VERTEX
8
ShapeString
10
8017.899800
20
4001.309600
70
0
0
VERTEX
8
ShapeString
10
8011.934734
20
4019.242954
70
0
0
VERTEX
8
ShapeString
10
8005.822632
20
4037.124348
70
0
0
VERTEX
8
ShapeString
10
7999.563853
20
4054.952888
70
0
0
VERTEX
8
ShapeString
10
7993.158757
20
4072.727679
70
0
0
VERTEX
8
ShapeString
10
7986.607705
20
4090.447827
70
0
0
VERTEX
8
ShapeString
10
7979.911058
20
4108.112438
70
0
0
VERTEX
8
ShapeString
10
7973.069176
20
4125.720616
70
0
0
VERTEX
8
ShapeString
10
7966.082418
20
4143.271468
70
0
0
VERTEX
8
ShapeString
10
7958.951146
20
4160.764099
70
0
0
VERTEX
8
ShapeString
10
7951.675720
20
4178.197614
70
0
0
VERTEX
8
ShapeString
10
7944.256499
20
4195.571120
70
0
0
VERTEX
8
ShapeString
10
7936.693845
20
4212.883722
70
0
0
VERTEX
8
ShapeString
10
7928.988118
20
4230.134525
70
0
0
VERTEX
8
ShapeString
10
7921.139678
20
4247.322636
70
0
0
VERTEX
8
ShapeString
10
7913.148885
20
4264.447159
70
0
0
VERTEX
8
ShapeString
10
7905.016100
20
4281.507200
70
0
0
SEQEND
8
ShapeString
0
POLYLINE
8
ShapeString
62
7
70
0
10
0.000000
20
0.000000
66
1
0
VERTEX
8
ShapeString
10
7905.016100
20
4281.507200
70
0
0
VERTEX
8
ShapeString
10
7892.709539
20
4306.839662
70
0
0
VERTEX
8
ShapeString
10
7880.238885
20
4332.090753
70
0
0
VERTEX
8
ShapeString
10
7867.604548
20
4357.259677
70
0
0
VERTEX
8
ShapeString
10
7854.806935
20
4382.345641
70
0
0
VERTEX
8
ShapeString
10
7841.846455
20
4407.347849
70
0
0
VERTEX
8
ShapeString
10
7828.723517
20
4432.265508
70
0
0
VERTEX
8
ShapeString
10
7815.438529
20
4457.097823
70
0
0
VERTEX
8
ShapeString
10
7801.991900
20
4481.844000
70
0
0
SEQEND
8
ShapeString
0
POLYLINE
8
ShapeString
62
7
70
0
10
0.000000
20
0.000000
66
1
0
VERTEX
8
ShapeString
10
7801.991900
20
4481.844000
70
0
0
VERTEX
8
ShapeString
10
7390.437700
20
4266.089400
70
0
0
SEQEND
8
ShapeString
0
POLYLINE
8
ShapeString
62
7
70
0
10
0.000000
20
0.000000
66
1
0
VERTEX
8
ShapeString
10
7502.661900
20
4029.460800
70
0
0
VERTEX
8
ShapeString
10
7489.673779
20
4059.522205
70
0
0
VERTEX
8
ShapeString
10
7476.386533
20
4089.449908
70
0
0
VERTEX
8
ShapeString
10
7462.801214
20
4119.241688
70
0
0
VERTEX
8
ShapeString
10
7448.918876
20
4148.895323
70
0
0
VERTEX
8
ShapeString
10
7434.740572
20
4178.408594
70
0
0
VERTEX
8
ShapeString
10
7420.267356
20
4207.779277
70
0
0
VERTEX
8
ShapeString
10
7405.500281
20
4237.005153
70
0
0
VERTEX
8
ShapeString
10
7390.440400
20
4266.084000
70
0
0
SEQEND
8
ShapeString
0
POLYLINE
8
ShapeString
62
7
70
0
10
0.000000
20
0.000000
66
1
0
VERTEX
8
ShapeString
10
7556.632600
20
3888.357800
70
0
0
VERTEX
8
ShapeString
10
7550.466712
20
3906.213025
70
0
0
VERTEX
8
ShapeString
10
7544.134091
20
3924.008476
70
0
0
VERTEX
8
ShapeString
10
7537.635183
20
3941.742991
70
0
0
VERTEX
8
ShapeString
10
7530.970432
20
3959.415406
70
0
0
VERTEX
8
ShapeString
10
7524.140283
20
3977.024557
70
0
0
VERTEX
8
ShapeString
10
7517.145182
20
3994.569282
70
0
0
VERTEX
8
ShapeString
10
7509.985572
20
4012.048418
70
0
0
VERTEX
8
ShapeString
10
7502.661900
20
4029.460800
70
0
0
SEQEND
8
ShapeString
0
POLYLINE
8
ShapeString
62
7
70
0
10
0.000000
20
0.000000
66
1
0
VERTEX
8
ShapeString
10
7558.578600
20
1525.528900
70
0
0
VERTEX
8
ShapeString
10
7570.539696
20
1561.499837
70
0
0
VERTEX
8
ShapeString
10
7582.120060
20
1597.561712
70
0
0
VERTEX
8
ShapeString
10
7593.319693
20
1633.711582
70
0
0
VERTEX
8
ShapeString
10
7604.138598
20
1669.946502
70
0
0
VERTEX
8
ShapeString
10
7614.576778
20
1706.263529
70
0
0
VERTEX
8
ShapeString
10
7624.634235
20
1742.659720
70
0
0
VERTEX
8
ShapeString
10
7634.310971
20
1779.132130
70
0
0
VERTEX
8
ShapeString
10
7643.606989
20
1815.677817
70
0
0
VERTEX
8
ShapeString
10
7652.522292
20
1852.293837
70
0
0
VERTEX
8
ShapeString
10
7661.056881
20
1888.977246
70
0
0
VERTEX
8
ShapeString
10
7669.210759
20
1925.725101
70
0
0
VERTEX
8
ShapeString
10
7676.983928
20
1962.534457
70
0
0
VERTEX
8
ShapeString
10
7684.376392
20
1999.402372
70
0
0
VERTEX
8
ShapeString
10
7691.388152
20
2036.325902
70
0
0
VERTEX
8
ShapeString
10
7698.019211
20
2073.302102
70
0
0
VERTEX
8
ShapeString
10
7704.269571
20
2110.328031
70
0
0
VERTEX
8
ShapeString
10
7710.139234
20
2147.400743
70
0
0
VERTEX
8
ShapeString
10
7715.628204
20
2184.517296
70
0
0
VERTEX
8
ShapeString
10
7720.736482
20
2221.674746
70
0
0
VERTEX
8
ShapeString
10
7725.464071
20
2258.870148
70
0
0
VERTEX
8
ShapeString
10
7729.810973
20
2296.100561
70
0
0
VERTEX
8
ShapeString
10
7733.777192
20
2333.363039
70
0
0
VERTEX
8
ShapeString
10
7737.362728
20
2370.654640
70
0
0
VERTEX
8
ShapeString
10
7740.567585
20
2407.972420
70
0
0
VERTEX
8
ShapeString
10
7743.391765
20
2445.313435
70
0
0
VERTEX
8
ShapeString
10
7745.835271
20
2482.674742
70
0
0
VERTEX
8
ShapeString
10
7747.898104
20
2520.053396
70
0
0
VERTEX
8
ShapeString
10
7749.580268
20
2557.446455
70
0
0
VERTEX
8
ShapeString
10
7750.881764
20
2594.850975
70
0
0
VERTEX
8
ShapeString
10
7751.802596
20
2632.264013
70
0
0
VERTEX
8
ShapeString
10
7752.342765
20
2669.682624
70
0
0
VERTEX
8
ShapeString
10
7752.502274
20
2707.103865
70
0
0
VERTEX
8
ShapeString
10
7752.281126
20
2744.524792
70
0
0
VERTEX
8
ShapeString
10
7751.679322
20
2781.942463
70
0
0
VERTEX
8
ShapeString
10
7750.696866
20
2819.353933
70
0
0
VERTEX
8
ShapeString
10
7749.333759
20
2856.756258
70
0
0
VERTEX
8
ShapeString
10
7747.590005
20
2894.146496
70
0
0
VERTEX
8
ShapeString
10
7745.465605
20
2931.521702
70
0
0
VERTEX
8
ShapeString
10
7742.960562
20
2968.878933
70
0
0
VERTEX
8
ShapeString
10
7740.074879
20
3006.215245
70
0
0
VERTEX
8
ShapeString
10
7736.808557
20
3043.527695
70
0
0
VERTEX
8
ShapeString
10
7733.161600
20
3080.813340
70
0
0
VERTEX
8
ShapeString
10
7729.134009
20
3118.069235
70
0
0
VERTEX
8
ShapeString
10
7724.725787
20
3155.292436
70
0
0
VERTEX
8
ShapeString
10
7719.936937
20
3192.480002
70
0
0
VERTEX
8
ShapeString
10
7714.767461
20
3229.628987
70
0
0
VERTEX
8
ShapeString
10
7709.217361
20
3266.736448
70
0
0
VERTEX
8
ShapeString
10
7703.286641
20
3303.799441
70
0
0
VERTEX
8
ShapeString
10
7696.975301
20
3340.815024
70
0
0
VERTEX
8
ShapeString
10
7690.283345
20
3377.780252
70
0
0
VERTEX
8
ShapeString
10
7683.210775
20
3414.692182
70
0
0
VERTEX
8
ShapeString
10
7675.757593
20
3451.547870
70
0
0
VERTEX
8
ShapeString
10
7667.923803
20
3488.344373
70
0
0
VERTEX
8
ShapeString
10
7659.709405
20
3525.078747
70
0
0
VERTEX
8
ShapeString
10
7651.114404
20
3561.748048
70
0
0
VERTEX
8
ShapeString
10
7642.138801
20
3598.349333
70
0
0
VERTEX
8
ShapeString
10
7632.782598
20
3634.879658
70
0
0
VERTEX
8
ShapeString
10
7623.045798
20
3671.336080
70
0
0
VERTEX
8
ShapeString
10
7612.928404
20
3707.715655
70
0
0
VERTEX
8
ShapeString
10
7602.430418
20
3744.015440
70
0
0
VERTEX
8
ShapeString
10
7591.551842
20
3780.232490
70
0
0
VERTEX
8
ShapeString
10
7580.292679
20
3816.363862
70
0
0
VERTEX
8
ShapeString
10
7568.652930
20
3852.406614
70
0
0
VERTEX
8
ShapeString
10
7556.632600
20
3888.357800
70
0
0
SEQEND
8
ShapeString
0
POLYLINE
8
ShapeString
62
7
70
0
10
0.000000
20
0.000000
66
1
0
VERTEX
8
ShapeString
10
7558.578600
20
1525.528900
70
0
0
VERTEX
8
ShapeString
10
7557.010913
20
1519.639530
70
0
0
VERTEX
8
ShapeString
10
7555.600725
20
1513.745534
70
0
0
VERTEX
8
ShapeString
10
7554.346754
20
1507.849198
70
0
0
VERTEX
8
ShapeString
10
7553.247714
20
1501.952805
70
0
0
VERTEX
8
ShapeString
10
7552.302321
20
1496.058639
70
0
0
VERTEX
8
ShapeString
10
7551.509292
20
1490.168984
70
0
0
VERTEX
8
ShapeString
10
7550.375184
20
1478.412341
70
0
0
VERTEX
8
ShapeString
10
7549.835118
20
1466.701150
70
0
0
VERTEX
8
ShapeString
10
7549.878817
20
1455.053680
70
0
0
VERTEX
8
ShapeString
10
7550.496010
20
1443.488203
70
0
0
VERTEX
8
ShapeString
10
7551.676420
20
1432.022992
70
0
0
VERTEX
8
ShapeString
10
7553.409775
20
1420.676316
70
0
0
VERTEX
8
ShapeString
10
7555.685799
20
1409.466449
70
0
0
VERTEX
8
ShapeString
10
7558.494219
20
1398.411660
70
0
0
VERTEX
8
ShapeString
10
7561.824760
20
1387.530221
70
0
0
VERTEX
8
ShapeString
10
7565.667149
20
1376.840404
70
0
0
VERTEX
8
ShapeString
10
7570.011111
20
1366.360481
70
0
0
VERTEX
8
ShapeString
10
7574.846372
20
1356.108722
70
0
0
VERTEX
8
ShapeString
10
7580.162658
20
1346.103399
70
0
0
VERTEX
8
ShapeString
10
7585.949694
20
1336.362783
70
0
0
VERTEX
8
ShapeString
10
7592.197207
20
1326.905146
70
0
0
VERTEX
8
ShapeString
10
7598.894922
20
1317.748760
70
0
0
VERTEX
8
ShapeString
10
7606.032565
20
1308.911894
70
0
0
VERTEX
8
ShapeString
10
7613.599862
20
1300.412822
70
0
0
VERTEX
8
ShapeString
10
7621.586539
20
1292.269815
70
0
0
VERTEX
8
ShapeString
10
7629.982321
20
1284.501143
70
0
0
VERTEX
8
ShapeString
10
7638.776935
20
1277.125078
70
0
0
VERTEX
8
ShapeString
10
7647.960106
20
1270.159892
70
0
0
VERTEX
8
ShapeString
10
7657.521560
20
1263.623855
70
0
0
VERTEX
8
ShapeString
10
7667.451022
20
1257.535241
70
0
0
VERTEX
8
ShapeString
10
7677.738220
20
1251.912319
70
0
0
VERTEX
8
ShapeString
10
7688.372878
20
1246.773361
70
0
0
VERTEX
8
ShapeString
10
7693.817294
20
1244.391078
70
0
0
VERTEX
8
ShapeString
10
7699.344722
20
1242.136639
70
0
0
VERTEX
8
ShapeString
10
7704.953878
20
1240.012326
70
0
0
VERTEX
8
ShapeString
10
7710.643478
20
1238.020423
70
0
0
VERTEX
8
ShapeString
10
7716.412238
20
1236.163216
70
0
0
VERTEX
8
ShapeString
10
7722.258873
20
1234.442986
70
0
0
VERTEX
8
ShapeString
10
7728.147146
20
1232.871184
70
0
0
VERTEX
8
ShapeString
10
7734.040155
20
1231.456878
70
0
0
VERTEX
8
ShapeString
10
7739.935613
20
1230.198786
70
0
0
VERTEX
8
ShapeString
10
7745.831237
20
1229.095626
70
0
0
VERTEX
8
ShapeString
10
7751.724741
20
1228.146115
70
0
0
VERTEX
8
ShapeString
10
7757.613840
20
1227.348969
70
0
0
VERTEX
8
ShapeString
10
7769.369687
20
1226.206646
70
0
0
VERTEX
8
ShapeString
10
7781.080499
20
1225.658396
70
0
0
VERTEX
8
ShapeString
10
7792.727996
20
1225.693956
70
0
0
VERTEX
8
ShapeString
10
7804.293901
20
1226.303066
70
0
0
VERTEX
8
ShapeString
10
7815.759935
20
1227.475464
70
0
0
VERTEX
8
ShapeString
10
7827.107819
20
1229.200888
70
0
0
VERTEX
8
ShapeString
10
7838.319274
20
1231.469078
70
0
0
VERTEX
8
ShapeString
10
7849.376023
20
1234.269772
70
0
0
VERTEX
8
ShapeString
10
7860.259787
20
1237.592709
70
0
0
VERTEX
8
ShapeString
10
7870.952286
20
1241.427626
70
0
0
VERTEX
8
ShapeString
10
7881.435243
20
1245.764263
70
0
0
VERTEX
8
ShapeString
10
7891.690378
20
1250.592359
70
0
0
VERTEX
8
ShapeString
10
7901.699414
20
1255.901651
70
0
0
VERTEX
8
ShapeString
10
7911.444071
20
1261.681879
70
0
0
VERTEX
8
ShapeString
10
7920.906072
20
1267.922781
70
0
0
VERTEX
8
ShapeString
10
7930.067137
20
1274.614096
70
0
0
VERTEX
8
ShapeString
10
7938.908988
20
1281.745561
70
0
0
VERTEX
8
ShapeString
10
7947.413346
20
1289.306917
70
0
0
VERTEX
8
ShapeString
10
7955.561933
20
1297.287901
70
0
0
VERTEX
8
ShapeString
10
7963.336470
20
1305.678253
70
0
0
VERTEX
8
ShapeString
10
7970.718679
20
1314.467710
70
0
0
VERTEX
8
ShapeString
10
7977.690281
20
1323.646011
70
0
0
VERTEX
8
ShapeString
10
7984.232998
20
1333.202895
70
0
0
VERTEX
8
ShapeString
10
7990.328550
20
1343.128100
70
0
0
VERTEX
8
ShapeString
10
7995.958660
20
1353.411366
70
0
0
VERTEX
8
ShapeString
10
8001.105048
20
1364.042430
70
0
0
VERTEX
8
ShapeString
10
8003.491135
20
1369.485180
70
0
0
VERTEX
8
ShapeString
10
8005.749437
20
1375.011031
70
0
0
VERTEX
8
ShapeString
10
8007.877669
20
1380.618702
70
0
0
VERTEX
8
ShapeString
10
8009.873547
20
1386.306908
70
0
0
VERTEX
8
ShapeString
10
8011.734785
20
1392.074369
70
0
0
VERTEX
8
ShapeString
10
8013.459100
20
1397.919800
70
0
0
SEQEND
8
ShapeString
0
POLYLINE
8
ShapeString
62
7
70
0
10
0.000000
20
0.000000
66
1
0
VERTEX
8
ShapeString
10
8013.459100
20
1397.919800
70
0
0
VERTEX
8
ShapeString
10
8026.397196
20
1437.573950
70
0
0
VERTEX
8
ShapeString
10
8038.926872
20
1477.324214
70
0
0
VERTEX
8
ShapeString
10
8051.048123
20
1517.167514
70
0
0
VERTEX
8
ShapeString
10
8062.760943
20
1557.100772
70
0
0
VERTEX
8
ShapeString
10
8074.065327
20
1597.120911
70
0
0
VERTEX
8
ShapeString
10
8084.961270
20
1637.224852
70
0
0
VERTEX
8
ShapeString
10
8095.448766
20
1677.409517
70
0
0
VERTEX
8
ShapeString
10
8105.527811
20
1717.671829
70
0
0
VERTEX
8
ShapeString
10
8115.198399
20
1758.008709
70
0
0
VERTEX
8
ShapeString
10
8124.460525
20
1798.417080
70
0
0
VERTEX
8
ShapeString
10
8133.314183
20
1838.893863
70
0
0
VERTEX
8
ShapeString
10
8141.759368
20
1879.435980
70
0
0
VERTEX
8
ShapeString
10
8149.796076
20
1920.040354
70
0
0
VERTEX
8
ShapeString
10
8157.424300
20
1960.703907
70
0
0
VERTEX
8
ShapeString
10
8164.644036
20
2001.423561
70
0
0
VERTEX
8
ShapeString
10
8171.455278
20
2042.196237
70
0
0
VERTEX
8
ShapeString
10
8177.858021
20
2083.018858
70
0
0
VERTEX
8
ShapeString
10
8183.852260
20
2123.888346
70
0
0
VERTEX
8
ShapeString
10
8189.437990
20
2164.801623
70
0
0
VERTEX
8
ShapeString
10
8194.615205
20
2205.755611
70
0
0
VERTEX
8
ShapeString
10
8199.383899
20
2246.747231
70
0
0
VERTEX
8
ShapeString
10
8203.744069
20
2287.773407
70
0
0
VERTEX
8
ShapeString
10
8207.695708
20
2328.831060
70
0
0
VERTEX
8
ShapeString
10
8211.238811
20
2369.917111
70
0
0
VERTEX
8
ShapeString
10
8214.373373
20
2411.028484
70
0
0
VERTEX
8
ShapeString
10
8217.099389
20
2452.162100
70
0
0
VERTEX
8
ShapeString
10
8219.416853
20
2493.314882
70
0
0
VERTEX
8
ShapeString
10
8221.325761
20
2534.483750
70
0
0
VERTEX
8
ShapeString
10
8222.826107
20
2575.665628
70
0
0
VERTEX
8
ShapeString
10
8223.917885
20
2616.857437
70
0
0
VERTEX
8
ShapeString
10
8224.601091
20
2658.056100
70
0
0
VERTEX
8
ShapeString
10
8224.875719
20
2699.258538
70
0
0
VERTEX
8
ShapeString
10
8224.741764
20
2740.461674
70
0
0
VERTEX
8
ShapeString
10
8224.199220
20
2781.662429
70
0
0
VERTEX
8
ShapeString
10
8223.248084
20
2822.857725
70
0
0
VERTEX
8
ShapeString
10
8221.888348
20
2864.044486
70
0
0
VERTEX
8
ShapeString
10
8220.120008
20
2905.219632
70
0
0
VERTEX
8
ShapeString
10
8217.943059
20
2946.380085
70
0
0
VERTEX
8
ShapeString
10
8215.357495
20
2987.522769
70
0
0
VERTEX
8
ShapeString
10
8212.363312
20
3028.644604
70
0
0
VERTEX
8
ShapeString
10
8208.960503
20
3069.742513
70
0
0
VERTEX
8
ShapeString
10
8205.149065
20
3110.813418
70
0
0
VERTEX
8
ShapeString
10
8200.928990
20
3151.854240
70
0
0
VERTEX
8
ShapeString
10
8196.300275
20
3192.861903
70
0
0
VERTEX
8
ShapeString
10
8191.262913
20
3233.833328
70
0
0
VERTEX
8
ShapeString
10
8185.816901
20
3274.765437
70
0
0
VERTEX
8
ShapeString
10
8179.962231
20
3315.655152
70
0
0
VERTEX
8
ShapeString
10
8173.698900
20
3356.499395
70
0
0
VERTEX
8
ShapeString
10
8167.026902
20
3397.295088
70
0
0
VERTEX
8
ShapeString
10
8159.946231
20
3438.039154
70
0
0
VERTEX
8
ShapeString
10
8152.456883
20
3478.728513
70
0
0
VERTEX
8
ShapeString
10
8144.558851
20
3519.360090
70
0
0
VERTEX
8
ShapeString
10
8136.252132
20
3559.930804
70
0
0
VERTEX
8
ShapeString
10
8127.536719
20
3600.437579
70
0
0
VERTEX
8
ShapeString
10
8118.412608
20
3640.877336
70
0
0
VERTEX
8
ShapeString
10
8108.879793
20
3681.246998
70
0
0
VERTEX
8
ShapeString
10
8098.938268
20
3721.543486
70
0
0
VERTEX
8
ShapeString
10
8088.588030
20
3761.763723
70
0
0
VERTEX
8
ShapeString
10
8077.829071
20
3801.904631
70
0
0
VERTEX
8
ShapeString
10
8066.661388
20
3841.963131
70
0
0
VERTEX
8
ShapeString
10
8055.084974
20
3881.936146
70
0
0
VERTEX
8
ShapeString
10
8043.099825
20
3921.820598
70
0
0
VERTEX
8
ShapeString
10
8030.705936
20
3961.613409
70
0
0
VERTEX
8
ShapeString
10
8017.903300
20
4001.311500
70
0
0
SEQEND
8
ShapeString
0
POLYLINE
8
ShapeString
62
7
70
0
10
0.000000
20
0.000000
66
1
0
VERTEX
8
ShapeString
10
8784.805300
20
4181.219500
70
0
0
VERTEX
8
ShapeString
10
8785.912436
20
4179.212935
70
0
0
VERTEX
8
ShapeString
10
8787.352458
20
4177.518059
70
0
0
VERTEX
8
ShapeString
10
8789.065925
20
4176.158827
70
0
0
VERTEX
8
ShapeString
10
8790.993395
20
4175.159190
70
0
0
VERTEX
8
ShapeString
10
8793.075425
20
4174.543104
70
0
0
VERTEX
8
ShapeString
10
8795.252573
20
4174.334521
70
0
0
VERTEX
8
ShapeString
10
8797.465399
20
4174.557395
70
0
0
VERTEX
8
ShapeString
10
8799.654458
20
4175.235680
70
0
0
VERTEX
8
ShapeString
10
8801.664558
20
4176.336385
70
0
0
VERTEX
8
ShapeString
10
8803.364037
20
4177.770972
70
0
0
VERTEX
8
ShapeString
10
8804.728750
20
4179.480078
70
0
0
VERTEX
8
ShapeString
10
8805.734554
20
4181.404336
70
0
0
VERTEX
8
ShapeString
10
8806.357304
20
4183.484382
70
0
0
VERTEX
8
ShapeString
10
8806.572858
20
4185.660852
70
0
0
VERTEX
8
ShapeString
10
8806.357071
20
4187.874379
70
0
0
VERTEX
8
ShapeString
10
8805.685800
20
4190.065600
70
0
0
VERTEX
8
ShapeString
10
8804.578664
20
4192.072165
70
0
0
VERTEX
8
ShapeString
10
8803.138642
20
4193.767041
70
0
0
VERTEX
8
ShapeString
10
8801.425175
20
4195.126273
70
0
0
VERTEX
8
ShapeString
10
8799.497705
20
4196.125910
70
0
0
VERTEX
8
ShapeString
10
8797.415675
20
4196.741996
70
0
0
VERTEX
8
ShapeString
10
8795.238527
20
4196.950579
70
0
0
VERTEX
8
ShapeString
10
8793.025701
20
4196.727705
70
0
0
VERTEX
8
ShapeString
10
8790.836642
20
4196.049420
70
0
0
VERTEX
8
ShapeString
10
8788.826542
20
4194.948715
70
0
0
VERTEX
8
ShapeString
10
8787.127063
20
4193.514128
70
0
0
VERTEX
8
ShapeString
10
8785.762350
20
4191.805022
70
0
0
VERTEX
8
ShapeString
10
8784.756546
20
4189.880764
70
0
0
VERTEX
8
ShapeString
10
8784.133796
20
4187.800718
70
0
0
VERTEX
8
ShapeString
10
8783.918242
20
4185.624248
70
0
0
VERTEX
8
ShapeString
10
8784.134029
20
4183.410721
70
0
0
VERTEX
8
ShapeString
10
8784.805300
20
4181.219500
70
0
0
VERTEX
8
ShapeString
10
8784.805300
20
4181.219500
70
0
0
SEQEND
8
ShapeString
0
POLYLINE
8
ShapeString
62
7
70
0
10
0.000000
20
0.000000
66
1
0
VERTEX
8
ShapeString
10
8279.608700
20
4023.869100
70
0
0
VERTEX
8
ShapeString
10
8280.714324
20
4021.859360
70
0
0
VERTEX
8
ShapeString
10
8282.153744
20
4020.161517
70
0
0
VERTEX
8
ShapeString
10
8283.867384
20
4018.799624
70
0
0
VERTEX
8
ShapeString
10
8285.795665
20
4017.797737
70
0
0
VERTEX
8
ShapeString
10
8287.879013
20
4017.179909
70
0
0
VERTEX
8
ShapeString
10
8290.057850
20
4016.970195
70
0
0
VERTEX
8
ShapeString
10
8292.272600
20
4017.192649
70
0
0
VERTEX
8
ShapeString
10
8294.463686
20
4017.871325
70
0
0
VERTEX
8
ShapeString
10
8296.475502
20
4018.973166
70
0
0
VERTEX
8
ShapeString
10
8298.176051
20
4020.409389
70
0
0
VERTEX
8
ShapeString
10
8299.541166
20
4022.120463
70
0
0
VERTEX
8
ShapeString
10
8300.546679
20
4024.046856
70
0
0
VERTEX
8
ShapeString
10
8301.168426
20
4026.129038
70
0
0
VERTEX
8
ShapeString
10
8301.382239
20
4028.307477
70
0
0
VERTEX
8
ShapeString
10
8301.163953
20
4030.522641
70
0
0
VERTEX
8
ShapeString
10
8300.489400
20
4032.715000
70
0
0
VERTEX
8
ShapeString
10
8299.383776
20
4034.724740
70
0
0
VERTEX
8
ShapeString
10
8297.944356
20
4036.422583
70
0
0
VERTEX
8
ShapeString
10
8296.230716
20
4037.784476
70
0
0
VERTEX
8
ShapeString
10
8294.302435
20
4038.786363
70
0
0
VERTEX
8
ShapeString
10
8292.219087
20
4039.404191
70
0
0
VERTEX
8
ShapeString
10
8290.040250
20
4039.613905
70
0
0
VERTEX
8
ShapeString
10
8287.825500
20
4039.391451
70
0
0
VERTEX
8
ShapeString
10
8285.634414
20
4038.712775
70
0
0
VERTEX
8
ShapeString
10
8283.622598
20
4037.610934
70
0
0
VERTEX
8
ShapeString
10
8281.922049
20
4036.174711
70
0
0
VERTEX
8
ShapeString
10
8280.556934
20
4034.463637
70
0
0
VERTEX
8
ShapeString
10
8279.551421
20
4032.537244
70
0
0
VERTEX
8
ShapeString
10
8278.929674
20
4030.455062
70
0
0
VERTEX
8
ShapeString
10
8278.715861
20
4028.276623
70
0
0
VERTEX
8
ShapeString
10
8278.934147
20
4026.061459
70
0
0
VERTEX
8
ShapeString
10
8279.608700
20
4023.869100
70
0
0
VERTEX
8
ShapeString
10
8279.608700
20
4023.869100
70
0
0
SEQEND
8
ShapeString
0
POLYLINE
8
ShapeString
62
7
70
0
10
0.000000
20
0.000000
66
1
0
VERTEX
8
ShapeString
10
8588.460800
20
2248.313400
70
0
0
VERTEX
8
ShapeString
10
8589.564659
20
2246.299921
70
0
0
VERTEX
8
ShapeString
10
8591.003387
20
2244.598587
70
0
0
VERTEX
8
ShapeString
10
8592.717247
20
2243.233573
70
0
0
VERTEX
8
ShapeString
10
8594.646504
20
2242.229051
70
0
0
VERTEX
8
ShapeString
10
8596.731419
20
2241.609194
70
0
0
VERTEX
8
ShapeString
10
8598.912257
20
2241.398176
70
0
0
VERTEX
8
ShapeString
10
8601.129280
20
2241.620170
70
0
0
VERTEX
8
ShapeString
10
8603.322753
20
2242.299349
70
0
0
VERTEX
8
ShapeString
10
8605.336581
20
2243.402571
70
0
0
VERTEX
8
ShapeString
10
8607.038369
20
2244.840761
70
0
0
VERTEX
8
ShapeString
10
8608.403924
20
2246.554190
70
0
0
VERTEX
8
ShapeString
10
8609.409056
20
2248.483129
70
0
0
VERTEX
8
ShapeString
10
8610.029571
20
2250.567849
70
0
0
VERTEX
8
ShapeString
10
8610.241279
20
2252.748620
70
0
0
VERTEX
8
ShapeString
10
8610.019985
20
2254.965713
70
0
0
VERTEX
8
ShapeString
10
8609.341500
20
2257.159400
70
0
0
VERTEX
8
ShapeString
10
8608.237641
20
2259.172879
70
0
0
VERTEX
8
ShapeString
10
8606.798913
20
2260.874213
70
0
0
VERTEX
8
ShapeString
10
8605.085053
20
2262.239227
70
0
0
VERTEX
8
ShapeString
10
8603.155796
20
2263.243749
70
0
0
VERTEX
8
ShapeString
10
8601.070881
20
2263.863606
70
0
0
VERTEX
8
ShapeString
10
8598.890043
20
2264.074624
70
0
0
VERTEX
8
ShapeString
10
8596.673020
20
2263.852630
70
0
0
VERTEX
8
ShapeString
10
8594.479547
20
2263.173451
70
0
0
VERTEX
8
ShapeString
10
8592.465719
20
2262.070229
70
0
0
VERTEX
8
ShapeString
10
8590.763931
20
2260.632039
70
0
0
VERTEX
8
ShapeString
10
8589.398376
20
2258.918610
70
0
0
VERTEX
8
ShapeString
10
8588.393244
20
2256.989671
70
0
0
VERTEX
8
ShapeString
10
8587.772729
20
2254.904951
70
0
0
VERTEX
8
ShapeString
10
8587.561021
20
2252.724180
70
0
0
VERTEX
8
ShapeString
10
8587.782315
20
2250.507087
70
0
0
VERTEX
8
ShapeString
10
8588.460800
20
2248.313400
70
0
0
VERTEX
8
ShapeString
10
8588.460800
20
2248.313400
70
0
0
SEQEND
8
ShapeString
0
POLYLINE
8
ShapeString
62
7
70
0
10
0.000000
20
0.000000
66
1
0
VERTEX
8
ShapeString
10
9003.221200
20
2219.673900
70
0
0
VERTEX
8
ShapeString
10
9004.325763
20
2217.661925
70
0
0
VERTEX
8
ShapeString
10
9005.764765
20
2215.961994
70
0
0
VERTEX
8
ShapeString
10
9007.478531
20
2214.598233
70
0
0
VERTEX
8
ShapeString
10
9009.407391
20
2213.594768
70
0
0
VERTEX
8
ShapeString
10
9011.491672
20
2212.975723
70
0
0
VERTEX
8
ShapeString
10
9013.671702
20
2212.765225
70
0
0
VERTEX
8
ShapeString
10
9015.887808
20
2212.987398
70
0
0
VERTEX
8
ShapeString
10
9018.080319
20
2213.666369
70
0
0
VERTEX
8
ShapeString
10
9020.093338
20
2214.769029
70
0
0
VERTEX
8
ShapeString
10
9021.794629
20
2216.206422
70
0
0
VERTEX
8
ShapeString
10
9023.160010
20
2217.918898
70
0
0
VERTEX
8
ShapeString
10
9024.165299
20
2219.846808
70
0
0
VERTEX
8
ShapeString
10
9024.786314
20
2221.930503
70
0
0
VERTEX
8
ShapeString
10
9024.998874
20
2224.110332
70
0
0
VERTEX
8
ShapeString
10
9024.778797
20
2226.326648
70
0
0
VERTEX
8
ShapeString
10
9024.101900
20
2228.519800
70
0
0
VERTEX
8
ShapeString
10
9022.997337
20
2230.531775
70
0
0
VERTEX
8
ShapeString
10
9021.558335
20
2232.231706
70
0
0
VERTEX
8
ShapeString
10
9019.844569
20
2233.595467
70
0
0
VERTEX
8
ShapeString
10
9017.915709
20
2234.598932
70
0
0
VERTEX
8
ShapeString
10
9015.831428
20
2235.217977
70
0
0
VERTEX
8
ShapeString
10
9013.651398
20
2235.428475
70
0
0
VERTEX
8
ShapeString
10
9011.435292
20
2235.206302
70
0
0
VERTEX
8
ShapeString
10
9009.242781
20
2234.527331
70
0
0
VERTEX
8
ShapeString
10
9007.229762
20
2233.424671
70
0
0
VERTEX
8
ShapeString
10
9005.528471
20
2231.987278
70
0
0
VERTEX
8
ShapeString
10
9004.163090
20
2230.274802
70
0
0
VERTEX
8
ShapeString
10
9003.157801
20
2228.346892
70
0
0
VERTEX
8
ShapeString
10
9002.536786
20
2226.263197
70
0
0
VERTEX
8
ShapeString
10
9002.324226
20
2224.083368
70
0
0
VERTEX
8
ShapeString
10
9002.544303
20
2221.867052
70
0
0
VERTEX
8
ShapeString
10
9003.221200
20
2219.673900
70
0
0
VERTEX
8
ShapeString
10
9003.221200
20
2219.673900
70
0
0
SEQEND
8
ShapeString
0
POLYLINE
8
ShapeString
62
7
70
0
10
0.000000
20
0.000000
66
1
0
VERTEX
8
ShapeString
10
8301.168900
20
1191.682200
70
0
0
VERTEX
8
ShapeString
10
8302.276741
20
1189.677116
70
0
0
VERTEX
8
ShapeString
10
8303.717044
20
1187.983625
70
0
0
VERTEX
8
ShapeString
10
8305.430430
20
1186.625633
70
0
0
VERTEX
8
ShapeString
10
8307.357521
20
1185.627047
70
0
0
VERTEX
8
ShapeString
10
8309.438937
20
1185.011773
70
0
0
VERTEX
8
ShapeString
10
8311.615298
20
1184.803718
70
0
0
VERTEX
8
ShapeString
10
8313.827226
20
1185.026789
70
0
0
VERTEX
8
ShapeString
10
8316.015342
20
1185.704892
70
0
0
VERTEX
8
ShapeString
10
8318.024641
20
1186.805068
70
0
0
VERTEX
8
ShapeString
10
8319.723620
20
1188.238894
70
0
0
VERTEX
8
ShapeString
10
8321.088145
20
1189.947082
70
0
0
VERTEX
8
ShapeString
10
8322.094083
20
1191.870346
70
0
0
VERTEX
8
ShapeString
10
8322.717301
20
1193.949397
70
0
0
VERTEX
8
ShapeString
10
8322.933665
20
1196.124948
70
0
0
VERTEX
8
ShapeString
10
8322.719042
20
1198.337711
70
0
0
VERTEX
8
ShapeString
10
8322.049300
20
1200.528400
70
0
0
VERTEX
8
ShapeString
10
8320.941459
20
1202.533484
70
0
0
VERTEX
8
ShapeString
10
8319.501156
20
1204.226975
70
0
0
VERTEX
8
ShapeString
10
8317.787770
20
1205.584967
70
0
0
VERTEX
8
ShapeString
10
8315.860679
20
1206.583553
70
0
0
VERTEX
8
ShapeString
10
8313.779263
20
1207.198827
70
0
0
VERTEX
8
ShapeString
10
8311.602902
20
1207.406882
70
0
0
VERTEX
8
ShapeString
10
8309.390974
20
1207.183811
70
0
0
VERTEX
8
ShapeString
10
8307.202858
20
1206.505708
70
0
0
VERTEX
8
ShapeString
10
8305.193559
20
1205.405532
70
0
0
VERTEX
8
ShapeString
10
8303.494580
20
1203.971706
70
0
0
VERTEX
8
ShapeString
10
8302.130055
20
1202.263518
70
0
0
VERTEX
8
ShapeString
10
8301.124117
20
1200.340254
70
0
0
VERTEX
8
ShapeString
10
8300.500899
20
1198.261203
70
0
0
VERTEX
8
ShapeString
10
8300.284535
20
1196.085652
70
0
0
VERTEX
8
ShapeString
10
8300.499158
20
1193.872889
70
0
0
VERTEX
8
ShapeString
10
8301.168900
20
1191.682200
70
0
0
VERTEX
8
ShapeString
10
8301.168900
20
1191.682200
70
0
0
SEQEND
8
ShapeString
0
POLYLINE
8
ShapeString
62
7
70
0
10
0.000000
20
0.000000
66
1
0
VERTEX
8
ShapeString
10
8416.295800
20
1474.947700
70
0
0
VERTEX
8
ShapeString
10
8417.399439
20
1472.933699
70
0
0
VERTEX
8
ShapeString
10
8418.838097
20
1471.231884
70
0
0
VERTEX
8
ShapeString
10
8420.552013
20
1469.866444
70
0
0
VERTEX
8
ShapeString
10
8422.481427
20
1468.861570
70
0
0
VERTEX
8
ShapeString
10
8424.566580
20
1468.241450
70
0
0
VERTEX
8
ShapeString
10
8426.747712
20
1468.030273
70
0
0
VERTEX
8
ShapeString
10
8428.965063
20
1468.252229
70
0
0
VERTEX
8
ShapeString
10
8431.158873
20
1468.931507
70
0
0
VERTEX
8
ShapeString
10
8433.172981
20
1470.034952
70
0
0
VERTEX
8
ShapeString
10
8434.874935
20
1471.473446
70
0
0
VERTEX
8
ShapeString
10
8436.240539
20
1473.187230
70
0
0
VERTEX
8
ShapeString
10
8437.245600
20
1475.116547
70
0
0
VERTEX
8
ShapeString
10
8437.865921
20
1477.201640
70
0
0
VERTEX
8
ShapeString
10
8438.077308
20
1479.382752
70
0
0
VERTEX
8
ShapeString
10
8437.855566
20
1481.600124
70
0
0
VERTEX
8
ShapeString
10
8437.176500
20
1483.794000
70
0
0
VERTEX
8
ShapeString
10
8436.072861
20
1485.808001
70
0
0
VERTEX
8
ShapeString
10
8434.634203
20
1487.509816
70
0
0
VERTEX
8
ShapeString
10
8432.920287
20
1488.875256
70
0
0
VERTEX
8
ShapeString
10
8430.990873
20
1489.880130
70
0
0
VERTEX
8
ShapeString
10
8428.905720
20
1490.500250
70
0
0
VERTEX
8
ShapeString
10
8426.724588
20
1490.711427
70
0
0
VERTEX
8
ShapeString
10
8424.507237
20
1490.489471
70
0
0
VERTEX
8
ShapeString
10
8422.313427
20
1489.810193
70
0
0
VERTEX
8
ShapeString
10
8420.299319
20
1488.706748
70
0
0
VERTEX
8
ShapeString
10
8418.597365
20
1487.268254
70
0
0
VERTEX
8
ShapeString
10
8417.231761
20
1485.554470
70
0
0
VERTEX
8
ShapeString
10
8416.226700
20
1483.625153
70
0
0
VERTEX
8
ShapeString
10
8415.606379
20
1481.540060
70
0
0
VERTEX
8
ShapeString
10
8415.394992
20
1479.358948
70
0
0
VERTEX
8
ShapeString
10
8415.616734
20
1477.141576
70
0
0
VERTEX
8
ShapeString
10
8416.295800
20
1474.947700
70
0
0
VERTEX
8
ShapeString
10
8416.295800
20
1474.947700
70
0
0
SEQEND
8
ShapeString
0
POLYLINE
8
ShapeString
62
7
70
0
10
0.000000
20
0.000000
66
1
0
VERTEX
8
ShapeString
10
8798.345600
20
1344.865700
70
0
0
VERTEX
8
ShapeString
10
8799.452140
20
1342.857881
70
0
0
VERTEX
8
ShapeString
10
8800.891924
20
1341.161830
70
0
0
VERTEX
8
ShapeString
10
8802.605458
20
1339.801542
70
0
0
VERTEX
8
ShapeString
10
8804.533247
20
1338.801010
70
0
0
VERTEX
8
ShapeString
10
8806.615797
20
1338.184226
70
0
0
VERTEX
8
ShapeString
10
8808.793613
20
1337.975184
70
0
0
VERTEX
8
ShapeString
10
8811.007201
20
1338.197877
70
0
0
VERTEX
8
ShapeString
10
8813.197067
20
1338.876299
70
0
0
VERTEX
8
ShapeString
10
8815.207856
20
1339.977434
70
0
0
VERTEX
8
ShapeString
10
8816.907774
20
1341.412650
70
0
0
VERTEX
8
ShapeString
10
8818.272667
20
1343.122518
70
0
0
VERTEX
8
ShapeString
10
8819.278382
20
1345.047609
70
0
0
VERTEX
8
ShapeString
10
8819.900766
20
1347.128492
70
0
0
VERTEX
8
ShapeString
10
8820.115666
20
1349.305738
70
0
0
VERTEX
8
ShapeString
10
8819.898928
20
1351.519917
70
0
0
VERTEX
8
ShapeString
10
8819.226400
20
1353.711600
70
0
0
VERTEX
8
ShapeString
10
8818.119860
20
1355.719419
70
0
0
VERTEX
8
ShapeString
10
8816.680076
20
1357.415470
70
0
0
VERTEX
8
ShapeString
10
8814.966542
20
1358.775758
70
0
0
VERTEX
8
ShapeString
10
8813.038753
20
1359.776290
70
0
0
VERTEX
8
ShapeString
10
8810.956203
20
1360.393074
70
0
0
VERTEX
8
ShapeString
10
8808.778387
20
1360.602116
70
0
0
VERTEX
8
ShapeString
10
8806.564799
20
1360.379423
70
0
0
VERTEX
8
ShapeString
10
8804.374933
20
1359.701001
70
0
0
VERTEX
8
ShapeString
10
8802.364144
20
1358.599866
70
0
0
VERTEX
8
ShapeString
10
8800.664226
20
1357.164650
70
0
0
VERTEX
8
ShapeString
10
8799.299333
20
1355.454782
70
0
0
VERTEX
8
ShapeString
10
8798.293618
20
1353.529691
70
0
0
VERTEX
8
ShapeString
10
8797.671234
20
1351.448808
70
0
0
VERTEX
8
ShapeString
10
8797.456334
20
1349.271562
70
0
0
VERTEX
8
ShapeString
10
8797.673072
20
1347.057383
70
0
0
VERTEX
8
ShapeString
10
8798.345600
20
1344.865700
70
0
0
VERTEX
8
ShapeString
10
8798.345600
20
1344.865700
70
0
0
SEQEND
8
ShapeString
0
POLYLINE
8
ShapeString
62
7
70
0
10
0.000000
20
0.000000
66
1
0
VERTEX
8
ShapeString
10
8665.643100
20
1018.356300
70
0
0
VERTEX
8
ShapeString
10
8666.749984
20
1016.349212
70
0
0
VERTEX
8
ShapeString
10
8668.189905
20
1014.653846
70
0
0
VERTEX
8
ShapeString
10
8669.903397
20
1013.294172
70
0
0
VERTEX
8
ShapeString
10
8671.830998
20
1012.294161
70
0
0
VERTEX
8
ShapeString
10
8673.913243
20
1011.677782
70
0
0
VERTEX
8
ShapeString
10
8676.090668
20
1011.469007
70
0
0
VERTEX
8
ShapeString
10
8678.303810
20
1011.691805
70
0
0
VERTEX
8
ShapeString
10
8680.493205
20
1012.370146
70
0
0
VERTEX
8
ShapeString
10
8682.503592
20
1013.471029
70
0
0
VERTEX
8
ShapeString
10
8684.203252
20
1014.905877
70
0
0
VERTEX
8
ShapeString
10
8685.568039
20
1016.615300
70
0
0
VERTEX
8
ShapeString
10
8686.573805
20
1018.539904
70
0
0
VERTEX
8
ShapeString
10
8687.196401
20
1020.620298
70
0
0
VERTEX
8
ShapeString
10
8687.411681
20
1022.797090
70
0
0
VERTEX
8
ShapeString
10
8687.195497
20
1025.010888
70
0
0
VERTEX
8
ShapeString
10
8686.523700
20
1027.202300
70
0
0
VERTEX
8
ShapeString
10
8685.416816
20
1029.209388
70
0
0
VERTEX
8
ShapeString
10
8683.976895
20
1030.904754
70
0
0
VERTEX
8
ShapeString
10
8682.263403
20
1032.264428
70
0
0
VERTEX
8
ShapeString
10
8680.335802
20
1033.264439
70
0
0
VERTEX
8
ShapeString
10
8678.253557
20
1033.880818
70
0
0
VERTEX
8
ShapeString
10
8676.076132
20
1034.089593
70
0
0
VERTEX
8
ShapeString
10
8673.862990
20
1033.866795
70
0
0
VERTEX
8
ShapeString
10
8671.673595
20
1033.188454
70
0
0
VERTEX
8
ShapeString
10
8669.663208
20
1032.087571
70
0
0
VERTEX
8
ShapeString
10
8667.963548
20
1030.652723
70
0
0
VERTEX
8
ShapeString
10
8666.598761
20
1028.943300
70
0
0
VERTEX
8
ShapeString
10
8665.592995
20
1027.018696
70
0
0
VERTEX
8
ShapeString
10
8664.970399
20
1024.938302
70
0
0
VERTEX
8
ShapeString
10
8664.755119
20
1022.761510
70
0
0
VERTEX
8
ShapeString
10
8664.971303
20
1020.547712
70
0
0
VERTEX
8
ShapeString
10
8665.643100
20
1018.356300
70
0
0
VERTEX
8
ShapeString
10
8665.643100
20
1018.356300
70
0
0
SEQEND
8
ShapeString
0
POLYLINE
8
ShapeString
62
7
70
0
10
0.000000
20
0.000000
66
1
0
VERTEX
8
ShapeString
10
8521.766500
20
4098.121300
70
0
0
VERTEX
8
ShapeString
10
8522.780101
20
4096.034501
70
0
0
VERTEX
8
ShapeString
10
8523.975812
20
4094.097691
70
0
0
VERTEX
8
ShapeString
10
8525.338718
20
4092.316898
70
0
0
VERTEX
8
ShapeString
10
8526.853901
20
4090.698154
70
0
0
VERTEX
8
ShapeString
10
8528.506446
20
4089.247487
70
0
0
VERTEX
8
ShapeString
10
8530.281436
20
4087.970929
70
0
0
VERTEX
8
ShapeString
10
8532.163956
20
4086.874508
70
0
0
VERTEX
8
ShapeString
10
8534.139087
20
4085.964256
70
0
0
VERTEX
8
ShapeString
10
8536.191915
20
4085.246201
70
0
0
VERTEX
8
ShapeString
10
8538.307523
20
4084.726373
70
0
0
VERTEX
8
ShapeString
10
8540.470994
20
4084.410804
70
0
0
VERTEX
8
ShapeString
10
8542.667413
20
4084.305522
70
0
0
VERTEX
8
ShapeString
10
8544.881862
20
4084.416558
70
0
0
VERTEX
8
ShapeString
10
8547.099426
20
4084.749941
70
0
0
VERTEX
8
ShapeString
10
8549.305188
20
4085.311702
70
0
0
VERTEX
8
ShapeString
10
8551.484231
20
4086.107870
70
0
0
VERTEX
8
ShapeString
10
8553.572057
20
4087.119353
70
0
0
VERTEX
8
ShapeString
10
8555.510080
20
4088.313099
70
0
0
VERTEX
8
ShapeString
10
8557.292254
20
4089.674198
70
0
0
VERTEX
8
ShapeString
10
8558.912534
20
4091.187739
70
0
0
VERTEX
8
ShapeString
10
8560.364876
20
4092.838811
70
0
0
VERTEX
8
ShapeString
10
8561.643235
20
4094.612506
70
0
0
VERTEX
8
ShapeString
10
8562.741564
20
4096.493912
70
0
0
VERTEX
8
ShapeString
10
8563.653820
20
4098.468119
70
0
0
VERTEX
8
ShapeString
10
8564.373957
20
4100.520218
70
0
0
VERTEX
8
ShapeString
10
8564.895930
20
4102.635297
70
0
0
VERTEX
8
ShapeString
10
8565.213694
20
4104.798447
70
0
0
VERTEX
8
ShapeString
10
8565.321204
20
4106.994758
70
0
0
VERTEX
8
ShapeString
10
8565.212414
20
4109.209318
70
0
0
VERTEX
8
ShapeString
10
8564.881281
20
4111.427219
70
0
0
VERTEX
8
ShapeString
10
8564.321757
20
4113.633550
70
0
0
VERTEX
8
ShapeString
10
8563.527800
20
4115.813400
70
0
0
VERTEX
8
ShapeString
10
8562.514199
20
4117.900199
70
0
0
VERTEX
8
ShapeString
10
8561.318488
20
4119.837009
70
0
0
VERTEX
8
ShapeString
10
8559.955582
20
4121.617802
70
0
0
VERTEX
8
ShapeString
10
8558.440399
20
4123.236546
70
0
0
VERTEX
8
ShapeString
10
8556.787854
20
4124.687213
70
0
0
VERTEX
8
ShapeString
10
8555.012864
20
4125.963771
70
0
0
VERTEX
8
ShapeString
10
8553.130344
20
4127.060192
70
0
0
VERTEX
8
ShapeString
10
8551.155213
20
4127.970444
70
0
0
VERTEX
8
ShapeString
10
8549.102385
20
4128.688499
70
0
0
VERTEX
8
ShapeString
10
8546.986777
20
4129.208327
70
0
0
VERTEX
8
ShapeString
10
8544.823306
20
4129.523896
70
0
0
VERTEX
8
ShapeString
10
8542.626887
20
4129.629178
70
0
0
VERTEX
8
ShapeString
10
8540.412438
20
4129.518142
70
0
0
VERTEX
8
ShapeString
10
8538.194874
20
4129.184759
70
0
0
VERTEX
8
ShapeString
10
8535.989112
20
4128.622998
70
0
0
VERTEX
8
ShapeString
10
8533.810069
20
4127.826830
70
0
0
VERTEX
8
ShapeString
10
8531.722243
20
4126.815347
70
0
0
VERTEX
8
ShapeString
10
8529.784220
20
4125.621601
70
0
0
VERTEX
8
ShapeString
10
8528.002046
20
4124.260502
70
0
0
VERTEX
8
ShapeString
10
8526.381766
20
4122.746961
70
0
0
VERTEX
8
ShapeString
10
8524.929424
20
4121.095889
70
0
0
VERTEX
8
ShapeString
10
8523.651065
20
4119.322194
70
0
0
VERTEX
8
ShapeString
10
8522.552736
20
4117.440788
70
0
0
VERTEX
8
ShapeString
10
8521.640480
20
4115.466581
70
0
0
VERTEX
8
ShapeString
10
8520.920343
20
4113.414482
70
0
0
VERTEX
8
ShapeString
10
8520.398370
20
4111.299403
70
0
0
VERTEX
8
ShapeString
10
8520.080606
20
4109.136253
70
0
0
VERTEX
8
ShapeString
10
8519.973096
20
4106.939942
70
0
0
VERTEX
8
ShapeString
10
8520.081886
20
4104.725382
70
0
0
VERTEX
8
ShapeString
10
8520.413019
20
4102.507481
70
0
0
VERTEX
8
ShapeString
10
8520.972543
20
4100.301150
70
0
0
VERTEX
8
ShapeString
10
8521.766500
20
4098.121300
70
0
0
VERTEX
8
ShapeString
10
8521.766500
20
4098.121300
70
0
0
SEQEND
8
ShapeString
0
POLYLINE
8
ShapeString
62
7
70
0
10
0.000000
20
0.000000
66
1
0
VERTEX
8
ShapeString
10
8785.400700
20
2229.570600
70
0
0
VERTEX
8
ShapeString
10
8786.416128
20
2227.487160
70
0
0
VERTEX
8
ShapeString
10
8787.613156
20
2225.553624
70
0
0
VERTEX
8
ShapeString
10
8788.976903
20
2223.775998
70
0
0
VERTEX
8
ShapeString
10
8790.492487
20
2222.160283
70
0
0
VERTEX
8
ShapeString
10
8792.145028
20
2220.712484
70
0
0
VERTEX
8
ShapeString
10
8793.919645
20
2219.438605
70
0
0
VERTEX
8
ShapeString
10
8795.801456
20
2218.344649
70
0
0
VERTEX
8
ShapeString
10
8797.775582
20
2217.436619
70
0
0
VERTEX
8
ShapeString
10
8799.827139
20
2216.720520
70
0
0
VERTEX
8
ShapeString
10
8801.941249
20
2216.202355
70
0
0
VERTEX
8
ShapeString
10
8804.103029
20
2215.888127
70
0
0
VERTEX
8
ShapeString
10
8806.297599
20
2215.783840
70
0
0
VERTEX
8
ShapeString
10
8808.510078
20
2215.895498
70
0
0
VERTEX
8
ShapeString
10
8810.725584
20
2216.229104
70
0
0
VERTEX
8
ShapeString
10
8812.929237
20
2216.790663
70
0
0
VERTEX
8
ShapeString
10
8815.106156
20
2217.586177
70
0
0
VERTEX
8
ShapeString
10
8817.192026
20
2218.596604
70
0
0
VERTEX
8
ShapeString
10
8819.128427
20
2219.788991
70
0
0
VERTEX
8
ShapeString
10
8820.909320
20
2221.148470
70
0
0
VERTEX
8
ShapeString
10
8822.528665
20
2222.660174
70
0
0
VERTEX
8
ShapeString
10
8823.980424
20
2224.309237
70
0
0
VERTEX
8
ShapeString
10
8825.258556
20
2226.080793
70
0
0
VERTEX
8
ShapeString
10
8826.357023
20
2227.959975
70
0
0
VERTEX
8
ShapeString
10
8827.269786
20
2229.931917
70
0
0
VERTEX
8
ShapeString
10
8827.990804
20
2231.981751
70
0
0
VERTEX
8
ShapeString
10
8828.514039
20
2234.094611
70
0
0
VERTEX
8
ShapeString
10
8828.833452
20
2236.255632
70
0
0
VERTEX
8
ShapeString
10
8828.943002
20
2238.449945
70
0
0
VERTEX
8
ShapeString
10
8828.836652
20
2240.662685
70
0
0
VERTEX
8
ShapeString
10
8828.508361
20
2242.878985
70
0
0
VERTEX
8
ShapeString
10
8827.952090
20
2245.083979
70
0
0
VERTEX
8
ShapeString
10
8827.161800
20
2247.262800
70
0
0
VERTEX
8
ShapeString
10
8826.146372
20
2249.346240
70
0
0
VERTEX
8
ShapeString
10
8824.949344
20
2251.279776
70
0
0
VERTEX
8
ShapeString
10
8823.585597
20
2253.057402
70
0
0
VERTEX
8
ShapeString
10
8822.070013
20
2254.673117
70
0
0
VERTEX
8
ShapeString
10
8820.417472
20
2256.120916
70
0
0
VERTEX
8
ShapeString
10
8818.642855
20
2257.394795
70
0
0
VERTEX
8
ShapeString
10
8816.761044
20
2258.488751
70
0
0
VERTEX
8
ShapeString
10
8814.786918
20
2259.396781
70
0
0
VERTEX
8
ShapeString
10
8812.735361
20
2260.112880
70
0
0
VERTEX
8
ShapeString
10
8810.621251
20
2260.631045
70
0
0
VERTEX
8
ShapeString
10
8808.459471
20
2260.945273
70
0
0
VERTEX
8
ShapeString
10
8806.264901
20
2261.049560
70
0
0
VERTEX
8
ShapeString
10
8804.052422
20
2260.937902
70
0
0
VERTEX
8
ShapeString
10
8801.836916
20
2260.604296
70
0
0
VERTEX
8
ShapeString
10
8799.633263
20
2260.042737
70
0
0
VERTEX
8
ShapeString
10
8797.456344
20
2259.247223
70
0
0
VERTEX
8
ShapeString
10
8795.370474
20
2258.236796
70
0
0
VERTEX
8
ShapeString
10
8793.434073
20
2257.044409
70
0
0
VERTEX
8
ShapeString
10
8791.653180
20
2255.684930
70
0
0
VERTEX
8
ShapeString
10
8790.033835
20
2254.173226
70
0
0
VERTEX
8
ShapeString
10
8788.582076
20
2252.524163
70
0
0
VERTEX
8
ShapeString
10
8787.303944
20
2250.752607
70
0
0
VERTEX
8
ShapeString
10
8786.205477
20
2248.873425
70
0
0
VERTEX
8
ShapeString
10
8785.292714
20
2246.901483
70
0
0
VERTEX
8
ShapeString
10
8784.571696
20
2244.851649
70
0
0
VERTEX
8
ShapeString
10
8784.048461
20
2242.738789
70
0
0
VERTEX
8
ShapeString
10
8783.729048
20
2240.577768
70
0
0
VERTEX
8
ShapeString
10
8783.619498
20
2238.383455
70
0
0
VERTEX
8
ShapeString
10
8783.725848
20
2236.170715
70
0
0
VERTEX
8
ShapeString
10
8784.054139
20
2233.954415
70
0
0
VERTEX
8
ShapeString
10
8784.610410
20
2231.749421
70
0
0
VERTEX
8
ShapeString
10
8785.400700
20
2229.570600
70
0
0
VERTEX
8
ShapeString
10
8785.400700
20
2229.570600
70
0
0
SEQEND
8
ShapeString
0
POLYLINE
8
ShapeString
62
7
70
0
10
0.000000
20
0.000000
66
1
0
VERTEX
8
ShapeString
10
8798.643700
20
4385.021500
70
0
0
VERTEX
8
ShapeString
10
8799.245352
20
4373.054413
70
0
0
VERTEX
8
ShapeString
10
8800.041069
20
4361.104222
70
0
0
VERTEX
8
ShapeString
10
8801.030445
20
4349.173262
70
0
0
VERTEX
8
ShapeString
10
8802.213077
20
4337.263863
70
0
0
VERTEX
8
ShapeString
10
8803.588557
20
4325.378358
70
0
0
VERTEX
8
ShapeString
10
8805.156482
20
4313.519080
70
0
0
VERTEX
8
ShapeString
10
8806.916445
20
4301.688361
70
0
0
VERTEX
8
ShapeString
10
8808.868042
20
4289.888534
70
0
0
VERTEX
8
ShapeString
10
8811.010867
20
4278.121930
70
0
0
VERTEX
8
ShapeString
10
8813.344516
20
4266.390883
70
0
0
VERTEX
8
ShapeString
10
8815.868582
20
4254.697725
70
0
0
VERTEX
8
ShapeString
10
8818.582661
20
4243.044788
70
0
0
VERTEX
8
ShapeString
10
8821.486348
20
4231.434405
70
0
0
VERTEX
8
ShapeString
10
8824.579237
20
4219.868907
70
0
0
VERTEX
8
ShapeString
10
8827.860923
20
4208.350628
70
0
0
VERTEX
8
ShapeString
10
8831.331000
20
4196.881900
70
0
0
SEQEND
8
ShapeString
0
POLYLINE
8
ShapeString
62
7
70
0
10
0.000000
20
0.000000
66
1
0
VERTEX
8
ShapeString
10
8689.493200
20
974.644600
70
0
0
VERTEX
8
ShapeString
10
8700.209471
20
998.476377
70
0
0
VERTEX
8
ShapeString
10
8710.775705
20
1022.358176
70
0
0
VERTEX
8
ShapeString
10
8721.191870
20
1046.289310
70
0
0
VERTEX
8
ShapeString
10
8731.457936
20
1070.269091
70
0
0
VERTEX
8
ShapeString
10
8741.573874
20
1094.296830
70
0
0
VERTEX
8
ShapeString
10
8751.539652
20
1118.371841
70
0
0
VERTEX
8
ShapeString
10
8761.355242
20
1142.493435
70
0
0
VERTEX
8
ShapeString
10
8771.020611
20
1166.660925
70
0
0
VERTEX
8
ShapeString
10
8780.535731
20
1190.873622
70
0
0
VERTEX
8
ShapeString
10
8789.900570
20
1215.130839
70
0
0
VERTEX
8
ShapeString
10
8799.115099
20
1239.431888
70
0
0
VERTEX
8
ShapeString
10
8808.179287
20
1263.776081
70
0
0
VERTEX
8
ShapeString
10
8817.093104
20
1288.162730
70
0
0
VERTEX
8
ShapeString
10
8825.856520
20
1312.591148
70
0
0
VERTEX
8
ShapeString
10
8834.469504
20
1337.060646
70
0
0
VERTEX
8
ShapeString
10
8842.932026
20
1361.570537
70
0
0
VERTEX
8
ShapeString
10
8851.244056
20
1386.120133
70
0
0
VERTEX
8
ShapeString
10
8859.405564
20
1410.708746
70
0
0
VERTEX
8
ShapeString
10
8867.416518
20
1435.335688
70
0
0
VERTEX
8
ShapeString
10
8875.276890
20
1460.000271
70
0
0
VERTEX
8
ShapeString
10
8882.986649
20
1484.701808
70
0
0
VERTEX
8
ShapeString
10
8890.545764
20
1509.439610
70
0
0
VERTEX
8
ShapeString
10
8897.954205
20
1534.212991
70
0
0
VERTEX
8
ShapeString
10
8905.211942
20
1559.021261
70
0
0
VERTEX
8
ShapeString
10
8912.318945
20
1583.863733
70
0
0
VERTEX
8
ShapeString
10
8919.275183
20
1608.739720
70
0
0
VERTEX
8
ShapeString
10
8926.080626
20
1633.648533
70
0
0
VERTEX
8
ShapeString
10
8932.735244
20
1658.589485
70
0
0
VERTEX
8
ShapeString
10
8939.239007
20
1683.561887
70
0
0
VERTEX
8
ShapeString
10
8945.591884
20
1708.565052
70
0
0
VERTEX
8
ShapeString
10
8951.793844
20
1733.598293
70
0
0
VERTEX
8
ShapeString
10
8957.844858
20
1758.660920
70
0
0
VERTEX
8
ShapeString
10
8963.744896
20
1783.752247
70
0
0
VERTEX
8
ShapeString
10
8969.493927
20
1808.871586
70
0
0
VERTEX
8
ShapeString
10
8975.091921
20
1834.018248
70
0
0
VERTEX
8
ShapeString
10
8980.538847
20
1859.191546
70
0
0
VERTEX
8
ShapeString
10
8985.834675
20
1884.390792
70
0
0
VERTEX
8
ShapeString
10
8990.979376
20
1909.615299
70
0
0
VERTEX
8
ShapeString
10
8995.972918
20
1934.864377
70
0
0
VERTEX
8
ShapeString
10
9000.815272
20
1960.137340
70
0
0
VERTEX
8
ShapeString
10
9005.506407
20
1985.433500
70
0
0
VERTEX
8
ShapeString
10
9010.046292
20
2010.752169
70
0
0
VERTEX
8
ShapeString
10
9014.434899
20
2036.092658
70
0
0
VERTEX
8
ShapeString
10
9018.672195
20
2061.454281
70
0
0
VERTEX
8
ShapeString
10
9022.758152
20
2086.836348
70
0
0
VERTEX
8
ShapeString
10
9026.692739
20
2112.238174
70
0
0
VERTEX
8
ShapeString
10
9030.475925
20
2137.659068
70
0
0
VERTEX
8
ShapeString
10
9034.107680
20
2163.098345
70
0
0
VERTEX
8
ShapeString
10
9037.587974
20
2188.555315
70
0
0
VERTEX
8
ShapeString
10
9040.916777
20
2214.029292
70
0
0
VERTEX
8
ShapeString
10
9044.094058
20
2239.519586
70
0
0
VERTEX
8
ShapeString
10
9047.119788
20
2265.025511
70
0
0
VERTEX
8
ShapeString
10
9049.993935
20
2290.546379
70
0
0
VERTEX
8
ShapeString
10
9052.716470
20
2316.081501
70
0
0
VERTEX
8
ShapeString
10
9055.287362
20
2341.630190
70
0
0
VERTEX
8
ShapeString
10
9057.706581
20
2367.191758
70
0
0
VERTEX
8
ShapeString
10
9059.974097
20
2392.765518
70
0
0
VERTEX
8
ShapeString
10
9062.089879
20
2418.350780
70
0
0
VERTEX
8
ShapeString
10
9064.053897
20
2443.946858
70
0
0
VERTEX
8
ShapeString
10
9065.866122
20
2469.553064
70
0
0
VERTEX
8
ShapeString
10
9067.526522
20
2495.168709
70
0
0
VERTEX
8
ShapeString
10
9069.035067
20
2520.793106
70
0
0
VERTEX
8
ShapeString
10
9070.391727
20
2546.425567
70
0
0
VERTEX
8
ShapeString
10
9071.596473
20
2572.065405
70
0
0
VERTEX
8
ShapeString
10
9072.649272
20
2597.711931
70
0
0
VERTEX
8
ShapeString
10
9073.550096
20
2623.364458
70
0
0
VERTEX
8
ShapeString
10
9074.298914
20
2649.022297
70
0
0
VERTEX
8
ShapeString
10
9074.895695
20
2674.684761
70
0
0
VERTEX
8
ShapeString
10
9075.340410
20
2700.351162
70
0
0
VERTEX
8
ShapeString
10
9075.633028
20
2726.020813
70
0
0
VERTEX
8
ShapeString
10
9075.773519
20
2751.693024
70
0
0
VERTEX
8
ShapeString
10
9075.761852
20
2777.367110
70
0
0
VERTEX
8
ShapeString
10
9075.597998
20
2803.042380
70
0
0
VERTEX
8
ShapeString
10
9075.281926
20
2828.718149
70
0
0
VERTEX
8
ShapeString
10
9074.813605
20
2854.393728
70
0
0
VERTEX
8
ShapeString
10
9074.193006
20
2880.068428
70
0
0
VERTEX
8
ShapeString
10
9073.420098
20
2905.741563
70
0
0
VERTEX
8
ShapeString
10
9072.494851
20
2931.412445
70
0
0
VERTEX
8
ShapeString
10
9071.417235
20
2957.080385
70
0
0
VERTEX
8
ShapeString
10
9070.187219
20
2982.744696
70
0
0
VERTEX
8
ShapeString
10
9068.804773
20
3008.404690
70
0
0
VERTEX
8
ShapeString
10
9067.269866
20
3034.059679
70
0
0
VERTEX
8
ShapeString
10
9065.582469
20
3059.708975
70
0
0
VERTEX
8
ShapeString
10
9063.742552
20
3085.351890
70
0
0
VERTEX
8
ShapeString
10
9061.750083
20
3110.987737
70
0
0
VERTEX
8
ShapeString
10
9059.605033
20
3136.615828
70
0
0
VERTEX
8
ShapeString
10
9057.307372
20
3162.235474
70
0
0
VERTEX
8
ShapeString
10
9054.857069
20
3187.845989
70
0
0
VERTEX
8
ShapeString
10
9052.254093
20
3213.446683
70
0
0
VERTEX
8
ShapeString
10
9049.498415
20
3239.036870
70
0
0
VERTEX
8
ShapeString
10
9046.590004
20
3264.615862
70
0
0
VERTEX
8
ShapeString
10
9043.528831
20
3290.182970
70
0
0
VERTEX
8
ShapeString
10
9040.314864
20
3315.737507
70
0
0
VERTEX
8
ShapeString
10
9036.948073
20
3341.278785
70
0
0
VERTEX
8
ShapeString
10
9033.428429
20
3366.806116
70
0
0
VERTEX
8
ShapeString
10
9029.755900
20
3392.318812
70
0
0
VERTEX
8
ShapeString
10
9025.930457
20
3417.816186
70
0
0
VERTEX
8
ShapeString
10
9021.952070
20
3443.297549
70
0
0
VERTEX
8
ShapeString
10
9017.820708
20
3468.762214
70
0
0
VERTEX
8
ShapeString
10
9013.536340
20
3494.209493
70
0
0
VERTEX
8
ShapeString
10
9009.098937
20
3519.638698
70
0
0
VERTEX
8
ShapeString
10
9004.508468
20
3545.049141
70
0
0
VERTEX
8
ShapeString
10
8999.764903
20
3570.440135
70
0
0
VERTEX
8
ShapeString
10
8994.868212
20
3595.810991
70
0
0
VERTEX
8
ShapeString
10
8989.818364
20
3621.161021
70
0
0
VERTEX
8
ShapeString
10
8984.615329
20
3646.489539
70
0
0
VERTEX
8
ShapeString
10
8979.259077
20
3671.795855
70
0
0
VERTEX
8
ShapeString
10
8973.749578
20
3697.079283
70
0
0
VERTEX
8
ShapeString
10
8968.086800
20
3722.339134
70
0
0
VERTEX
8
ShapeString
10
8962.270715
20
3747.574721
70
0
0
VERTEX
8
ShapeString
10
8956.301292
20
3772.785355
70
0
0
VERTEX
8
ShapeString
10
8950.178500
20
3797.970349
70
0
0
VERTEX
8
ShapeString
10
8943.902309
20
3823.129014
70
0
0
VERTEX
8
ShapeString
10
8937.472689
20
3848.260664
70
0
0
VERTEX
8
ShapeString
10
8930.889610
20
3873.364610
70
0
0
VERTEX
8
ShapeString
10
8924.153041
20
3898.440165
70
0
0
VERTEX
8
ShapeString
10
8917.262952
20
3923.486640
70
0
0
VERTEX
8
ShapeString
10
8910.219313
20
3948.503348
70
0
0
VERTEX
8
ShapeString
10
8903.022094
20
3973.489601
70
0
0
VERTEX
8
ShapeString
10
8895.671264
20
3998.444710
70
0
0
VERTEX
8
ShapeString
10
8888.166792
20
4023.367989
70
0
0
VERTEX
8
ShapeString
10
8880.508650
20
4048.258749
70
0
0
VERTEX
8
ShapeString
10
8872.696805
20
4073.116303
70
0
0
VERTEX
8
ShapeString
10
8864.731229
20
4097.939963
70
0
0
VERTEX
8
ShapeString
10
8856.611891
20
4122.729040
70
0
0
VERTEX
8
ShapeString
10
8848.338760
20
4147.482847
70
0
0
VERTEX
8
ShapeString
10
8839.911806
20
4172.200696
70
0
0
VERTEX
8
ShapeString
10
8831.331000
20
4196.881900
70
0
0
SEQEND
8
ShapeString
0
POLYLINE
8
ShapeString
62
7
70
0
10
0.000000
20
0.000000
66
1
0
VERTEX
8
ShapeString
10
8689.497100
20
974.648000
70
0
0
VERTEX
8
ShapeString
10
8269.810400
20
1174.137300
70
0
0
SEQEND
8
ShapeString
0
POLYLINE
8
ShapeString
62
7
70
0
10
0.000000
20
0.000000
66
1
0
VERTEX
8
ShapeString
10
8269.810400
20
1174.137300
70
0
0
VERTEX
8
ShapeString
10
8279.763864
20
1195.271069
70
0
0
VERTEX
8
ShapeString
10
8289.558433
20
1216.457465
70
0
0
VERTEX
8
ShapeString
10
8299.194110
20
1237.695639
70
0
0
VERTEX
8
ShapeString
10
8308.670901
20
1258.984741
70
0
0
VERTEX
8
ShapeString
10
8317.988810
20
1280.323921
70
0
0
VERTEX
8
ShapeString
10
8327.147841
20
1301.712330
70
0
0
VERTEX
8
ShapeString
10
8336.148001
20
1323.149119
70
0
0
VERTEX
8
ShapeString
10
8344.989293
20
1344.633439
70
0
0
VERTEX
8
ShapeString
10
8353.671722
20
1366.164440
70
0
0
VERTEX
8
ShapeString
10
8362.195293
20
1387.741273
70
0
0
VERTEX
8
ShapeString
10
8370.560011
20
1409.363088
70
0
0
VERTEX
8
ShapeString
10
8378.765880
20
1431.029036
70
0
0
VERTEX
8
ShapeString
10
8386.812905
20
1452.738268
70
0
0
VERTEX
8
ShapeString
10
8394.701091
20
1474.489934
70
0
0
VERTEX
8
ShapeString
10
8402.430443
20
1496.283184
70
0
0
VERTEX
8
ShapeString
10
8410.000965
20
1518.117171
70
0
0
VERTEX
8
ShapeString
10
8417.412661
20
1539.991043
70
0
0
VERTEX
8
ShapeString
10
8424.665538
20
1561.903952
70
0
0
VERTEX
8
ShapeString
10
8431.759599
20
1583.855048
70
0
0
VERTEX
8
ShapeString
10
8438.694850
20
1605.843483
70
0
0
VERTEX
8
ShapeString
10
8445.471294
20
1627.868406
70
0
0
VERTEX
8
ShapeString
10
8452.088937
20
1649.928968
70
0
0
VERTEX
8
ShapeString
10
8458.547784
20
1672.024320
70
0
0
VERTEX
8
ShapeString
10
8464.847839
20
1694.153612
70
0
0
VERTEX
8
ShapeString
10
8470.989106
20
1716.315996
70
0
0
VERTEX
8
ShapeString
10
8476.971592
20
1738.510621
70
0
0
VERTEX
8
ShapeString
10
8482.795299
20
1760.736639
70
0
0
VERTEX
8
ShapeString
10
8488.460234
20
1782.993199
70
0
0
VERTEX
8
ShapeString
10
8493.966401
20
1805.279453
70
0
0
VERTEX
8
ShapeString
10
8499.313804
20
1827.594552
70
0
0
VERTEX
8
ShapeString
10
8504.502449
20
1849.937645
70
0
0
VERTEX
8
ShapeString
10
8509.532340
20
1872.307883
70
0
0
VERTEX
8
ShapeString
10
8514.403481
20
1894.704418
70
0
0
VERTEX
8
ShapeString
10
8519.115878
20
1917.126399
70
0
0
VERTEX
8
ShapeString
10
8523.669535
20
1939.572978
70
0
0
VERTEX
8
ShapeString
10
8528.064458
20
1962.043304
70
0
0
VERTEX
8
ShapeString
10
8532.300649
20
1984.536529
70
0
0
VERTEX
8
ShapeString
10
8536.378116
20
2007.051803
70
0
0
VERTEX
8
ShapeString
10
8540.296862
20
2029.588277
70
0
0
VERTEX
8
ShapeString
10
8544.056891
20
2052.145101
70
0
0
VERTEX
8
ShapeString
10
8547.658209
20
2074.721427
70
0
0
VERTEX
8
ShapeString
10
8551.100821
20
2097.316404
70
0
0
VERTEX
8
ShapeString
10
8554.384731
20
2119.929183
70
0
0
VERTEX
8
ShapeString
10
8557.509944
20
2142.558915
70
0
0
VERTEX
8
ShapeString
10
8560.476464
20
2165.204751
70
0
0
VERTEX
8
ShapeString
10
8563.284296
20
2187.865841
70
0
0
VERTEX
8
ShapeString
10
8565.933446
20
2210.541336
70
0
0
VERTEX
8
ShapeString
10
8568.423918
20
2233.230386
70
0
0
VERTEX
8
ShapeString
10
8570.755716
20
2255.932141
70
0
0
VERTEX
8
ShapeString
10
8572.928845
20
2278.645754
70
0
0
VERTEX
8
ShapeString
10
8574.943310
20
2301.370374
70
0
0
VERTEX
8
ShapeString
10
8576.799117
20
2324.105152
70
0
0
VERTEX
8
ShapeString
10
8578.496268
20
2346.849238
70
0
0
VERTEX
8
ShapeString
10
8580.034770
20
2369.601783
70
0
0
VERTEX
8
ShapeString
10
8581.414627
20
2392.361938
70
0
0
VERTEX
8
ShapeString
10
8582.635843
20
2415.128854
70
0
0
VERTEX
8
ShapeString
10
8583.698424
20
2437.901680
70
0
0
VERTEX
8
ShapeString
10
8584.602374
20
2460.679568
70
0
0
VERTEX
8
ShapeString
10
8585.347698
20
2483.461668
70
0
0
VERTEX
8
ShapeString
10
8585.934400
20
2506.247131
70
0
0
VERTEX
8
ShapeString
10
8586.362486
20
2529.035108
70
0
0
VERTEX
8
ShapeString
10
8586.631960
20
2551.824749
70
0
0
VERTEX
8
ShapeString
10
8586.742827
20
2574.615204
70
0
0
VERTEX
8
ShapeString
10
8586.695092
20
2597.405625
70
0
0
VERTEX
8
ShapeString
10
8586.488758
20
2620.195161
70
0
0
VERTEX
8
ShapeString
10
8586.123832
20
2642.982965
70
0
0
VERTEX
8
ShapeString
10
8585.600318
20
2665.768185
70
0
0
VERTEX
8
ShapeString
10
8584.918220
20
2688.549973
70
0
0
VERTEX
8
ShapeString
10
8584.077543
20
2711.327480
70
0
0
VERTEX
8
ShapeString
10
8583.078292
20
2734.099856
70
0
0
VERTEX
8
ShapeString
10
8581.920472
20
2756.866251
70
0
0
VERTEX
8
ShapeString
10
8580.604087
20
2779.625817
70
0
0
VERTEX
8
ShapeString
10
8579.129143
20
2802.377703
70
0
0
VERTEX
8
ShapeString
10
8577.495643
20
2825.121062
70
0
0
VERTEX
8
ShapeString
10
8575.703593
20
2847.855042
70
0
0
VERTEX
8
ShapeString
10
8573.752998
20
2870.578795
70
0
0
VERTEX
8
ShapeString
10
8571.643861
20
2893.291472
70
0
0
VERTEX
8
ShapeString
10
8569.376189
20
2915.992222
70
0
0
VERTEX
8
ShapeString
10
8566.949985
20
2938.680198
70
0
0
VERTEX
8
ShapeString
10
8564.365254
20
2961.354548
70
0
0
VERTEX
8
ShapeString
10
8561.622001
20
2984.014425
70
0
0
VERTEX
8
ShapeString
10
8558.720232
20
3006.658978
70
0
0
VERTEX
8
ShapeString
10
8555.659949
20
3029.287358
70
0
0
VERTEX
8
ShapeString
10
8552.441159
20
3051.898716
70
0
0
VERTEX
8
ShapeString
10
8549.063866
20
3074.492202
70
0
0
VERTEX
8
ShapeString
10
8545.528075
20
3097.066968
70
0
0
VERTEX
8
ShapeString
10
8541.833790
20
3119.622163
70
0
0
VERTEX
8
ShapeString
10
8537.981016
20
3142.156938
70
0
0
VERTEX
8
ShapeString
10
8533.969758
20
3164.670444
70
0
0
VERTEX
8
ShapeString
10
8529.800021
20
3187.161832
70
0
0
VERTEX
8
ShapeString
10
8525.471810
20
3209.630251
70
0
0
VERTEX
8
ShapeString
10
8520.985128
20
3232.074854
70
0
0
VERTEX
8
ShapeString
10
8516.339981
20
3254.494790
70
0
0
VERTEX
8
ShapeString
10
8511.536374
20
3276.889210
70
0
0
VERTEX
8
ShapeString
10
8506.574312
20
3299.257264
70
0
0
VERTEX
8
ShapeString
10
8501.453798
20
3321.598104
70
0
0
VERTEX
8
ShapeString
10
8496.174838
20
3343.910879
70
0
0
VERTEX
8
ShapeString
10
8490.737437
20
3366.194741
70
0
0
VERTEX
8
ShapeString
10
8485.141599
20
3388.448840
70
0
0
VERTEX
8
ShapeString
10
8479.387328
20
3410.672327
70
0
0
VERTEX
8
ShapeString
10
8473.474631
20
3432.864353
70
0
0
VERTEX
8
ShapeString
10
8467.403511
20
3455.024067
70
0
0
VERTEX
8
ShapeString
10
8461.173974
20
3477.150621
70
0
0
VERTEX
8
ShapeString
10
8454.786023
20
3499.243164
70
0
0
VERTEX
8
ShapeString
10
8448.239664
20
3521.300849
70
0
0
VERTEX
8
ShapeString
10
8441.534901
20
3543.322826
70
0
0
VERTEX
8
ShapeString
10
8434.671740
20
3565.308244
70
0
0
VERTEX
8
ShapeString
10
8427.650184
20
3587.256255
70
0
0
VERTEX
8
ShapeString
10
8420.470239
20
3609.166009
70
0
0
VERTEX
8
ShapeString
10
8413.131910
20
3631.036658
70
0
0
VERTEX
8
ShapeString
10
8405.635200
20
3652.867350
70
0
0
VERTEX
8
ShapeString
10
8397.980116
20
3674.657238
70
0
0
VERTEX
8
ShapeString
10
8390.166660
20
3696.405472
70
0
0
VERTEX
8
ShapeString
10
8382.194840
20
3718.111203
70
0
0
VERTEX
8
ShapeString
10
8374.064658
20
3739.773580
70
0
0
VERTEX
8
ShapeString
10
8365.776120
20
3761.391755
70
0
0
VERTEX
8
ShapeString
10
8357.329230
20
3782.964878
70
0
0
VERTEX
8
ShapeString
10
8348.723994
20
3804.492101
70
0
0
VERTEX
8
ShapeString
10
8339.960416
20
3825.972572
70
0
0
VERTEX
8
ShapeString
10
8331.038500
20
3847.405444
70
0
0
VERTEX
8
ShapeString
10
8321.958252
20
3868.789867
70
0
0
VERTEX
8
ShapeString
10
8312.719676
20
3890.124991
70
0
0
VERTEX
8
ShapeString
10
8303.322776
20
3911.409967
70
0
0
VERTEX
8
ShapeString
10
8293.767559
20
3932.643946
70
0
0
VERTEX
8
ShapeString
10
8284.054028
20
3953.826078
70
0
0
VERTEX
8
ShapeString
10
8274.182188
20
3974.955514
70
0
0
VERTEX
8
ShapeString
10
8264.152044
20
3996.031404
70
0
0
VERTEX
8
ShapeString
10
8253.963600
20
4017.052900
70
0
0
SEQEND
8
ShapeString
0
POLYLINE
8
ShapeString
62
7
70
0
10
0.000000
20
0.000000
66
1
0
VERTEX
8
ShapeString
10
8253.963600
20
4017.052900
70
0
0
VERTEX
8
ShapeString
10
8250.502661
20
4027.730483
70
0
0
VERTEX
8
ShapeString
10
8246.800512
20
4038.315806
70
0
0
VERTEX
8
ShapeString
10
8242.859221
20
4048.804955
70
0
0
VERTEX
8
ShapeString
10
8238.680853
20
4059.194013
70
0
0
VERTEX
8
ShapeString
10
8234.267474
20
4069.479065
70
0
0
VERTEX
8
ShapeString
10
8229.621152
20
4079.656196
70
0
0
VERTEX
8
ShapeString
10
8224.743952
20
4089.721491
70
0
0
VERTEX
8
ShapeString
10
8219.637940
20
4099.671035
70
0
0
VERTEX
8
ShapeString
10
8214.305184
20
4109.500912
70
0
0
VERTEX
8
ShapeString
10
8208.747749
20
4119.207207
70
0
0
VERTEX
8
ShapeString
10
8202.967701
20
4128.786005
70
0
0
VERTEX
8
ShapeString
10
8196.967108
20
4138.233390
70
0
0
VERTEX
8
ShapeString
10
8190.748035
20
4147.545448
70
0
0
VERTEX
8
ShapeString
10
8184.312548
20
4156.718262
70
0
0
VERTEX
8
ShapeString
10
8177.662714
20
4165.747918
70
0
0
VERTEX
8
ShapeString
10
8170.800600
20
4174.630500
70
0
0
SEQEND
8
ShapeString
0
POLYLINE
8
ShapeString
62
7
70
0
10
0.000000
20
0.000000
66
1
0
VERTEX
8
ShapeString
10
8798.643700
20
4385.021500
70
0
0
VERTEX
8
ShapeString
10
8789.018173
20
4393.586128
70
0
0
VERTEX
8
ShapeString
10
8779.152475
20
4401.782103
70
0
0
VERTEX
8
ShapeString
10
8769.056898
20
4409.607225
70
0
0
VERTEX
8
ShapeString
10
8758.741736
20
4417.059298
70
0
0
VERTEX
8
ShapeString
10
8748.217284
20
4424.136122
70
0
0
VERTEX
8
ShapeString
10
8737.493834
20
4430.835499
70
0
0
VERTEX
8
ShapeString
10
8726.581680
20
4437.155232
70
0
0
VERTEX
8
ShapeString
10
8715.491117
20
4443.093122
70
0
0
VERTEX
8
ShapeString
10
8704.232437
20
4448.646970
70
0
0
VERTEX
8
ShapeString
10
8692.815934
20
4453.814579
70
0
0
VERTEX
8
ShapeString
10
8681.251902
20
4458.593750
70
0
0
VERTEX
8
ShapeString
10
8669.550635
20
4462.982286
70
0
0
VERTEX
8
ShapeString
10
8657.722426
20
4466.977988
70
0
0
VERTEX
8
ShapeString
10
8645.777569
20
4470.578657
70
0
0
VERTEX
8
ShapeString
10
8633.726358
20
4473.782096
70
0
0
VERTEX
8
ShapeString
10
8621.579086
20
4476.586106
70
0
0
VERTEX
8
ShapeString
10
8609.346047
20
4478.988490
70
0
0
VERTEX
8
ShapeString
10
8597.037535
20
4480.987048
70
0
0
VERTEX
8
ShapeString
10
8584.663843
20
4482.579584
70
0
0
VERTEX
8
ShapeString
10
8572.235265
20
4483.763898
70
0
0
VERTEX
8
ShapeString
10
8559.762094
20
4484.537792
70
0
0
VERTEX
8
ShapeString
10
8547.254625
20
4484.899068
70
0
0
VERTEX
8
ShapeString
10
8534.723150
20
4484.845529
70
0
0
VERTEX
8
ShapeString
10
8522.177964
20
4484.374975
70
0
0
VERTEX
8
ShapeString
10
8509.629361
20
4483.485208
70
0
0
VERTEX
8
ShapeString
10
8497.087633
20
4482.174031
70
0
0
VERTEX
8
ShapeString
10
8484.563075
20
4480.439246
70
0
0
VERTEX
8
ShapeString
10
8472.065980
20
4478.278653
70
0
0
VERTEX
8
ShapeString
10
8459.606643
20
4475.690055
70
0
0
VERTEX
8
ShapeString
10
8447.195355
20
4472.671253
70
0
0
VERTEX
8
ShapeString
10
8434.842412
20
4469.220050
70
0
0
VERTEX
8
ShapeString
10
8422.558107
20
4465.334247
70
0
0
VERTEX
8
ShapeString
10
8410.412798
20
4461.033656
70
0
0
VERTEX
8
ShapeString
10
8398.474574
20
4456.344859
70
0
0
VERTEX
8
ShapeString
10
8386.750326
20
4451.275813
70
0
0
VERTEX
8
ShapeString
10
8375.246945
20
4445.834474
70
0
0
VERTEX
8
ShapeString
10
8363.971321
20
4440.028800
70
0
0
VERTEX
8
ShapeString
10
8352.930346
20
4433.866746
70
0
0
VERTEX
8
ShapeString
10
8342.130910
20
4427.356270
70
0
0
VERTEX
8
ShapeString
10
8331.579904
20
4420.505329
70
0
0
VERTEX
8
ShapeString
10
8321.284218
20
4413.321878
70
0
0
VERTEX
8
ShapeString
10
8311.250743
20
4405.813875
70
0
0
VERTEX
8
ShapeString
10
8301.486371
20
4397.989277
70
0
0
VERTEX
8
ShapeString
10
8291.997991
20
4389.856040
70
0
0
VERTEX
8
ShapeString
10
8282.792494
20
4381.422121
70
0
0
VERTEX
8
ShapeString
10
8273.876772
20
4372.695477
70
0
0
VERTEX
8
ShapeString
10
8265.257715
20
4363.684064
70
0
0
VERTEX
8
ShapeString
10
8256.942213
20
4354.395839
70
0
0
VERTEX
8
ShapeString
10
8248.937158
20
4344.838759
70
0
0
VERTEX
8
ShapeString
10
8241.249440
20
4335.020780
70
0
0
VERTEX
8
ShapeString
10
8233.885950
20
4324.949860
70
0
0
VERTEX
8
ShapeString
10
8226.853578
20
4314.633954
70
0
0
VERTEX
8
ShapeString
10
8220.159216
20
4304.081021
70
0
0
VERTEX
8
ShapeString
10
8213.809754
20
4293.299015
70
0
0
VERTEX
8
ShapeString
10
8207.812083
20
4282.295895
70
0
0
VERTEX
8
ShapeString
10
8202.173093
20
4271.079616
70
0
0
VERTEX
8
ShapeString
10
8196.899675
20
4259.658136
70
0
0
VERTEX
8
ShapeString
10
8191.998721
20
4248.039412
70
0
0
VERTEX
8
ShapeString
10
8187.477120
20
4236.231399
70
0
0
VERTEX
8
ShapeString
10
8183.341764
20
4224.242055
70
0
0
VERTEX
8
ShapeString
10
8179.599544
20
4212.079336
70
0
0
VERTEX
8
ShapeString
10
8176.257349
20
4199.751200
70
0
0
VERTEX
8
ShapeString
10
8173.322071
20
4187.265602
70
0
0
VERTEX
8
ShapeString
10
8170.800600
20
4174.630500
70
0
0
SEQEND
8
ShapeString
0
POLYLINE
8
ShapeString
62
7
70
0
10
0.000000
20
0.000000
66
1
0
VERTEX
8
ShapeString
10
6126.246740
20
304.512600
70
0
0
VERTEX
8
ShapeString
10
6128.338525
20
305.448054
70
0
0
VERTEX
8
ShapeString
10
6130.147617
20
306.741192
70
0
0
VERTEX
8
ShapeString
10
6131.645183
20
308.334805
70
0
0
VERTEX
8
ShapeString
10
6132.802393
20
310.171686
70
0
0
VERTEX
8
ShapeString
10
6133.590416
20
312.194626
70
0
0
VERTEX
8
ShapeString
10
6133.980420
20
314.346417
70
0
0
VERTEX
8
ShapeString
10
6133.943574
20
316.569851
70
0
0
VERTEX
8
ShapeString
10
6133.451047
20
318.807720
70
0
0
VERTEX
8
ShapeString
10
6132.522712
20
320.902675
70
0
0
VERTEX
8
ShapeString
10
6131.235734
20
322.716153
70
0
0
VERTEX
8
ShapeString
10
6129.647223
20
324.219130
70
0
0
VERTEX
8
ShapeString
10
6127.814288
20
325.382581
70
0
0
VERTEX
8
ShapeString
10
6125.794040
20
326.177478
70
0
0
VERTEX
8
ShapeString
10
6123.643588
20
326.574797
70
0
0
VERTEX
8
ShapeString
10
6121.420041
20
326.545513
70
0
0
VERTEX
8
ShapeString
10
6119.180510
20
326.060600
70
0
0
VERTEX
8
ShapeString
10
6117.088725
20
325.125146
70
0
0
VERTEX
8
ShapeString
10
6115.279633
20
323.832008
70
0
0
VERTEX
8
ShapeString
10
6113.782067
20
322.238395
70
0
0
VERTEX
8
ShapeString
10
6112.624857
20
320.401514
70
0
0
VERTEX
8
ShapeString
10
6111.836834
20
318.378574
70
0
0
VERTEX
8
ShapeString
10
6111.446830
20
316.226783
70
0
0
VERTEX
8
ShapeString
10
6111.483676
20
314.003349
70
0
0
VERTEX
8
ShapeString
10
6111.976203
20
311.765480
70
0
0
VERTEX
8
ShapeString
10
6112.904538
20
309.670525
70
0
0
VERTEX
8
ShapeString
10
6114.191516
20
307.857047
70
0
0
VERTEX
8
ShapeString
10
6115.780027
20
306.354070
70
0
0
VERTEX
8
ShapeString
10
6117.612962
20
305.190619
70
0
0
VERTEX
8
ShapeString
10
6119.633210
20
304.395722
70
0
0
VERTEX
8
ShapeString
10
6121.783662
20
303.998403
70
0
0
VERTEX
8
ShapeString
10
6124.007209
20
304.027687
70
0
0
VERTEX
8
ShapeString
10
6126.246740
20
304.512600
70
0
0
VERTEX
8
ShapeString
10
6126.246740
20
304.512600
70
0
0
SEQEND
8
ShapeString
0
POLYLINE
8
ShapeString
62
7
70
0
10
0.000000
20
0.000000
66
1
0
VERTEX
8
ShapeString
10
5480.612370
20
257.074100
70
0
0
VERTEX
8
ShapeString
10
5482.704931
20
258.009111
70
0
0
VERTEX
8
ShapeString
10
5484.514763
20
259.302042
70
0
0
VERTEX
8
ShapeString
10
5486.013005
20
260.895652
70
0
0
VERTEX
8
ShapeString
10
5487.170798
20
262.732699
70
0
0
VERTEX
8
ShapeString
10
5487.959283
20
264.755944
70
0
0
VERTEX
8
ShapeString
10
5488.349600
20
266.908146
70
0
0
VERTEX
8
ShapeString
10
5488.312889
20
269.132064
70
0
0
VERTEX
8
ShapeString
10
5487.820292
20
271.370458
70
0
0
VERTEX
8
ShapeString
10
5486.891689
20
273.465871
70
0
0
VERTEX
8
ShapeString
10
5485.604303
20
275.279651
70
0
0
VERTEX
8
ShapeString
10
5484.015286
20
276.782764
70
0
0
VERTEX
8
ShapeString
10
5482.181791
20
277.946174
70
0
0
VERTEX
8
ShapeString
10
5480.160968
20
278.740847
70
0
0
VERTEX
8
ShapeString
10
5478.009971
20
279.137749
70
0
0
VERTEX
8
ShapeString
10
5475.785951
20
279.107845
70
0
0
VERTEX
8
ShapeString
10
5473.546060
20
278.622100
70
0
0
VERTEX
8
ShapeString
10
5471.453499
20
277.687089
70
0
0
VERTEX
8
ShapeString
10
5469.643667
20
276.394158
70
0
0
VERTEX
8
ShapeString
10
5468.145425
20
274.800548
70
0
0
VERTEX
8
ShapeString
10
5466.987632
20
272.963501
70
0
0
VERTEX
8
ShapeString
10
5466.199147
20
270.940256
70
0
0
VERTEX
8
ShapeString
10
5465.808830
20
268.788054
70
0
0
VERTEX
8
ShapeString
10
5465.845541
20
266.564136
70
0
0
VERTEX
8
ShapeString
10
5466.338138
20
264.325742
70
0
0
VERTEX
8
ShapeString
10
5467.266741
20
262.230329
70
0
0
VERTEX
8
ShapeString
10
5468.554127
20
260.416549
70
0
0
VERTEX
8
ShapeString
10
5470.143144
20
258.913436
70
0
0
VERTEX
8
ShapeString
10
5471.976639
20
257.750026
70
0
0
VERTEX
8
ShapeString
10
5473.997462
20
256.955353
70
0
0
VERTEX
8
ShapeString
10
5476.148459
20
256.558451
70
0
0
VERTEX
8
ShapeString
10
5478.372479
20
256.588355
70
0
0
VERTEX
8
ShapeString
10
5480.612370
20
257.074100
70
0
0
VERTEX
8
ShapeString
10
5480.612370
20
257.074100
70
0
0
SEQEND
8
ShapeString
0
POLYLINE
8
ShapeString
62
7
70
0
10
0.000000
20
0.000000
66
1
0
VERTEX
8
ShapeString
10
6385.913460
20
426.568900
70
0
0
VERTEX
8
ShapeString
10
6388.007026
20
427.503340
70
0
0
VERTEX
8
ShapeString
10
6389.817817
20
428.796003
70
0
0
VERTEX
8
ShapeString
10
6391.316939
20
430.389606
70
0
0
VERTEX
8
ShapeString
10
6392.475493
20
432.226869
70
0
0
VERTEX
8
ShapeString
10
6393.264585
20
434.250508
70
0
0
VERTEX
8
ShapeString
10
6393.655318
20
436.403242
70
0
0
VERTEX
8
ShapeString
10
6393.618796
20
438.627789
70
0
0
VERTEX
8
ShapeString
10
6393.126123
20
440.866867
70
0
0
VERTEX
8
ShapeString
10
6392.197191
20
442.962883
70
0
0
VERTEX
8
ShapeString
10
6390.909294
20
444.777067
70
0
0
VERTEX
8
ShapeString
10
6389.319637
20
446.280373
70
0
0
VERTEX
8
ShapeString
10
6387.485428
20
447.443755
70
0
0
VERTEX
8
ShapeString
10
6385.463870
20
448.238165
70
0
0
VERTEX
8
ShapeString
10
6383.312171
20
448.634557
70
0
0
VERTEX
8
ShapeString
10
6381.087536
20
448.603884
70
0
0
VERTEX
8
ShapeString
10
6378.847170
20
448.117100
70
0
0
VERTEX
8
ShapeString
10
6376.753604
20
447.182660
70
0
0
VERTEX
8
ShapeString
10
6374.942813
20
445.889997
70
0
0
VERTEX
8
ShapeString
10
6373.443691
20
444.296394
70
0
0
VERTEX
8
ShapeString
10
6372.285137
20
442.459131
70
0
0
VERTEX
8
ShapeString
10
6371.496045
20
440.435492
70
0
0
VERTEX
8
ShapeString
10
6371.105312
20
438.282758
70
0
0
VERTEX
8
ShapeString
10
6371.141834
20
436.058211
70
0
0
VERTEX
8
ShapeString
10
6371.634507
20
433.819133
70
0
0
VERTEX
8
ShapeString
10
6372.563439
20
431.723117
70
0
0
VERTEX
8
ShapeString
10
6373.851336
20
429.908933
70
0
0
VERTEX
8
ShapeString
10
6375.440993
20
428.405627
70
0
0
VERTEX
8
ShapeString
10
6377.275202
20
427.242245
70
0
0
VERTEX
8
ShapeString
10
6379.296760
20
426.447835
70
0
0
VERTEX
8
ShapeString
10
6381.448459
20
426.051443
70
0
0
VERTEX
8
ShapeString
10
6383.673094
20
426.082116
70
0
0
VERTEX
8
ShapeString
10
6385.913460
20
426.568900
70
0
0
VERTEX
8
ShapeString
10
6385.913460
20
426.568900
70
0
0
SEQEND
8
ShapeString
0
POLYLINE
8
ShapeString
62
7
70
0
10
0.000000
20
0.000000
66
1
0
VERTEX
8
ShapeString
10
8181.097200
20
585.635500
70
0
0
VERTEX
8
ShapeString
10
8183.189630
20
586.570575
70
0
0
VERTEX
8
ShapeString
10
8184.999339
20
587.863529
70
0
0
VERTEX
8
ShapeString
10
8186.497474
20
589.457127
70
0
0
VERTEX
8
ShapeString
10
8187.655178
20
591.294135
70
0
0
VERTEX
8
ShapeString
10
8188.443598
20
593.317319
70
0
0
VERTEX
8
ShapeString
10
8188.833878
20
595.469445
70
0
0
VERTEX
8
ShapeString
10
8188.797164
20
597.693277
70
0
0
VERTEX
8
ShapeString
10
8188.304600
20
599.931582
70
0
0
VERTEX
8
ShapeString
10
8187.376066
20
602.026922
70
0
0
VERTEX
8
ShapeString
10
8186.088771
20
603.840661
70
0
0
VERTEX
8
ShapeString
10
8184.499859
20
605.343766
70
0
0
VERTEX
8
ShapeString
10
8182.666476
20
606.507203
70
0
0
VERTEX
8
ShapeString
10
8180.645765
20
607.301938
70
0
0
VERTEX
8
ShapeString
10
8178.494869
20
607.698938
70
0
0
VERTEX
8
ShapeString
10
8176.270932
20
607.669170
70
0
0
VERTEX
8
ShapeString
10
8174.031100
20
607.183600
70
0
0
VERTEX
8
ShapeString
10
8171.938670
20
606.248525
70
0
0
VERTEX
8
ShapeString
10
8170.128961
20
604.955571
70
0
0
VERTEX
8
ShapeString
10
8168.630826
20
603.361973
70
0
0
VERTEX
8
ShapeString
10
8167.473122
20
601.524965
70
0
0
VERTEX
8
ShapeString
10
8166.684702
20
599.501781
70
0
0
VERTEX
8
ShapeString
10
8166.294422
20
597.349655
70
0
0
VERTEX
8
ShapeString
10
8166.331136
20
595.125823
70
0
0
VERTEX
8
ShapeString
10
8166.823700
20
592.887518
70
0
0
VERTEX
8
ShapeString
10
8167.752234
20
590.792178
70
0
0
VERTEX
8
ShapeString
10
8169.039529
20
588.978439
70
0
0
VERTEX
8
ShapeString
10
8170.628441
20
587.475334
70
0
0
VERTEX
8
ShapeString
10
8172.461824
20
586.311897
70
0
0
VERTEX
8
ShapeString
10
8174.482535
20
585.517162
70
0
0
VERTEX
8
ShapeString
10
8176.633431
20
585.120162
70
0
0
VERTEX
8
ShapeString
10
8178.857368
20
585.149930
70
0
0
VERTEX
8
ShapeString
10
8181.097200
20
585.635500
70
0
0
VERTEX
8
ShapeString
10
8181.097200
20
585.635500
70
0
0
SEQEND
8
ShapeString
0
POLYLINE
8
ShapeString
62
7
70
0
10
0.000000
20
0.000000
66
1
0
VERTEX
8
ShapeString
10
8244.371900
20
996.540300
70
0
0
VERTEX
8
ShapeString
10
8246.463414
20
997.475909
70
0
0
VERTEX
8
ShapeString
10
8248.272246
20
998.769119
70
0
0
VERTEX
8
ShapeString
10
8249.769576
20
1000.362733
70
0
0
VERTEX
8
ShapeString
10
8250.926582
20
1002.199555
70
0
0
VERTEX
8
ShapeString
10
8251.714443
20
1004.222388
70
0
0
VERTEX
8
ShapeString
10
8252.104338
20
1006.374035
70
0
0
VERTEX
8
ShapeString
10
8252.067445
20
1008.597300
70
0
0
VERTEX
8
ShapeString
10
8251.574943
20
1010.834986
70
0
0
VERTEX
8
ShapeString
10
8250.646702
20
1012.929780
70
0
0
VERTEX
8
ShapeString
10
8249.359867
20
1014.743153
70
0
0
VERTEX
8
ShapeString
10
8247.771533
20
1016.246083
70
0
0
VERTEX
8
ShapeString
10
8245.938795
20
1017.409547
70
0
0
VERTEX
8
ShapeString
10
8243.918748
20
1018.204523
70
0
0
VERTEX
8
ShapeString
10
8241.768486
20
1018.601989
70
0
0
VERTEX
8
ShapeString
10
8239.545105
20
1018.572922
70
0
0
VERTEX
8
ShapeString
10
8237.305700
20
1018.088300
70
0
0
VERTEX
8
ShapeString
10
8235.214186
20
1017.152691
70
0
0
VERTEX
8
ShapeString
10
8233.405354
20
1015.859481
70
0
0
VERTEX
8
ShapeString
10
8231.908024
20
1014.265867
70
0
0
VERTEX
8
ShapeString
10
8230.751018
20
1012.429045
70
0
0
VERTEX
8
ShapeString
10
8229.963157
20
1010.406212
70
0
0
VERTEX
8
ShapeString
10
8229.573262
20
1008.254565
70
0
0
VERTEX
8
ShapeString
10
8229.610155
20
1006.031300
70
0
0
VERTEX
8
ShapeString
10
8230.102657
20
1003.793614
70
0
0
VERTEX
8
ShapeString
10
8231.030898
20
1001.698820
70
0
0
VERTEX
8
ShapeString
10
8232.317733
20
999.885447
70
0
0
VERTEX
8
ShapeString
10
8233.906067
20
998.382517
70
0
0
VERTEX
8
ShapeString
10
8235.738805
20
997.219053
70
0
0
VERTEX
8
ShapeString
10
8237.758852
20
996.424077
70
0
0
VERTEX
8
ShapeString
10
8239.909114
20
996.026611
70
0
0
VERTEX
8
ShapeString
10
8242.132495
20
996.055678
70
0
0
VERTEX
8
ShapeString
10
8244.371900
20
996.540300
70
0
0
VERTEX
8
ShapeString
10
8244.371900
20
996.540300
70
0
0
SEQEND
8
ShapeString
0
POLYLINE
8
ShapeString
62
7
70
0
10
0.000000
20
0.000000
66
1
0
VERTEX
8
ShapeString
10
6354.578850
20
605.858900
70
0
0
VERTEX
8
ShapeString
10
6359.155394
20
607.494634
70
0
0
VERTEX
8
ShapeString
10
6363.595918
20
609.339918
70
0
0
VERTEX
8
ShapeString
10
6367.896643
20
611.387275
70
0
0
VERTEX
8
ShapeString
10
6372.053791
20
613.629229
70
0
0
VERTEX
8
ShapeString
10
6376.063583
20
616.058301
70
0
0
VERTEX
8
ShapeString
10
6379.922239
20
618.667015
70
0
0
VERTEX
8
ShapeString
10
6383.625980
20
621.447893
70
0
0
VERTEX
8
ShapeString
10
6387.171029
20
624.393459
70
0
0
VERTEX
8
ShapeString
10
6390.553604
20
627.496234
70
0
0
VERTEX
8
ShapeString
10
6393.769929
20
630.748742
70
0
0
VERTEX
8
ShapeString
10
6396.816223
20
634.143505
70
0
0
VERTEX
8
ShapeString
10
6399.688708
20
637.673047
70
0
0
VERTEX
8
ShapeString
10
6402.383605
20
641.329889
70
0
0
VERTEX
8
ShapeString
10
6404.897134
20
645.106556
70
0
0
VERTEX
8
ShapeString
10
6407.225517
20
648.995568
70
0
0
VERTEX
8
ShapeString
10
6409.364975
20
652.989450
70
0
0
VERTEX
8
ShapeString
10
6411.311729
20
657.080724
70
0
0
VERTEX
8
ShapeString
10
6413.062000
20
661.261913
70
0
0
VERTEX
8
ShapeString
10
6414.612009
20
665.525540
70
0
0
VERTEX
8
ShapeString
10
6415.957977
20
669.864127
70
0
0
VERTEX
8
ShapeString
10
6417.096125
20
674.270197
70
0
0
VERTEX
8
ShapeString
10
6418.022674
20
678.736273
70
0
0
VERTEX
8
ShapeString
10
6418.733845
20
683.254877
70
0
0
VERTEX
8
ShapeString
10
6419.225859
20
687.818533
70
0
0
VERTEX
8
ShapeString
10
6419.494937
20
692.419763
70
0
0
VERTEX
8
ShapeString
10
6419.537300
20
697.051090
70
0
0
VERTEX
8
ShapeString
10
6419.349170
20
701.705037
70
0
0
VERTEX
8
ShapeString
10
6418.926766
20
706.374127
70
0
0
VERTEX
8
ShapeString
10
6418.266311
20
711.050881
70
0
0
VERTEX
8
ShapeString
10
6417.364026
20
715.727824
70
0
0
VERTEX
8
ShapeString
10
6416.216130
20
720.397477
70
0
0
VERTEX
8
ShapeString
10
6414.818846
20
725.052365
70
0
0
VERTEX
8
ShapeString
10
6413.188265
20
729.630747
70
0
0
VERTEX
8
ShapeString
10
6411.347981
20
734.073345
70
0
0
VERTEX
8
ShapeString
10
6409.305466
20
738.376373
70
0
0
VERTEX
8
ShapeString
10
6407.068194
20
742.536042
70
0
0
VERTEX
8
ShapeString
10
6404.643637
20
746.548565
70
0
0
VERTEX
8
ShapeString
10
6402.039269
20
750.410155
70
0
0
VERTEX
8
ShapeString
10
6399.262562
20
754.117025
70
0
0
VERTEX
8
ShapeString
10
6396.320989
20
757.665387
70
0
0
VERTEX
8
ShapeString
10
6393.222023
20
761.051453
70
0
0
VERTEX
8
ShapeString
10
6389.973138
20
764.271437
70
0
0
VERTEX
8
ShapeString
10
6386.581806
20
767.321551
70
0
0
VERTEX
8
ShapeString
10
6383.055500
20
770.198007
70
0
0
VERTEX
8
ShapeString
10
6379.401694
20
772.897019
70
0
0
VERTEX
8
ShapeString
10
6375.627859
20
775.414798
70
0
0
VERTEX
8
ShapeString
10
6371.741470
20
777.747558
70
0
0
VERTEX
8
ShapeString
10
6367.749999
20
779.891511
70
0
0
VERTEX
8
ShapeString
10
6363.660919
20
781.842869
70
0
0
VERTEX
8
ShapeString
10
6359.481703
20
783.597846
70
0
0
VERTEX
8
ShapeString
10
6355.219824
20
785.152653
70
0
0
VERTEX
8
ShapeString
10
6350.882755
20
786.503504
70
0
0
VERTEX
8
ShapeString
10
6346.477969
20
787.646611
70
0
0
VERTEX
8
ShapeString
10
6342.012939
20
788.578187
70
0
0
VERTEX
8
ShapeString
10
6337.495138
20
789.294444
70
0
0
VERTEX
8
ShapeString
10
6332.932039
20
789.791595
70
0
0
VERTEX
8
ShapeString
10
6328.331115
20
790.065853
70
0
0
VERTEX
8
ShapeString
10
6323.699838
20
790.113430
70
0
0
VERTEX
8
ShapeString
10
6319.045682
20
789.930538
70
0
0
VERTEX
8
ShapeString
10
6314.376120
20
789.513391
70
0
0
VERTEX
8
ShapeString
10
6309.698625
20
788.858201
70
0
0
VERTEX
8
ShapeString
10
6305.020670
20
787.961181
70
0
0
VERTEX
8
ShapeString
10
6300.349727
20
786.818543
70
0
0
VERTEX
8
ShapeString
10
6295.693270
20
785.426500
70
0
0
VERTEX
8
ShapeString
10
6291.116726
20
783.790766
70
0
0
VERTEX
8
ShapeString
10
6286.676202
20
781.945482
70
0
0
VERTEX
8
ShapeString
10
6282.375477
20
779.898125
70
0
0
VERTEX
8
ShapeString
10
6278.218329
20
777.656171
70
0
0
VERTEX
8
ShapeString
10
6274.208537
20
775.227099
70
0
0
VERTEX
8
ShapeString
10
6270.349881
20
772.618385
70
0
0
VERTEX
8
ShapeString
10
6266.646140
20
769.837507
70
0
0
VERTEX
8
ShapeString
10
6263.101091
20
766.891941
70
0
0
VERTEX
8
ShapeString
10
6259.718516
20
763.789166
70
0
0
VERTEX
8
ShapeString
10
6256.502191
20
760.536658
70
0
0
VERTEX
8
ShapeString
10
6253.455897
20
757.141895
70
0
0
VERTEX
8
ShapeString
10
6250.583412
20
753.612353
70
0
0
VERTEX
8
ShapeString
10
6247.888515
20
749.955511
70
0
0
VERTEX
8
ShapeString
10
6245.374986
20
746.178844
70
0
0
VERTEX
8
ShapeString
10
6243.046603
20
742.289832
70
0
0
VERTEX
8
ShapeString
10
6240.907145
20
738.295950
70
0
0
VERTEX
8
ShapeString
10
6238.960391
20
734.204676
70
0
0
VERTEX
8
ShapeString
10
6237.210120
20
730.023487
70
0
0
VERTEX
8
ShapeString
10
6235.660111
20
725.759860
70
0
0
VERTEX
8
ShapeString
10
6234.314143
20
721.421273
70
0
0
VERTEX
8
ShapeString
10
6233.175995
20
717.015203
70
0
0
VERTEX
8
ShapeString
10
6232.249446
20
712.549127
70
0
0
VERTEX
8
ShapeString
10
6231.538275
20
708.030523
70
0
0
VERTEX
8
ShapeString
10
6231.046261
20
703.466867
70
0
0
VERTEX
8
ShapeString
10
6230.777183
20
698.865637
70
0
0
VERTEX
8
ShapeString
10
6230.734820
20
694.234310
70
0
0
VERTEX
8
ShapeString
10
6230.922950
20
689.580363
70
0
0
VERTEX
8
ShapeString
10
6231.345354
20
684.911273
70
0
0
VERTEX
8
ShapeString
10
6232.005809
20
680.234519
70
0
0
VERTEX
8
ShapeString
10
6232.908094
20
675.557576
70
0
0
VERTEX
8
ShapeString
10
6234.055990
20
670.887923
70
0
0
VERTEX
8
ShapeString
10
6235.453274
20
666.233035
70
0
0
VERTEX
8
ShapeString
10
6237.083855
20
661.654653
70
0
0
VERTEX
8
ShapeString
10
6238.924139
20
657.212055
70
0
0
VERTEX
8
ShapeString
10
6240.966654
20
652.909027
70
0
0
VERTEX
8
ShapeString
10
6243.203926
20
648.749358
70
0
0
VERTEX
8
ShapeString
10
6245.628483
20
644.736835
70
0
0
VERTEX
8
ShapeString
10
6248.232851
20
640.875245
70
0
0
VERTEX
8
ShapeString
10
6251.009558
20
637.168375
70
0
0
VERTEX
8
ShapeString
10
6253.951131
20
633.620013
70
0
0
VERTEX
8
ShapeString
10
6257.050097
20
630.233947
70
0
0
VERTEX
8
ShapeString
10
6260.298982
20
627.013963
70
0
0
VERTEX
8
ShapeString
10
6263.690314
20
623.963849
70
0
0
VERTEX
8
ShapeString
10
6267.216620
20
621.087393
70
0
0
VERTEX
8
ShapeString
10
6270.870426
20
618.388381
70
0
0
VERTEX
8
ShapeString
10
6274.644261
20
615.870602
70
0
0
VERTEX
8
ShapeString
10
6278.530650
20
613.537842
70
0
0
VERTEX
8
ShapeString
10
6282.522121
20
611.393889
70
0
0
VERTEX
8
ShapeString
10
6286.611201
20
609.442531
70
0
0
VERTEX
8
ShapeString
10
6290.790417
20
607.687554
70
0
0
VERTEX
8
ShapeString
10
6295.052296
20
606.132747
70
0
0
VERTEX
8
ShapeString
10
6299.389365
20
604.781896
70
0
0
VERTEX
8
ShapeString
10
6303.794151
20
603.638789
70
0
0
VERTEX
8
ShapeString
10
6308.259181
20
602.707213
70
0
0
VERTEX
8
ShapeString
10
6312.776982
20
601.990956
70
0
0
VERTEX
8
ShapeString
10
6317.340081
20
601.493805
70
0
0
VERTEX
8
ShapeString
10
6321.941005
20
601.219547
70
0
0
VERTEX
8
ShapeString
10
6326.572282
20
601.171970
70
0
0
VERTEX
8
ShapeString
10
6331.226438
20
601.354862
70
0
0
VERTEX
8
ShapeString
10
6335.896000
20
601.772009
70
0
0
VERTEX
8
ShapeString
10
6340.573495
20
602.427199
70
0
0
VERTEX
8
ShapeString
10
6345.251450
20
603.324219
70
0
0
VERTEX
8
ShapeString
10
6349.922393
20
604.466857
70
0
0
VERTEX
8
ShapeString
10
6354.578850
20
605.858900
70
0
0
VERTEX
8
ShapeString
10
6354.578850
20
605.858900
70
0
0
SEQEND
8
ShapeString
0
POLYLINE
8
ShapeString
62
7
70
0
10
0.000000
20
0.000000
66
1
0
VERTEX
8
ShapeString
10
8238.644100
20
712.077900
70
0
0
VERTEX
8
ShapeString
10
8243.222217
20
713.712539
70
0
0
VERTEX
8
ShapeString
10
8247.664307
20
715.556860
70
0
0
VERTEX
8
ShapeString
10
8251.966590
20
717.603380
70
0
0
VERTEX
8
ShapeString
10
8256.125281
20
719.844620
70
0
0
VERTEX
8
ShapeString
10
8260.136598
20
722.273097
70
0
0
VERTEX
8
ShapeString
10
8263.996759
20
724.881330
70
0
0
VERTEX
8
ShapeString
10
8267.701982
20
727.661838
70
0
0
VERTEX
8
ShapeString
10
8271.248483
20
730.607140
70
0
0
VERTEX
8
ShapeString
10
8274.632480
20
733.709754
70
0
0
VERTEX
8
ShapeString
10
8277.850191
20
736.962199
70
0
0
VERTEX
8
ShapeString
10
8280.897832
20
740.356994
70
0
0
VERTEX
8
ShapeString
10
8283.771623
20
743.886657
70
0
0
VERTEX
8
ShapeString
10
8286.467779
20
747.543708
70
0
0
VERTEX
8
ShapeString
10
8288.982518
20
751.320664
70
0
0
VERTEX
8
ShapeString
10
8291.312059
20
755.210045
70
0
0
VERTEX
8
ShapeString
10
8293.452617
20
759.204369
70
0
0
VERTEX
8
ShapeString
10
8295.400412
20
763.296155
70
0
0
VERTEX
8
ShapeString
10
8297.151659
20
767.477922
70
0
0
VERTEX
8
ShapeString
10
8298.702577
20
771.742189
70
0
0
VERTEX
8
ShapeString
10
8300.049383
20
776.081473
70
0
0
VERTEX
8
ShapeString
10
8301.188294
20
780.488294
70
0
0
VERTEX
8
ShapeString
10
8302.115529
20
784.955171
70
0
0
VERTEX
8
ShapeString
10
8302.827303
20
789.474622
70
0
0
VERTEX
8
ShapeString
10
8303.319836
20
794.039167
70
0
0
VERTEX
8
ShapeString
10
8303.589343
20
798.641322
70
0
0
VERTEX
8
ShapeString
10
8303.632044
20
803.273608
70
0
0
VERTEX
8
ShapeString
10
8303.444154
20
807.928544
70
0
0
VERTEX
8
ShapeString
10
8303.021892
20
812.598647
70
0
0
VERTEX
8
ShapeString
10
8302.361476
20
817.276436
70
0
0
VERTEX
8
ShapeString
10
8301.459121
20
821.954431
70
0
0
VERTEX
8
ShapeString
10
8300.311047
20
826.625150
70
0
0
VERTEX
8
ShapeString
10
8298.913470
20
831.281111
70
0
0
VERTEX
8
ShapeString
10
8297.282492
20
835.860534
70
0
0
VERTEX
8
ShapeString
10
8295.441725
20
840.304098
70
0
0
VERTEX
8
ShapeString
10
8293.398646
20
844.608016
70
0
0
VERTEX
8
ShapeString
10
8291.160734
20
848.768498
70
0
0
VERTEX
8
ShapeString
10
8288.735466
20
852.781756
70
0
0
VERTEX
8
ShapeString
10
8286.130321
20
856.644002
70
0
0
VERTEX
8
ShapeString
10
8283.352777
20
860.351447
70
0
0
VERTEX
8
ShapeString
10
8280.410313
20
863.900303
70
0
0
VERTEX
8
ShapeString
10
8277.310406
20
867.286781
70
0
0
VERTEX
8
ShapeString
10
8274.060536
20
870.507092
70
0
0
VERTEX
8
ShapeString
10
8270.668179
20
873.557448
70
0
0
VERTEX
8
ShapeString
10
8267.140816
20
876.434060
70
0
0
VERTEX
8
ShapeString
10
8263.485923
20
879.133140
70
0
0
VERTEX
8
ShapeString
10
8259.710979
20
881.650900
70
0
0
VERTEX
8
ShapeString
10
8255.823462
20
883.983550
70
0
0
VERTEX
8
ShapeString
10
8251.830851
20
886.127303
70
0
0
VERTEX
8
ShapeString
10
8247.740624
20
888.078369
70
0
0
VERTEX
8
ShapeString
10
8243.560259
20
889.832960
70
0
0
VERTEX
8
ShapeString
10
8239.297235
20
891.387288
70
0
0
VERTEX
8
ShapeString
10
8234.959029
20
892.737564
70
0
0
VERTEX
8
ShapeString
10
8230.553120
20
893.880000
70
0
0
VERTEX
8
ShapeString
10
8226.086986
20
894.810806
70
0
0
VERTEX
8
ShapeString
10
8221.568106
20
895.526196
70
0
0
VERTEX
8
ShapeString
10
8217.003957
20
896.022379
70
0
0
VERTEX
8
ShapeString
10
8212.402018
20
896.295567
70
0
0
VERTEX
8
ShapeString
10
8207.769768
20
896.341972
70
0
0
VERTEX
8
ShapeString
10
8203.114684
20
896.157806
70
0
0
VERTEX
8
ShapeString
10
8198.444244
20
895.739279
70
0
0
VERTEX
8
ShapeString
10
8193.765928
20
895.082604
70
0
0
VERTEX
8
ShapeString
10
8189.087213
20
894.183991
70
0
0
VERTEX
8
ShapeString
10
8184.415578
20
893.039653
70
0
0
VERTEX
8
ShapeString
10
8179.758500
20
891.645800
70
0
0
VERTEX
8
ShapeString
10
8175.180383
20
890.011161
70
0
0
VERTEX
8
ShapeString
10
8170.738293
20
888.166840
70
0
0
VERTEX
8
ShapeString
10
8166.436010
20
886.120320
70
0
0
VERTEX
8
ShapeString
10
8162.277319
20
883.879080
70
0
0
VERTEX
8
ShapeString
10
8158.266002
20
881.450603
70
0
0
VERTEX
8
ShapeString
10
8154.405841
20
878.842370
70
0
0
VERTEX
8
ShapeString
10
8150.700618
20
876.061862
70
0
0
VERTEX
8
ShapeString
10
8147.154117
20
873.116560
70
0
0
VERTEX
8
ShapeString
10
8143.770120
20
870.013946
70
0
0
VERTEX
8
ShapeString
10
8140.552409
20
866.761501
70
0
0
VERTEX
8
ShapeString
10
8137.504768
20
863.366706
70
0
0
VERTEX
8
ShapeString
10
8134.630977
20
859.837043
70
0
0
VERTEX
8
ShapeString
10
8131.934821
20
856.179992
70
0
0
VERTEX
8
ShapeString
10
8129.420082
20
852.403036
70
0
0
VERTEX
8
ShapeString
10
8127.090541
20
848.513655
70
0
0
VERTEX
8
ShapeString
10
8124.949983
20
844.519331
70
0
0
VERTEX
8
ShapeString
10
8123.002188
20
840.427545
70
0
0
VERTEX
8
ShapeString
10
8121.250941
20
836.245778
70
0
0
VERTEX
8
ShapeString
10
8119.700023
20
831.981511
70
0
0
VERTEX
8
ShapeString
10
8118.353217
20
827.642227
70
0
0
VERTEX
8
ShapeString
10
8117.214306
20
823.235406
70
0
0
VERTEX
8
ShapeString
10
8116.287071
20
818.768529
70
0
0
VERTEX
8
ShapeString
10
8115.575297
20
814.249078
70
0
0
VERTEX
8
ShapeString
10
8115.082764
20
809.684533
70
0
0
VERTEX
8
ShapeString
10
8114.813257
20
805.082378
70
0
0
VERTEX
8
ShapeString
10
8114.770556
20
800.450092
70
0
0
VERTEX
8
ShapeString
10
8114.958446
20
795.795156
70
0
0
VERTEX
8
ShapeString
10
8115.380708
20
791.125053
70
0
0
VERTEX
8
ShapeString
10
8116.041124
20
786.447264
70
0
0
VERTEX
8
ShapeString
10
8116.943479
20
781.769269
70
0
0
VERTEX
8
ShapeString
10
8118.091553
20
777.098550
70
0
0
VERTEX
8
ShapeString
10
8119.489130
20
772.442589
70
0
0
VERTEX
8
ShapeString
10
8121.120108
20
767.863166
70
0
0
VERTEX
8
ShapeString
10
8122.960875
20
763.419602
70
0
0
VERTEX
8
ShapeString
10
8125.003954
20
759.115684
70
0
0
VERTEX
8
ShapeString
10
8127.241866
20
754.955202
70
0
0
VERTEX
8
ShapeString
10
8129.667134
20
750.941944
70
0
0
VERTEX
8
ShapeString
10
8132.272279
20
747.079698
70
0
0
VERTEX
8
ShapeString
10
8135.049823
20
743.372253
70
0
0
VERTEX
8
ShapeString
10
8137.992287
20
739.823397
70
0
0
VERTEX
8
ShapeString
10
8141.092194
20
736.436919
70
0
0
VERTEX
8
ShapeString
10
8144.342064
20
733.216608
70
0
0
VERTEX
8
ShapeString
10
8147.734421
20
730.166252
70
0
0
VERTEX
8
ShapeString
10
8151.261784
20
727.289640
70
0
0
VERTEX
8
ShapeString
10
8154.916677
20
724.590560
70
0
0
VERTEX
8
ShapeString
10
8158.691621
20
722.072800
70
0
0
VERTEX
8
ShapeString
10
8162.579138
20
719.740150
70
0
0
VERTEX
8
ShapeString
10
8166.571749
20
717.596397
70
0
0
VERTEX
8
ShapeString
10
8170.661976
20
715.645331
70
0
0
VERTEX
8
ShapeString
10
8174.842341
20
713.890740
70
0
0
VERTEX
8
ShapeString
10
8179.105365
20
712.336412
70
0
0
VERTEX
8
ShapeString
10
8183.443571
20
710.986136
70
0
0
VERTEX
8
ShapeString
10
8187.849480
20
709.843700
70
0
0
VERTEX
8
ShapeString
10
8192.315614
20
708.912894
70
0
0
VERTEX
8
ShapeString
10
8196.834494
20
708.197504
70
0
0
VERTEX
8
ShapeString
10
8201.398643
20
707.701321
70
0
0
VERTEX
8
ShapeString
10
8206.000582
20
707.428133
70
0
0
VERTEX
8
ShapeString
10
8210.632832
20
707.381728
70
0
0
VERTEX
8
ShapeString
10
8215.287916
20
707.565894
70
0
0
VERTEX
8
ShapeString
10
8219.958356
20
707.984421
70
0
0
VERTEX
8
ShapeString
10
8224.636672
20
708.641096
70
0
0
VERTEX
8
ShapeString
10
8229.315387
20
709.539709
70
0
0
VERTEX
8
ShapeString
10
8233.987022
20
710.684047
70
0
0
VERTEX
8
ShapeString
10
8238.644100
20
712.077900
70
0
0
VERTEX
8
ShapeString
10
8238.644100
20
712.077900
70
0
0
SEQEND
8
ShapeString
0
POLYLINE
8
ShapeString
62
7
70
0
10
0.000000
20
0.000000
66
1
0
VERTEX
8
ShapeString
10
5284.522780
20
274.247500
70
0
0
VERTEX
8
ShapeString
10
5286.719771
20
281.573530
70
0
0
VERTEX
8
ShapeString
10
5288.608692
20
288.934120
70
0
0
VERTEX
8
ShapeString
10
5290.192221
20
296.321108
70
0
0
VERTEX
8
ShapeString
10
5291.473033
20
303.726332
70
0
0
VERTEX
8
ShapeString
10
5292.453805
20
311.141631
70
0
0
VERTEX
8
ShapeString
10
5293.137213
20
318.558844
70
0
0
VERTEX
8
ShapeString
10
5293.525933
20
325.969810
70
0
0
VERTEX
8
ShapeString
10
5293.622643
20
333.366367
70
0
0
VERTEX
8
ShapeString
10
5293.430017
20
340.740354
70
0
0
VERTEX
8
ShapeString
10
5292.950733
20
348.083610
70
0
0
VERTEX
8
ShapeString
10
5292.187467
20
355.387974
70
0
0
VERTEX
8
ShapeString
10
5291.142895
20
362.645284
70
0
0
VERTEX
8
ShapeString
10
5289.819693
20
369.847379
70
0
0
VERTEX
8
ShapeString
10
5288.220538
20
376.986097
70
0
0
VERTEX
8
ShapeString
10
5286.348107
20
384.053278
70
0
0
VERTEX
8
ShapeString
10
5284.205074
20
391.040759
70
0
0
VERTEX
8
ShapeString
10
5281.794118
20
397.940381
70
0
0
VERTEX
8
ShapeString
10
5279.117913
20
404.743981
70
0
0
VERTEX
8
ShapeString
10
5276.179137
20
411.443398
70
0
0
VERTEX
8
ShapeString
10
5272.980466
20
418.030471
70
0
0
VERTEX
8
ShapeString
10
5269.524575
20
424.497039
70
0
0
VERTEX
8
ShapeString
10
5265.814142
20
430.834940
70
0
0
VERTEX
8
ShapeString
10
5261.851843
20
437.036013
70
0
0
VERTEX
8
ShapeString
10
5257.640354
20
443.092097
70
0
0
VERTEX
8
ShapeString
10
5253.182351
20
448.995031
70
0
0
VERTEX
8
ShapeString
10
5248.480511
20
454.736652
70
0
0
VERTEX
8
ShapeString
10
5243.537509
20
460.308800
70
0
0
VERTEX
8
ShapeString
10
5238.356023
20
465.703314
70
0
0
VERTEX
8
ShapeString
10
5232.938729
20
470.912032
70
0
0
VERTEX
8
ShapeString
10
5227.288303
20
475.926794
70
0
0
VERTEX
8
ShapeString
10
5221.407421
20
480.739437
70
0
0
VERTEX
8
ShapeString
10
5215.298760
20
485.341800
70
0
0
SEQEND
8
ShapeString
0
POLYLINE
8
ShapeString
62
7
70
0
10
0.000000
20
0.000000
66
1
0
VERTEX
8
ShapeString
10
5284.523130
20
274.244600
70
0
0
VERTEX
8
ShapeString
10
6021.524510
20
36.994200
70
0
0
SEQEND
8
ShapeString
0
POLYLINE
8
ShapeString
62
7
70
0
10
0.000000
20
0.000000
66
1
0
VERTEX
8
ShapeString
10
6390.558030
20
400.443000
70
0
0
VERTEX
8
ShapeString
10
6382.033028
20
398.473754
70
0
0
VERTEX
8
ShapeString
10
6373.566777
20
396.358345
70
0
0
VERTEX
8
ShapeString
10
6365.160671
20
394.098146
70
0
0
VERTEX
8
ShapeString
10
6356.816107
20
391.694532
70
0
0
VERTEX
8
ShapeString
10
6348.534480
20
389.148876
70
0
0
VERTEX
8
ShapeString
10
6340.317183
20
386.462553
70
0
0
VERTEX
8
ShapeString
10
6332.165614
20
383.636936
70
0
0
VERTEX
8
ShapeString
10
6324.081166
20
380.673400
70
0
0
VERTEX
8
ShapeString
10
6316.065236
20
377.573319
70
0
0
VERTEX
8
ShapeString
10
6308.119217
20
374.338067
70
0
0
VERTEX
8
ShapeString
10
6300.244506
20
370.969018
70
0
0
VERTEX
8
ShapeString
10
6292.442498
20
367.467546
70
0
0
VERTEX
8
ShapeString
10
6277.062169
20
360.072829
70
0
0
VERTEX
8
ShapeString
10
6261.989392
20
352.164909
70
0
0
VERTEX
8
ShapeString
10
6247.235329
20
343.754778
70
0
0
VERTEX
8
ShapeString
10
6232.811141
20
334.853430
70
0
0
VERTEX
8
ShapeString
10
6218.727990
20
325.471855
70
0
0
VERTEX
8
ShapeString
10
6204.997035
20
315.621048
70
0
0
VERTEX
8
ShapeString
10
6191.629440
20
305.312001
70
0
0
VERTEX
8
ShapeString
10
6178.636365
20
294.555706
70
0
0
VERTEX
8
ShapeString
10
6166.028972
20
283.363155
70
0
0
VERTEX
8
ShapeString
10
6153.818422
20
271.745341
70
0
0
VERTEX
8
ShapeString
10
6142.015876
20
259.713258
70
0
0
VERTEX
8
ShapeString
10
6130.632496
20
247.277896
70
0
0
VERTEX
8
ShapeString
10
6119.679444
20
234.450250
70
0
0
VERTEX
8
ShapeString
10
6109.167879
20
221.241311
70
0
0
VERTEX
8
ShapeString
10
6099.108965
20
207.662071
70
0
0
VERTEX
8
ShapeString
10
6089.513861
20
193.723525
70
0
0
VERTEX
8
ShapeString
10
6080.393730
20
179.436663
70
0
0
VERTEX
8
ShapeString
10
6071.759733
20
164.812478
70
0
0
VERTEX
8
ShapeString
10
6063.623032
20
149.861964
70
0
0
VERTEX
8
ShapeString
10
6055.994786
20
134.596113
70
0
0
VERTEX
8
ShapeString
10
6052.374823
20
126.848370
70
0
0
VERTEX
8
ShapeString
10
6048.886159
20
119.025916
70
0
0
VERTEX
8
ShapeString
10
6045.530190
20
111.130124
70
0
0
VERTEX
8
ShapeString
10
6042.308311
20
103.162367
70
0
0
VERTEX
8
ShapeString
10
6039.221918
20
95.124021
70
0
0
VERTEX
8
ShapeString
10
6036.272404
20
87.016459
70
0
0
VERTEX
8
ShapeString
10
6033.461166
20
78.841055
70
0
0
VERTEX
8
ShapeString
10
6030.789599
20
70.599183
70
0
0
VERTEX
8
ShapeString
10
6028.259097
20
62.292218
70
0
0
VERTEX
8
ShapeString
10
6025.871057
20
53.921533
70
0
0
VERTEX
8
ShapeString
10
6023.626873
20
45.488502
70
0
0
VERTEX
8
ShapeString
10
6021.527940
20
36.994500
70
0
0
SEQEND
8
ShapeString
0
POLYLINE
8
ShapeString
62
7
70
0
10
0.000000
20
0.000000
66
1
0
VERTEX
8
ShapeString
10
8887.810100
20
349.242400
70
0
0
VERTEX
8
ShapeString
10
8850.566047
20
365.245753
70
0
0
VERTEX
8
ShapeString
10
8813.172728
20
380.768365
70
0
0
VERTEX
8
ShapeString
10
8775.634638
20
395.810143
70
0
0
VERTEX
8
ShapeString
10
8737.956273
20
410.370997
70
0
0
VERTEX
8
ShapeString
10
8700.142127
20
424.450832
70
0
0
VERTEX
8
ShapeString
10
8662.196695
20
438.049558
70
0
0
VERTEX
8
ShapeString
10
8624.124474
20
451.167082
70
0
0
VERTEX
8
ShapeString
10
8585.929958
20
463.803312
70
0
0
VERTEX
8
ShapeString
10
8547.617642
20
475.958155
70
0
0
VERTEX
8
ShapeString
10
8509.192021
20
487.631520
70
0
0
VERTEX
8
ShapeString
10
8470.657592
20
498.823315
70
0
0
VERTEX
8
ShapeString
10
8432.018848
20
509.533446
70
0
0
VERTEX
8
ShapeString
10
8393.280285
20
519.761823
70
0
0
VERTEX
8
ShapeString
10
8354.446398
20
529.508353
70
0
0
VERTEX
8
ShapeString
10
8315.521683
20
538.772944
70
0
0
VERTEX
8
ShapeString
10
8276.510635
20
547.555503
70
0
0
VERTEX
8
ShapeString
10
8237.417748
20
555.855938
70
0
0
VERTEX
8
ShapeString
10
8198.247519
20
563.674158
70
0
0
VERTEX
8
ShapeString
10
8159.004441
20
571.010070
70
0
0
VERTEX
8
ShapeString
10
8119.693011
20
577.863582
70
0
0
VERTEX
8
ShapeString
10
8080.317724
20
584.234602
70
0
0
VERTEX
8
ShapeString
10
8040.883074
20
590.123037
70
0
0
VERTEX
8
ShapeString
10
8001.393558
20
595.528796
70
0
0
VERTEX
8
ShapeString
10
7961.853669
20
600.451786
70
0
0
VERTEX
8
ShapeString
10
7922.267904
20
604.891915
70
0
0
VERTEX
8
ShapeString
10
7882.640758
20
608.849091
70
0
0
VERTEX
8
ShapeString
10
7842.976725
20
612.323222
70
0
0
VERTEX
8
ShapeString
10
7803.280301
20
615.314215
70
0
0
VERTEX
8
ShapeString
10
7763.555981
20
617.821979
70
0
0
VERTEX
8
ShapeString
10
7723.808261
20
619.846422
70
0
0
VERTEX
8
ShapeString
10
7684.041635
20
621.387450
70
0
0
VERTEX
8
ShapeString
10
7644.260599
20
622.444973
70
0
0
VERTEX
8
ShapeString
10
7604.469648
20
623.018897
70
0
0
VERTEX
8
ShapeString
10
7564.673276
20
623.109131
70
0
0
VERTEX
8
ShapeString
10
7524.875981
20
622.715582
70
0
0
VERTEX
8
ShapeString
10
7485.082255
20
621.838159
70
0
0
VERTEX
8
ShapeString
10
7445.296595
20
620.476768
70
0
0
VERTEX
8
ShapeString
10
7405.523496
20
618.631319
70
0
0
VERTEX
8
ShapeString
10
7365.767454
20
616.301719
70
0
0
VERTEX
8
ShapeString
10
7326.032962
20
613.487875
70
0
0
VERTEX
8
ShapeString
10
7286.324517
20
610.189696
70
0
0
VERTEX
8
ShapeString
10
7246.646613
20
606.407089
70
0
0
VERTEX
8
ShapeString
10
7207.003746
20
602.139963
70
0
0
VERTEX
8
ShapeString
10
7167.400411
20
597.388224
70
0
0
VERTEX
8
ShapeString
10
7127.841104
20
592.151781
70
0
0
VERTEX
8
ShapeString
10
7088.330319
20
586.430542
70
0
0
VERTEX
8
ShapeString
10
7048.872551
20
580.224414
70
0
0
VERTEX
8
ShapeString
10
7009.472296
20
573.533306
70
0
0
VERTEX
8
ShapeString
10
6970.134049
20
566.357125
70
0
0
VERTEX
8
ShapeString
10
6930.862305
20
558.695779
70
0
0
VERTEX
8
ShapeString
10
6891.661560
20
550.549176
70
0
0
VERTEX
8
ShapeString
10
6852.536308
20
541.917223
70
0
0
VERTEX
8
ShapeString
10
6813.491045
20
532.799829
70
0
0
VERTEX
8
ShapeString
10
6774.530265
20
523.196902
70
0
0
VERTEX
8
ShapeString
10
6735.658465
20
513.108348
70
0
0
VERTEX
8
ShapeString
10
6696.880139
20
502.534077
70
0
0
VERTEX
8
ShapeString
10
6658.199783
20
491.473995
70
0
0
VERTEX
8
ShapeString
10
6619.621891
20
479.928012
70
0
0
VERTEX
8
ShapeString
10
6581.150959
20
467.896034
70
0
0
VERTEX
8
ShapeString
10
6542.791483
20
455.377969
70
0
0
VERTEX
8
ShapeString
10
6504.547956
20
442.373725
70
0
0
VERTEX
8
ShapeString
10
6466.424875
20
428.883211
70
0
0
VERTEX
8
ShapeString
10
6428.426735
20
414.906333
70
0
0
VERTEX
8
ShapeString
10
6390.558030
20
400.443000
70
0
0
SEQEND
8
ShapeString
0
POLYLINE
8
ShapeString
62
7
70
0
10
0.000000
20
0.000000
66
1
0
VERTEX
8
ShapeString
10
5370.205550
20
593.752100
70
0
0
VERTEX
8
ShapeString
10
5372.298721
20
594.686751
70
0
0
VERTEX
8
ShapeString
10
5374.109137
20
595.979507
70
0
0
VERTEX
8
ShapeString
10
5375.607917
20
597.573101
70
0
0
VERTEX
8
ShapeString
10
5376.766179
20
599.410268
70
0
0
VERTEX
8
ShapeString
10
5377.555041
20
601.433743
70
0
0
VERTEX
8
ShapeString
10
5377.945620
20
603.586261
70
0
0
VERTEX
8
ShapeString
10
5377.909035
20
605.810555
70
0
0
VERTEX
8
ShapeString
10
5377.416405
20
608.049361
70
0
0
VERTEX
8
ShapeString
10
5376.487615
20
610.145139
70
0
0
VERTEX
8
ShapeString
10
5375.199931
20
611.959167
70
0
0
VERTEX
8
ShapeString
10
5373.610538
20
613.462401
70
0
0
VERTEX
8
ShapeString
10
5371.776619
20
614.625799
70
0
0
VERTEX
8
ShapeString
10
5369.755360
20
615.420321
70
0
0
VERTEX
8
ShapeString
10
5367.603944
20
615.816923
70
0
0
VERTEX
8
ShapeString
10
5365.379556
20
615.786563
70
0
0
VERTEX
8
ShapeString
10
5363.139380
20
615.300200
70
0
0
VERTEX
8
ShapeString
10
5361.046209
20
614.365549
70
0
0
VERTEX
8
ShapeString
10
5359.235793
20
613.072793
70
0
0
VERTEX
8
ShapeString
10
5357.737013
20
611.479199
70
0
0
VERTEX
8
ShapeString
10
5356.578751
20
609.642032
70
0
0
VERTEX
8
ShapeString
10
5355.789889
20
607.618557
70
0
0
VERTEX
8
ShapeString
10
5355.399310
20
605.466039
70
0
0
VERTEX
8
ShapeString
10
5355.435895
20
603.241745
70
0
0
VERTEX
8
ShapeString
10
5355.928525
20
601.002939
70
0
0
VERTEX
8
ShapeString
10
5356.857315
20
598.907161
70
0
0
VERTEX
8
ShapeString
10
5358.144999
20
597.093133
70
0
0
VERTEX
8
ShapeString
10
5359.734392
20
595.589899
70
0
0
VERTEX
8
ShapeString
10
5361.568311
20
594.426501
70
0
0
VERTEX
8
ShapeString
10
5363.589570
20
593.631979
70
0
0
VERTEX
8
ShapeString
10
5365.740986
20
593.235377
70
0
0
VERTEX
8
ShapeString
10
5367.965374
20
593.265737
70
0
0
VERTEX
8
ShapeString
10
5370.205550
20
593.752100
70
0
0
VERTEX
8
ShapeString
10
5370.205550
20
593.752100
70
0
0
SEQEND
8
ShapeString
0
POLYLINE
8
ShapeString
62
7
70
0
10
0.000000
20
0.000000
66
1
0
VERTEX
8
ShapeString
10
5968.510540
20
921.366600
70
0
0
VERTEX
8
ShapeString
10
5970.605680
20
922.300126
70
0
0
VERTEX
8
ShapeString
10
5972.417974
20
923.592355
70
0
0
VERTEX
8
ShapeString
10
5973.918470
20
925.185939
70
0
0
VERTEX
8
ShapeString
10
5975.078212
20
927.023530
70
0
0
VERTEX
8
ShapeString
10
5975.868247
20
929.047780
70
0
0
VERTEX
8
ShapeString
10
5976.259621
20
931.201341
70
0
0
VERTEX
8
ShapeString
10
5976.223380
20
933.426864
70
0
0
VERTEX
8
ShapeString
10
5975.730570
20
935.667002
70
0
0
VERTEX
8
ShapeString
10
5974.801101
20
937.763945
70
0
0
VERTEX
8
ShapeString
10
5973.512382
20
939.578738
70
0
0
VERTEX
8
ShapeString
10
5971.921706
20
941.082315
70
0
0
VERTEX
8
ShapeString
10
5970.086363
20
942.245612
70
0
0
VERTEX
8
ShapeString
10
5968.063646
20
943.039564
70
0
0
VERTEX
8
ShapeString
10
5965.910847
20
943.435106
70
0
0
VERTEX
8
ShapeString
10
5963.685258
20
943.403173
70
0
0
VERTEX
8
ShapeString
10
5961.444170
20
942.914700
70
0
0
VERTEX
8
ShapeString
10
5959.349030
20
941.981174
70
0
0
VERTEX
8
ShapeString
10
5957.536736
20
940.688945
70
0
0
VERTEX
8
ShapeString
10
5956.036240
20
939.095361
70
0
0
VERTEX
8
ShapeString
10
5954.876498
20
937.257770
70
0
0
VERTEX
8
ShapeString
10
5954.086463
20
935.233520
70
0
0
VERTEX
8
ShapeString
10
5953.695089
20
933.079959
70
0
0
VERTEX
8
ShapeString
10
5953.731330
20
930.854436
70
0
0
VERTEX
8
ShapeString
10
5954.224140
20
928.614298
70
0
0
VERTEX
8
ShapeString
10
5955.153609
20
926.517355
70
0
0
VERTEX
8
ShapeString
10
5956.442328
20
924.702562
70
0
0
VERTEX
8
ShapeString
10
5958.033004
20
923.198985
70
0
0
VERTEX
8
ShapeString
10
5959.868347
20
922.035688
70
0
0
VERTEX
8
ShapeString
10
5961.891064
20
921.241736
70
0
0
VERTEX
8
ShapeString
10
5964.043863
20
920.846194
70
0
0
VERTEX
8
ShapeString
10
5966.269452
20
920.878127
70
0
0
VERTEX
8
ShapeString
10
5968.510540
20
921.366600
70
0
0
VERTEX
8
ShapeString
10
5968.510540
20
921.366600
70
0
0
SEQEND
8
ShapeString
0
POLYLINE
8
ShapeString
62
7
70
0
10
0.000000
20
0.000000
66
1
0
VERTEX
8
ShapeString
10
6271.425210
20
943.168600
70
0
0
VERTEX
8
ShapeString
10
6273.515879
20
944.104690
70
0
0
VERTEX
8
ShapeString
10
6275.323905
20
945.398124
70
0
0
VERTEX
8
ShapeString
10
6276.820500
20
946.991741
70
0
0
VERTEX
8
ShapeString
10
6277.976871
20
948.828380
70
0
0
VERTEX
8
ShapeString
10
6278.764230
20
950.850880
70
0
0
VERTEX
8
ShapeString
10
6279.153785
20
953.002079
70
0
0
VERTEX
8
ShapeString
10
6279.116746
20
955.224816
70
0
0
VERTEX
8
ShapeString
10
6278.624323
20
957.461931
70
0
0
VERTEX
8
ShapeString
10
6277.696374
20
959.556226
70
0
0
VERTEX
8
ShapeString
10
6276.409984
20
961.369271
70
0
0
VERTEX
8
ShapeString
10
6274.822202
20
962.872054
70
0
0
VERTEX
8
ShapeString
10
6272.990076
20
964.035563
70
0
0
VERTEX
8
ShapeString
10
6270.970655
20
964.830784
70
0
0
VERTEX
8
ShapeString
10
6268.820988
20
965.228706
70
0
0
VERTEX
8
ShapeString
10
6266.598123
20
965.200315
70
0
0
VERTEX
8
ShapeString
10
6264.359110
20
964.716600
70
0
0
VERTEX
8
ShapeString
10
6262.268441
20
963.780510
70
0
0
VERTEX
8
ShapeString
10
6260.460415
20
962.487076
70
0
0
VERTEX
8
ShapeString
10
6258.963820
20
960.893459
70
0
0
VERTEX
8
ShapeString
10
6257.807449
20
959.056820
70
0
0
VERTEX
8
ShapeString
10
6257.020090
20
957.034320
70
0
0
VERTEX
8
ShapeString
10
6256.630535
20
954.883121
70
0
0
VERTEX
8
ShapeString
10
6256.667574
20
952.660384
70
0
0
VERTEX
8
ShapeString
10
6257.159997
20
950.423269
70
0
0
VERTEX
8
ShapeString
10
6258.087946
20
948.328974
70
0
0
VERTEX
8
ShapeString
10
6259.374336
20
946.515929
70
0
0
VERTEX
8
ShapeString
10
6260.962118
20
945.013146
70
0
0
VERTEX
8
ShapeString
10
6262.794244
20
943.849637
70
0
0
VERTEX
8
ShapeString
10
6264.813665
20
943.054416
70
0
0
VERTEX
8
ShapeString
10
6266.963332
20
942.656494
70
0
0
VERTEX
8
ShapeString
10
6269.186197
20
942.684885
70
0
0
VERTEX
8
ShapeString
10
6271.425210
20
943.168600
70
0
0
VERTEX
8
ShapeString
10
6271.425210
20
943.168600
70
0
0
SEQEND
8
ShapeString
0
POLYLINE
8
ShapeString
62
7
70
0
10
0.000000
20
0.000000
66
1
0
VERTEX
8
ShapeString
10
9072.134400
20
771.007800
70
0
0
VERTEX
8
ShapeString
10
8887.810400
20
349.243300
70
0
0
SEQEND
8
ShapeString
0
POLYLINE
8
ShapeString
62
7
70
0
10
0.000000
20
0.000000
66
1
0
VERTEX
8
ShapeString
10
5668.686720
20
1112.960400
70
0
0
VERTEX
8
ShapeString
10
5684.804290
20
1101.641283
70
0
0
VERTEX
8
ShapeString
10
5701.172826
20
1090.785726
70
0
0
VERTEX
8
ShapeString
10
5717.782405
20
1080.395777
70
0
0
VERTEX
8
ShapeString
10
5734.623106
20
1070.473488
70
0
0
VERTEX
8
ShapeString
10
5751.685007
20
1061.020909
70
0
0
VERTEX
8
ShapeString
10
5768.958184
20
1052.040089
70
0
0
VERTEX
8
ShapeString
10
5786.432717
20
1043.533079
70
0
0
VERTEX
8
ShapeString
10
5804.098683
20
1035.501928
70
0
0
VERTEX
8
ShapeString
10
5821.946161
20
1027.948688
70
0
0
VERTEX
8
ShapeString
10
5839.965227
20
1020.875407
70
0
0
VERTEX
8
ShapeString
10
5858.145959
20
1014.284136
70
0
0
VERTEX
8
ShapeString
10
5876.478437
20
1008.176926
70
0
0
VERTEX
8
ShapeString
10
5894.952737
20
1002.555825
70
0
0
VERTEX
8
ShapeString
10
5913.558938
20
997.422885
70
0
0
VERTEX
8
ShapeString
10
5932.287117
20
992.780156
70
0
0
VERTEX
8
ShapeString
10
5951.127353
20
988.629687
70
0
0
VERTEX
8
ShapeString
10
5970.069723
20
984.973529
70
0
0
VERTEX
8
ShapeString
10
5989.104305
20
981.813731
70
0
0
VERTEX
8
ShapeString
10
6008.221177
20
979.152345
70
0
0
VERTEX
8
ShapeString
10
6027.410417
20
976.991419
70
0
0
VERTEX
8
ShapeString
10
6046.662104
20
975.333004
70
0
0
VERTEX
8
ShapeString
10
6065.966313
20
974.179151
70
0
0
VERTEX
8
ShapeString
10
6085.313125
20
973.531908
70
0
0
VERTEX
8
ShapeString
10
6104.692616
20
973.393327
70
0
0
VERTEX
8
ShapeString
10
6124.094865
20
973.765458
70
0
0
VERTEX
8
ShapeString
10
6143.509949
20
974.650350
70
0
0
VERTEX
8
ShapeString
10
6162.927946
20
976.050053
70
0
0
VERTEX
8
ShapeString
10
6182.338935
20
977.966619
70
0
0
VERTEX
8
ShapeString
10
6201.732993
20
980.402096
70
0
0
VERTEX
8
ShapeString
10
6221.100198
20
983.358535
70
0
0
VERTEX
8
ShapeString
10
6240.430627
20
986.837987
70
0
0
VERTEX
8
ShapeString
10
6259.714360
20
990.842500
70
0
0
SEQEND
8
ShapeString
0
POLYLINE
8
ShapeString
62
7
70
0
10
0.000000
20
0.000000
66
1
0
VERTEX
8
ShapeString
10
5215.297480
20
485.343700
70
0
0
VERTEX
8
ShapeString
10
5668.684110
20
1112.957700
70
0
0
SEQEND
8
ShapeString
0
POLYLINE
8
ShapeString
62
7
70
0
10
0.000000
20
0.000000
66
1
0
VERTEX
8
ShapeString
10
9072.135100
20
771.004300
70
0
0
VERTEX
8
ShapeString
10
9030.497870
20
788.832015
70
0
0
VERTEX
8
ShapeString
10
8988.712827
20
806.208647
70
0
0
VERTEX
8
ShapeString
10
8946.783580
20
823.133913
70
0
0
VERTEX
8
ShapeString
10
8904.713737
20
839.607533
70
0
0
VERTEX
8
ShapeString
10
8862.506908
20
855.629224
70
0
0
VERTEX
8
ShapeString
10
8820.166701
20
871.198704
70
0
0
VERTEX
8
ShapeString
10
8777.696724
20
886.315691
70
0
0
VERTEX
8
ShapeString
10
8735.100586
20
900.979902
70
0
0
VERTEX
8
ShapeString
10
8692.381897
20
915.191056
70
0
0
VERTEX
8
ShapeString
10
8649.544264
20
928.948871
70
0
0
VERTEX
8
ShapeString
10
8606.591296
20
942.253064
70
0
0
VERTEX
8
ShapeString
10
8563.526603
20
955.103353
70
0
0
VERTEX
8
ShapeString
10
8520.353792
20
967.499457
70
0
0
VERTEX
8
ShapeString
10
8477.076473
20
979.441093
70
0
0
VERTEX
8
ShapeString
10
8433.698254
20
990.927979
70
0
0
VERTEX
8
ShapeString
10
8390.222744
20
1001.959833
70
0
0
VERTEX
8
ShapeString
10
8346.653551
20
1012.536373
70
0
0
VERTEX
8
ShapeString
10
8302.994285
20
1022.657317
70
0
0
VERTEX
8
ShapeString
10
8259.248554
20
1032.322383
70
0
0
VERTEX
8
ShapeString
10
8215.419966
20
1041.531289
70
0
0
VERTEX
8
ShapeString
10
8171.512131
20
1050.283752
70
0
0
VERTEX
8
ShapeString
10
8127.528657
20
1058.579491
70
0
0
VERTEX
8
ShapeString
10
8083.473152
20
1066.418223
70
0
0
VERTEX
8
ShapeString
10
8039.349226
20
1073.799667
70
0
0
VERTEX
8
ShapeString
10
7995.160487
20
1080.723540
70
0
0
VERTEX
8
ShapeString
10
7950.910544
20
1087.189561
70
0
0
VERTEX
8
ShapeString
10
7906.603006
20
1093.197446
70
0
0
VERTEX
8
ShapeString
10
7862.241480
20
1098.746915
70
0
0
VERTEX
8
ShapeString
10
7817.829577
20
1103.837685
70
0
0
VERTEX
8
ShapeString
10
7773.370904
20
1108.469473
70
0
0
VERTEX
8
ShapeString
10
7728.869071
20
1112.641999
70
0
0
VERTEX
8
ShapeString
10
7684.327686
20
1116.354979
70
0
0
VERTEX
8
ShapeString
10
7639.750357
20
1119.608132
70
0
0
VERTEX
8
ShapeString
10
7595.140694
20
1122.401176
70
0
0
VERTEX
8
ShapeString
10
7550.502305
20
1124.733828
70
0
0
VERTEX
8
ShapeString
10
7505.838799
20
1126.605806
70
0
0
VERTEX
8
ShapeString
10
7461.153784
20
1128.016829
70
0
0
VERTEX
8
ShapeString
10
7416.450870
20
1128.966615
70
0
0
VERTEX
8
ShapeString
10
7371.733664
20
1129.454880
70
0
0
VERTEX
8
ShapeString
10
7327.005776
20
1129.481344
70
0
0
VERTEX
8
ShapeString
10
7282.270814
20
1129.045723
70
0
0
VERTEX
8
ShapeString
10
7237.532388
20
1128.147737
70
0
0
VERTEX
8
ShapeString
10
7192.794105
20
1126.787102
70
0
0
VERTEX
8
ShapeString
10
7148.059574
20
1124.963538
70
0
0
VERTEX
8
ShapeString
10
7103.332405
20
1122.676761
70
0
0
VERTEX
8
ShapeString
10
7058.616205
20
1119.926489
70
0
0
VERTEX
8
ShapeString
10
7013.914584
20
1116.712442
70
0
0
VERTEX
8
ShapeString
10
6969.231150
20
1113.034335
70
0
0
VERTEX
8
ShapeString
10
6924.569512
20
1108.891889
70
0
0
VERTEX
8
ShapeString
10
6879.933278
20
1104.284819
70
0
0
VERTEX
8
ShapeString
10
6835.326058
20
1099.212845
70
0
0
VERTEX
8
ShapeString
10
6790.751460
20
1093.675684
70
0
0
VERTEX
8
ShapeString
10
6746.213092
20
1087.673054
70
0
0
VERTEX
8
ShapeString
10
6701.714564
20
1081.204673
70
0
0
VERTEX
8
ShapeString
10
6657.259484
20
1074.270259
70
0
0
VERTEX
8
ShapeString
10
6612.851460
20
1066.869529
70
0
0
VERTEX
8
ShapeString
10
6568.494102
20
1059.002203
70
0
0
VERTEX
8
ShapeString
10
6524.191018
20
1050.667997
70
0
0
VERTEX
8
ShapeString
10
6479.945817
20
1041.866630
70
0
0
VERTEX
8
ShapeString
10
6435.762108
20
1032.597819
70
0
0
VERTEX
8
ShapeString
10
6391.643499
20
1022.861283
70
0
0
VERTEX
8
ShapeString
10
6347.593599
20
1012.656739
70
0
0
VERTEX
8
ShapeString
10
6303.616016
20
1001.983905
70
0
0
VERTEX
8
ShapeString
10
6259.714360
20
990.842500
70
0
0
SEQEND
8
ShapeString
0
POLYLINE
8
ShapeString
62
7
70
0
10
0.000000
20
0.000000
66
1
0
VERTEX
8
ShapeString
10
4833.945090
20
370.239500
70
0
0
VERTEX
8
ShapeString
10
4832.992919
20
372.325170
70
0
0
VERTEX
8
ShapeString
10
4831.684902
20
374.125013
70
0
0
VERTEX
8
ShapeString
10
4830.078573
20
375.610616
70
0
0
VERTEX
8
ShapeString
10
4828.231465
20
376.753568
70
0
0
VERTEX
8
ShapeString
10
4826.201112
20
377.525455
70
0
0
VERTEX
8
ShapeString
10
4824.045046
20
377.897867
70
0
0
VERTEX
8
ShapeString
10
4821.820801
20
377.842390
70
0
0
VERTEX
8
ShapeString
10
4819.585911
20
377.330613
70
0
0
VERTEX
8
ShapeString
10
4817.497814
20
376.383774
70
0
0
VERTEX
8
ShapeString
10
4815.694635
20
375.080360
70
0
0
VERTEX
8
ShapeString
10
4814.204932
20
373.477833
70
0
0
VERTEX
8
ShapeString
10
4813.057265
20
371.633651
70
0
0
VERTEX
8
ShapeString
10
4812.280192
20
369.605277
70
0
0
VERTEX
8
ShapeString
10
4811.902272
20
367.450170
70
0
0
VERTEX
8
ShapeString
10
4811.952065
20
365.225791
70
0
0
VERTEX
8
ShapeString
10
4812.458130
20
362.989600
70
0
0
VERTEX
8
ShapeString
10
4813.410301
20
360.903930
70
0
0
VERTEX
8
ShapeString
10
4814.718318
20
359.104087
70
0
0
VERTEX
8
ShapeString
10
4816.324647
20
357.618484
70
0
0
VERTEX
8
ShapeString
10
4818.171755
20
356.475532
70
0
0
VERTEX
8
ShapeString
10
4820.202108
20
355.703645
70
0
0
VERTEX
8
ShapeString
10
4822.358174
20
355.331233
70
0
0
VERTEX
8
ShapeString
10
4824.582419
20
355.386710
70
0
0
VERTEX
8
ShapeString
10
4826.817309
20
355.898487
70
0
0
VERTEX
8
ShapeString
10
4828.905406
20
356.845326
70
0
0
VERTEX
8
ShapeString
10
4830.708585
20
358.148740
70
0
0
VERTEX
8
ShapeString
10
4832.198288
20
359.751267
70
0
0
VERTEX
8
ShapeString
10
4833.345955
20
361.595449
70
0
0
VERTEX
8
ShapeString
10
4834.123028
20
363.623823
70
0
0
VERTEX
8
ShapeString
10
4834.500948
20
365.778930
70
0
0
VERTEX
8
ShapeString
10
4834.451155
20
368.003309
70
0
0
VERTEX
8
ShapeString
10
4833.945090
20
370.239500
70
0
0
VERTEX
8
ShapeString
10
4833.945090
20
370.239500
70
0
0
SEQEND
8
ShapeString
0
POLYLINE
8
ShapeString
62
7
70
0
10
0.000000
20
0.000000
66
1
0
VERTEX
8
ShapeString
10
5933.768170
20
1527.383000
70
0
0
VERTEX
8
ShapeString
10
5932.815999
20
1529.468670
70
0
0
VERTEX
8
ShapeString
10
5931.507982
20
1531.268513
70
0
0
VERTEX
8
ShapeString
10
5929.901653
20
1532.754116
70
0
0
VERTEX
8
ShapeString
10
5928.054545
20
1533.897068
70
0
0
VERTEX
8
ShapeString
10
5926.024192
20
1534.668955
70
0
0
VERTEX
8
ShapeString
10
5923.868126
20
1535.041367
70
0
0
VERTEX
8
ShapeString
10
5921.643881
20
1534.985890
70
0
0
VERTEX
8
ShapeString
10
5919.408991
20
1534.474113
70
0
0
VERTEX
8
ShapeString
10
5917.320894
20
1533.527274
70
0
0
VERTEX
8
ShapeString
10
5915.517715
20
1532.223860
70
0
0
VERTEX
8
ShapeString
10
5914.028012
20
1530.621333
70
0
0
VERTEX
8
ShapeString
10
5912.880345
20
1528.777151
70
0
0
VERTEX
8
ShapeString
10
5912.103272
20
1526.748777
70
0
0
VERTEX
8
ShapeString
10
5911.725352
20
1524.593670
70
0
0
VERTEX
8
ShapeString
10
5911.775145
20
1522.369291
70
0
0
VERTEX
8
ShapeString
10
5912.281210
20
1520.133100
70
0
0
VERTEX
8
ShapeString
10
5913.233381
20
1518.047430
70
0
0
VERTEX
8
ShapeString
10
5914.541398
20
1516.247587
70
0
0
VERTEX
8
ShapeString
10
5916.147727
20
1514.761984
70
0
0
VERTEX
8
ShapeString
10
5917.994835
20
1513.619032
70
0
0
VERTEX
8
ShapeString
10
5920.025188
20
1512.847145
70
0
0
VERTEX
8
ShapeString
10
5922.181254
20
1512.474733
70
0
0
VERTEX
8
ShapeString
10
5924.405499
20
1512.530210
70
0
0
VERTEX
8
ShapeString
10
5926.640389
20
1513.041987
70
0
0
VERTEX
8
ShapeString
10
5928.728486
20
1513.988826
70
0
0
VERTEX
8
ShapeString
10
5930.531665
20
1515.292240
70
0
0
VERTEX
8
ShapeString
10
5932.021368
20
1516.894767
70
0
0
VERTEX
8
ShapeString
10
5933.169035
20
1518.738949
70
0
0
VERTEX
8
ShapeString
10
5933.946108
20
1520.767323
70
0
0
VERTEX
8
ShapeString
10
5934.324028
20
1522.922430
70
0
0
VERTEX
8
ShapeString
10
5934.274235
20
1525.146809
70
0
0
VERTEX
8
ShapeString
10
5933.768170
20
1527.383000
70
0
0
VERTEX
8
ShapeString
10
5933.768170
20
1527.383000
70
0
0
SEQEND
8
ShapeString
0
POLYLINE
8
ShapeString
62
7
70
0
10
0.000000
20
0.000000
66
1
0
VERTEX
8
ShapeString
10
5708.401948
20
1876.748900
70
0
0
VERTEX
8
ShapeString
10
5707.452768
20
1878.839842
70
0
0
VERTEX
8
ShapeString
10
5706.146147
20
1880.644711
70
0
0
VERTEX
8
ShapeString
10
5704.539839
20
1882.134903
70
0
0
VERTEX
8
ShapeString
10
5702.691597
20
1883.281815
70
0
0
VERTEX
8
ShapeString
10
5700.659176
20
1884.056843
70
0
0
VERTEX
8
ShapeString
10
5698.500330
20
1884.431385
70
0
0
VERTEX
8
ShapeString
10
5696.272813
20
1884.376837
70
0
0
VERTEX
8
ShapeString
10
5694.034378
20
1883.864595
70
0
0
VERTEX
8
ShapeString
10
5691.943185
20
1882.915966
70
0
0
VERTEX
8
ShapeString
10
5690.137973
20
1881.609821
70
0
0
VERTEX
8
ShapeString
10
5688.647358
20
1880.003905
70
0
0
VERTEX
8
ShapeString
10
5687.499959
20
1878.155966
70
0
0
VERTEX
8
ShapeString
10
5686.724395
20
1876.123749
70
0
0
VERTEX
8
ShapeString
10
5686.349285
20
1873.965002
70
0
0
VERTEX
8
ShapeString
10
5686.403246
20
1871.737470
70
0
0
VERTEX
8
ShapeString
10
5686.914898
20
1869.498900
70
0
0
VERTEX
8
ShapeString
10
5687.864078
20
1867.407958
70
0
0
VERTEX
8
ShapeString
10
5689.170699
20
1865.603089
70
0
0
VERTEX
8
ShapeString
10
5690.777007
20
1864.112897
70
0
0
VERTEX
8
ShapeString
10
5692.625249
20
1862.965985
70
0
0
VERTEX
8
ShapeString
10
5694.657670
20
1862.190957
70
0
0
VERTEX
8
ShapeString
10
5696.816516
20
1861.816415
70
0
0
VERTEX
8
ShapeString
10
5699.044033
20
1861.870963
70
0
0
VERTEX
8
ShapeString
10
5701.282468
20
1862.383205
70
0
0
VERTEX
8
ShapeString
10
5703.373661
20
1863.331834
70
0
0
VERTEX
8
ShapeString
10
5705.178873
20
1864.637979
70
0
0
VERTEX
8
ShapeString
10
5706.669488
20
1866.243895
70
0
0
VERTEX
8
ShapeString
10
5707.816887
20
1868.091834
70
0
0
VERTEX
8
ShapeString
10
5708.592451
20
1870.124051
70
0
0
VERTEX
8
ShapeString
10
5708.967561
20
1872.282798
70
0
0
VERTEX
8
ShapeString
10
5708.913600
20
1874.510330
70
0
0
VERTEX
8
ShapeString
10
5708.401948
20
1876.748900
70
0
0
VERTEX
8
ShapeString
10
5708.401948
20
1876.748900
70
0
0
SEQEND
8
ShapeString
0
POLYLINE
8
ShapeString
62
7
70
0
10
0.000000
20
0.000000
66
1
0
VERTEX
8
ShapeString
10
7234.568500
20
2239.979800
70
0
0
VERTEX
8
ShapeString
10
7233.619675
20
2242.071354
70
0
0
VERTEX
8
ShapeString
10
7232.313224
20
2243.876808
70
0
0
VERTEX
8
ShapeString
10
7230.706926
20
2245.367536
70
0
0
VERTEX
8
ShapeString
10
7228.858560
20
2246.514914
70
0
0
VERTEX
8
ShapeString
10
7226.825905
20
2247.290314
70
0
0
VERTEX
8
ShapeString
10
7224.666741
20
2247.665112
70
0
0
VERTEX
8
ShapeString
10
7222.438846
20
2247.610683
70
0
0
VERTEX
8
ShapeString
10
7220.200000
20
2247.098400
70
0
0
VERTEX
8
ShapeString
10
7218.108446
20
2246.149575
70
0
0
VERTEX
8
ShapeString
10
7216.302992
20
2244.843124
70
0
0
VERTEX
8
ShapeString
10
7214.812264
20
2243.236826
70
0
0
VERTEX
8
ShapeString
10
7213.664886
20
2241.388460
70
0
0
VERTEX
8
ShapeString
10
7212.889486
20
2239.355805
70
0
0
VERTEX
8
ShapeString
10
7212.514688
20
2237.196641
70
0
0
VERTEX
8
ShapeString
10
7212.569117
20
2234.968746
70
0
0
VERTEX
8
ShapeString
10
7213.081400
20
2232.729900
70
0
0
VERTEX
8
ShapeString
10
7213.656040
20
2231.338692
70
0
0
VERTEX
8
ShapeString
10
7214.399107
20
2230.052198
70
0
0
VERTEX
8
ShapeString
10
7215.296280
20
2228.883024
70
0
0
VERTEX
8
ShapeString
10
7216.333238
20
2227.843777
70
0
0
VERTEX
8
ShapeString
10
7217.495658
20
2226.947063
70
0
0
VERTEX
8
ShapeString
10
7218.769219
20
2226.205489
70
0
0
VERTEX
8
ShapeString
10
7220.139598
20
2225.631662
70
0
0
VERTEX
8
ShapeString
10
7221.592474
20
2225.238188
70
0
0
VERTEX
8
ShapeString
10
7223.084615
20
2225.040236
70
0
0
VERTEX
8
ShapeString
10
7224.570286
20
2225.040504
70
0
0
VERTEX
8
ShapeString
10
7226.031407
20
2225.232892
70
0
0
VERTEX
8
ShapeString
10
7227.449900
20
2225.611300
70
0
0
VERTEX
8
ShapeString
10
7228.807687
20
2226.169629
70
0
0
VERTEX
8
ShapeString
10
7230.086689
20
2226.901778
70
0
0
VERTEX
8
ShapeString
10
7231.268828
20
2227.801648
70
0
0
VERTEX
8
ShapeString
10
7232.336024
20
2228.863138
70
0
0
VERTEX
8
ShapeString
10
7233.253526
20
2230.056394
70
0
0
VERTEX
8
ShapeString
10
7233.996129
20
2231.343157
70
0
0
VERTEX
8
ShapeString
10
7234.560077
20
2232.704719
70
0
0
VERTEX
8
ShapeString
10
7234.941612
20
2234.122374
70
0
0
VERTEX
8
ShapeString
10
7235.136979
20
2235.577416
70
0
0
VERTEX
8
ShapeString
10
7235.142420
20
2237.051139
70
0
0
VERTEX
8
ShapeString
10
7234.954180
20
2238.524836
70
0
0
VERTEX
8
ShapeString
10
7234.568500
20
2239.979800
70
0
0
VERTEX
8
ShapeString
10
7234.568500
20
2239.979800
70
0
0
SEQEND
8
ShapeString
0
POLYLINE
8
ShapeString
62
7
70
0
10
0.000000
20
0.000000
66
1
0
VERTEX
8
ShapeString
10
7203.246900
20
2342.910000
70
0
0
VERTEX
8
ShapeString
10
7202.295736
20
2344.997442
70
0
0
VERTEX
8
ShapeString
10
7200.988190
20
2346.798975
70
0
0
VERTEX
8
ShapeString
10
7199.381870
20
2348.286121
70
0
0
VERTEX
8
ShapeString
10
7197.534383
20
2349.430405
70
0
0
VERTEX
8
ShapeString
10
7195.503337
20
2350.203350
70
0
0
VERTEX
8
ShapeString
10
7193.346339
20
2350.576480
70
0
0
VERTEX
8
ShapeString
10
7191.120996
20
2350.521318
70
0
0
VERTEX
8
ShapeString
10
7188.884915
20
2350.009388
70
0
0
VERTEX
8
ShapeString
10
7186.795778
20
2349.061952
70
0
0
VERTEX
8
ShapeString
10
7184.991915
20
2347.757624
70
0
0
VERTEX
8
ShapeString
10
7183.501903
20
2346.153962
70
0
0
VERTEX
8
ShapeString
10
7182.354323
20
2344.308521
70
0
0
VERTEX
8
ShapeString
10
7181.577754
20
2342.278858
70
0
0
VERTEX
8
ShapeString
10
7181.200774
20
2340.122529
70
0
0
VERTEX
8
ShapeString
10
7181.251963
20
2337.897091
70
0
0
VERTEX
8
ShapeString
10
7181.759900
20
2335.660100
70
0
0
VERTEX
8
ShapeString
10
7182.711064
20
2333.572658
70
0
0
VERTEX
8
ShapeString
10
7184.018610
20
2331.771125
70
0
0
VERTEX
8
ShapeString
10
7185.624930
20
2330.283979
70
0
0
VERTEX
8
ShapeString
10
7187.472417
20
2329.139695
70
0
0
VERTEX
8
ShapeString
10
7189.503463
20
2328.366750
70
0
0
VERTEX
8
ShapeString
10
7191.660461
20
2327.993620
70
0
0
VERTEX
8
ShapeString
10
7193.885804
20
2328.048782
70
0
0
VERTEX
8
ShapeString
10
7196.121885
20
2328.560712
70
0
0
VERTEX
8
ShapeString
10
7198.211022
20
2329.508148
70
0
0
VERTEX
8
ShapeString
10
7200.014885
20
2330.812476
70
0
0
VERTEX
8
ShapeString
10
7201.504897
20
2332.416138
70
0
0
VERTEX
8
ShapeString
10
7202.652477
20
2334.261579
70
0
0
VERTEX
8
ShapeString
10
7203.429046
20
2336.291242
70
0
0
VERTEX
8
ShapeString
10
7203.806026
20
2338.447571
70
0
0
VERTEX
8
ShapeString
10
7203.754837
20
2340.673009
70
0
0
VERTEX
8
ShapeString
10
7203.246900
20
2342.910000
70
0
0
VERTEX
8
ShapeString
10
7203.246900
20
2342.910000
70
0
0
SEQEND
8
ShapeString
0
POLYLINE
8
ShapeString
62
7
70
0
10
0.000000
20
0.000000
66
1
0
VERTEX
8
ShapeString
10
7105.623000
20
2259.581200
70
0
0
VERTEX
8
ShapeString
10
7103.949768
20
2264.145810
70
0
0
VERTEX
8
ShapeString
10
7102.067973
20
2268.572607
70
0
0
VERTEX
8
ShapeString
10
7099.985129
20
2272.857870
70
0
0
VERTEX
8
ShapeString
10
7097.708751
20
2276.997879
70
0
0
VERTEX
8
ShapeString
10
7095.246354
20
2280.988915
70
0
0
VERTEX
8
ShapeString
10
7092.605453
20
2284.827258
70
0
0
VERTEX
8
ShapeString
10
7089.793563
20
2288.509187
70
0
0
VERTEX
8
ShapeString
10
7086.818198
20
2292.030983
70
0
0
VERTEX
8
ShapeString
10
7083.686875
20
2295.388926
70
0
0
VERTEX
8
ShapeString
10
7080.407107
20
2298.579295
70
0
0
VERTEX
8
ShapeString
10
7076.986409
20
2301.598372
70
0
0
VERTEX
8
ShapeString
10
7073.432297
20
2304.442435
70
0
0
VERTEX
8
ShapeString
10
7069.752285
20
2307.107765
70
0
0
VERTEX
8
ShapeString
10
7065.953888
20
2309.590642
70
0
0
VERTEX
8
ShapeString
10
7062.044622
20
2311.887346
70
0
0
VERTEX
8
ShapeString
10
7058.032000
20
2313.994158
70
0
0
VERTEX
8
ShapeString
10
7053.923538
20
2315.907356
70
0
0
VERTEX
8
ShapeString
10
7049.726751
20
2317.623222
70
0
0
VERTEX
8
ShapeString
10
7045.449154
20
2319.138035
70
0
0
VERTEX
8
ShapeString
10
7041.098261
20
2320.448076
70
0
0
VERTEX
8
ShapeString
10
7036.681588
20
2321.549624
70
0
0
VERTEX
8
ShapeString
10
7032.206649
20
2322.438959
70
0
0
VERTEX
8
ShapeString
10
7027.680960
20
2323.112362
70
0
0
VERTEX
8
ShapeString
10
7023.112035
20
2323.566112
70
0
0
VERTEX
8
ShapeString
10
7018.507389
20
2323.796490
70
0
0
VERTEX
8
ShapeString
10
7013.874537
20
2323.799776
70
0
0
VERTEX
8
ShapeString
10
7009.220994
20
2323.572249
70
0
0
VERTEX
8
ShapeString
10
7004.554274
20
2323.110190
70
0
0
VERTEX
8
ShapeString
10
6999.881894
20
2322.409879
70
0
0
VERTEX
8
ShapeString
10
6995.211367
20
2321.467596
70
0
0
VERTEX
8
ShapeString
10
6990.550209
20
2320.279621
70
0
0
VERTEX
8
ShapeString
10
6985.905934
20
2318.842234
70
0
0
VERTEX
8
ShapeString
10
6981.340201
20
2317.172069
70
0
0
VERTEX
8
ShapeString
10
6976.912141
20
2315.293247
70
0
0
VERTEX
8
ShapeString
10
6972.625480
20
2313.213282
70
0
0
VERTEX
8
ShapeString
10
6968.483942
20
2310.939685
70
0
0
VERTEX
8
ShapeString
10
6964.491253
20
2308.479970
70
0
0
VERTEX
8
ShapeString
10
6960.651138
20
2305.841647
70
0
0
VERTEX
8
ShapeString
10
6956.967321
20
2303.032231
70
0
0
VERTEX
8
ShapeString
10
6953.443527
20
2300.059233
70
0
0
VERTEX
8
ShapeString
10
6950.083482
20
2296.930166
70
0
0
VERTEX
8
ShapeString
10
6946.890910
20
2293.652541
70
0
0
VERTEX
8
ShapeString
10
6943.869537
20
2290.233872
70
0
0
VERTEX
8
ShapeString
10
6941.023087
20
2286.681671
70
0
0
VERTEX
8
ShapeString
10
6938.355285
20
2283.003450
70
0
0
VERTEX
8
ShapeString
10
6935.869857
20
2279.206722
70
0
0
VERTEX
8
ShapeString
10
6933.570528
20
2275.298999
70
0
0
VERTEX
8
ShapeString
10
6931.461022
20
2271.287794
70
0
0
VERTEX
8
ShapeString
10
6929.545064
20
2267.180618
70
0
0
VERTEX
8
ShapeString
10
6927.826380
20
2262.984984
70
0
0
VERTEX
8
ShapeString
10
6926.308694
20
2258.708405
70
0
0
VERTEX
8
ShapeString
10
6924.995731
20
2254.358394
70
0
0
VERTEX
8
ShapeString
10
6923.891217
20
2249.942462
70
0
0
VERTEX
8
ShapeString
10
6922.998876
20
2245.468121
70
0
0
VERTEX
8
ShapeString
10
6922.322433
20
2240.942885
70
0
0
VERTEX
8
ShapeString
10
6921.865614
20
2236.374266
70
0
0
VERTEX
8
ShapeString
10
6921.632143
20
2231.769775
70
0
0
VERTEX
8
ShapeString
10
6921.625746
20
2227.136927
70
0
0
VERTEX
8
ShapeString
10
6921.850146
20
2222.483232
70
0
0
VERTEX
8
ShapeString
10
6922.309071
20
2217.816203
70
0
0
VERTEX
8
ShapeString
10
6923.006243
20
2213.143353
70
0
0
VERTEX
8
ShapeString
10
6923.945389
20
2208.472195
70
0
0
VERTEX
8
ShapeString
10
6925.130233
20
2203.810239
70
0
0
VERTEX
8
ShapeString
10
6926.564500
20
2199.165000
70
0
0
VERTEX
8
ShapeString
10
6928.237732
20
2194.600390
70
0
0
VERTEX
8
ShapeString
10
6930.119527
20
2190.173593
70
0
0
VERTEX
8
ShapeString
10
6932.202371
20
2185.888330
70
0
0
VERTEX
8
ShapeString
10
6934.478749
20
2181.748321
70
0
0
VERTEX
8
ShapeString
10
6936.941146
20
2177.757285
70
0
0
VERTEX
8
ShapeString
10
6939.582047
20
2173.918942
70
0
0
VERTEX
8
ShapeString
10
6942.393937
20
2170.237013
70
0
0
VERTEX
8
ShapeString
10
6945.369302
20
2166.715217
70
0
0
VERTEX
8
ShapeString
10
6948.500625
20
2163.357274
70
0
0
VERTEX
8
ShapeString
10
6951.780393
20
2160.166905
70
0
0
VERTEX
8
ShapeString
10
6955.201091
20
2157.147828
70
0
0
VERTEX
8
ShapeString
10
6958.755203
20
2154.303765
70
0
0
VERTEX
8
ShapeString
10
6962.435215
20
2151.638435
70
0
0
VERTEX
8
ShapeString
10
6966.233612
20
2149.155558
70
0
0
VERTEX
8
ShapeString
10
6970.142878
20
2146.858854
70
0
0
VERTEX
8
ShapeString
10
6974.155500
20
2144.752042
70
0
0
VERTEX
8
ShapeString
10
6978.263962
20
2142.838844
70
0
0
VERTEX
8
ShapeString
10
6982.460749
20
2141.122978
70
0
0
VERTEX
8
ShapeString
10
6986.738346
20
2139.608165
70
0
0
VERTEX
8
ShapeString
10
6991.089239
20
2138.298124
70
0
0
VERTEX
8
ShapeString
10
6995.505912
20
2137.196576
70
0
0
VERTEX
8
ShapeString
10
6999.980851
20
2136.307241
70
0
0
VERTEX
8
ShapeString
10
7004.506540
20
2135.633838
70
0
0
VERTEX
8
ShapeString
10
7009.075465
20
2135.180088
70
0
0
VERTEX
8
ShapeString
10
7013.680111
20
2134.949710
70
0
0
VERTEX
8
ShapeString
10
7018.312963
20
2134.946424
70
0
0
VERTEX
8
ShapeString
10
7022.966506
20
2135.173951
70
0
0
VERTEX
8
ShapeString
10
7027.633226
20
2135.636010
70
0
0
VERTEX
8
ShapeString
10
7032.305606
20
2136.336321
70
0
0
VERTEX
8
ShapeString
10
7036.976133
20
2137.278604
70
0
0
VERTEX
8
ShapeString
10
7041.637291
20
2138.466579
70
0
0
VERTEX
8
ShapeString
10
7046.281566
20
2139.903966
70
0
0
VERTEX
8
ShapeString
10
7050.847299
20
2141.574131
70
0
0
VERTEX
8
ShapeString
10
7055.275359
20
2143.452953
70
0
0
VERTEX
8
ShapeString
10
7059.562020
20
2145.532918
70
0
0
VERTEX
8
ShapeString
10
7063.703558
20
2147.806515
70
0
0
VERTEX
8
ShapeString
10
7067.696247
20
2150.266230
70
0
0
VERTEX
8
ShapeString
10
7071.536362
20
2152.904553
70
0
0
VERTEX
8
ShapeString
10
7075.220179
20
2155.713969
70
0
0
VERTEX
8
ShapeString
10
7078.743973
20
2158.686967
70
0
0
VERTEX
8
ShapeString
10
7082.104018
20
2161.816034
70
0
0
VERTEX
8
ShapeString
10
7085.296590
20
2165.093659
70
0
0
VERTEX
8
ShapeString
10
7088.317963
20
2168.512328
70
0
0
VERTEX
8
ShapeString
10
7091.164413
20
2172.064529
70
0
0
VERTEX
8
ShapeString
10
7093.832215
20
2175.742750
70
0
0
VERTEX
8
ShapeString
10
7096.317643
20
2179.539478
70
0
0
VERTEX
8
ShapeString
10
7098.616972
20
2183.447201
70
0
0
VERTEX
8
ShapeString
10
7100.726478
20
2187.458406
70
0
0
VERTEX
8
ShapeString
10
7102.642436
20
2191.565582
70
0
0
VERTEX
8
ShapeString
10
7104.361120
20
2195.761216
70
0
0
VERTEX
8
ShapeString
10
7105.878806
20
2200.037795
70
0
0
VERTEX
8
ShapeString
10
7107.191769
20
2204.387806
70
0
0
VERTEX
8
ShapeString
10
7108.296283
20
2208.803738
70
0
0
VERTEX
8
ShapeString
10
7109.188624
20
2213.278079
70
0
0
VERTEX
8
ShapeString
10
7109.865067
20
2217.803315
70
0
0
VERTEX
8
ShapeString
10
7110.321886
20
2222.371934
70
0
0
VERTEX
8
ShapeString
10
7110.555357
20
2226.976425
70
0
0
VERTEX
8
ShapeString
10
7110.561754
20
2231.609273
70
0
0
VERTEX
8
ShapeString
10
7110.337354
20
2236.262968
70
0
0
VERTEX
8
ShapeString
10
7109.878429
20
2240.929997
70
0
0
VERTEX
8
ShapeString
10
7109.181257
20
2245.602847
70
0
0
VERTEX
8
ShapeString
10
7108.242111
20
2250.274005
70
0
0
VERTEX
8
ShapeString
10
7107.057267
20
2254.935961
70
0
0
VERTEX
8
ShapeString
10
7105.623000
20
2259.581200
70
0
0
VERTEX
8
ShapeString
10
7105.623000
20
2259.581200
70
0
0
SEQEND
8
ShapeString
0
POLYLINE
8
ShapeString
62
7
70
0
10
0.000000
20
0.000000
66
1
0
VERTEX
8
ShapeString
10
5899.870840
20
1728.649100
70
0
0
VERTEX
8
ShapeString
10
5898.199838
20
1733.216957
70
0
0
VERTEX
8
ShapeString
10
5896.320003
20
1737.646986
70
0
0
VERTEX
8
ShapeString
10
5894.238858
20
1741.935458
70
0
0
VERTEX
8
ShapeString
10
5891.963928
20
1746.078647
70
0
0
VERTEX
8
ShapeString
10
5889.502735
20
1750.072825
70
0
0
VERTEX
8
ShapeString
10
5886.862802
20
1753.914265
70
0
0
VERTEX
8
ShapeString
10
5884.051653
20
1757.599240
70
0
0
VERTEX
8
ShapeString
10
5881.076812
20
1761.124023
70
0
0
VERTEX
8
ShapeString
10
5877.945801
20
1764.484885
70
0
0
VERTEX
8
ShapeString
10
5874.666144
20
1767.678101
70
0
0
VERTEX
8
ShapeString
10
5871.245364
20
1770.699943
70
0
0
VERTEX
8
ShapeString
10
5867.690984
20
1773.546684
70
0
0
VERTEX
8
ShapeString
10
5864.010529
20
1776.214595
70
0
0
VERTEX
8
ShapeString
10
5860.211521
20
1778.699951
70
0
0
VERTEX
8
ShapeString
10
5856.301483
20
1780.999023
70
0
0
VERTEX
8
ShapeString
10
5852.287939
20
1783.108085
70
0
0
VERTEX
8
ShapeString
10
5848.178412
20
1785.023409
70
0
0
VERTEX
8
ShapeString
10
5843.980426
20
1786.741269
70
0
0
VERTEX
8
ShapeString
10
5839.701503
20
1788.257936
70
0
0
VERTEX
8
ShapeString
10
5835.349168
20
1789.569683
70
0
0
VERTEX
8
ShapeString
10
5830.930943
20
1790.672784
70
0
0
VERTEX
8
ShapeString
10
5826.454352
20
1791.563511
70
0
0
VERTEX
8
ShapeString
10
5821.926918
20
1792.238136
70
0
0
VERTEX
8
ShapeString
10
5817.356164
20
1792.692933
70
0
0
VERTEX
8
ShapeString
10
5812.749614
20
1792.924174
70
0
0
VERTEX
8
ShapeString
10
5808.114791
20
1792.928132
70
0
0
VERTEX
8
ShapeString
10
5803.459219
20
1792.701080
70
0
0
VERTEX
8
ShapeString
10
5798.790420
20
1792.239290
70
0
0
VERTEX
8
ShapeString
10
5794.115918
20
1791.539036
70
0
0
VERTEX
8
ShapeString
10
5789.443237
20
1790.596589
70
0
0
VERTEX
8
ShapeString
10
5784.779900
20
1789.408223
70
0
0
VERTEX
8
ShapeString
10
5780.133429
20
1787.970211
70
0
0
VERTEX
8
ShapeString
10
5775.565572
20
1786.299209
70
0
0
VERTEX
8
ShapeString
10
5771.135543
20
1784.419374
70
0
0
VERTEX
8
ShapeString
10
5766.847071
20
1782.338229
70
0
0
VERTEX
8
ShapeString
10
5762.703882
20
1780.063299
70
0
0
VERTEX
8
ShapeString
10
5758.709704
20
1777.602105
70
0
0
VERTEX
8
ShapeString
10
5754.868264
20
1774.962173
70
0
0
VERTEX
8
ShapeString
10
5751.183289
20
1772.151024
70
0
0
VERTEX
8
ShapeString
10
5747.658506
20
1769.176183
70
0
0
VERTEX
8
ShapeString
10
5744.297644
20
1766.045172
70
0
0
VERTEX
8
ShapeString
10
5741.104428
20
1762.765515
70
0
0
VERTEX
8
ShapeString
10
5738.082586
20
1759.344735
70
0
0
VERTEX
8
ShapeString
10
5735.235845
20
1755.790355
70
0
0
VERTEX
8
ShapeString
10
5732.567934
20
1752.109900
70
0
0
VERTEX
8
ShapeString
10
5730.082578
20
1748.310892
70
0
0
VERTEX
8
ShapeString
10
5727.783506
20
1744.400854
70
0
0
VERTEX
8
ShapeString
10
5725.674444
20
1740.387310
70
0
0
VERTEX
8
ShapeString
10
5723.759120
20
1736.277783
70
0
0
VERTEX
8
ShapeString
10
5722.041260
20
1732.079797
70
0
0
VERTEX
8
ShapeString
10
5720.524593
20
1727.800874
70
0
0
VERTEX
8
ShapeString
10
5719.212846
20
1723.448539
70
0
0
VERTEX
8
ShapeString
10
5718.109745
20
1719.030314
70
0
0
VERTEX
8
ShapeString
10
5717.219018
20
1714.553723
70
0
0
VERTEX
8
ShapeString
10
5716.544393
20
1710.026289
70
0
0
VERTEX
8
ShapeString
10
5716.089596
20
1705.455535
70
0
0
VERTEX
8
ShapeString
10
5715.858355
20
1700.848985
70
0
0
VERTEX
8
ShapeString
10
5715.854397
20
1696.214162
70
0
0
VERTEX
8
ShapeString
10
5716.081449
20
1691.558590
70
0
0
VERTEX
8
ShapeString
10
5716.543239
20
1686.889791
70
0
0
VERTEX
8
ShapeString
10
5717.243493
20
1682.215289
70
0
0
VERTEX
8
ShapeString
10
5718.185940
20
1677.542608
70
0
0
VERTEX
8
ShapeString
10
5719.374306
20
1672.879271
70
0
0
VERTEX
8
ShapeString
10
5720.812318
20
1668.232800
70
0
0
VERTEX
8
ShapeString
10
5722.483320
20
1663.664943
70
0
0
VERTEX
8
ShapeString
10
5724.363155
20
1659.234914
70
0
0
VERTEX
8
ShapeString
10
5726.444300
20
1654.946442
70
0
0
VERTEX
8
ShapeString
10
5728.719230
20
1650.803253
70
0
0
VERTEX
8
ShapeString
10
5731.180424
20
1646.809075
70
0
0
VERTEX
8
ShapeString
10
5733.820356
20
1642.967635
70
0
0
VERTEX
8
ShapeString
10
5736.631505
20
1639.282660
70
0
0
VERTEX
8
ShapeString
10
5739.606346
20
1635.757878
70
0
0
VERTEX
8
ShapeString
10
5742.737357
20
1632.397015
70
0
0
VERTEX
8
ShapeString
10
5746.017015
20
1629.203799
70
0
0
VERTEX
8
ShapeString
10
5749.437794
20
1626.181957
70
0
0
VERTEX
8
ShapeString
10
5752.992174
20
1623.335217
70
0
0
VERTEX
8
ShapeString
10
5756.672629
20
1620.667305
70
0
0
VERTEX
8
ShapeString
10
5760.471637
20
1618.181949
70
0
0
VERTEX
8
ShapeString
10
5764.381675
20
1615.882877
70
0
0
VERTEX
8
ShapeString
10
5768.395219
20
1613.773815
70
0
0
VERTEX
8
ShapeString
10
5772.504746
20
1611.858491
70
0
0
VERTEX
8
ShapeString
10
5776.702732
20
1610.140631
70
0
0
VERTEX
8
ShapeString
10
5780.981655
20
1608.623964
70
0
0
VERTEX
8
ShapeString
10
5785.333990
20
1607.312217
70
0
0
VERTEX
8
ShapeString
10
5789.752215
20
1606.209116
70
0
0
VERTEX
8
ShapeString
10
5794.228806
20
1605.318389
70
0
0
VERTEX
8
ShapeString
10
5798.756241
20
1604.643764
70
0
0
VERTEX
8
ShapeString
10
5803.326994
20
1604.188967
70
0
0
VERTEX
8
ShapeString
10
5807.933544
20
1603.957726
70
0
0
VERTEX
8
ShapeString
10
5812.568367
20
1603.953768
70
0
0
VERTEX
8
ShapeString
10
5817.223939
20
1604.180820
70
0
0
VERTEX
8
ShapeString
10
5821.892738
20
1604.642610
70
0
0
VERTEX
8
ShapeString
10
5826.567240
20
1605.342864
70
0
0
VERTEX
8
ShapeString
10
5831.239921
20
1606.285311
70
0
0
VERTEX
8
ShapeString
10
5835.903259
20
1607.473677
70
0
0
VERTEX
8
ShapeString
10
5840.549729
20
1608.911689
70
0
0
VERTEX
8
ShapeString
10
5845.117586
20
1610.582691
70
0
0
VERTEX
8
ShapeString
10
5849.547615
20
1612.462526
70
0
0
VERTEX
8
ShapeString
10
5853.836087
20
1614.543671
70
0
0
VERTEX
8
ShapeString
10
5857.979276
20
1616.818601
70
0
0
VERTEX
8
ShapeString
10
5861.973454
20
1619.279795
70
0
0
VERTEX
8
ShapeString
10
5865.814894
20
1621.919727
70
0
0
VERTEX
8
ShapeString
10
5869.499869
20
1624.730876
70
0
0
VERTEX
8
ShapeString
10
5873.024652
20
1627.705717
70
0
0
VERTEX
8
ShapeString
10
5876.385515
20
1630.836728
70
0
0
VERTEX
8
ShapeString
10
5879.578730
20
1634.116385
70
0
0
VERTEX
8
ShapeString
10
5882.600572
20
1637.537165
70
0
0
VERTEX
8
ShapeString
10
5885.447313
20
1641.091545
70
0
0
VERTEX
8
ShapeString
10
5888.115224
20
1644.772000
70
0
0
VERTEX
8
ShapeString
10
5890.600580
20
1648.571008
70
0
0
VERTEX
8
ShapeString
10
5892.899652
20
1652.481046
70
0
0
VERTEX
8
ShapeString
10
5895.008714
20
1656.494590
70
0
0
VERTEX
8
ShapeString
10
5896.924039
20
1660.604117
70
0
0
VERTEX
8
ShapeString
10
5898.641898
20
1664.802103
70
0
0
VERTEX
8
ShapeString
10
5900.158565
20
1669.081026
70
0
0
VERTEX
8
ShapeString
10
5901.470312
20
1673.433361
70
0
0
VERTEX
8
ShapeString
10
5902.573413
20
1677.851586
70
0
0
VERTEX
8
ShapeString
10
5903.464140
20
1682.328177
70
0
0
VERTEX
8
ShapeString
10
5904.138765
20
1686.855611
70
0
0
VERTEX
8
ShapeString
10
5904.593562
20
1691.426365
70
0
0
VERTEX
8
ShapeString
10
5904.824803
20
1696.032915
70
0
0
VERTEX
8
ShapeString
10
5904.828761
20
1700.667738
70
0
0
VERTEX
8
ShapeString
10
5904.601709
20
1705.323310
70
0
0
VERTEX
8
ShapeString
10
5904.139919
20
1709.992109
70
0
0
VERTEX
8
ShapeString
10
5903.439665
20
1714.666611
70
0
0
VERTEX
8
ShapeString
10
5902.497218
20
1719.339292
70
0
0
VERTEX
8
ShapeString
10
5901.308852
20
1724.002629
70
0
0
VERTEX
8
ShapeString
10
5899.870840
20
1728.649100
70
0
0
VERTEX
8
ShapeString
10
5899.870840
20
1728.649100
70
0
0
SEQEND
8
ShapeString
0
POLYLINE
8
ShapeString
62
7
70
0
10
0.000000
20
0.000000
66
1
0
VERTEX
8
ShapeString
10
7084.862000
20
2003.384100
70
0
0
VERTEX
8
ShapeString
10
7090.671388
20
2005.233626
70
0
0
VERTEX
8
ShapeString
10
7096.399826
20
2007.218470
70
0
0
VERTEX
8
ShapeString
10
7102.046077
20
2009.336318
70
0
0
VERTEX
8
ShapeString
10
7107.608909
20
2011.584855
70
0
0
VERTEX
8
ShapeString
10
7113.087087
20
2013.961767
70
0
0
VERTEX
8
ShapeString
10
7118.479377
20
2016.464739
70
0
0
VERTEX
8
ShapeString
10
7129.001355
20
2021.839608
70
0
0
VERTEX
8
ShapeString
10
7139.164971
20
2027.690946
70
0
0
VERTEX
8
ShapeString
10
7148.960351
20
2034.000240
70
0
0
VERTEX
8
ShapeString
10
7158.377621
20
2040.748973
70
0
0
VERTEX
8
ShapeString
10
7167.406907
20
2047.918632
70
0
0
VERTEX
8
ShapeString
10
7176.038336
20
2055.490701
70
0
0
VERTEX
8
ShapeString
10
7184.262034
20
2063.446665
70
0
0
VERTEX
8
ShapeString
10
7192.068129
20
2071.768010
70
0
0
VERTEX
8
ShapeString
10
7199.446745
20
2080.436221
70
0
0
VERTEX
8
ShapeString
10
7206.388011
20
2089.432783
70
0
0
VERTEX
8
ShapeString
10
7212.882051
20
2098.739182
70
0
0
VERTEX
8
ShapeString
10
7218.918993
20
2108.336901
70
0
0
VERTEX
8
ShapeString
10
7224.488963
20
2118.207427
70
0
0
VERTEX
8
ShapeString
10
7229.582087
20
2128.332245
70
0
0
VERTEX
8
ShapeString
10
7234.188492
20
2138.692840
70
0
0
VERTEX
8
ShapeString
10
7238.298304
20
2149.270697
70
0
0
VERTEX
8
ShapeString
10
7241.901650
20
2160.047301
70
0
0
VERTEX
8
ShapeString
10
7244.988656
20
2171.004137
70
0
0
VERTEX
8
ShapeString
10
7247.549449
20
2182.122690
70
0
0
VERTEX
8
ShapeString
10
7249.574154
20
2193.384447
70
0
0
VERTEX
8
ShapeString
10
7251.052899
20
2204.770891
70
0
0
VERTEX
8
ShapeString
10
7251.975810
20
2216.263508
70
0
0
VERTEX
8
ShapeString
10
7252.333013
20
2227.843783
70
0
0
VERTEX
8
ShapeString
10
7252.114634
20
2239.493202
70
0
0
VERTEX
8
ShapeString
10
7251.310801
20
2251.193249
70
0
0
VERTEX
8
ShapeString
10
7249.911639
20
2262.925410
70
0
0
VERTEX
8
ShapeString
10
7248.985725
20
2268.797747
70
0
0
VERTEX
8
ShapeString
10
7247.907276
20
2274.671169
70
0
0
VERTEX
8
ShapeString
10
7246.675058
20
2280.543363
70
0
0
VERTEX
8
ShapeString
10
7245.287836
20
2286.412013
70
0
0
VERTEX
8
ShapeString
10
7243.744378
20
2292.274805
70
0
0
VERTEX
8
ShapeString
10
7242.043448
20
2298.129425
70
0
0
VERTEX
8
ShapeString
10
7240.194933
20
2303.939136
70
0
0
VERTEX
8
ShapeString
10
7238.211087
20
2309.667918
70
0
0
VERTEX
8
ShapeString
10
7236.094222
20
2315.314539
70
0
0
VERTEX
8
ShapeString
10
7233.846654
20
2320.877762
70
0
0
VERTEX
8
ShapeString
10
7231.470696
20
2326.356354
70
0
0
VERTEX
8
ShapeString
10
7228.968663
20
2331.749079
70
0
0
VERTEX
8
ShapeString
10
7223.595627
20
2342.271994
70
0
0
VERTEX
8
ShapeString
10
7217.746059
20
2352.436629
70
0
0
VERTEX
8
ShapeString
10
7211.438471
20
2362.233107
70
0
0
VERTEX
8
ShapeString
10
7204.691378
20
2371.651552
70
0
0
VERTEX
8
ShapeString
10
7197.523292
20
2380.682086
70
0
0
VERTEX
8
ShapeString
10
7189.952726
20
2389.314834
70
0
0
VERTEX
8
ShapeString
10
7181.998194
20
2397.539918
70
0
0
VERTEX
8
ShapeString
10
7173.678208
20
2405.347461
70
0
0
VERTEX
8
ShapeString
10
7165.011282
20
2412.727587
70
0
0
VERTEX
8
ShapeString
10
7156.015929
20
2419.670419
70
0
0
VERTEX
8
ShapeString
10
7146.710662
20
2426.166080
70
0
0
VERTEX
8
ShapeString
10
7137.113994
20
2432.204693
70
0
0
VERTEX
8
ShapeString
10
7127.244438
20
2437.776382
70
0
0
VERTEX
8
ShapeString
10
7117.120507
20
2442.871269
70
0
0
VERTEX
8
ShapeString
10
7106.760715
20
2447.479479
70
0
0
VERTEX
8
ShapeString
10
7096.183574
20
2451.591133
70
0
0
VERTEX
8
ShapeString
10
7085.407598
20
2455.196355
70
0
0
VERTEX
8
ShapeString
10
7074.451299
20
2458.285270
70
0
0
VERTEX
8
ShapeString
10
7063.333192
20
2460.847998
70
0
0
VERTEX
8
ShapeString
10
7052.071788
20
2462.874665
70
0
0
VERTEX
8
ShapeString
10
7040.685602
20
2464.355393
70
0
0
VERTEX
8
ShapeString
10
7029.193146
20
2465.280305
70
0
0
VERTEX
8
ShapeString
10
7017.612933
20
2465.639525
70
0
0
VERTEX
8
ShapeString
10
7005.963476
20
2465.423175
70
0
0
VERTEX
8
ShapeString
10
6994.263289
20
2464.621379
70
0
0
VERTEX
8
ShapeString
10
6982.530885
20
2463.224261
70
0
0
VERTEX
8
ShapeString
10
6976.658387
20
2462.299369
70
0
0
VERTEX
8
ShapeString
10
6970.784777
20
2461.221943
70
0
0
VERTEX
8
ShapeString
10
6964.912369
20
2459.990747
70
0
0
VERTEX
8
ShapeString
10
6959.043477
20
2458.604548
70
0
0
VERTEX
8
ShapeString
10
6953.180416
20
2457.062110
70
0
0
VERTEX
8
ShapeString
10
6947.325500
20
2455.362200
70
0
0
SEQEND
8
ShapeString
0
POLYLINE
8
ShapeString
62
7
70
0
10
0.000000
20
0.000000
66
1
0
VERTEX
8
ShapeString
10
6947.325500
20
2455.362200
70
0
0
VERTEX
8
ShapeString
10
6906.947282
20
2444.900595
70
0
0
VERTEX
8
ShapeString
10
6866.708105
20
2434.043121
70
0
0
VERTEX
8
ShapeString
10
6826.610567
20
2422.791432
70
0
0
VERTEX
8
ShapeString
10
6786.657264
20
2411.147182
70
0
0
VERTEX
8
ShapeString
10
6746.850790
20
2399.112024
70
0
0
VERTEX
8
ShapeString
10
6707.193743
20
2386.687611
70
0
0
VERTEX
8
ShapeString
10
6667.688718
20
2373.875599
70
0
0
VERTEX
8
ShapeString
10
6628.338311
20
2360.677639
70
0
0
VERTEX
8
ShapeString
10
6589.145119
20
2347.095386
70
0
0
VERTEX
8
ShapeString
10
6550.111736
20
2333.130494
70
0
0
VERTEX
8
ShapeString
10
6511.240760
20
2318.784617
70
0
0
VERTEX
8
ShapeString
10
6472.534786
20
2304.059407
70
0
0
VERTEX
8
ShapeString
10
6433.996410
20
2288.956519
70
0
0
VERTEX
8
ShapeString
10
6395.628228
20
2273.477606
70
0
0
VERTEX
8
ShapeString
10
6357.432837
20
2257.624322
70
0
0
VERTEX
8
ShapeString
10
6319.412831
20
2241.398321
70
0
0
VERTEX
8
ShapeString
10
6281.570808
20
2224.801256
70
0
0
VERTEX
8
ShapeString
10
6243.909363
20
2207.834782
70
0
0
VERTEX
8
ShapeString
10
6206.431092
20
2190.500551
70
0
0
VERTEX
8
ShapeString
10
6169.138591
20
2172.800217
70
0
0
VERTEX
8
ShapeString
10
6132.034456
20
2154.735435
70
0
0
VERTEX
8
ShapeString
10
6095.121283
20
2136.307857
70
0
0
VERTEX
8
ShapeString
10
6058.401669
20
2117.519138
70
0
0
VERTEX
8
ShapeString
10
6021.878208
20
2098.370931
70
0
0
VERTEX
8
ShapeString
10
5985.553497
20
2078.864890
70
0
0
VERTEX
8
ShapeString
10
5949.430133
20
2059.002669
70
0
0
VERTEX
8
ShapeString
10
5913.510710
20
2038.785920
70
0
0
VERTEX
8
ShapeString
10
5877.797826
20
2018.216299
70
0
0
VERTEX
8
ShapeString
10
5842.294076
20
1997.295458
70
0
0
VERTEX
8
ShapeString
10
5807.002055
20
1976.025051
70
0
0
VERTEX
8
ShapeString
10
5771.924361
20
1954.406733
70
0
0
VERTEX
8
ShapeString
10
5737.063588
20
1932.442155
70
0
0
VERTEX
8
ShapeString
10
5702.422334
20
1910.132974
70
0
0
VERTEX
8
ShapeString
10
5668.003194
20
1887.480841
70
0
0
VERTEX
8
ShapeString
10
5633.808763
20
1864.487411
70
0
0
VERTEX
8
ShapeString
10
5599.841639
20
1841.154337
70
0
0
VERTEX
8
ShapeString
10
5566.104416
20
1817.483273
70
0
0
VERTEX
8
ShapeString
10
5532.599692
20
1793.475873
70
0
0
VERTEX
8
ShapeString
10
5499.330061
20
1769.133791
70
0
0
VERTEX
8
ShapeString
10
5466.298120
20
1744.458679
70
0
0
VERTEX
8
ShapeString
10
5433.506465
20
1719.452192
70
0
0
VERTEX
8
ShapeString
10
5400.957693
20
1694.115984
70
0
0
VERTEX
8
ShapeString
10
5368.654398
20
1668.451708
70
0
0
VERTEX
8
ShapeString
10
5336.599177
20
1642.461017
70
0
0
VERTEX
8
ShapeString
10
5304.794625
20
1616.145566
70
0
0
VERTEX
8
ShapeString
10
5273.243340
20
1589.507008
70
0
0
VERTEX
8
ShapeString
10
5241.947917
20
1562.546998
70
0
0
VERTEX
8
ShapeString
10
5210.910951
20
1535.267187
70
0
0
VERTEX
8
ShapeString
10
5180.135039
20
1507.669231
70
0
0
VERTEX
8
ShapeString
10
5149.622778
20
1479.754783
70
0
0
VERTEX
8
ShapeString
10
5119.376762
20
1451.525496
70
0
0
VERTEX
8
ShapeString
10
5089.399587
20
1422.983025
70
0
0
VERTEX
8
ShapeString
10
5059.693851
20
1394.129022
70
0
0
VERTEX
8
ShapeString
10
5030.262148
20
1364.965143
70
0
0
VERTEX
8
ShapeString
10
5001.107076
20
1335.493039
70
0
0
VERTEX
8
ShapeString
10
4972.231229
20
1305.714366
70
0
0
VERTEX
8
ShapeString
10
4943.637203
20
1275.630776
70
0
0
VERTEX
8
ShapeString
10
4915.327596
20
1245.243924
70
0
0
VERTEX
8
ShapeString
10
4887.305002
20
1214.555462
70
0
0
VERTEX
8
ShapeString
10
4859.572018
20
1183.567046
70
0
0
VERTEX
8
ShapeString
10
4832.131240
20
1152.280327
70
0
0
VERTEX
8
ShapeString
10
4804.985264
20
1120.696961
70
0
0
VERTEX
8
ShapeString
10
4778.136685
20
1088.818601
70
0
0
VERTEX
8
ShapeString
10
4751.588100
20
1056.646900
70
0
0
SEQEND
8
ShapeString
0
POLYLINE
8
ShapeString
62
7
70
0
10
0.000000
20
0.000000
66
1
0
VERTEX
8
ShapeString
10
7084.862000
20
2003.384100
70
0
0
VERTEX
8
ShapeString
10
7048.113182
20
1994.083542
70
0
0
VERTEX
8
ShapeString
10
7011.492852
20
1984.413230
70
0
0
VERTEX
8
ShapeString
10
6975.003489
20
1974.374752
70
0
0
VERTEX
8
ShapeString
10
6938.647571
20
1963.969696
70
0
0
VERTEX
8
ShapeString
10
6902.427577
20
1953.199649
70
0
0
VERTEX
8
ShapeString
10
6866.345985
20
1942.066200
70
0
0
VERTEX
8
ShapeString
10
6830.405274
20
1930.570935
70
0
0
VERTEX
8
ShapeString
10
6794.607923
20
1918.715443
70
0
0
VERTEX
8
ShapeString
10
6758.956410
20
1906.501312
70
0
0
VERTEX
8
ShapeString
10
6723.453215
20
1893.930128
70
0
0
VERTEX
8
ShapeString
10
6688.100815
20
1881.003481
70
0
0
VERTEX
8
ShapeString
10
6652.901690
20
1867.722958
70
0
0
VERTEX
8
ShapeString
10
6617.858317
20
1854.090146
70
0
0
VERTEX
8
ShapeString
10
6582.973177
20
1840.106633
70
0
0
VERTEX
8
ShapeString
10
6548.248746
20
1825.774008
70
0
0
VERTEX
8
ShapeString
10
6513.687505
20
1811.093858
70
0
0
VERTEX
8
ShapeString
10
6479.291932
20
1796.067770
70
0
0
VERTEX
8
ShapeString
10
6445.064504
20
1780.697332
70
0
0
VERTEX
8
ShapeString
10
6411.007702
20
1764.984133
70
0
0
VERTEX
8
ShapeString
10
6377.124003
20
1748.929760
70
0
0
VERTEX
8
ShapeString
10
6343.415887
20
1732.535801
70
0
0
VERTEX
8
ShapeString
10
6309.885832
20
1715.803843
70
0
0
VERTEX
8
ShapeString
10
6276.536316
20
1698.735474
70
0
0
VERTEX
8
ShapeString
10
6243.369819
20
1681.332282
70
0
0
VERTEX
8
ShapeString
10
6210.388818
20
1663.595855
70
0
0
VERTEX
8
ShapeString
10
6177.595793
20
1645.527781
70
0
0
VERTEX
8
ShapeString
10
6144.993222
20
1627.129647
70
0
0
VERTEX
8
ShapeString
10
6112.583584
20
1608.403042
70
0
0
VERTEX
8
ShapeString
10
6080.369358
20
1589.349552
70
0
0
VERTEX
8
ShapeString
10
6048.353022
20
1569.970765
70
0
0
VERTEX
8
ShapeString
10
6016.537055
20
1550.268271
70
0
0
VERTEX
8
ShapeString
10
5984.923935
20
1530.243655
70
0
0
VERTEX
8
ShapeString
10
5953.516141
20
1509.898507
70
0
0
VERTEX
8
ShapeString
10
5922.316152
20
1489.234413
70
0
0
VERTEX
8
ShapeString
10
5891.326447
20
1468.252962
70
0
0
VERTEX
8
ShapeString
10
5860.549504
20
1446.955741
70
0
0
VERTEX
8
ShapeString
10
5829.987801
20
1425.344338
70
0
0
VERTEX
8
ShapeString
10
5799.643818
20
1403.420341
70
0
0
VERTEX
8
ShapeString
10
5769.520033
20
1381.185337
70
0
0
VERTEX
8
ShapeString
10
5739.618925
20
1358.640915
70
0
0
VERTEX
8
ShapeString
10
5709.942973
20
1335.788662
70
0
0
VERTEX
8
ShapeString
10
5680.494654
20
1312.630166
70
0
0
VERTEX
8
ShapeString
10
5651.276448
20
1289.167015
70
0
0
VERTEX
8
ShapeString
10
5622.290833
20
1265.400796
70
0
0
VERTEX
8
ShapeString
10
5593.540289
20
1241.333097
70
0
0
VERTEX
8
ShapeString
10
5565.027293
20
1216.965506
70
0
0
VERTEX
8
ShapeString
10
5536.754325
20
1192.299612
70
0
0
VERTEX
8
ShapeString
10
5508.723862
20
1167.337000
70
0
0
VERTEX
8
ShapeString
10
5480.938384
20
1142.079260
70
0
0
VERTEX
8
ShapeString
10
5453.400370
20
1116.527979
70
0
0
VERTEX
8
ShapeString
10
5426.112297
20
1090.684745
70
0
0
VERTEX
8
ShapeString
10
5399.076645
20
1064.551145
70
0
0
VERTEX
8
ShapeString
10
5372.295892
20
1038.128768
70
0
0
VERTEX
8
ShapeString
10
5345.772517
20
1011.419201
70
0
0
VERTEX
8
ShapeString
10
5319.508999
20
984.424032
70
0
0
VERTEX
8
ShapeString
10
5293.507816
20
957.144849
70
0
0
VERTEX
8
ShapeString
10
5267.771447
20
929.583239
70
0
0
VERTEX
8
ShapeString
10
5242.302371
20
901.740791
70
0
0
VERTEX
8
ShapeString
10
5217.103065
20
873.619091
70
0
0
VERTEX
8
ShapeString
10
5192.176010
20
845.219728
70
0
0
VERTEX
8
ShapeString
10
5167.523683
20
816.544290
70
0
0
VERTEX
8
ShapeString
10
5143.148563
20
787.594364
70
0
0
VERTEX
8
ShapeString
10
5119.053129
20
758.371538
70
0
0
VERTEX
8
ShapeString
10
5095.239860
20
728.877400
70
0
0
SEQEND
8
ShapeString
0
POLYLINE
8
ShapeString
62
7
70
0
10
0.000000
20
0.000000
66
1
0
VERTEX
8
ShapeString
10
4692.765000
20
924.971000
70
0
0
VERTEX
8
ShapeString
10
4692.190361
20
926.362208
70
0
0
VERTEX
8
ShapeString
10
4691.447293
20
927.648702
70
0
0
VERTEX
8
ShapeString
10
4690.550120
20
928.817876
70
0
0
VERTEX
8
ShapeString
10
4689.513162
20
929.857124
70
0
0
VERTEX
8
ShapeString
10
4688.350742
20
930.753837
70
0
0
VERTEX
8
ShapeString
10
4687.077181
20
931.495411
70
0
0
VERTEX
8
ShapeString
10
4685.706802
20
932.069238
70
0
0
VERTEX
8
ShapeString
10
4684.253926
20
932.462712
70
0
0
VERTEX
8
ShapeString
10
4682.761785
20
932.660664
70
0
0
VERTEX
8
ShapeString
10
4681.276115
20
932.660396
70
0
0
VERTEX
8
ShapeString
10
4679.814993
20
932.468008
70
0
0
VERTEX
8
ShapeString
10
4678.396500
20
932.089600
70
0
0
VERTEX
8
ShapeString
10
4677.038713
20
931.531271
70
0
0
VERTEX
8
ShapeString
10
4675.759711
20
930.799122
70
0
0
VERTEX
8
ShapeString
10
4674.577573
20
929.899253
70
0
0
VERTEX
8
ShapeString
10
4673.510376
20
928.837762
70
0
0
VERTEX
8
ShapeString
10
4672.592875
20
927.644506
70
0
0
VERTEX
8
ShapeString
10
4671.850271
20
926.357744
70
0
0
VERTEX
8
ShapeString
10
4671.286324
20
924.996181
70
0
0
VERTEX
8
ShapeString
10
4670.904788
20
923.578526
70
0
0
VERTEX
8
ShapeString
10
4670.709421
20
922.123484
70
0
0
VERTEX
8
ShapeString
10
4670.703980
20
920.649761
70
0
0
VERTEX
8
ShapeString
10
4670.892221
20
919.176064
70
0
0
VERTEX
8
ShapeString
10
4671.277900
20
917.721100
70
0
0
VERTEX
8
ShapeString
10
4672.226725
20
915.629546
70
0
0
VERTEX
8
ShapeString
10
4673.533176
20
913.824092
70
0
0
VERTEX
8
ShapeString
10
4675.139474
20
912.333364
70
0
0
VERTEX
8
ShapeString
10
4676.987840
20
911.185987
70
0
0
VERTEX
8
ShapeString
10
4679.020495
20
910.410586
70
0
0
VERTEX
8
ShapeString
10
4681.179659
20
910.035788
70
0
0
VERTEX
8
ShapeString
10
4683.407554
20
910.090217
70
0
0
VERTEX
8
ShapeString
10
4685.646400
20
910.602500
70
0
0
VERTEX
8
ShapeString
10
4687.737954
20
911.551325
70
0
0
VERTEX
8
ShapeString
10
4689.543408
20
912.857776
70
0
0
VERTEX
8
ShapeString
10
4691.034136
20
914.464074
70
0
0
VERTEX
8
ShapeString
10
4692.181514
20
916.312440
70
0
0
VERTEX
8
ShapeString
10
4692.956914
20
918.345095
70
0
0
VERTEX
8
ShapeString
10
4693.331713
20
920.504259
70
0
0
VERTEX
8
ShapeString
10
4693.277283
20
922.732154
70
0
0
VERTEX
8
ShapeString
10
4692.765000
20
924.971000
70
0
0
VERTEX
8
ShapeString
10
4692.765000
20
924.971000
70
0
0
SEQEND
8
ShapeString
0
POLYLINE
8
ShapeString
62
7
70
0
10
0.000000
20
0.000000
66
1
0
VERTEX
8
ShapeString
10
5035.414090
20
689.518300
70
0
0
VERTEX
8
ShapeString
10
5034.461919
20
691.603970
70
0
0
VERTEX
8
ShapeString
10
5033.153902
20
693.403813
70
0
0
VERTEX
8
ShapeString
10
5031.547573
20
694.889416
70
0
0
VERTEX
8
ShapeString
10
5029.700465
20
696.032368
70
0
0
VERTEX
8
ShapeString
10
5027.670112
20
696.804255
70
0
0
VERTEX
8
ShapeString
10
5025.514046
20
697.176667
70
0
0
VERTEX
8
ShapeString
10
5023.289801
20
697.121190
70
0
0
VERTEX
8
ShapeString
10
5021.054911
20
696.609413
70
0
0
VERTEX
8
ShapeString
10
5018.966814
20
695.662574
70
0
0
VERTEX
8
ShapeString
10
5017.163635
20
694.359160
70
0
0
VERTEX
8
ShapeString
10
5015.673932
20
692.756633
70
0
0
VERTEX
8
ShapeString
10
5014.526265
20
690.912451
70
0
0
VERTEX
8
ShapeString
10
5013.749192
20
688.884077
70
0
0
VERTEX
8
ShapeString
10
5013.371272
20
686.728970
70
0
0
VERTEX
8
ShapeString
10
5013.421065
20
684.504591
70
0
0
VERTEX
8
ShapeString
10
5013.927130
20
682.268400
70
0
0
VERTEX
8
ShapeString
10
5014.879301
20
680.182730
70
0
0
VERTEX
8
ShapeString
10
5016.187318
20
678.382887
70
0
0
VERTEX
8
ShapeString
10
5017.793647
20
676.897284
70
0
0
VERTEX
8
ShapeString
10
5019.640755
20
675.754332
70
0
0
VERTEX
8
ShapeString
10
5021.671108
20
674.982445
70
0
0
VERTEX
8
ShapeString
10
5023.827174
20
674.610033
70
0
0
VERTEX
8
ShapeString
10
5026.051419
20
674.665510
70
0
0
VERTEX
8
ShapeString
10
5028.286309
20
675.177287
70
0
0
VERTEX
8
ShapeString
10
5030.374406
20
676.124126
70
0
0
VERTEX
8
ShapeString
10
5032.177585
20
677.427540
70
0
0
VERTEX
8
ShapeString
10
5033.667288
20
679.030067
70
0
0
VERTEX
8
ShapeString
10
5034.814955
20
680.874249
70
0
0
VERTEX
8
ShapeString
10
5035.592028
20
682.902623
70
0
0
VERTEX
8
ShapeString
10
5035.969948
20
685.057730
70
0
0
VERTEX
8
ShapeString
10
5035.920155
20
687.282109
70
0
0
VERTEX
8
ShapeString
10
5035.414090
20
689.518300
70
0
0
VERTEX
8
ShapeString
10
5035.414090
20
689.518300
70
0
0
SEQEND
8
ShapeString
0
POLYLINE
8
ShapeString
62
7
70
0
10
0.000000
20
0.000000
66
1
0
VERTEX
8
ShapeString
10
4483.544800
20
570.497100
70
0
0
VERTEX
8
ShapeString
10
4482.970161
20
571.888308
70
0
0
VERTEX
8
ShapeString
10
4482.227093
20
573.174802
70
0
0
VERTEX
8
ShapeString
10
4481.329920
20
574.343976
70
0
0
VERTEX
8
ShapeString
10
4480.292962
20
575.383224
70
0
0
VERTEX
8
ShapeString
10
4479.130542
20
576.279937
70
0
0
VERTEX
8
ShapeString
10
4477.856981
20
577.021511
70
0
0
VERTEX
8
ShapeString
10
4476.486602
20
577.595338
70
0
0
VERTEX
8
ShapeString
10
4475.033726
20
577.988812
70
0
0
VERTEX
8
ShapeString
10
4473.541585
20
578.186764
70
0
0
VERTEX
8
ShapeString
10
4472.055915
20
578.186496
70
0
0
VERTEX
8
ShapeString
10
4470.594793
20
577.994108
70
0
0
VERTEX
8
ShapeString
10
4469.176300
20
577.615700
70
0
0
VERTEX
8
ShapeString
10
4467.818513
20
577.057371
70
0
0
VERTEX
8
ShapeString
10
4466.539511
20
576.325222
70
0
0
VERTEX
8
ShapeString
10
4465.357373
20
575.425353
70
0
0
VERTEX
8
ShapeString
10
4464.290176
20
574.363862
70
0
0
VERTEX
8
ShapeString
10
4463.372675
20
573.170606
70
0
0
VERTEX
8
ShapeString
10
4462.630071
20
571.883844
70
0
0
VERTEX
8
ShapeString
10
4462.066124
20
570.522281
70
0
0
VERTEX
8
ShapeString
10
4461.684588
20
569.104626
70
0
0
VERTEX
8
ShapeString
10
4461.489221
20
567.649584
70
0
0
VERTEX
8
ShapeString
10
4461.483780
20
566.175861
70
0
0
VERTEX
8
ShapeString
10
4461.672021
20
564.702164
70
0
0
VERTEX
8
ShapeString
10
4462.057700
20
563.247200
70
0
0
VERTEX
8
ShapeString
10
4462.632340
20
561.855992
70
0
0
VERTEX
8
ShapeString
10
4463.375407
20
560.569498
70
0
0
VERTEX
8
ShapeString
10
4464.272580
20
559.400324
70
0
0
VERTEX
8
ShapeString
10
4465.309538
20
558.361077
70
0
0
VERTEX
8
ShapeString
10
4466.471958
20
557.464363
70
0
0
VERTEX
8
ShapeString
10
4467.745519
20
556.722789
70
0
0
VERTEX
8
ShapeString
10
4469.115898
20
556.148962
70
0
0
VERTEX
8
ShapeString
10
4470.568774
20
555.755488
70
0
0
VERTEX
8
ShapeString
10
4472.060915
20
555.557536
70
0
0
VERTEX
8
ShapeString
10
4473.546586
20
555.557804
70
0
0
VERTEX
8
ShapeString
10
4475.007707
20
555.750192
70
0
0
VERTEX
8
ShapeString
10
4476.426200
20
556.128600
70
0
0
VERTEX
8
ShapeString
10
4477.783987
20
556.686929
70
0
0
VERTEX
8
ShapeString
10
4479.062989
20
557.419078
70
0
0
VERTEX
8
ShapeString
10
4480.245128
20
558.318948
70
0
0
VERTEX
8
ShapeString
10
4481.312324
20
559.380438
70
0
0
VERTEX
8
ShapeString
10
4482.229826
20
560.573694
70
0
0
VERTEX
8
ShapeString
10
4482.972429
20
561.860457
70
0
0
VERTEX
8
ShapeString
10
4483.536377
20
563.222019
70
0
0
VERTEX
8
ShapeString
10
4483.917912
20
564.639674
70
0
0
VERTEX
8
ShapeString
10
4484.113279
20
566.094716
70
0
0
VERTEX
8
ShapeString
10
4484.118720
20
567.568439
70
0
0
VERTEX
8
ShapeString
10
4483.930480
20
569.042136
70
0
0
VERTEX
8
ShapeString
10
4483.544800
20
570.497100
70
0
0
VERTEX
8
ShapeString
10
4483.544800
20
570.497100
70
0
0
SEQEND
8
ShapeString
0
POLYLINE
8
ShapeString
62
7
70
0
10
0.000000
20
0.000000
66
1
0
VERTEX
8
ShapeString
10
4326.652000
20
254.897800
70
0
0
VERTEX
8
ShapeString
10
4325.700836
20
256.985242
70
0
0
VERTEX
8
ShapeString
10
4324.393290
20
258.786775
70
0
0
VERTEX
8
ShapeString
10
4322.786970
20
260.273921
70
0
0
VERTEX
8
ShapeString
10
4320.939483
20
261.418205
70
0
0
VERTEX
8
ShapeString
10
4318.908437
20
262.191150
70
0
0
VERTEX
8
ShapeString
10
4316.751439
20
262.564280
70
0
0
VERTEX
8
ShapeString
10
4314.526096
20
262.509118
70
0
0
VERTEX
8
ShapeString
10
4312.290015
20
261.997188
70
0
0
VERTEX
8
ShapeString
10
4310.200878
20
261.049752
70
0
0
VERTEX
8
ShapeString
10
4308.397015
20
259.745424
70
0
0
VERTEX
8
ShapeString
10
4306.907003
20
258.141762
70
0
0
VERTEX
8
ShapeString
10
4305.759423
20
256.296321
70
0
0
VERTEX
8
ShapeString
10
4304.982854
20
254.266658
70
0
0
VERTEX
8
ShapeString
10
4304.605874
20
252.110329
70
0
0
VERTEX
8
ShapeString
10
4304.657063
20
249.884891
70
0
0
VERTEX
8
ShapeString
10
4305.165000
20
247.647900
70
0
0
VERTEX
8
ShapeString
10
4306.116164
20
245.560458
70
0
0
VERTEX
8
ShapeString
10
4307.423710
20
243.758925
70
0
0
VERTEX
8
ShapeString
10
4309.030030
20
242.271779
70
0
0
VERTEX
8
ShapeString
10
4310.877517
20
241.127495
70
0
0
VERTEX
8
ShapeString
10
4312.908563
20
240.354550
70
0
0
VERTEX
8
ShapeString
10
4315.065561
20
239.981420
70
0
0
VERTEX
8
ShapeString
10
4317.290904
20
240.036582
70
0
0
VERTEX
8
ShapeString
10
4319.526985
20
240.548512
70
0
0
VERTEX
8
ShapeString
10
4321.616122
20
241.495948
70
0
0
VERTEX
8
ShapeString
10
4323.419985
20
242.800276
70
0
0
VERTEX
8
ShapeString
10
4324.909997
20
244.403938
70
0
0
VERTEX
8
ShapeString
10
4326.057577
20
246.249379
70
0
0
VERTEX
8
ShapeString
10
4326.834146
20
248.279042
70
0
0
VERTEX
8
ShapeString
10
4327.211126
20
250.435371
70
0
0
VERTEX
8
ShapeString
10
4327.159937
20
252.660809
70
0
0
VERTEX
8
ShapeString
10
4326.652000
20
254.897800
70
0
0
VERTEX
8
ShapeString
10
4326.652000
20
254.897800
70
0
0
SEQEND
8
ShapeString
0
POLYLINE
8
ShapeString
62
7
70
0
10
0.000000
20
0.000000
66
1
0
VERTEX
8
ShapeString
10
4697.831600
20
96.439000
70
0
0
VERTEX
8
ShapeString
10
4696.881247
20
98.527877
70
0
0
VERTEX
8
ShapeString
10
4695.574080
20
100.330778
70
0
0
VERTEX
8
ShapeString
10
4693.967764
20
101.819174
70
0
0
VERTEX
8
ShapeString
10
4692.119968
20
102.964537
70
0
0
VERTEX
8
ShapeString
10
4690.088359
20
103.738339
70
0
0
VERTEX
8
ShapeString
10
4687.930602
20
104.112051
70
0
0
VERTEX
8
ShapeString
10
4685.704367
20
104.057146
70
0
0
VERTEX
8
ShapeString
10
4683.467320
20
103.545094
70
0
0
VERTEX
8
ShapeString
10
4681.377337
20
102.597175
70
0
0
VERTEX
8
ShapeString
10
4679.572915
20
101.292108
70
0
0
VERTEX
8
ShapeString
10
4678.082649
20
99.687527
70
0
0
VERTEX
8
ShapeString
10
4676.935134
20
97.841067
70
0
0
VERTEX
8
ShapeString
10
4676.158967
20
95.810360
70
0
0
VERTEX
8
ShapeString
10
4675.782742
20
93.653040
70
0
0
VERTEX
8
ShapeString
10
4675.835054
20
91.426742
70
0
0
VERTEX
8
ShapeString
10
4676.344500
20
89.189100
70
0
0
VERTEX
8
ShapeString
10
4677.294853
20
87.100223
70
0
0
VERTEX
8
ShapeString
10
4678.602020
20
85.297322
70
0
0
VERTEX
8
ShapeString
10
4680.208336
20
83.808926
70
0
0
VERTEX
8
ShapeString
10
4682.056132
20
82.663563
70
0
0
VERTEX
8
ShapeString
10
4684.087741
20
81.889761
70
0
0
VERTEX
8
ShapeString
10
4686.245498
20
81.516049
70
0
0
VERTEX
8
ShapeString
10
4688.471733
20
81.570954
70
0
0
VERTEX
8
ShapeString
10
4690.708780
20
82.083006
70
0
0
VERTEX
8
ShapeString
10
4692.798763
20
83.030925
70
0
0
VERTEX
8
ShapeString
10
4694.603185
20
84.335992
70
0
0
VERTEX
8
ShapeString
10
4696.093451
20
85.940573
70
0
0
VERTEX
8
ShapeString
10
4697.240966
20
87.787033
70
0
0
VERTEX
8
ShapeString
10
4698.017133
20
89.817740
70
0
0
VERTEX
8
ShapeString
10
4698.393358
20
91.975060
70
0
0
VERTEX
8
ShapeString
10
4698.341046
20
94.201358
70
0
0
VERTEX
8
ShapeString
10
4697.831600
20
96.439000
70
0
0
VERTEX
8
ShapeString
10
4697.831600
20
96.439000
70
0
0
SEQEND
8
ShapeString
0
POLYLINE
8
ShapeString
62
7
70
0
10
0.000000
20
0.000000
66
1
0
VERTEX
8
ShapeString
10
4942.875330
20
833.827800
70
0
0
VERTEX
8
ShapeString
10
4941.204162
20
838.395417
70
0
0
VERTEX
8
ShapeString
10
4939.324181
20
842.825205
70
0
0
VERTEX
8
ShapeString
10
4937.242910
20
847.113440
70
0
0
VERTEX
8
ShapeString
10
4934.967872
20
851.256393
70
0
0
VERTEX
8
ShapeString
10
4932.506590
20
855.250338
70
0
0
VERTEX
8
ShapeString
10
4929.866585
20
859.091549
70
0
0
VERTEX
8
ShapeString
10
4927.055381
20
862.776298
70
0
0
VERTEX
8
ShapeString
10
4924.080500
20
866.300859
70
0
0
VERTEX
8
ShapeString
10
4920.949466
20
869.661505
70
0
0
VERTEX
8
ShapeString
10
4917.669800
20
872.854510
70
0
0
VERTEX
8
ShapeString
10
4914.249026
20
875.876147
70
0
0
VERTEX
8
ShapeString
10
4910.694666
20
878.722689
70
0
0
VERTEX
8
ShapeString
10
4907.014243
20
881.390409
70
0
0
VERTEX
8
ShapeString
10
4903.215280
20
883.875581
70
0
0
VERTEX
8
ShapeString
10
4899.305299
20
886.174477
70
0
0
VERTEX
8
ShapeString
10
4895.291824
20
888.283372
70
0
0
VERTEX
8
ShapeString
10
4891.182375
20
890.198539
70
0
0
VERTEX
8
ShapeString
10
4886.984478
20
891.916250
70
0
0
VERTEX
8
ShapeString
10
4882.705653
20
893.432780
70
0
0
VERTEX
8
ShapeString
10
4878.353425
20
894.744400
70
0
0
VERTEX
8
ShapeString
10
4873.935315
20
895.847386
70
0
0
VERTEX
8
ShapeString
10
4869.458846
20
896.738009
70
0
0
VERTEX
8
ShapeString
10
4864.931541
20
897.412544
70
0
0
VERTEX
8
ShapeString
10
4860.360923
20
897.867263
70
0
0
VERTEX
8
ShapeString
10
4855.754514
20
898.098440
70
0
0
VERTEX
8
ShapeString
10
4851.119837
20
898.102348
70
0
0
VERTEX
8
ShapeString
10
4846.464415
20
897.875261
70
0
0
VERTEX
8
ShapeString
10
4841.795770
20
897.413451
70
0
0
VERTEX
8
ShapeString
10
4837.121426
20
896.713192
70
0
0
VERTEX
8
ShapeString
10
4832.448904
20
895.770758
70
0
0
VERTEX
8
ShapeString
10
4827.785728
20
894.582420
70
0
0
VERTEX
8
ShapeString
10
4823.139420
20
893.144454
70
0
0
VERTEX
8
ShapeString
10
4818.571720
20
891.473514
70
0
0
VERTEX
8
ShapeString
10
4814.141838
20
889.593754
70
0
0
VERTEX
8
ShapeString
10
4809.853500
20
887.512697
70
0
0
VERTEX
8
ShapeString
10
4805.710433
20
885.237865
70
0
0
VERTEX
8
ShapeString
10
4801.716366
20
882.776781
70
0
0
VERTEX
8
ShapeString
10
4797.875023
20
880.136968
70
0
0
VERTEX
8
ShapeString
10
4794.190134
20
877.325947
70
0
0
VERTEX
8
ShapeString
10
4790.665425
20
874.351242
70
0
0
VERTEX
8
ShapeString
10
4787.304622
20
871.220375
70
0
0
VERTEX
8
ShapeString
10
4784.111454
20
867.940869
70
0
0
VERTEX
8
ShapeString
10
4781.089647
20
864.520245
70
0
0
VERTEX
8
ShapeString
10
4778.242928
20
860.966028
70
0
0
VERTEX
8
ShapeString
10
4775.575025
20
857.285738
70
0
0
VERTEX
8
ShapeString
10
4773.089664
20
853.486898
70
0
0
VERTEX
8
ShapeString
10
4770.790572
20
849.577032
70
0
0
VERTEX
8
ShapeString
10
4768.681477
20
845.563661
70
0
0
VERTEX
8
ShapeString
10
4766.766106
20
841.454309
70
0
0
VERTEX
8
ShapeString
10
4765.048185
20
837.256496
70
0
0
VERTEX
8
ShapeString
10
4763.531443
20
832.977748
70
0
0
VERTEX
8
ShapeString
10
4762.219605
20
828.625584
70
0
0
VERTEX
8
ShapeString
10
4761.116399
20
824.207529
70
0
0
VERTEX
8
ShapeString
10
4760.225553
20
819.731105
70
0
0
VERTEX
8
ShapeString
10
4759.550793
20
815.203833
70
0
0
VERTEX
8
ShapeString
10
4759.095846
20
810.633238
70
0
0
VERTEX
8
ShapeString
10
4758.864439
20
806.026840
70
0
0
VERTEX
8
ShapeString
10
4758.860300
20
801.392164
70
0
0
VERTEX
8
ShapeString
10
4759.087156
20
796.736730
70
0
0
VERTEX
8
ShapeString
10
4759.548733
20
792.068063
70
0
0
VERTEX
8
ShapeString
10
4760.248759
20
787.393683
70
0
0
VERTEX
8
ShapeString
10
4761.190961
20
782.721115
70
0
0
VERTEX
8
ShapeString
10
4762.379065
20
778.057879
70
0
0
VERTEX
8
ShapeString
10
4763.816800
20
773.411500
70
0
0
VERTEX
8
ShapeString
10
4765.487968
20
768.843883
70
0
0
VERTEX
8
ShapeString
10
4767.367949
20
764.414095
70
0
0
VERTEX
8
ShapeString
10
4769.449220
20
760.125860
70
0
0
VERTEX
8
ShapeString
10
4771.724258
20
755.982907
70
0
0
VERTEX
8
ShapeString
10
4774.185540
20
751.988962
70
0
0
VERTEX
8
ShapeString
10
4776.825545
20
748.147751
70
0
0
VERTEX
8
ShapeString
10
4779.636749
20
744.463002
70
0
0
VERTEX
8
ShapeString
10
4782.611630
20
740.938441
70
0
0
VERTEX
8
ShapeString
10
4785.742664
20
737.577795
70
0
0
VERTEX
8
ShapeString
10
4789.022330
20
734.384790
70
0
0
VERTEX
8
ShapeString
10
4792.443104
20
731.363153
70
0
0
VERTEX
8
ShapeString
10
4795.997464
20
728.516611
70
0
0
VERTEX
8
ShapeString
10
4799.677887
20
725.848891
70
0
0
VERTEX
8
ShapeString
10
4803.476850
20
723.363719
70
0
0
VERTEX
8
ShapeString
10
4807.386831
20
721.064823
70
0
0
VERTEX
8
ShapeString
10
4811.400306
20
718.955928
70
0
0
VERTEX
8
ShapeString
10
4815.509755
20
717.040761
70
0
0
VERTEX
8
ShapeString
10
4819.707652
20
715.323050
70
0
0
VERTEX
8
ShapeString
10
4823.986477
20
713.806520
70
0
0
VERTEX
8
ShapeString
10
4828.338705
20
712.494900
70
0
0
VERTEX
8
ShapeString
10
4832.756815
20
711.391914
70
0
0
VERTEX
8
ShapeString
10
4837.233284
20
710.501291
70
0
0
VERTEX
8
ShapeString
10
4841.760589
20
709.826756
70
0
0
VERTEX
8
ShapeString
10
4846.331207
20
709.372037
70
0
0
VERTEX
8
ShapeString
10
4850.937616
20
709.140860
70
0
0
VERTEX
8
ShapeString
10
4855.572293
20
709.136952
70
0
0
VERTEX
8
ShapeString
10
4860.227715
20
709.364039
70
0
0
VERTEX
8
ShapeString
10
4864.896360
20
709.825849
70
0
0
VERTEX
8
ShapeString
10
4869.570704
20
710.526108
70
0
0
VERTEX
8
ShapeString
10
4874.243226
20
711.468542
70
0
0
VERTEX
8
ShapeString
10
4878.906402
20
712.656880
70
0
0
VERTEX
8
ShapeString
10
4883.552710
20
714.094846
70
0
0
VERTEX
8
ShapeString
10
4888.120410
20
715.765786
70
0
0
VERTEX
8
ShapeString
10
4892.550292
20
717.645546
70
0
0
VERTEX
8
ShapeString
10
4896.838630
20
719.726603
70
0
0
VERTEX
8
ShapeString
10
4900.981697
20
722.001435
70
0
0
VERTEX
8
ShapeString
10
4904.975764
20
724.462519
70
0
0
VERTEX
8
ShapeString
10
4908.817107
20
727.102332
70
0
0
VERTEX
8
ShapeString
10
4912.501996
20
729.913353
70
0
0
VERTEX
8
ShapeString
10
4916.026705
20
732.888058
70
0
0
VERTEX
8
ShapeString
10
4919.387508
20
736.018925
70
0
0
VERTEX
8
ShapeString
10
4922.580676
20
739.298431
70
0
0
VERTEX
8
ShapeString
10
4925.602483
20
742.719055
70
0
0
VERTEX
8
ShapeString
10
4928.449202
20
746.273272
70
0
0
VERTEX
8
ShapeString
10
4931.117105
20
749.953562
70
0
0
VERTEX
8
ShapeString
10
4933.602466
20
753.752402
70
0
0
VERTEX
8
ShapeString
10
4935.901558
20
757.662268
70
0
0
VERTEX
8
ShapeString
10
4938.010653
20
761.675639
70
0
0
VERTEX
8
ShapeString
10
4939.926024
20
765.784991
70
0
0
VERTEX
8
ShapeString
10
4941.643945
20
769.982804
70
0
0
VERTEX
8
ShapeString
10
4943.160687
20
774.261552
70
0
0
VERTEX
8
ShapeString
10
4944.472525
20
778.613716
70
0
0
VERTEX
8
ShapeString
10
4945.575731
20
783.031771
70
0
0
VERTEX
8
ShapeString
10
4946.466577
20
787.508195
70
0
0
VERTEX
8
ShapeString
10
4947.141337
20
792.035467
70
0
0
VERTEX
8
ShapeString
10
4947.596284
20
796.606062
70
0
0
VERTEX
8
ShapeString
10
4947.827691
20
801.212460
70
0
0
VERTEX
8
ShapeString
10
4947.831830
20
805.847136
70
0
0
VERTEX
8
ShapeString
10
4947.604974
20
810.502570
70
0
0
VERTEX
8
ShapeString
10
4947.143397
20
815.171237
70
0
0
VERTEX
8
ShapeString
10
4946.443371
20
819.845617
70
0
0
VERTEX
8
ShapeString
10
4945.501169
20
824.518185
70
0
0
VERTEX
8
ShapeString
10
4944.313065
20
829.181421
70
0
0
VERTEX
8
ShapeString
10
4942.875330
20
833.827800
70
0
0
VERTEX
8
ShapeString
10
4942.875330
20
833.827800
70
0
0
SEQEND
8
ShapeString
0
POLYLINE
8
ShapeString
62
7
70
0
10
0.000000
20
0.000000
66
1
0
VERTEX
8
ShapeString
10
4751.588100
20
1056.646900
70
0
0
VERTEX
8
ShapeString
10
4739.692760
20
1041.960580
70
0
0
VERTEX
8
ShapeString
10
4727.920406
20
1027.178373
70
0
0
VERTEX
8
ShapeString
10
4716.271596
20
1012.301065
70
0
0
VERTEX
8
ShapeString
10
4704.746891
20
997.329441
70
0
0
VERTEX
8
ShapeString
10
4693.346850
20
982.264287
70
0
0
VERTEX
8
ShapeString
10
4682.072032
20
967.106387
70
0
0
VERTEX
8
ShapeString
10
4670.922996
20
951.856528
70
0
0
VERTEX
8
ShapeString
10
4659.900303
20
936.515494
70
0
0
VERTEX
8
ShapeString
10
4649.004511
20
921.084072
70
0
0
VERTEX
8
ShapeString
10
4638.236180
20
905.563046
70
0
0
VERTEX
8
ShapeString
10
4627.595869
20
889.953202
70
0
0
VERTEX
8
ShapeString
10
4617.084138
20
874.255325
70
0
0
VERTEX
8
ShapeString
10
4606.701546
20
858.470201
70
0
0
VERTEX
8
ShapeString
10
4596.448653
20
842.598616
70
0
0
VERTEX
8
ShapeString
10
4586.326018
20
826.641353
70
0
0
VERTEX
8
ShapeString
10
4576.334200
20
810.599200
70
0
0
SEQEND
8
ShapeString
0
POLYLINE
8
ShapeString
62
7
70
0
10
0.000000
20
0.000000
66
1
0
VERTEX
8
ShapeString
10
5095.239860
20
728.877400
70
0
0
VERTEX
8
ShapeString
10
5083.518510
20
714.064001
70
0
0
VERTEX
8
ShapeString
10
5071.937339
20
699.142330
70
0
0
VERTEX
8
ShapeString
10
5060.497086
20
684.113391
70
0
0
VERTEX
8
ShapeString
10
5049.198491
20
668.978183
70
0
0
VERTEX
8
ShapeString
10
5038.042296
20
653.737708
70
0
0
VERTEX
8
ShapeString
10
5027.029241
20
638.392968
70
0
0
VERTEX
8
ShapeString
10
5016.160065
20
622.944965
70
0
0
VERTEX
8
ShapeString
10
5005.435510
20
607.394700
70
0
0
SEQEND
8
ShapeString
0
POLYLINE
8
ShapeString
62
7
70
0
10
0.000000
20
0.000000
66
1
0
VERTEX
8
ShapeString
10
5005.435510
20
607.394700
70
0
0
VERTEX
8
ShapeString
10
4983.064330
20
574.195316
70
0
0
VERTEX
8
ShapeString
10
4961.106614
20
540.733580
70
0
0
VERTEX
8
ShapeString
10
4939.564517
20
507.013424
70
0
0
VERTEX
8
ShapeString
10
4918.440193
20
473.038781
70
0
0
VERTEX
8
ShapeString
10
4897.735797
20
438.813581
70
0
0
VERTEX
8
ShapeString
10
4877.453483
20
404.341759
70
0
0
VERTEX
8
ShapeString
10
4857.595406
20
369.627245
70
0
0
VERTEX
8
ShapeString
10
4838.163721
20
334.673971
70
0
0
VERTEX
8
ShapeString
10
4819.160582
20
299.485871
70
0
0
VERTEX
8
ShapeString
10
4800.588145
20
264.066875
70
0
0
VERTEX
8
ShapeString
10
4782.448563
20
228.420916
70
0
0
VERTEX
8
ShapeString
10
4764.743991
20
192.551926
70
0
0
VERTEX
8
ShapeString
10
4747.476584
20
156.463838
70
0
0
VERTEX
8
ShapeString
10
4730.648497
20
120.160582
70
0
0
VERTEX
8
ShapeString
10
4714.261884
20
83.646093
70
0
0
VERTEX
8
ShapeString
10
4698.318900
20
46.924300
70
0
0
SEQEND
8
ShapeString
0
POLYLINE
8
ShapeString
62
7
70
0
10
0.000000
20
0.000000
66
1
0
VERTEX
8
ShapeString
10
4274.999000
20
227.644500
70
0
0
VERTEX
8
ShapeString
10
4698.321600
20
46.927500
70
0
0
SEQEND
8
ShapeString
0
POLYLINE
8
ShapeString
62
7
70
0
10
0.000000
20
0.000000
66
1
0
VERTEX
8
ShapeString
10
4576.334200
20
810.599200
70
0
0
VERTEX
8
ShapeString
10
4554.931153
20
775.547138
70
0
0
VERTEX
8
ShapeString
10
4533.864789
20
740.299237
70
0
0
VERTEX
8
ShapeString
10
4513.136377
20
704.857955
70
0
0
VERTEX
8
ShapeString
10
4492.747189
20
669.225749
70
0
0
VERTEX
8
ShapeString
10
4472.698495
20
633.405079
70
0
0
VERTEX
8
ShapeString
10
4452.991565
20
597.398402
70
0
0
VERTEX
8
ShapeString
10
4433.627672
20
561.208176
70
0
0
VERTEX
8
ShapeString
10
4414.608085
20
524.836861
70
0
0
VERTEX
8
ShapeString
10
4395.934074
20
488.286915
70
0
0
VERTEX
8
ShapeString
10
4377.606912
20
451.560795
70
0
0
VERTEX
8
ShapeString
10
4359.627868
20
414.660960
70
0
0
VERTEX
8
ShapeString
10
4341.998213
20
377.589868
70
0
0
VERTEX
8
ShapeString
10
4324.719218
20
340.349978
70
0
0
VERTEX
8
ShapeString
10
4307.792154
20
302.943748
70
0
0
VERTEX
8
ShapeString
10
4291.218291
20
265.373636
70
0
0
VERTEX
8
ShapeString
10
4274.998900
20
227.642100
70
0
0
SEQEND
8
ShapeString
0
POLYLINE
8
ShapeString
62
7
70
0
10
0.000000
20
0.000000
66
1
0
VERTEX
8
ShapeString
10
3439.543800
20
2633.397800
70
0
0
VERTEX
8
ShapeString
10
3439.444087
20
2634.899706
70
0
0
VERTEX
8
ShapeString
10
3439.151309
20
2636.356241
70
0
0
VERTEX
8
ShapeString
10
3438.675005
20
2637.750880
70
0
0
VERTEX
8
ShapeString
10
3438.024716
20
2639.067100
70
0
0
VERTEX
8
ShapeString
10
3437.209980
20
2640.288377
70
0
0
VERTEX
8
ShapeString
10
3436.240339
20
2641.398188
70
0
0
VERTEX
8
ShapeString
10
3435.125333
20
2642.380009
70
0
0
VERTEX
8
ShapeString
10
3433.874500
20
2643.217316
70
0
0
VERTEX
8
ShapeString
10
3432.523955
20
2643.881915
70
0
0
VERTEX
8
ShapeString
10
3431.116170
20
2644.356629
70
0
0
VERTEX
8
ShapeString
10
3429.670225
20
2644.641457
70
0
0
VERTEX
8
ShapeString
10
3428.205200
20
2644.736400
70
0
0
VERTEX
8
ShapeString
10
3426.740175
20
2644.641457
70
0
0
VERTEX
8
ShapeString
10
3425.294230
20
2644.356629
70
0
0
VERTEX
8
ShapeString
10
3423.886445
20
2643.881915
70
0
0
VERTEX
8
ShapeString
10
3422.535900
20
2643.217316
70
0
0
VERTEX
8
ShapeString
10
3421.285067
20
2642.380009
70
0
0
VERTEX
8
ShapeString
10
3420.170061
20
2641.398188
70
0
0
VERTEX
8
ShapeString
10
3419.200420
20
2640.288377
70
0
0
VERTEX
8
ShapeString
10
3418.385684
20
2639.067100
70
0
0
VERTEX
8
ShapeString
10
3417.735395
20
2637.750880
70
0
0
VERTEX
8
ShapeString
10
3417.259091
20
2636.356241
70
0
0
VERTEX
8
ShapeString
10
3416.966313
20
2634.899706
70
0
0
VERTEX
8
ShapeString
10
3416.866600
20
2633.397800
70
0
0
VERTEX
8
ShapeString
10
3416.966313
20
2631.895894
70
0
0
VERTEX
8
ShapeString
10
3417.259091
20
2630.439359
70
0
0
VERTEX
8
ShapeString
10
3417.735395
20
2629.044720
70
0
0
VERTEX
8
ShapeString
10
3418.385684
20
2627.728500
70
0
0
VERTEX
8
ShapeString
10
3419.200420
20
2626.507223
70
0
0
VERTEX
8
ShapeString
10
3420.170061
20
2625.397412
70
0
0
VERTEX
8
ShapeString
10
3421.285067
20
2624.415591
70
0
0
VERTEX
8
ShapeString
10
3422.535900
20
2623.578284
70
0
0
VERTEX
8
ShapeString
10
3423.886445
20
2622.913685
70
0
0
VERTEX
8
ShapeString
10
3425.294230
20
2622.438971
70
0
0
VERTEX
8
ShapeString
10
3426.740175
20
2622.154143
70
0
0
VERTEX
8
ShapeString
10
3428.205200
20
2622.059200
70
0
0
VERTEX
8
ShapeString
10
3429.670225
20
2622.154143
70
0
0
VERTEX
8
ShapeString
10
3431.116170
20
2622.438971
70
0
0
VERTEX
8
ShapeString
10
3432.523955
20
2622.913685
70
0
0
VERTEX
8
ShapeString
10
3433.874500
20
2623.578284
70
0
0
VERTEX
8
ShapeString
10
3435.125333
20
2624.415591
70
0
0
VERTEX
8
ShapeString
10
3436.240339
20
2625.397412
70
0
0
VERTEX
8
ShapeString
10
3437.209980
20
2626.507223
70
0
0
VERTEX
8
ShapeString
10
3438.024716
20
2627.728500
70
0
0
VERTEX
8
ShapeString
10
3438.675005
20
2629.044720
70
0
0
VERTEX
8
ShapeString
10
3439.151309
20
2630.439359
70
0
0
VERTEX
8
ShapeString
10
3439.444087
20
2631.895894
70
0
0
VERTEX
8
ShapeString
10
3439.543800
20
2633.397800
70
0
0
VERTEX
8
ShapeString
10
3439.543800
20
2633.397800
70
0
0
SEQEND
8
ShapeString
0
POLYLINE
8
ShapeString
62
7
70
0
10
0.000000
20
0.000000
66
1
0
VERTEX
8
ShapeString
10
3688.935200
20
2300.756300
70
0
0
VERTEX
8
ShapeString
10
3688.835487
20
2302.258206
70
0
0
VERTEX
8
ShapeString
10
3688.542709
20
2303.714741
70
0
0
VERTEX
8
ShapeString
10
3688.066405
20
2305.109380
70
0
0
VERTEX
8
ShapeString
10
3687.416116
20
2306.425600
70
0
0
VERTEX
8
ShapeString
10
3686.601380
20
2307.646877
70
0
0
VERTEX
8
ShapeString
10
3685.631739
20
2308.756688
70
0
0
VERTEX
8
ShapeString
10
3684.516733
20
2309.738509
70
0
0
VERTEX
8
ShapeString
10
3683.265900
20
2310.575816
70
0
0
VERTEX
8
ShapeString
10
3681.915355
20
2311.240415
70
0
0
VERTEX
8
ShapeString
10
3680.507570
20
2311.715129
70
0
0
VERTEX
8
ShapeString
10
3679.061625
20
2311.999957
70
0
0
VERTEX
8
ShapeString
10
3677.596600
20
2312.094900
70
0
0
VERTEX
8
ShapeString
10
3676.131575
20
2311.999957
70
0
0
VERTEX
8
ShapeString
10
3674.685630
20
2311.715129
70
0
0
VERTEX
8
ShapeString
10
3673.277845
20
2311.240415
70
0
0
VERTEX
8
ShapeString
10
3671.927300
20
2310.575816
70
0
0
VERTEX
8
ShapeString
10
3670.676467
20
2309.738509
70
0
0
VERTEX
8
ShapeString
10
3669.561461
20
2308.756688
70
0
0
VERTEX
8
ShapeString
10
3668.591820
20
2307.646877
70
0
0
VERTEX
8
ShapeString
10
3667.777084
20
2306.425600
70
0
0
VERTEX
8
ShapeString
10
3667.126795
20
2305.109380
70
0
0
VERTEX
8
ShapeString
10
3666.650491
20
2303.714741
70
0
0
VERTEX
8
ShapeString
10
3666.357713
20
2302.258206
70
0
0
VERTEX
8
ShapeString
10
3666.258000
20
2300.756300
70
0
0
VERTEX
8
ShapeString
10
3666.357713
20
2299.254394
70
0
0
VERTEX
8
ShapeString
10
3666.650491
20
2297.797859
70
0
0
VERTEX
8
ShapeString
10
3667.126795
20
2296.403220
70
0
0
VERTEX
8
ShapeString
10
3667.777084
20
2295.087000
70
0
0
VERTEX
8
ShapeString
10
3668.591820
20
2293.865723
70
0
0
VERTEX
8
ShapeString
10
3669.561461
20
2292.755912
70
0
0
VERTEX
8
ShapeString
10
3670.676467
20
2291.774091
70
0
0
VERTEX
8
ShapeString
10
3671.927300
20
2290.936784
70
0
0
VERTEX
8
ShapeString
10
3673.277845
20
2290.272185
70
0
0
VERTEX
8
ShapeString
10
3674.685630
20
2289.797471
70
0
0
VERTEX
8
ShapeString
10
3676.131575
20
2289.512643
70
0
0
VERTEX
8
ShapeString
10
3677.596600
20
2289.417700
70
0
0
VERTEX
8
ShapeString
10
3679.061625
20
2289.512643
70
0
0
VERTEX
8
ShapeString
10
3680.507570
20
2289.797471
70
0
0
VERTEX
8
ShapeString
10
3681.915355
20
2290.272185
70
0
0
VERTEX
8
ShapeString
10
3683.265900
20
2290.936784
70
0
0
VERTEX
8
ShapeString
10
3684.516733
20
2291.774091
70
0
0
VERTEX
8
ShapeString
10
3685.631739
20
2292.755912
70
0
0
VERTEX
8
ShapeString
10
3686.601380
20
2293.865723
70
0
0
VERTEX
8
ShapeString
10
3687.416116
20
2295.087000
70
0
0
VERTEX
8
ShapeString
10
3688.066405
20
2296.403220
70
0
0
VERTEX
8
ShapeString
10
3688.542709
20
2297.797859
70
0
0
VERTEX
8
ShapeString
10
3688.835487
20
2299.254394
70
0
0
VERTEX
8
ShapeString
10
3688.935200
20
2300.756300
70
0
0
VERTEX
8
ShapeString
10
3688.935200
20
2300.756300
70
0
0
SEQEND
8
ShapeString
0
POLYLINE
8
ShapeString
62
7
70
0
10
0.000000
20
0.000000
66
1
0
VERTEX
8
ShapeString
10
4706.164000
20
3210.522400
70
0
0
VERTEX
8
ShapeString
10
4706.064287
20
3212.024306
70
0
0
VERTEX
8
ShapeString
10
4705.771509
20
3213.480841
70
0
0
VERTEX
8
ShapeString
10
4705.295205
20
3214.875480
70
0
0
VERTEX
8
ShapeString
10
4704.644916
20
3216.191700
70
0
0
VERTEX
8
ShapeString
10
4703.830180
20
3217.412977
70
0
0
VERTEX
8
ShapeString
10
4702.860539
20
3218.522788
70
0
0
VERTEX
8
ShapeString
10
4701.745533
20
3219.504609
70
0
0
VERTEX
8
ShapeString
10
4700.494700
20
3220.341916
70
0
0
VERTEX
8
ShapeString
10
4699.144155
20
3221.006515
70
0
0
VERTEX
8
ShapeString
10
4697.736370
20
3221.481229
70
0
0
VERTEX
8
ShapeString
10
4696.290425
20
3221.766057
70
0
0
VERTEX
8
ShapeString
10
4694.825400
20
3221.861000
70
0
0
VERTEX
8
ShapeString
10
4693.360375
20
3221.766057
70
0
0
VERTEX
8
ShapeString
10
4691.914430
20
3221.481229
70
0
0
VERTEX
8
ShapeString
10
4690.506645
20
3221.006515
70
0
0
VERTEX
8
ShapeString
10
4689.156100
20
3220.341916
70
0
0
VERTEX
8
ShapeString
10
4687.905267
20
3219.504609
70
0
0
VERTEX
8
ShapeString
10
4686.790261
20
3218.522788
70
0
0
VERTEX
8
ShapeString
10
4685.820620
20
3217.412977
70
0
0
VERTEX
8
ShapeString
10
4685.005884
20
3216.191700
70
0
0
VERTEX
8
ShapeString
10
4684.355595
20
3214.875480
70
0
0
VERTEX
8
ShapeString
10
4683.879291
20
3213.480841
70
0
0
VERTEX
8
ShapeString
10
4683.586513
20
3212.024306
70
0
0
VERTEX
8
ShapeString
10
4683.486800
20
3210.522400
70
0
0
VERTEX
8
ShapeString
10
4683.586513
20
3209.020494
70
0
0
VERTEX
8
ShapeString
10
4683.879291
20
3207.563959
70
0
0
VERTEX
8
ShapeString
10
4684.355595
20
3206.169320
70
0
0
VERTEX
8
ShapeString
10
4685.005884
20
3204.853100
70
0
0
VERTEX
8
ShapeString
10
4685.820620
20
3203.631823
70
0
0
VERTEX
8
ShapeString
10
4686.790261
20
3202.522012
70
0
0
VERTEX
8
ShapeString
10
4687.905267
20
3201.540191
70
0
0
VERTEX
8
ShapeString
10
4689.156100
20
3200.702884
70
0
0
VERTEX
8
ShapeString
10
4690.506645
20
3200.038285
70
0
0
VERTEX
8
ShapeString
10
4691.914430
20
3199.563571
70
0
0
VERTEX
8
ShapeString
10
4693.360375
20
3199.278743
70
0
0
VERTEX
8
ShapeString
10
4694.825400
20
3199.183800
70
0
0
VERTEX
8
ShapeString
10
4696.290425
20
3199.278743
70
0
0
VERTEX
8
ShapeString
10
4697.736370
20
3199.563571
70
0
0
VERTEX
8
ShapeString
10
4699.144155
20
3200.038285
70
0
0
VERTEX
8
ShapeString
10
4700.494700
20
3200.702884
70
0
0
VERTEX
8
ShapeString
10
4701.745533
20
3201.540191
70
0
0
VERTEX
8
ShapeString
10
4702.860539
20
3202.522012
70
0
0
VERTEX
8
ShapeString
10
4703.830180
20
3203.631823
70
0
0
VERTEX
8
ShapeString
10
4704.644916
20
3204.853100
70
0
0
VERTEX
8
ShapeString
10
4705.295205
20
3206.169320
70
0
0
VERTEX
8
ShapeString
10
4705.771509
20
3207.563959
70
0
0
VERTEX
8
ShapeString
10
4706.064287
20
3209.020494
70
0
0
VERTEX
8
ShapeString
10
4706.164000
20
3210.522400
70
0
0
VERTEX
8
ShapeString
10
4706.164000
20
3210.522400
70
0
0
SEQEND
8
ShapeString
0
POLYLINE
8
ShapeString
62
7
70
0
10
0.000000
20
0.000000
66
1
0
VERTEX
8
ShapeString
10
4808.009390
20
2807.441800
70
0
0
VERTEX
8
ShapeString
10
4807.909677
20
2808.943706
70
0
0
VERTEX
8
ShapeString
10
4807.616899
20
2810.400241
70
0
0
VERTEX
8
ShapeString
10
4807.140595
20
2811.794880
70
0
0
VERTEX
8
ShapeString
10
4806.490306
20
2813.111100
70
0
0
VERTEX
8
ShapeString
10
4805.675570
20
2814.332377
70
0
0
VERTEX
8
ShapeString
10
4804.705929
20
2815.442188
70
0
0
VERTEX
8
ShapeString
10
4803.590923
20
2816.424009
70
0
0
VERTEX
8
ShapeString
10
4802.340090
20
2817.261316
70
0
0
VERTEX
8
ShapeString
10
4800.989545
20
2817.925915
70
0
0
VERTEX
8
ShapeString
10
4799.581760
20
2818.400629
70
0
0
VERTEX
8
ShapeString
10
4798.135815
20
2818.685457
70
0
0
VERTEX
8
ShapeString
10
4796.670790
20
2818.780400
70
0
0
VERTEX
8
ShapeString
10
4795.205765
20
2818.685457
70
0
0
VERTEX
8
ShapeString
10
4793.759820
20
2818.400629
70
0
0
VERTEX
8
ShapeString
10
4792.352035
20
2817.925915
70
0
0
VERTEX
8
ShapeString
10
4791.001490
20
2817.261316
70
0
0
VERTEX
8
ShapeString
10
4789.750657
20
2816.424009
70
0
0
VERTEX
8
ShapeString
10
4788.635651
20
2815.442188
70
0
0
VERTEX
8
ShapeString
10
4787.666010
20
2814.332377
70
0
0
VERTEX
8
ShapeString
10
4786.851274
20
2813.111100
70
0
0
VERTEX
8
ShapeString
10
4786.200985
20
2811.794880
70
0
0
VERTEX
8
ShapeString
10
4785.724681
20
2810.400241
70
0
0
VERTEX
8
ShapeString
10
4785.431903
20
2808.943706
70
0
0
VERTEX
8
ShapeString
10
4785.332190
20
2807.441800
70
0
0
VERTEX
8
ShapeString
10
4785.431903
20
2805.939894
70
0
0
VERTEX
8
ShapeString
10
4785.724681
20
2804.483359
70
0
0
VERTEX
8
ShapeString
10
4786.200985
20
2803.088720
70
0
0
VERTEX
8
ShapeString
10
4786.851274
20
2801.772500
70
0
0
VERTEX
8
ShapeString
10
4787.666010
20
2800.551223
70
0
0
VERTEX
8
ShapeString
10
4788.635651
20
2799.441412
70
0
0
VERTEX
8
ShapeString
10
4789.750657
20
2798.459591
70
0
0
VERTEX
8
ShapeString
10
4791.001490
20
2797.622284
70
0
0
VERTEX
8
ShapeString
10
4792.352035
20
2796.957685
70
0
0
VERTEX
8
ShapeString
10
4793.759820
20
2796.482971
70
0
0
VERTEX
8
ShapeString
10
4795.205765
20
2796.198143
70
0
0
VERTEX
8
ShapeString
10
4796.670790
20
2796.103200
70
0
0
VERTEX
8
ShapeString
10
4798.135815
20
2796.198143
70
0
0
VERTEX
8
ShapeString
10
4799.581760
20
2796.482971
70
0
0
VERTEX
8
ShapeString
10
4800.989545
20
2796.957685
70
0
0
VERTEX
8
ShapeString
10
4802.340090
20
2797.622284
70
0
0
VERTEX
8
ShapeString
10
4803.590923
20
2798.459591
70
0
0
VERTEX
8
ShapeString
10
4804.705929
20
2799.441412
70
0
0
VERTEX
8
ShapeString
10
4805.675570
20
2800.551223
70
0
0
VERTEX
8
ShapeString
10
4806.490306
20
2801.772500
70
0
0
VERTEX
8
ShapeString
10
4807.140595
20
2803.088720
70
0
0
VERTEX
8
ShapeString
10
4807.616899
20
2804.483359
70
0
0
VERTEX
8
ShapeString
10
4807.909677
20
2805.939894
70
0
0
VERTEX
8
ShapeString
10
4808.009390
20
2807.441800
70
0
0
VERTEX
8
ShapeString
10
4808.009390
20
2807.441800
70
0
0
SEQEND
8
ShapeString
0
POLYLINE
8
ShapeString
62
7
70
0
10
0.000000
20
0.000000
66
1
0
VERTEX
8
ShapeString
10
6271.589490
20
3174.312400
70
0
0
VERTEX
8
ShapeString
10
6271.489777
20
3175.814306
70
0
0
VERTEX
8
ShapeString
10
6271.196999
20
3177.270841
70
0
0
VERTEX
8
ShapeString
10
6270.720695
20
3178.665480
70
0
0
VERTEX
8
ShapeString
10
6270.070406
20
3179.981700
70
0
0
VERTEX
8
ShapeString
10
6269.255670
20
3181.202977
70
0
0
VERTEX
8
ShapeString
10
6268.286029
20
3182.312788
70
0
0
VERTEX
8
ShapeString
10
6267.171023
20
3183.294609
70
0
0
VERTEX
8
ShapeString
10
6265.920190
20
3184.131916
70
0
0
VERTEX
8
ShapeString
10
6264.569645
20
3184.796515
70
0
0
VERTEX
8
ShapeString
10
6263.161860
20
3185.271229
70
0
0
VERTEX
8
ShapeString
10
6261.715915
20
3185.556057
70
0
0
VERTEX
8
ShapeString
10
6260.250890
20
3185.651000
70
0
0
VERTEX
8
ShapeString
10
6258.785865
20
3185.556057
70
0
0
VERTEX
8
ShapeString
10
6257.339920
20
3185.271229
70
0
0
VERTEX
8
ShapeString
10
6255.932135
20
3184.796515
70
0
0
VERTEX
8
ShapeString
10
6254.581590
20
3184.131916
70
0
0
VERTEX
8
ShapeString
10
6253.330757
20
3183.294609
70
0
0
VERTEX
8
ShapeString
10
6252.215751
20
3182.312788
70
0
0
VERTEX
8
ShapeString
10
6251.246110
20
3181.202977
70
0
0
VERTEX
8
ShapeString
10
6250.431374
20
3179.981700
70
0
0
VERTEX
8
ShapeString
10
6249.781085
20
3178.665480
70
0
0
VERTEX
8
ShapeString
10
6249.304781
20
3177.270841
70
0
0
VERTEX
8
ShapeString
10
6249.012003
20
3175.814306
70
0
0
VERTEX
8
ShapeString
10
6248.912290
20
3174.312400
70
0
0
VERTEX
8
ShapeString
10
6249.012003
20
3172.810494
70
0
0
VERTEX
8
ShapeString
10
6249.304781
20
3171.353959
70
0
0
VERTEX
8
ShapeString
10
6249.781085
20
3169.959320
70
0
0
VERTEX
8
ShapeString
10
6250.431374
20
3168.643100
70
0
0
VERTEX
8
ShapeString
10
6251.246110
20
3167.421823
70
0
0
VERTEX
8
ShapeString
10
6252.215751
20
3166.312012
70
0
0
VERTEX
8
ShapeString
10
6253.330757
20
3165.330191
70
0
0
VERTEX
8
ShapeString
10
6254.581590
20
3164.492884
70
0
0
VERTEX
8
ShapeString
10
6255.932135
20
3163.828285
70
0
0
VERTEX
8
ShapeString
10
6257.339920
20
3163.353571
70
0
0
VERTEX
8
ShapeString
10
6258.785865
20
3163.068743
70
0
0
VERTEX
8
ShapeString
10
6260.250890
20
3162.973800
70
0
0
VERTEX
8
ShapeString
10
6261.715915
20
3163.068743
70
0
0
VERTEX
8
ShapeString
10
6263.161860
20
3163.353571
70
0
0
VERTEX
8
ShapeString
10
6264.569645
20
3163.828285
70
0
0
VERTEX
8
ShapeString
10
6265.920190
20
3164.492884
70
0
0
VERTEX
8
ShapeString
10
6267.171023
20
3165.330191
70
0
0
VERTEX
8
ShapeString
10
6268.286029
20
3166.312012
70
0
0
VERTEX
8
ShapeString
10
6269.255670
20
3167.421823
70
0
0
VERTEX
8
ShapeString
10
6270.070406
20
3168.643100
70
0
0
VERTEX
8
ShapeString
10
6270.720695
20
3169.959320
70
0
0
VERTEX
8
ShapeString
10
6271.196999
20
3171.353959
70
0
0
VERTEX
8
ShapeString
10
6271.489777
20
3172.810494
70
0
0
VERTEX
8
ShapeString
10
6271.589490
20
3174.312400
70
0
0
VERTEX
8
ShapeString
10
6271.589490
20
3174.312400
70
0
0
SEQEND
8
ShapeString
0
POLYLINE
8
ShapeString
62
7
70
0
10
0.000000
20
0.000000
66
1
0
VERTEX
8
ShapeString
10
6268.360090
20
3066.770600
70
0
0
VERTEX
8
ShapeString
10
6268.124963
20
3069.051473
70
0
0
VERTEX
8
ShapeString
10
6267.461188
20
3071.175300
70
0
0
VERTEX
8
ShapeString
10
6266.414204
20
3073.096752
70
0
0
VERTEX
8
ShapeString
10
6265.029451
20
3074.770499
70
0
0
VERTEX
8
ShapeString
10
6263.352369
20
3076.151210
70
0
0
VERTEX
8
ShapeString
10
6261.428396
20
3077.193555
70
0
0
VERTEX
8
ShapeString
10
6259.302973
20
3077.852204
70
0
0
VERTEX
8
ShapeString
10
6257.021540
20
3078.081827
70
0
0
VERTEX
8
ShapeString
10
6254.740107
20
3077.852204
70
0
0
VERTEX
8
ShapeString
10
6252.614684
20
3077.193555
70
0
0
VERTEX
8
ShapeString
10
6250.690711
20
3076.151210
70
0
0
VERTEX
8
ShapeString
10
6249.013629
20
3074.770499
70
0
0
VERTEX
8
ShapeString
10
6247.628876
20
3073.096752
70
0
0
VERTEX
8
ShapeString
10
6246.581892
20
3071.175300
70
0
0
VERTEX
8
ShapeString
10
6245.918117
20
3069.051473
70
0
0
VERTEX
8
ShapeString
10
6245.682990
20
3066.770600
70
0
0
VERTEX
8
ShapeString
10
6245.918117
20
3064.489727
70
0
0
VERTEX
8
ShapeString
10
6246.581892
20
3062.365900
70
0
0
VERTEX
8
ShapeString
10
6247.628876
20
3060.444448
70
0
0
VERTEX
8
ShapeString
10
6249.013629
20
3058.770701
70
0
0
VERTEX
8
ShapeString
10
6250.690711
20
3057.389990
70
0
0
VERTEX
8
ShapeString
10
6252.614684
20
3056.347645
70
0
0
VERTEX
8
ShapeString
10
6254.740107
20
3055.688996
70
0
0
VERTEX
8
ShapeString
10
6257.021540
20
3055.459373
70
0
0
VERTEX
8
ShapeString
10
6259.302973
20
3055.688996
70
0
0
VERTEX
8
ShapeString
10
6261.428396
20
3056.347645
70
0
0
VERTEX
8
ShapeString
10
6263.352369
20
3057.389990
70
0
0
VERTEX
8
ShapeString
10
6265.029451
20
3058.770701
70
0
0
VERTEX
8
ShapeString
10
6266.414204
20
3060.444448
70
0
0
VERTEX
8
ShapeString
10
6267.461188
20
3062.365900
70
0
0
VERTEX
8
ShapeString
10
6268.124963
20
3064.489727
70
0
0
VERTEX
8
ShapeString
10
6268.360090
20
3066.770600
70
0
0
VERTEX
8
ShapeString
10
6268.360090
20
3066.770600
70
0
0
SEQEND
8
ShapeString
0
POLYLINE
8
ShapeString
62
7
70
0
10
0.000000
20
0.000000
66
1
0
VERTEX
8
ShapeString
10
3575.578100
20
2467.077000
70
0
0
VERTEX
8
ShapeString
10
3575.378675
20
2470.080813
70
0
0
VERTEX
8
ShapeString
10
3574.793118
20
2472.993882
70
0
0
VERTEX
8
ShapeString
10
3573.840510
20
2475.783160
70
0
0
VERTEX
8
ShapeString
10
3572.539931
20
2478.415600
70
0
0
VERTEX
8
ShapeString
10
3570.910461
20
2480.858154
70
0
0
VERTEX
8
ShapeString
10
3568.971179
20
2483.077776
70
0
0
VERTEX
8
ShapeString
10
3566.741165
20
2485.041417
70
0
0
VERTEX
8
ShapeString
10
3564.239500
20
2486.716031
70
0
0
VERTEX
8
ShapeString
10
3561.538409
20
2488.045230
70
0
0
VERTEX
8
ShapeString
10
3558.722839
20
2488.994658
70
0
0
VERTEX
8
ShapeString
10
3555.830949
20
2489.564314
70
0
0
VERTEX
8
ShapeString
10
3552.900900
20
2489.754200
70
0
0
VERTEX
8
ShapeString
10
3549.970851
20
2489.564314
70
0
0
VERTEX
8
ShapeString
10
3547.078961
20
2488.994658
70
0
0
VERTEX
8
ShapeString
10
3544.263391
20
2488.045230
70
0
0
VERTEX
8
ShapeString
10
3541.562300
20
2486.716031
70
0
0
VERTEX
8
ShapeString
10
3539.060635
20
2485.041417
70
0
0
VERTEX
8
ShapeString
10
3536.830621
20
2483.077776
70
0
0
VERTEX
8
ShapeString
10
3534.891339
20
2480.858154
70
0
0
VERTEX
8
ShapeString
10
3533.261869
20
2478.415600
70
0
0
VERTEX
8
ShapeString
10
3531.961290
20
2475.783160
70
0
0
VERTEX
8
ShapeString
10
3531.008682
20
2472.993882
70
0
0
VERTEX
8
ShapeString
10
3530.423125
20
2470.080813
70
0
0
VERTEX
8
ShapeString
10
3530.223700
20
2467.077000
70
0
0
VERTEX
8
ShapeString
10
3530.423125
20
2464.073187
70
0
0
VERTEX
8
ShapeString
10
3531.008682
20
2461.160118
70
0
0
VERTEX
8
ShapeString
10
3531.961290
20
2458.370840
70
0
0
VERTEX
8
ShapeString
10
3533.261869
20
2455.738400
70
0
0
VERTEX
8
ShapeString
10
3534.891339
20
2453.295846
70
0
0
VERTEX
8
ShapeString
10
3536.830621
20
2451.076224
70
0
0
VERTEX
8
ShapeString
10
3539.060635
20
2449.112583
70
0
0
VERTEX
8
ShapeString
10
3541.562300
20
2447.437969
70
0
0
VERTEX
8
ShapeString
10
3544.263391
20
2446.108770
70
0
0
VERTEX
8
ShapeString
10
3547.078961
20
2445.159342
70
0
0
VERTEX
8
ShapeString
10
3549.970851
20
2444.589686
70
0
0
VERTEX
8
ShapeString
10
3552.900900
20
2444.399800
70
0
0
VERTEX
8
ShapeString
10
3555.830949
20
2444.589686
70
0
0
VERTEX
8
ShapeString
10
3558.722839
20
2445.159342
70
0
0
VERTEX
8
ShapeString
10
3561.538409
20
2446.108770
70
0
0
VERTEX
8
ShapeString
10
3564.239500
20
2447.437969
70
0
0
VERTEX
8
ShapeString
10
3566.741165
20
2449.112583
70
0
0
VERTEX
8
ShapeString
10
3568.971179
20
2451.076224
70
0
0
VERTEX
8
ShapeString
10
3570.910461
20
2453.295846
70
0
0
VERTEX
8
ShapeString
10
3572.539931
20
2455.738400
70
0
0
VERTEX
8
ShapeString
10
3573.840510
20
2458.370840
70
0
0
VERTEX
8
ShapeString
10
3574.793118
20
2461.160118
70
0
0
VERTEX
8
ShapeString
10
3575.378675
20
2464.073187
70
0
0
VERTEX
8
ShapeString
10
3575.578100
20
2467.077000
70
0
0
VERTEX
8
ShapeString
10
3575.578100
20
2467.077000
70
0
0
SEQEND
8
ShapeString
0
POLYLINE
8
ShapeString
62
7
70
0
10
0.000000
20
0.000000
66
1
0
VERTEX
8
ShapeString
10
4768.425300
20
3008.982100
70
0
0
VERTEX
8
ShapeString
10
4768.225875
20
3011.985913
70
0
0
VERTEX
8
ShapeString
10
4767.640318
20
3014.898982
70
0
0
VERTEX
8
ShapeString
10
4766.687710
20
3017.688260
70
0
0
VERTEX
8
ShapeString
10
4765.387131
20
3020.320700
70
0
0
VERTEX
8
ShapeString
10
4763.757661
20
3022.763254
70
0
0
VERTEX
8
ShapeString
10
4761.818379
20
3024.982876
70
0
0
VERTEX
8
ShapeString
10
4759.588365
20
3026.946517
70
0
0
VERTEX
8
ShapeString
10
4757.086700
20
3028.621131
70
0
0
VERTEX
8
ShapeString
10
4754.385609
20
3029.950330
70
0
0
VERTEX
8
ShapeString
10
4751.570039
20
3030.899758
70
0
0
VERTEX
8
ShapeString
10
4748.678149
20
3031.469414
70
0
0
VERTEX
8
ShapeString
10
4745.748100
20
3031.659300
70
0
0
VERTEX
8
ShapeString
10
4742.818051
20
3031.469414
70
0
0
VERTEX
8
ShapeString
10
4739.926161
20
3030.899758
70
0
0
VERTEX
8
ShapeString
10
4737.110591
20
3029.950330
70
0
0
VERTEX
8
ShapeString
10
4734.409500
20
3028.621131
70
0
0
VERTEX
8
ShapeString
10
4731.907835
20
3026.946517
70
0
0
VERTEX
8
ShapeString
10
4729.677821
20
3024.982876
70
0
0
VERTEX
8
ShapeString
10
4727.738539
20
3022.763254
70
0
0
VERTEX
8
ShapeString
10
4726.109069
20
3020.320700
70
0
0
VERTEX
8
ShapeString
10
4724.808490
20
3017.688260
70
0
0
VERTEX
8
ShapeString
10
4723.855882
20
3014.898982
70
0
0
VERTEX
8
ShapeString
10
4723.270325
20
3011.985913
70
0
0
VERTEX
8
ShapeString
10
4723.070900
20
3008.982100
70
0
0
VERTEX
8
ShapeString
10
4723.270325
20
3005.978287
70
0
0
VERTEX
8
ShapeString
10
4723.855882
20
3003.065218
70
0
0
VERTEX
8
ShapeString
10
4724.808490
20
3000.275940
70
0
0
VERTEX
8
ShapeString
10
4726.109069
20
2997.643500
70
0
0
VERTEX
8
ShapeString
10
4727.738539
20
2995.200946
70
0
0
VERTEX
8
ShapeString
10
4729.677821
20
2992.981324
70
0
0
VERTEX
8
ShapeString
10
4731.907835
20
2991.017683
70
0
0
VERTEX
8
ShapeString
10
4734.409500
20
2989.343069
70
0
0
VERTEX
8
ShapeString
10
4737.110591
20
2988.013870
70
0
0
VERTEX
8
ShapeString
10
4739.926161
20
2987.064442
70
0
0
VERTEX
8
ShapeString
10
4742.818051
20
2986.494786
70
0
0
VERTEX
8
ShapeString
10
4745.748100
20
2986.304900
70
0
0
VERTEX
8
ShapeString
10
4748.678149
20
2986.494786
70
0
0
VERTEX
8
ShapeString
10
4751.570039
20
2987.064442
70
0
0
VERTEX
8
ShapeString
10
4754.385609
20
2988.013870
70
0
0
VERTEX
8
ShapeString
10
4757.086700
20
2989.343069
70
0
0
VERTEX
8
ShapeString
10
4759.588365
20
2991.017683
70
0
0
VERTEX
8
ShapeString
10
4761.818379
20
2992.981324
70
0
0
VERTEX
8
ShapeString
10
4763.757661
20
2995.200946
70
0
0
VERTEX
8
ShapeString
10
4765.387131
20
2997.643500
70
0
0
VERTEX
8
ShapeString
10
4766.687710
20
3000.275940
70
0
0
VERTEX
8
ShapeString
10
4767.640318
20
3003.065218
70
0
0
VERTEX
8
ShapeString
10
4768.225875
20
3005.978287
70
0
0
VERTEX
8
ShapeString
10
4768.425300
20
3008.982100
70
0
0
VERTEX
8
ShapeString
10
4768.425300
20
3008.982100
70
0
0
SEQEND
8
ShapeString
0
POLYLINE
8
ShapeString
62
7
70
0
10
0.000000
20
0.000000
66
1
0
VERTEX
8
ShapeString
10
6080.637590
20
3126.567500
70
0
0
VERTEX
8
ShapeString
10
6080.518027
20
3128.884136
70
0
0
VERTEX
8
ShapeString
10
6080.172321
20
3131.133692
70
0
0
VERTEX
8
ShapeString
10
6079.611853
20
3133.304803
70
0
0
VERTEX
8
ShapeString
10
6078.848004
20
3135.386100
70
0
0
VERTEX
8
ShapeString
10
6077.892153
20
3137.366217
70
0
0
VERTEX
8
ShapeString
10
6076.755680
20
3139.233786
70
0
0
VERTEX
8
ShapeString
10
6075.449967
20
3140.977441
70
0
0
VERTEX
8
ShapeString
10
6073.986393
20
3142.585813
70
0
0
VERTEX
8
ShapeString
10
6072.376338
20
3144.047537
70
0
0
VERTEX
8
ShapeString
10
6070.631183
20
3145.351244
70
0
0
VERTEX
8
ShapeString
10
6068.762308
20
3146.485567
70
0
0
VERTEX
8
ShapeString
10
6066.781093
20
3147.439140
70
0
0
VERTEX
8
ShapeString
10
6064.698918
20
3148.200595
70
0
0
VERTEX
8
ShapeString
10
6062.527165
20
3148.758565
70
0
0
VERTEX
8
ShapeString
10
6060.277212
20
3149.101683
70
0
0
VERTEX
8
ShapeString
10
6057.960440
20
3149.218582
70
0
0
VERTEX
8
ShapeString
10
6055.643668
20
3149.101683
70
0
0
VERTEX
8
ShapeString
10
6053.393715
20
3148.758565
70
0
0
VERTEX
8
ShapeString
10
6051.221962
20
3148.200595
70
0
0
VERTEX
8
ShapeString
10
6049.139787
20
3147.439140
70
0
0
VERTEX
8
ShapeString
10
6047.158572
20
3146.485567
70
0
0
VERTEX
8
ShapeString
10
6045.289697
20
3145.351244
70
0
0
VERTEX
8
ShapeString
10
6043.544542
20
3144.047537
70
0
0
VERTEX
8
ShapeString
10
6041.934487
20
3142.585813
70
0
0
VERTEX
8
ShapeString
10
6040.470913
20
3140.977441
70
0
0
VERTEX
8
ShapeString
10
6039.165200
20
3139.233786
70
0
0
VERTEX
8
ShapeString
10
6038.028727
20
3137.366217
70
0
0
VERTEX
8
ShapeString
10
6037.072876
20
3135.386100
70
0
0
VERTEX
8
ShapeString
10
6036.309027
20
3133.304803
70
0
0
VERTEX
8
ShapeString
10
6035.748559
20
3131.133692
70
0
0
VERTEX
8
ShapeString
10
6035.402853
20
3128.884136
70
0
0
VERTEX
8
ShapeString
10
6035.283290
20
3126.567500
70
0
0
VERTEX
8
ShapeString
10
6035.402853
20
3124.250864
70
0
0
VERTEX
8
ShapeString
10
6035.748559
20
3122.001308
70
0
0
VERTEX
8
ShapeString
10
6036.309027
20
3119.830197
70
0
0
VERTEX
8
ShapeString
10
6037.072876
20
3117.748900
70
0
0
VERTEX
8
ShapeString
10
6038.028727
20
3115.768783
70
0
0
VERTEX
8
ShapeString
10
6039.165200
20
3113.901214
70
0
0
VERTEX
8
ShapeString
10
6040.470913
20
3112.157559
70
0
0
VERTEX
8
ShapeString
10
6041.934487
20
3110.549187
70
0
0
VERTEX
8
ShapeString
10
6043.544542
20
3109.087463
70
0
0
VERTEX
8
ShapeString
10
6045.289697
20
3107.783756
70
0
0
VERTEX
8
ShapeString
10
6047.158572
20
3106.649433
70
0
0
VERTEX
8
ShapeString
10
6049.139787
20
3105.695860
70
0
0
VERTEX
8
ShapeString
10
6051.221962
20
3104.934405
70
0
0
VERTEX
8
ShapeString
10
6053.393715
20
3104.376435
70
0
0
VERTEX
8
ShapeString
10
6055.643668
20
3104.033317
70
0
0
VERTEX
8
ShapeString
10
6057.960440
20
3103.916418
70
0
0
VERTEX
8
ShapeString
10
6060.277212
20
3104.033317
70
0
0
VERTEX
8
ShapeString
10
6062.527165
20
3104.376435
70
0
0
VERTEX
8
ShapeString
10
6064.698918
20
3104.934405
70
0
0
VERTEX
8
ShapeString
10
6066.781093
20
3105.695860
70
0
0
VERTEX
8
ShapeString
10
6068.762308
20
3106.649433
70
0
0
VERTEX
8
ShapeString
10
6070.631183
20
3107.783756
70
0
0
VERTEX
8
ShapeString
10
6072.376338
20
3109.087463
70
0
0
VERTEX
8
ShapeString
10
6073.986393
20
3110.549187
70
0
0
VERTEX
8
ShapeString
10
6075.449967
20
3112.157559
70
0
0
VERTEX
8
ShapeString
10
6076.755680
20
3113.901214
70
0
0
VERTEX
8
ShapeString
10
6077.892153
20
3115.768783
70
0
0
VERTEX
8
ShapeString
10
6078.848004
20
3117.748900
70
0
0
VERTEX
8
ShapeString
10
6079.611853
20
3119.830197
70
0
0
VERTEX
8
ShapeString
10
6080.172321
20
3122.001308
70
0
0
VERTEX
8
ShapeString
10
6080.518027
20
3124.250864
70
0
0
VERTEX
8
ShapeString
10
6080.637590
20
3126.567500
70
0
0
VERTEX
8
ShapeString
10
6080.637590
20
3126.567500
70
0
0
SEQEND
8
ShapeString
0
POLYLINE
8
ShapeString
62
7
70
0
10
0.000000
20
0.000000
66
1
0
VERTEX
8
ShapeString
10
3537.377000
20
2739.357100
70
0
0
VERTEX
8
ShapeString
10
3521.410692
20
2729.244525
70
0
0
VERTEX
8
ShapeString
10
3505.530259
20
2719.001777
70
0
0
VERTEX
8
ShapeString
10
3489.736483
20
2708.629421
70
0
0
VERTEX
8
ShapeString
10
3474.030145
20
2698.128022
70
0
0
VERTEX
8
ShapeString
10
3458.412027
20
2687.498146
70
0
0
VERTEX
8
ShapeString
10
3442.882908
20
2676.740358
70
0
0
VERTEX
8
ShapeString
10
3427.443572
20
2665.855224
70
0
0
VERTEX
8
ShapeString
10
3412.094798
20
2654.843308
70
0
0
VERTEX
8
ShapeString
10
3396.837367
20
2643.705177
70
0
0
VERTEX
8
ShapeString
10
3381.672062
20
2632.441395
70
0
0
VERTEX
8
ShapeString
10
3366.599663
20
2621.052528
70
0
0
VERTEX
8
ShapeString
10
3351.620951
20
2609.539140
70
0
0
VERTEX
8
ShapeString
10
3336.736708
20
2597.901799
70
0
0
VERTEX
8
ShapeString
10
3321.947714
20
2586.141068
70
0
0
VERTEX
8
ShapeString
10
3307.254751
20
2574.257513
70
0
0
VERTEX
8
ShapeString
10
3292.658600
20
2562.251700
70
0
0
SEQEND
8
ShapeString
0
POLYLINE
8
ShapeString
62
7
70
0
10
0.000000
20
0.000000
66
1
0
VERTEX
8
ShapeString
10
3292.658600
20
2562.251700
70
0
0
VERTEX
8
ShapeString
10
3271.040269
20
2544.200868
70
0
0
VERTEX
8
ShapeString
10
3249.540469
20
2526.010402
70
0
0
VERTEX
8
ShapeString
10
3228.159874
20
2507.680889
70
0
0
VERTEX
8
ShapeString
10
3206.899156
20
2489.212916
70
0
0
VERTEX
8
ShapeString
10
3185.758987
20
2470.607073
70
0
0
VERTEX
8
ShapeString
10
3164.740039
20
2451.863948
70
0
0
VERTEX
8
ShapeString
10
3143.842986
20
2432.984127
70
0
0
VERTEX
8
ShapeString
10
3123.068500
20
2413.968200
70
0
0
SEQEND
8
ShapeString
0
POLYLINE
8
ShapeString
62
7
70
0
10
0.000000
20
0.000000
66
1
0
VERTEX
8
ShapeString
10
3123.068500
20
2413.968200
70
0
0
VERTEX
8
ShapeString
10
3431.678500
20
2066.568200
70
0
0
SEQEND
8
ShapeString
0
POLYLINE
8
ShapeString
62
7
70
0
10
0.000000
20
0.000000
66
1
0
VERTEX
8
ShapeString
10
3634.272100
20
2232.529900
70
0
0
VERTEX
8
ShapeString
10
3608.228607
20
2212.677527
70
0
0
VERTEX
8
ShapeString
10
3582.386988
20
2192.567084
70
0
0
VERTEX
8
ShapeString
10
3556.749143
20
2172.200129
70
0
0
VERTEX
8
ShapeString
10
3531.316975
20
2151.578220
70
0
0
VERTEX
8
ShapeString
10
3506.092384
20
2130.702915
70
0
0
VERTEX
8
ShapeString
10
3481.077274
20
2109.575771
70
0
0
VERTEX
8
ShapeString
10
3456.273546
20
2088.198347
70
0
0
VERTEX
8
ShapeString
10
3431.683100
20
2066.572200
70
0
0
SEQEND
8
ShapeString
0
POLYLINE
8
ShapeString
62
7
70
0
10
0.000000
20
0.000000
66
1
0
VERTEX
8
ShapeString
10
3758.201600
20
2318.926400
70
0
0
VERTEX
8
ShapeString
10
3742.359536
20
2308.637766
70
0
0
VERTEX
8
ShapeString
10
3726.615680
20
2298.201728
70
0
0
VERTEX
8
ShapeString
10
3710.971052
20
2287.618998
70
0
0
VERTEX
8
ShapeString
10
3695.426674
20
2276.890289
70
0
0
VERTEX
8
ShapeString
10
3679.983568
20
2266.016312
70
0
0
VERTEX
8
ShapeString
10
3664.642756
20
2254.997780
70
0
0
VERTEX
8
ShapeString
10
3649.405260
20
2243.835405
70
0
0
VERTEX
8
ShapeString
10
3634.272100
20
2232.529900
70
0
0
SEQEND
8
ShapeString
0
POLYLINE
8
ShapeString
62
7
70
0
10
0.000000
20
0.000000
66
1
0
VERTEX
8
ShapeString
10
6050.867590
20
2890.456500
70
0
0
VERTEX
8
ShapeString
10
6013.074013
20
2893.392756
70
0
0
VERTEX
8
ShapeString
10
5975.283968
20
2895.937586
70
0
0
VERTEX
8
ShapeString
10
5937.500314
20
2898.091701
70
0
0
VERTEX
8
ShapeString
10
5899.725904
20
2899.855814
70
0
0
VERTEX
8
ShapeString
10
5861.963597
20
2901.230637
70
0
0
VERTEX
8
ShapeString
10
5824.216247
20
2902.216881
70
0
0
VERTEX
8
ShapeString
10
5786.486711
20
2902.815259
70
0
0
VERTEX
8
ShapeString
10
5748.777846
20
2903.026483
70
0
0
VERTEX
8
ShapeString
10
5711.092507
20
2902.851264
70
0
0
VERTEX
8
ShapeString
10
5673.433551
20
2902.290315
70
0
0
VERTEX
8
ShapeString
10
5635.803834
20
2901.344348
70
0
0
VERTEX
8
ShapeString
10
5598.206211
20
2900.014074
70
0
0
VERTEX
8
ShapeString
10
5560.643540
20
2898.300207
70
0
0
VERTEX
8
ShapeString
10
5523.118676
20
2896.203456
70
0
0
VERTEX
8
ShapeString
10
5485.634476
20
2893.724536
70
0
0
VERTEX
8
ShapeString
10
5448.193796
20
2890.864157
70
0
0
VERTEX
8
ShapeString
10
5410.799491
20
2887.623032
70
0
0
VERTEX
8
ShapeString
10
5373.454419
20
2884.001873
70
0
0
VERTEX
8
ShapeString
10
5336.161435
20
2880.001391
70
0
0
VERTEX
8
ShapeString
10
5298.923395
20
2875.622300
70
0
0
VERTEX
8
ShapeString
10
5261.743156
20
2870.865310
70
0
0
VERTEX
8
ShapeString
10
5224.623574
20
2865.731133
70
0
0
VERTEX
8
ShapeString
10
5187.567505
20
2860.220483
70
0
0
VERTEX
8
ShapeString
10
5150.577805
20
2854.334070
70
0
0
VERTEX
8
ShapeString
10
5113.657331
20
2848.072607
70
0
0
VERTEX
8
ShapeString
10
5076.808938
20
2841.436806
70
0
0
VERTEX
8
ShapeString
10
5040.035483
20
2834.427379
70
0
0
VERTEX
8
ShapeString
10
5003.339822
20
2827.045038
70
0
0
VERTEX
8
ShapeString
10
4966.724812
20
2819.290494
70
0
0
VERTEX
8
ShapeString
10
4930.193307
20
2811.164460
70
0
0
VERTEX
8
ShapeString
10
4893.748165
20
2802.667649
70
0
0
VERTEX
8
ShapeString
10
4857.392242
20
2793.800770
70
0
0
VERTEX
8
ShapeString
10
4821.128394
20
2784.564538
70
0
0
VERTEX
8
ShapeString
10
4784.959477
20
2774.959664
70
0
0
VERTEX
8
ShapeString
10
4748.888347
20
2764.986859
70
0
0
VERTEX
8
ShapeString
10
4712.917861
20
2754.646837
70
0
0
VERTEX
8
ShapeString
10
4677.050874
20
2743.940308
70
0
0
VERTEX
8
ShapeString
10
4641.290243
20
2732.867985
70
0
0
VERTEX
8
ShapeString
10
4605.638824
20
2721.430580
70
0
0
VERTEX
8
ShapeString
10
4570.099473
20
2709.628806
70
0
0
VERTEX
8
ShapeString
10
4534.675047
20
2697.463372
70
0
0
VERTEX
8
ShapeString
10
4499.368401
20
2684.934993
70
0
0
VERTEX
8
ShapeString
10
4464.182392
20
2672.044380
70
0
0
VERTEX
8
ShapeString
10
4429.119876
20
2658.792245
70
0
0
VERTEX
8
ShapeString
10
4394.183709
20
2645.179300
70
0
0
VERTEX
8
ShapeString
10
4359.376748
20
2631.206256
70
0
0
VERTEX
8
ShapeString
10
4324.701848
20
2616.873827
70
0
0
VERTEX
8
ShapeString
10
4290.161865
20
2602.182723
70
0
0
VERTEX
8
ShapeString
10
4255.759657
20
2587.133658
70
0
0
VERTEX
8
ShapeString
10
4221.498078
20
2571.727343
70
0
0
VERTEX
8
ShapeString
10
4187.379986
20
2555.964489
70
0
0
VERTEX
8
ShapeString
10
4153.408236
20
2539.845810
70
0
0
VERTEX
8
ShapeString
10
4119.585685
20
2523.372016
70
0
0
VERTEX
8
ShapeString
10
4085.915189
20
2506.543821
70
0
0
VERTEX
8
ShapeString
10
4052.399603
20
2489.361936
70
0
0
VERTEX
8
ShapeString
10
4019.041785
20
2471.827072
70
0
0
VERTEX
8
ShapeString
10
3985.844590
20
2453.939943
70
0
0
VERTEX
8
ShapeString
10
3952.810875
20
2435.701260
70
0
0
VERTEX
8
ShapeString
10
3919.943495
20
2417.111735
70
0
0
VERTEX
8
ShapeString
10
3887.245308
20
2398.172080
70
0
0
VERTEX
8
ShapeString
10
3854.719168
20
2378.883007
70
0
0
VERTEX
8
ShapeString
10
3822.367933
20
2359.245228
70
0
0
VERTEX
8
ShapeString
10
3790.194458
20
2339.259455
70
0
0
VERTEX
8
ShapeString
10
3758.201600
20
2318.926400
70
0
0
SEQEND
8
ShapeString
0
POLYLINE
8
ShapeString
62
7
70
0
10
0.000000
20
0.000000
66
1
0
VERTEX
8
ShapeString
10
6050.867590
20
2890.456500
70
0
0
VERTEX
8
ShapeString
10
6056.964115
20
2890.350615
70
0
0
VERTEX
8
ShapeString
10
6063.027213
20
2890.398869
70
0
0
VERTEX
8
ShapeString
10
6069.054974
20
2890.599463
70
0
0
VERTEX
8
ShapeString
10
6075.045486
20
2890.950599
70
0
0
VERTEX
8
ShapeString
10
6080.996840
20
2891.450476
70
0
0
VERTEX
8
ShapeString
10
6086.907126
20
2892.097297
70
0
0
VERTEX
8
ShapeString
10
6098.596854
20
2893.824576
70
0
0
VERTEX
8
ShapeString
10
6110.099388
20
2896.118044
70
0
0
VERTEX
8
ShapeString
10
6121.399447
20
2898.963312
70
0
0
VERTEX
8
ShapeString
10
6132.481750
20
2902.345990
70
0
0
VERTEX
8
ShapeString
10
6143.331017
20
2906.251687
70
0
0
VERTEX
8
ShapeString
10
6153.931965
20
2910.666014
70
0
0
VERTEX
8
ShapeString
10
6164.269315
20
2915.574581
70
0
0
VERTEX
8
ShapeString
10
6174.327785
20
2920.962997
70
0
0
VERTEX
8
ShapeString
10
6184.092095
20
2926.816874
70
0
0
VERTEX
8
ShapeString
10
6193.546963
20
2933.121820
70
0
0
VERTEX
8
ShapeString
10
6202.677108
20
2939.863445
70
0
0
VERTEX
8
ShapeString
10
6211.467250
20
2947.027361
70
0
0
VERTEX
8
ShapeString
10
6219.902107
20
2954.599176
70
0
0
VERTEX
8
ShapeString
10
6227.966398
20
2962.564501
70
0
0
VERTEX
8
ShapeString
10
6235.644843
20
2970.908946
70
0
0
VERTEX
8
ShapeString
10
6242.922161
20
2979.618120
70
0
0
VERTEX
8
ShapeString
10
6249.783070
20
2988.677635
70
0
0
VERTEX
8
ShapeString
10
6256.212289
20
2998.073099
70
0
0
VERTEX
8
ShapeString
10
6262.194538
20
3007.790123
70
0
0
VERTEX
8
ShapeString
10
6267.714536
20
3017.814316
70
0
0
VERTEX
8
ShapeString
10
6272.757001
20
3028.131290
70
0
0
VERTEX
8
ShapeString
10
6277.306653
20
3038.726653
70
0
0
VERTEX
8
ShapeString
10
6281.348210
20
3049.586016
70
0
0
VERTEX
8
ShapeString
10
6284.866392
20
3060.694989
70
0
0
VERTEX
8
ShapeString
10
6287.845918
20
3072.039181
70
0
0
VERTEX
8
ShapeString
10
6290.271507
20
3083.604204
70
0
0
VERTEX
8
ShapeString
10
6291.271799
20
3089.465029
70
0
0
VERTEX
8
ShapeString
10
6292.127877
20
3095.375666
70
0
0
VERTEX
8
ShapeString
10
6292.837830
20
3101.334315
70
0
0
VERTEX
8
ShapeString
10
6293.399748
20
3107.339178
70
0
0
VERTEX
8
ShapeString
10
6293.811721
20
3113.388456
70
0
0
VERTEX
8
ShapeString
10
6294.071839
20
3119.480350
70
0
0
VERTEX
8
ShapeString
10
6294.177724
20
3125.576876
70
0
0
VERTEX
8
ShapeString
10
6294.129470
20
3131.639973
70
0
0
VERTEX
8
ShapeString
10
6293.928876
20
3137.667734
70
0
0
VERTEX
8
ShapeString
10
6293.577741
20
3143.658246
70
0
0
VERTEX
8
ShapeString
10
6293.077863
20
3149.609600
70
0
0
VERTEX
8
ShapeString
10
6292.431042
20
3155.519886
70
0
0
VERTEX
8
ShapeString
10
6290.703764
20
3167.209614
70
0
0
VERTEX
8
ShapeString
10
6288.410295
20
3178.712148
70
0
0
VERTEX
8
ShapeString
10
6285.565027
20
3190.012207
70
0
0
VERTEX
8
ShapeString
10
6282.182350
20
3201.094510
70
0
0
VERTEX
8
ShapeString
10
6278.276653
20
3211.943777
70
0
0
VERTEX
8
ShapeString
10
6273.862326
20
3222.544725
70
0
0
VERTEX
8
ShapeString
10
6268.953759
20
3232.882075
70
0
0
VERTEX
8
ShapeString
10
6263.565342
20
3242.940545
70
0
0
VERTEX
8
ShapeString
10
6257.711466
20
3252.704855
70
0
0
VERTEX
8
ShapeString
10
6251.406520
20
3262.159723
70
0
0
VERTEX
8
ShapeString
10
6244.664894
20
3271.289868
70
0
0
VERTEX
8
ShapeString
10
6237.500979
20
3280.080010
70
0
0
VERTEX
8
ShapeString
10
6229.929164
20
3288.514867
70
0
0
VERTEX
8
ShapeString
10
6221.963839
20
3296.579158
70
0
0
VERTEX
8
ShapeString
10
6213.619394
20
3304.257603
70
0
0
VERTEX
8
ShapeString
10
6204.910220
20
3311.534921
70
0
0
VERTEX
8
ShapeString
10
6195.850705
20
3318.395830
70
0
0
VERTEX
8
ShapeString
10
6186.455241
20
3324.825049
70
0
0
VERTEX
8
ShapeString
10
6176.738217
20
3330.807298
70
0
0
VERTEX
8
ShapeString
10
6166.714024
20
3336.327296
70
0
0
VERTEX
8
ShapeString
10
6156.397050
20
3341.369761
70
0
0
VERTEX
8
ShapeString
10
6145.801687
20
3345.919413
70
0
0
VERTEX
8
ShapeString
10
6134.942324
20
3349.960970
70
0
0
VERTEX
8
ShapeString
10
6123.833351
20
3353.479152
70
0
0
VERTEX
8
ShapeString
10
6112.489159
20
3356.458678
70
0
0
VERTEX
8
ShapeString
10
6100.924136
20
3358.884267
70
0
0
VERTEX
8
ShapeString
10
6095.063311
20
3359.884559
70
0
0
VERTEX
8
ShapeString
10
6089.152674
20
3360.740637
70
0
0
VERTEX
8
ShapeString
10
6083.194025
20
3361.450590
70
0
0
VERTEX
8
ShapeString
10
6077.189162
20
3362.012508
70
0
0
VERTEX
8
ShapeString
10
6071.139884
20
3362.424481
70
0
0
VERTEX
8
ShapeString
10
6065.047990
20
3362.684599
70
0
0
SEQEND
8
ShapeString
0
POLYLINE
8
ShapeString
62
7
70
0
10
0.000000
20
0.000000
66
1
0
VERTEX
8
ShapeString
10
6065.047990
20
3362.684600
70
0
0
VERTEX
8
ShapeString
10
6023.444300
20
3365.681070
70
0
0
VERTEX
8
ShapeString
10
5981.845795
20
3368.257996
70
0
0
VERTEX
8
ShapeString
10
5940.255463
20
3370.416113
70
0
0
VERTEX
8
ShapeString
10
5898.676293
20
3372.156159
70
0
0
VERTEX
8
ShapeString
10
5857.111272
20
3373.478871
70
0
0
VERTEX
8
ShapeString
10
5815.563390
20
3374.384986
70
0
0
VERTEX
8
ShapeString
10
5774.035635
20
3374.875240
70
0
0
VERTEX
8
ShapeString
10
5732.530995
20
3374.950371
70
0
0
VERTEX
8
ShapeString
10
5691.052459
20
3374.611116
70
0
0
VERTEX
8
ShapeString
10
5649.603015
20
3373.858211
70
0
0
VERTEX
8
ShapeString
10
5608.185651
20
3372.692393
70
0
0
VERTEX
8
ShapeString
10
5566.803357
20
3371.114400
70
0
0
VERTEX
8
ShapeString
10
5525.459120
20
3369.124969
70
0
0
VERTEX
8
ShapeString
10
5484.155928
20
3366.724835
70
0
0
VERTEX
8
ShapeString
10
5442.896772
20
3363.914737
70
0
0
VERTEX
8
ShapeString
10
5401.684637
20
3360.695412
70
0
0
VERTEX
8
ShapeString
10
5360.522515
20
3357.067595
70
0
0
VERTEX
8
ShapeString
10
5319.413391
20
3353.032025
70
0
0
VERTEX
8
ShapeString
10
5278.360256
20
3348.589437
70
0
0
VERTEX
8
ShapeString
10
5237.366097
20
3343.740570
70
0
0
VERTEX
8
ShapeString
10
5196.433904
20
3338.486159
70
0
0
VERTEX
8
ShapeString
10
5155.566663
20
3332.826943
70
0
0
VERTEX
8
ShapeString
10
5114.767365
20
3326.763657
70
0
0
VERTEX
8
ShapeString
10
5074.038996
20
3320.297039
70
0
0
VERTEX
8
ShapeString
10
5033.384547
20
3313.427826
70
0
0
VERTEX
8
ShapeString
10
4992.807004
20
3306.156755
70
0
0
VERTEX
8
ShapeString
10
4952.309357
20
3298.484562
70
0
0
VERTEX
8
ShapeString
10
4911.894594
20
3290.411985
70
0
0
VERTEX
8
ShapeString
10
4871.565704
20
3281.939761
70
0
0
VERTEX
8
ShapeString
10
4831.325674
20
3273.068626
70
0
0
VERTEX
8
ShapeString
10
4791.177494
20
3263.799317
70
0
0
VERTEX
8
ShapeString
10
4751.124151
20
3254.132572
70
0
0
VERTEX
8
ShapeString
10
4711.168634
20
3244.069127
70
0
0
VERTEX
8
ShapeString
10
4671.313932
20
3233.609720
70
0
0
VERTEX
8
ShapeString
10
4631.563033
20
3222.755086
70
0
0
VERTEX
8
ShapeString
10
4591.918926
20
3211.505964
70
0
0
VERTEX
8
ShapeString
10
4552.384598
20
3199.863090
70
0
0
VERTEX
8
ShapeString
10
4512.963039
20
3187.827201
70
0
0
VERTEX
8
ShapeString
10
4473.657237
20
3175.399034
70
0
0
VERTEX
8
ShapeString
10
4434.470179
20
3162.579327
70
0
0
VERTEX
8
ShapeString
10
4395.404856
20
3149.368815
70
0
0
VERTEX
8
ShapeString
10
4356.464254
20
3135.768236
70
0
0
VERTEX
8
ShapeString
10
4317.651363
20
3121.778326
70
0
0
VERTEX
8
ShapeString
10
4278.969171
20
3107.399824
70
0
0
VERTEX
8
ShapeString
10
4240.420667
20
3092.633465
70
0
0
VERTEX
8
ShapeString
10
4202.008838
20
3077.479987
70
0
0
VERTEX
8
ShapeString
10
4163.736673
20
3061.940127
70
0
0
VERTEX
8
ShapeString
10
4125.607161
20
3046.014621
70
0
0
VERTEX
8
ShapeString
10
4087.623290
20
3029.704207
70
0
0
VERTEX
8
ShapeString
10
4049.788049
20
3013.009621
70
0
0
VERTEX
8
ShapeString
10
4012.104426
20
2995.931601
70
0
0
VERTEX
8
ShapeString
10
3974.575409
20
2978.470883
70
0
0
VERTEX
8
ShapeString
10
3937.203987
20
2960.628204
70
0
0
VERTEX
8
ShapeString
10
3899.993149
20
2942.404301
70
0
0
VERTEX
8
ShapeString
10
3862.945882
20
2923.799912
70
0
0
VERTEX
8
ShapeString
10
3826.065175
20
2904.815773
70
0
0
VERTEX
8
ShapeString
10
3789.354017
20
2885.452621
70
0
0
VERTEX
8
ShapeString
10
3752.815396
20
2865.711193
70
0
0
VERTEX
8
ShapeString
10
3716.452300
20
2845.592226
70
0
0
VERTEX
8
ShapeString
10
3680.267719
20
2825.096457
70
0
0
VERTEX
8
ShapeString
10
3644.264639
20
2804.224623
70
0
0
VERTEX
8
ShapeString
10
3608.446051
20
2782.977461
70
0
0
VERTEX
8
ShapeString
10
3572.814942
20
2761.355708
70
0
0
VERTEX
8
ShapeString
10
3537.374300
20
2739.360100
70
0
0
SEQEND
8
ShapeString
0
POLYLINE
8
ShapeString
62
7
70
0
10
0.000000
20
0.000000
66
1
0
VERTEX
8
ShapeString
10
3545.532000
20
4106.882200
70
0
0
VERTEX
8
ShapeString
10
3547.446458
20
4108.140402
70
0
0
VERTEX
8
ShapeString
10
3549.024741
20
4109.706257
70
0
0
VERTEX
8
ShapeString
10
3550.247557
20
4111.518718
70
0
0
VERTEX
8
ShapeString
10
3551.095617
20
4113.516742
70
0
0
VERTEX
8
ShapeString
10
3551.549630
20
4115.639281
70
0
0
VERTEX
8
ShapeString
10
3551.590308
20
4117.825291
70
0
0
VERTEX
8
ShapeString
10
3551.198359
20
4120.013727
70
0
0
VERTEX
8
ShapeString
10
3550.354494
20
4122.143543
70
0
0
VERTEX
8
ShapeString
10
3549.103463
20
4124.062696
70
0
0
VERTEX
8
ShapeString
10
3547.543524
20
4125.646825
70
0
0
VERTEX
8
ShapeString
10
3545.735650
20
4126.876413
70
0
0
VERTEX
8
ShapeString
10
3543.740814
20
4127.731942
70
0
0
VERTEX
8
ShapeString
10
3541.619988
20
4128.193894
70
0
0
VERTEX
8
ShapeString
10
3539.434145
20
4128.242749
70
0
0
VERTEX
8
ShapeString
10
3537.244258
20
4127.858991
70
0
0
VERTEX
8
ShapeString
10
3535.111300
20
4127.023100
70
0
0
VERTEX
8
ShapeString
10
3533.196842
20
4125.764898
70
0
0
VERTEX
8
ShapeString
10
3531.618559
20
4124.199043
70
0
0
VERTEX
8
ShapeString
10
3530.395743
20
4122.386582
70
0
0
VERTEX
8
ShapeString
10
3529.547683
20
4120.388558
70
0
0
VERTEX
8
ShapeString
10
3529.093670
20
4118.266019
70
0
0
VERTEX
8
ShapeString
10
3529.052992
20
4116.080009
70
0
0
VERTEX
8
ShapeString
10
3529.444941
20
4113.891573
70
0
0
VERTEX
8
ShapeString
10
3530.288806
20
4111.761757
70
0
0
VERTEX
8
ShapeString
10
3531.539837
20
4109.842604
70
0
0
VERTEX
8
ShapeString
10
3533.099776
20
4108.258475
70
0
0
VERTEX
8
ShapeString
10
3534.907650
20
4107.028887
70
0
0
VERTEX
8
ShapeString
10
3536.902486
20
4106.173358
70
0
0
VERTEX
8
ShapeString
10
3539.023312
20
4105.711406
70
0
0
VERTEX
8
ShapeString
10
3541.209155
20
4105.662551
70
0
0
VERTEX
8
ShapeString
10
3543.399042
20
4106.046309
70
0
0
VERTEX
8
ShapeString
10
3545.532000
20
4106.882200
70
0
0
VERTEX
8
ShapeString
10
3545.532000
20
4106.882200
70
0
0
SEQEND
8
ShapeString
0
POLYLINE
8
ShapeString
62
7
70
0
10
0.000000
20
0.000000
66
1
0
VERTEX
8
ShapeString
10
3741.148800
20
3615.235200
70
0
0
VERTEX
8
ShapeString
10
3743.067115
20
3616.491941
70
0
0
VERTEX
8
ShapeString
10
3744.648921
20
3618.057381
70
0
0
VERTEX
8
ShapeString
10
3745.874825
20
3619.870306
70
0
0
VERTEX
8
ShapeString
10
3746.725431
20
3621.869503
70
0
0
VERTEX
8
ShapeString
10
3747.181343
20
3623.993760
70
0
0
VERTEX
8
ShapeString
10
3747.223165
20
3626.181861
70
0
0
VERTEX
8
ShapeString
10
3746.831503
20
3628.372595
70
0
0
VERTEX
8
ShapeString
10
3745.986960
20
3630.504748
70
0
0
VERTEX
8
ShapeString
10
3744.734406
20
3632.425799
70
0
0
VERTEX
8
ShapeString
10
3743.172420
20
3634.011017
70
0
0
VERTEX
8
ShapeString
10
3741.362173
20
3635.240872
70
0
0
VERTEX
8
ShapeString
10
3739.364835
20
3636.095836
70
0
0
VERTEX
8
ShapeString
10
3737.241578
20
3636.556379
70
0
0
VERTEX
8
ShapeString
10
3735.053573
20
3636.602974
70
0
0
VERTEX
8
ShapeString
10
3732.861990
20
3636.216090
70
0
0
VERTEX
8
ShapeString
10
3730.728000
20
3635.376200
70
0
0
VERTEX
8
ShapeString
10
3728.809685
20
3634.119459
70
0
0
VERTEX
8
ShapeString
10
3727.227879
20
3632.554019
70
0
0
VERTEX
8
ShapeString
10
3726.001975
20
3630.741094
70
0
0
VERTEX
8
ShapeString
10
3725.151369
20
3628.741897
70
0
0
VERTEX
8
ShapeString
10
3724.695457
20
3626.617640
70
0
0
VERTEX
8
ShapeString
10
3724.653635
20
3624.429539
70
0
0
VERTEX
8
ShapeString
10
3725.045297
20
3622.238805
70
0
0
VERTEX
8
ShapeString
10
3725.889840
20
3620.106652
70
0
0
VERTEX
8
ShapeString
10
3727.142394
20
3618.185601
70
0
0
VERTEX
8
ShapeString
10
3728.704380
20
3616.600383
70
0
0
VERTEX
8
ShapeString
10
3730.514627
20
3615.370528
70
0
0
VERTEX
8
ShapeString
10
3732.511965
20
3614.515564
70
0
0
VERTEX
8
ShapeString
10
3734.635222
20
3614.055021
70
0
0
VERTEX
8
ShapeString
10
3736.823227
20
3614.008426
70
0
0
VERTEX
8
ShapeString
10
3739.014810
20
3614.395310
70
0
0
VERTEX
8
ShapeString
10
3741.148800
20
3615.235200
70
0
0
VERTEX
8
ShapeString
10
3741.148800
20
3615.235200
70
0
0
SEQEND
8
ShapeString
0
POLYLINE
8
ShapeString
62
7
70
0
10
0.000000
20
0.000000
66
1
0
VERTEX
8
ShapeString
10
5487.802040
20
4059.295900
70
0
0
VERTEX
8
ShapeString
10
5489.720355
20
4060.552641
70
0
0
VERTEX
8
ShapeString
10
5491.302161
20
4062.118081
70
0
0
VERTEX
8
ShapeString
10
5492.528065
20
4063.931006
70
0
0
VERTEX
8
ShapeString
10
5493.378671
20
4065.930203
70
0
0
VERTEX
8
ShapeString
10
5493.834583
20
4068.054460
70
0
0
VERTEX
8
ShapeString
10
5493.876405
20
4070.242561
70
0
0
VERTEX
8
ShapeString
10
5493.484743
20
4072.433295
70
0
0
VERTEX
8
ShapeString
10
5492.640200
20
4074.565448
70
0
0
VERTEX
8
ShapeString
10
5491.387646
20
4076.486499
70
0
0
VERTEX
8
ShapeString
10
5489.825660
20
4078.071717
70
0
0
VERTEX
8
ShapeString
10
5488.015413
20
4079.301572
70
0
0
VERTEX
8
ShapeString
10
5486.018075
20
4080.156536
70
0
0
VERTEX
8
ShapeString
10
5483.894818
20
4080.617079
70
0
0
VERTEX
8
ShapeString
10
5481.706813
20
4080.663674
70
0
0
VERTEX
8
ShapeString
10
5479.515230
20
4080.276790
70
0
0
VERTEX
8
ShapeString
10
5477.381240
20
4079.436900
70
0
0
VERTEX
8
ShapeString
10
5475.462925
20
4078.180159
70
0
0
VERTEX
8
ShapeString
10
5473.881119
20
4076.614719
70
0
0
VERTEX
8
ShapeString
10
5472.655215
20
4074.801794
70
0
0
VERTEX
8
ShapeString
10
5471.804609
20
4072.802597
70
0
0
VERTEX
8
ShapeString
10
5471.348697
20
4070.678340
70
0
0
VERTEX
8
ShapeString
10
5471.306875
20
4068.490239
70
0
0
VERTEX
8
ShapeString
10
5471.698537
20
4066.299505
70
0
0
VERTEX
8
ShapeString
10
5472.543080
20
4064.167352
70
0
0
VERTEX
8
ShapeString
10
5473.795634
20
4062.246301
70
0
0
VERTEX
8
ShapeString
10
5475.357620
20
4060.661083
70
0
0
VERTEX
8
ShapeString
10
5477.167867
20
4059.431228
70
0
0
VERTEX
8
ShapeString
10
5479.165205
20
4058.576264
70
0
0
VERTEX
8
ShapeString
10
5481.288462
20
4058.115721
70
0
0
VERTEX
8
ShapeString
10
5483.476467
20
4058.069126
70
0
0
VERTEX
8
ShapeString
10
5485.668050
20
4058.456010
70
0
0
VERTEX
8
ShapeString
10
5487.802040
20
4059.295900
70
0
0
VERTEX
8
ShapeString
10
5487.802040
20
4059.295900
70
0
0
SEQEND
8
ShapeString
0
POLYLINE
8
ShapeString
62
7
70
0
10
0.000000
20
0.000000
66
1
0
VERTEX
8
ShapeString
10
5484.561040
20
4475.031300
70
0
0
VERTEX
8
ShapeString
10
5486.481151
20
4476.287352
70
0
0
VERTEX
8
ShapeString
10
5488.064602
20
4477.852592
70
0
0
VERTEX
8
ShapeString
10
5489.291947
20
4479.665727
70
0
0
VERTEX
8
ShapeString
10
5490.143742
20
4481.665467
70
0
0
VERTEX
8
ShapeString
10
5490.600541
20
4483.790519
70
0
0
VERTEX
8
ShapeString
10
5490.642900
20
4485.979592
70
0
0
VERTEX
8
ShapeString
10
5490.251374
20
4488.171395
70
0
0
VERTEX
8
ShapeString
10
5489.406519
20
4490.304635
70
0
0
VERTEX
8
ShapeString
10
5488.153258
20
4492.226570
70
0
0
VERTEX
8
ShapeString
10
5486.590321
20
4493.812293
70
0
0
VERTEX
8
ShapeString
10
5484.778970
20
4495.042271
70
0
0
VERTEX
8
ShapeString
10
5482.780470
20
4495.896970
70
0
0
VERTEX
8
ShapeString
10
5480.656084
20
4496.356856
70
0
0
VERTEX
8
ShapeString
10
5478.467075
20
4496.402396
70
0
0
VERTEX
8
ShapeString
10
5476.274706
20
4496.014055
70
0
0
VERTEX
8
ShapeString
10
5474.140240
20
4495.172300
70
0
0
VERTEX
8
ShapeString
10
5472.220129
20
4493.916248
70
0
0
VERTEX
8
ShapeString
10
5470.636678
20
4492.351008
70
0
0
VERTEX
8
ShapeString
10
5469.409333
20
4490.537873
70
0
0
VERTEX
8
ShapeString
10
5468.557538
20
4488.538133
70
0
0
VERTEX
8
ShapeString
10
5468.100739
20
4486.413081
70
0
0
VERTEX
8
ShapeString
10
5468.058380
20
4484.224008
70
0
0
VERTEX
8
ShapeString
10
5468.449906
20
4482.032205
70
0
0
VERTEX
8
ShapeString
10
5469.294761
20
4479.898965
70
0
0
VERTEX
8
ShapeString
10
5470.548022
20
4477.977030
70
0
0
VERTEX
8
ShapeString
10
5472.110959
20
4476.391307
70
0
0
VERTEX
8
ShapeString
10
5473.922310
20
4475.161329
70
0
0
VERTEX
8
ShapeString
10
5475.920810
20
4474.306630
70
0
0
VERTEX
8
ShapeString
10
5478.045196
20
4473.846744
70
0
0
VERTEX
8
ShapeString
10
5480.234205
20
4473.801204
70
0
0
VERTEX
8
ShapeString
10
5482.426574
20
4474.189545
70
0
0
VERTEX
8
ShapeString
10
5484.561040
20
4475.031300
70
0
0
VERTEX
8
ShapeString
10
5484.561040
20
4475.031300
70
0
0
SEQEND
8
ShapeString
0
POLYLINE
8
ShapeString
62
7
70
0
10
0.000000
20
0.000000
66
1
0
VERTEX
8
ShapeString
10
6563.348060
20
3853.852800
70
0
0
VERTEX
8
ShapeString
10
6565.267221
20
3855.109213
70
0
0
VERTEX
8
ShapeString
10
6566.849802
20
3856.674555
70
0
0
VERTEX
8
ShapeString
10
6568.076386
20
3858.487576
70
0
0
VERTEX
8
ShapeString
10
6568.927554
20
3860.487025
70
0
0
VERTEX
8
ShapeString
10
6569.383886
20
3862.611654
70
0
0
VERTEX
8
ShapeString
10
6569.425965
20
3864.800211
70
0
0
VERTEX
8
ShapeString
10
6569.034370
20
3866.991446
70
0
0
VERTEX
8
ShapeString
10
6568.189685
20
3869.124111
70
0
0
VERTEX
8
ShapeString
10
6566.936802
20
3871.045578
70
0
0
VERTEX
8
ShapeString
10
6565.374372
20
3872.631034
70
0
0
VERTEX
8
ShapeString
10
6563.563609
20
3873.860949
70
0
0
VERTEX
8
ShapeString
10
6561.565727
20
3874.715791
70
0
0
VERTEX
8
ShapeString
10
6559.441941
20
3875.176028
70
0
0
VERTEX
8
ShapeString
10
6557.253465
20
3875.222129
70
0
0
VERTEX
8
ShapeString
10
6555.061513
20
3874.834564
70
0
0
VERTEX
8
ShapeString
10
6552.927300
20
3873.993800
70
0
0
VERTEX
8
ShapeString
10
6551.008139
20
3872.737387
70
0
0
VERTEX
8
ShapeString
10
6549.425558
20
3871.172045
70
0
0
VERTEX
8
ShapeString
10
6548.198974
20
3869.359024
70
0
0
VERTEX
8
ShapeString
10
6547.347806
20
3867.359575
70
0
0
VERTEX
8
ShapeString
10
6546.891474
20
3865.234946
70
0
0
VERTEX
8
ShapeString
10
6546.849395
20
3863.046389
70
0
0
VERTEX
8
ShapeString
10
6547.240990
20
3860.855154
70
0
0
VERTEX
8
ShapeString
10
6548.085675
20
3858.722489
70
0
0
VERTEX
8
ShapeString
10
6549.338558
20
3856.801022
70
0
0
VERTEX
8
ShapeString
10
6550.900988
20
3855.215566
70
0
0
VERTEX
8
ShapeString
10
6552.711751
20
3853.985651
70
0
0
VERTEX
8
ShapeString
10
6554.709633
20
3853.130809
70
0
0
VERTEX
8
ShapeString
10
6556.833419
20
3852.670572
70
0
0
VERTEX
8
ShapeString
10
6559.021895
20
3852.624471
70
0
0
VERTEX
8
ShapeString
10
6561.213847
20
3853.012036
70
0
0
VERTEX
8
ShapeString
10
6563.348060
20
3853.852800
70
0
0
VERTEX
8
ShapeString
10
6563.348060
20
3853.852800
70
0
0
SEQEND
8
ShapeString
0
POLYLINE
8
ShapeString
62
7
70
0
10
0.000000
20
0.000000
66
1
0
VERTEX
8
ShapeString
10
6272.090230
20
3946.925300
70
0
0
VERTEX
8
ShapeString
10
6274.013409
20
3948.180180
70
0
0
VERTEX
8
ShapeString
10
6275.599666
20
3949.745082
70
0
0
VERTEX
8
ShapeString
10
6276.829472
20
3951.558580
70
0
0
VERTEX
8
ShapeString
10
6277.683297
20
3953.559250
70
0
0
VERTEX
8
ShapeString
10
6278.141613
20
3955.685665
70
0
0
VERTEX
8
ShapeString
10
6278.184890
20
3957.876401
70
0
0
VERTEX
8
ShapeString
10
6277.793599
20
3960.070033
70
0
0
VERTEX
8
ShapeString
10
6276.948211
20
3962.205135
70
0
0
VERTEX
8
ShapeString
10
6275.693744
20
3964.128584
70
0
0
VERTEX
8
ShapeString
10
6274.129183
20
3965.715177
70
0
0
VERTEX
8
ShapeString
10
6272.315949
20
3966.945373
70
0
0
VERTEX
8
ShapeString
10
6270.315463
20
3967.799628
70
0
0
VERTEX
8
ShapeString
10
6268.189146
20
3968.258401
70
0
0
VERTEX
8
ShapeString
10
6265.998420
20
3968.302149
70
0
0
VERTEX
8
ShapeString
10
6263.804704
20
3967.911329
70
0
0
VERTEX
8
ShapeString
10
6261.669420
20
3967.066400
70
0
0
VERTEX
8
ShapeString
10
6259.746241
20
3965.811520
70
0
0
VERTEX
8
ShapeString
10
6258.159984
20
3964.246618
70
0
0
VERTEX
8
ShapeString
10
6256.930178
20
3962.433120
70
0
0
VERTEX
8
ShapeString
10
6256.076353
20
3960.432450
70
0
0
VERTEX
8
ShapeString
10
6255.618037
20
3958.306035
70
0
0
VERTEX
8
ShapeString
10
6255.574760
20
3956.115299
70
0
0
VERTEX
8
ShapeString
10
6255.966051
20
3953.921667
70
0
0
VERTEX
8
ShapeString
10
6256.811439
20
3951.786565
70
0
0
VERTEX
8
ShapeString
10
6258.065906
20
3949.863116
70
0
0
VERTEX
8
ShapeString
10
6259.630467
20
3948.276523
70
0
0
VERTEX
8
ShapeString
10
6261.443701
20
3947.046327
70
0
0
VERTEX
8
ShapeString
10
6263.444187
20
3946.192072
70
0
0
VERTEX
8
ShapeString
10
6265.570504
20
3945.733299
70
0
0
VERTEX
8
ShapeString
10
6267.761230
20
3945.689551
70
0
0
VERTEX
8
ShapeString
10
6269.954946
20
3946.080371
70
0
0
VERTEX
8
ShapeString
10
6272.090230
20
3946.925300
70
0
0
VERTEX
8
ShapeString
10
6272.090230
20
3946.925300
70
0
0
SEQEND
8
ShapeString
0
POLYLINE
8
ShapeString
62
7
70
0
10
0.000000
20
0.000000
66
1
0
VERTEX
8
ShapeString
10
6372.501040
20
4337.823200
70
0
0
VERTEX
8
ShapeString
10
6374.424219
20
4339.078080
70
0
0
VERTEX
8
ShapeString
10
6376.010476
20
4340.642982
70
0
0
VERTEX
8
ShapeString
10
6377.240282
20
4342.456480
70
0
0
VERTEX
8
ShapeString
10
6378.094107
20
4344.457150
70
0
0
VERTEX
8
ShapeString
10
6378.552423
20
4346.583565
70
0
0
VERTEX
8
ShapeString
10
6378.595700
20
4348.774301
70
0
0
VERTEX
8
ShapeString
10
6378.204409
20
4350.967933
70
0
0
VERTEX
8
ShapeString
10
6377.359021
20
4353.103035
70
0
0
VERTEX
8
ShapeString
10
6376.104554
20
4355.026484
70
0
0
VERTEX
8
ShapeString
10
6374.539993
20
4356.613077
70
0
0
VERTEX
8
ShapeString
10
6372.726759
20
4357.843273
70
0
0
VERTEX
8
ShapeString
10
6370.726273
20
4358.697528
70
0
0
VERTEX
8
ShapeString
10
6368.599956
20
4359.156301
70
0
0
VERTEX
8
ShapeString
10
6366.409230
20
4359.200049
70
0
0
VERTEX
8
ShapeString
10
6364.215514
20
4358.809229
70
0
0
VERTEX
8
ShapeString
10
6362.080230
20
4357.964300
70
0
0
VERTEX
8
ShapeString
10
6360.157051
20
4356.709420
70
0
0
VERTEX
8
ShapeString
10
6358.570794
20
4355.144518
70
0
0
VERTEX
8
ShapeString
10
6357.340988
20
4353.331020
70
0
0
VERTEX
8
ShapeString
10
6356.487163
20
4351.330350
70
0
0
VERTEX
8
ShapeString
10
6356.028847
20
4349.203935
70
0
0
VERTEX
8
ShapeString
10
6355.985570
20
4347.013199
70
0
0
VERTEX
8
ShapeString
10
6356.376861
20
4344.819567
70
0
0
VERTEX
8
ShapeString
10
6357.222249
20
4342.684465
70
0
0
VERTEX
8
ShapeString
10
6358.476716
20
4340.761016
70
0
0
VERTEX
8
ShapeString
10
6360.041277
20
4339.174423
70
0
0
VERTEX
8
ShapeString
10
6361.854511
20
4337.944227
70
0
0
VERTEX
8
ShapeString
10
6363.854997
20
4337.089972
70
0
0
VERTEX
8
ShapeString
10
6365.981314
20
4336.631199
70
0
0
VERTEX
8
ShapeString
10
6368.172040
20
4336.587451
70
0
0
VERTEX
8
ShapeString
10
6370.365756
20
4336.978271
70
0
0
VERTEX
8
ShapeString
10
6372.501040
20
4337.823200
70
0
0
VERTEX
8
ShapeString
10
6372.501040
20
4337.823200
70
0
0
SEQEND
8
ShapeString
0
POLYLINE
8
ShapeString
62
7
70
0
10
0.000000
20
0.000000
66
1
0
VERTEX
8
ShapeString
10
6708.222730
20
4230.542100
70
0
0
VERTEX
8
ShapeString
10
6710.141045
20
4231.798841
70
0
0
VERTEX
8
ShapeString
10
6711.722851
20
4233.364281
70
0
0
VERTEX
8
ShapeString
10
6712.948755
20
4235.177206
70
0
0
VERTEX
8
ShapeString
10
6713.799361
20
4237.176403
70
0
0
VERTEX
8
ShapeString
10
6714.255273
20
4239.300660
70
0
0
VERTEX
8
ShapeString
10
6714.297095
20
4241.488761
70
0
0
VERTEX
8
ShapeString
10
6713.905433
20
4243.679495
70
0
0
VERTEX
8
ShapeString
10
6713.060890
20
4245.811648
70
0
0
VERTEX
8
ShapeString
10
6711.808336
20
4247.732699
70
0
0
VERTEX
8
ShapeString
10
6710.246350
20
4249.317917
70
0
0
VERTEX
8
ShapeString
10
6708.436103
20
4250.547772
70
0
0
VERTEX
8
ShapeString
10
6706.438765
20
4251.402736
70
0
0
VERTEX
8
ShapeString
10
6704.315508
20
4251.863279
70
0
0
VERTEX
8
ShapeString
10
6702.127503
20
4251.909874
70
0
0
VERTEX
8
ShapeString
10
6699.935920
20
4251.522990
70
0
0
VERTEX
8
ShapeString
10
6697.801930
20
4250.683100
70
0
0
VERTEX
8
ShapeString
10
6695.883615
20
4249.426359
70
0
0
VERTEX
8
ShapeString
10
6694.301809
20
4247.860919
70
0
0
VERTEX
8
ShapeString
10
6693.075905
20
4246.047994
70
0
0
VERTEX
8
ShapeString
10
6692.225299
20
4244.048797
70
0
0
VERTEX
8
ShapeString
10
6691.769387
20
4241.924540
70
0
0
VERTEX
8
ShapeString
10
6691.727565
20
4239.736439
70
0
0
VERTEX
8
ShapeString
10
6692.119227
20
4237.545705
70
0
0
VERTEX
8
ShapeString
10
6692.963770
20
4235.413552
70
0
0
VERTEX
8
ShapeString
10
6694.216324
20
4233.492501
70
0
0
VERTEX
8
ShapeString
10
6695.778310
20
4231.907283
70
0
0
VERTEX
8
ShapeString
10
6697.588557
20
4230.677428
70
0
0
VERTEX
8
ShapeString
10
6699.585895
20
4229.822464
70
0
0
VERTEX
8
ShapeString
10
6701.709152
20
4229.361921
70
0
0
VERTEX
8
ShapeString
10
6703.897157
20
4229.315326
70
0
0
VERTEX
8
ShapeString
10
6706.088740
20
4229.702210
70
0
0
VERTEX
8
ShapeString
10
6708.222730
20
4230.542100
70
0
0
VERTEX
8
ShapeString
10
6708.222730
20
4230.542100
70
0
0
SEQEND
8
ShapeString
0
POLYLINE
8
ShapeString
62
7
70
0
10
0.000000
20
0.000000
66
1
0
VERTEX
8
ShapeString
10
3648.550800
20
3850.988100
70
0
0
VERTEX
8
ShapeString
10
3650.553050
20
3852.159013
70
0
0
VERTEX
8
ShapeString
10
3652.391816
20
3853.499900
70
0
0
VERTEX
8
ShapeString
10
3654.062235
20
3854.995435
70
0
0
VERTEX
8
ShapeString
10
3655.559443
20
3856.630291
70
0
0
VERTEX
8
ShapeString
10
3656.878575
20
3858.389140
70
0
0
VERTEX
8
ShapeString
10
3658.014769
20
3860.256654
70
0
0
VERTEX
8
ShapeString
10
3658.963159
20
3862.217508
70
0
0
VERTEX
8
ShapeString
10
3659.718883
20
3864.256373
70
0
0
VERTEX
8
ShapeString
10
3660.277075
20
3866.357923
70
0
0
VERTEX
8
ShapeString
10
3660.632873
20
3868.506829
70
0
0
VERTEX
8
ShapeString
10
3660.781412
20
3870.687765
70
0
0
VERTEX
8
ShapeString
10
3660.717829
20
3872.885404
70
0
0
VERTEX
8
ShapeString
10
3660.437259
20
3875.084419
70
0
0
VERTEX
8
ShapeString
10
3659.934838
20
3877.269481
70
0
0
VERTEX
8
ShapeString
10
3659.205703
20
3879.425265
70
0
0
VERTEX
8
ShapeString
10
3658.244989
20
3881.536442
70
0
0
VERTEX
8
ShapeString
10
3657.076665
20
3883.540203
70
0
0
VERTEX
8
ShapeString
10
3655.738155
20
3885.380701
70
0
0
VERTEX
8
ShapeString
10
3654.244779
20
3887.053051
70
0
0
VERTEX
8
ShapeString
10
3652.611860
20
3888.552370
70
0
0
VERTEX
8
ShapeString
10
3650.854717
20
3889.873775
70
0
0
VERTEX
8
ShapeString
10
3648.988672
20
3891.012381
70
0
0
VERTEX
8
ShapeString
10
3647.029046
20
3891.963304
70
0
0
VERTEX
8
ShapeString
10
3644.991159
20
3892.721662
70
0
0
VERTEX
8
ShapeString
10
3642.890333
20
3893.282570
70
0
0
VERTEX
8
ShapeString
10
3640.741888
20
3893.641144
70
0
0
VERTEX
8
ShapeString
10
3638.561145
20
3893.792502
70
0
0
VERTEX
8
ShapeString
10
3636.363426
20
3893.731758
70
0
0
VERTEX
8
ShapeString
10
3634.164051
20
3893.454030
70
0
0
VERTEX
8
ShapeString
10
3631.978341
20
3892.954433
70
0
0
VERTEX
8
ShapeString
10
3629.821617
20
3892.228085
70
0
0
VERTEX
8
ShapeString
10
3627.709200
20
3891.270100
70
0
0
VERTEX
8
ShapeString
10
3625.706950
20
3890.099187
70
0
0
VERTEX
8
ShapeString
10
3623.868184
20
3888.758300
70
0
0
VERTEX
8
ShapeString
10
3622.197765
20
3887.262765
70
0
0
VERTEX
8
ShapeString
10
3620.700557
20
3885.627909
70
0
0
VERTEX
8
ShapeString
10
3619.381425
20
3883.869060
70
0
0
VERTEX
8
ShapeString
10
3618.245231
20
3882.001546
70
0
0
VERTEX
8
ShapeString
10
3617.296841
20
3880.040692
70
0
0
VERTEX
8
ShapeString
10
3616.541117
20
3878.001827
70
0
0
VERTEX
8
ShapeString
10
3615.982925
20
3875.900277
70
0
0
VERTEX
8
ShapeString
10
3615.627127
20
3873.751371
70
0
0
VERTEX
8
ShapeString
10
3615.478588
20
3871.570435
70
0
0
VERTEX
8
ShapeString
10
3615.542171
20
3869.372796
70
0
0
VERTEX
8
ShapeString
10
3615.822741
20
3867.173781
70
0
0
VERTEX
8
ShapeString
10
3616.325162
20
3864.988719
70
0
0
VERTEX
8
ShapeString
10
3617.054297
20
3862.832935
70
0
0
VERTEX
8
ShapeString
10
3618.015011
20
3860.721758
70
0
0
VERTEX
8
ShapeString
10
3619.183335
20
3858.717997
70
0
0
VERTEX
8
ShapeString
10
3620.521845
20
3856.877499
70
0
0
VERTEX
8
ShapeString
10
3622.015221
20
3855.205149
70
0
0
VERTEX
8
ShapeString
10
3623.648140
20
3853.705830
70
0
0
VERTEX
8
ShapeString
10
3625.405283
20
3852.384425
70
0
0
VERTEX
8
ShapeString
10
3627.271328
20
3851.245819
70
0
0
VERTEX
8
ShapeString
10
3629.230954
20
3850.294896
70
0
0
VERTEX
8
ShapeString
10
3631.268841
20
3849.536538
70
0
0
VERTEX
8
ShapeString
10
3633.369667
20
3848.975630
70
0
0
VERTEX
8
ShapeString
10
3635.518112
20
3848.617056
70
0
0
VERTEX
8
ShapeString
10
3637.698855
20
3848.465698
70
0
0
VERTEX
8
ShapeString
10
3639.896574
20
3848.526442
70
0
0
VERTEX
8
ShapeString
10
3642.095949
20
3848.804170
70
0
0
VERTEX
8
ShapeString
10
3644.281659
20
3849.303767
70
0
0
VERTEX
8
ShapeString
10
3646.438383
20
3850.030115
70
0
0
VERTEX
8
ShapeString
10
3648.550800
20
3850.988100
70
0
0
VERTEX
8
ShapeString
10
3648.550800
20
3850.988100
70
0
0
SEQEND
8
ShapeString
0
POLYLINE
8
ShapeString
62
7
70
0
10
0.000000
20
0.000000
66
1
0
VERTEX
8
ShapeString
10
5491.391840
20
4257.093100
70
0
0
VERTEX
8
ShapeString
10
5493.392506
20
4258.264718
70
0
0
VERTEX
8
ShapeString
10
5495.229745
20
4259.606083
70
0
0
VERTEX
8
ShapeString
10
5496.898704
20
4261.101884
70
0
0
VERTEX
8
ShapeString
10
5498.394529
20
4262.736811
70
0
0
VERTEX
8
ShapeString
10
5499.712366
20
4264.495554
70
0
0
VERTEX
8
ShapeString
10
5500.847364
20
4266.362803
70
0
0
VERTEX
8
ShapeString
10
5501.794668
20
4268.323246
70
0
0
VERTEX
8
ShapeString
10
5502.549425
20
4270.361575
70
0
0
VERTEX
8
ShapeString
10
5503.106782
20
4272.462478
70
0
0
VERTEX
8
ShapeString
10
5503.461885
20
4274.610646
70
0
0
VERTEX
8
ShapeString
10
5503.609883
20
4276.790768
70
0
0
VERTEX
8
ShapeString
10
5503.545920
20
4278.987535
70
0
0
VERTEX
8
ShapeString
10
5503.265144
20
4281.185634
70
0
0
VERTEX
8
ShapeString
10
5502.762701
20
4283.369758
70
0
0
VERTEX
8
ShapeString
10
5502.033739
20
4285.524595
70
0
0
VERTEX
8
ShapeString
10
5501.073404
20
4287.634834
70
0
0
VERTEX
8
ShapeString
10
5499.905634
20
4289.637749
70
0
0
VERTEX
8
ShapeString
10
5498.567804
20
4291.477564
70
0
0
VERTEX
8
ShapeString
10
5497.075215
20
4293.149395
70
0
0
VERTEX
8
ShapeString
10
5495.443166
20
4294.648361
70
0
0
VERTEX
8
ShapeString
10
5493.686960
20
4295.969577
70
0
0
VERTEX
8
ShapeString
10
5491.821898
20
4297.108163
70
0
0
VERTEX
8
ShapeString
10
5489.863279
20
4298.059234
70
0
0
VERTEX
8
ShapeString
10
5487.826405
20
4298.817908
70
0
0
VERTEX
8
ShapeString
10
5485.726577
20
4299.379304
70
0
0
VERTEX
8
ShapeString
10
5483.579096
20
4299.738537
70
0
0
VERTEX
8
ShapeString
10
5481.399263
20
4299.890725
70
0
0
VERTEX
8
ShapeString
10
5479.202377
20
4299.830986
70
0
0
VERTEX
8
ShapeString
10
5477.003742
20
4299.554436
70
0
0
VERTEX
8
ShapeString
10
5474.818656
20
4299.056194
70
0
0
VERTEX
8
ShapeString
10
5472.662422
20
4298.331376
70
0
0
VERTEX
8
ShapeString
10
5470.550340
20
4297.375100
70
0
0
VERTEX
8
ShapeString
10
5468.549674
20
4296.203482
70
0
0
VERTEX
8
ShapeString
10
5466.712435
20
4294.862117
70
0
0
VERTEX
8
ShapeString
10
5465.043476
20
4293.366316
70
0
0
VERTEX
8
ShapeString
10
5463.547651
20
4291.731389
70
0
0
VERTEX
8
ShapeString
10
5462.229814
20
4289.972646
70
0
0
VERTEX
8
ShapeString
10
5461.094816
20
4288.105397
70
0
0
VERTEX
8
ShapeString
10
5460.147512
20
4286.144954
70
0
0
VERTEX
8
ShapeString
10
5459.392755
20
4284.106625
70
0
0
VERTEX
8
ShapeString
10
5458.835398
20
4282.005722
70
0
0
VERTEX
8
ShapeString
10
5458.480295
20
4279.857554
70
0
0
VERTEX
8
ShapeString
10
5458.332297
20
4277.677432
70
0
0
VERTEX
8
ShapeString
10
5458.396260
20
4275.480665
70
0
0
VERTEX
8
ShapeString
10
5458.677036
20
4273.282566
70
0
0
VERTEX
8
ShapeString
10
5459.179479
20
4271.098442
70
0
0
VERTEX
8
ShapeString
10
5459.908441
20
4268.943605
70
0
0
VERTEX
8
ShapeString
10
5460.868776
20
4266.833366
70
0
0
VERTEX
8
ShapeString
10
5462.036546
20
4264.830451
70
0
0
VERTEX
8
ShapeString
10
5463.374376
20
4262.990636
70
0
0
VERTEX
8
ShapeString
10
5464.866965
20
4261.318805
70
0
0
VERTEX
8
ShapeString
10
5466.499014
20
4259.819839
70
0
0
VERTEX
8
ShapeString
10
5468.255220
20
4258.498623
70
0
0
VERTEX
8
ShapeString
10
5470.120282
20
4257.360037
70
0
0
VERTEX
8
ShapeString
10
5472.078901
20
4256.408966
70
0
0
VERTEX
8
ShapeString
10
5474.115775
20
4255.650292
70
0
0
VERTEX
8
ShapeString
10
5476.215603
20
4255.088896
70
0
0
VERTEX
8
ShapeString
10
5478.363084
20
4254.729663
70
0
0
VERTEX
8
ShapeString
10
5480.542917
20
4254.577475
70
0
0
VERTEX
8
ShapeString
10
5482.739803
20
4254.637214
70
0
0
VERTEX
8
ShapeString
10
5484.938438
20
4254.913764
70
0
0
VERTEX
8
ShapeString
10
5487.123524
20
4255.412006
70
0
0
VERTEX
8
ShapeString
10
5489.279758
20
4256.136824
70
0
0
VERTEX
8
ShapeString
10
5491.391840
20
4257.093100
70
0
0
VERTEX
8
ShapeString
10
5491.391840
20
4257.093100
70
0
0
SEQEND
8
ShapeString
0
POLYLINE
8
ShapeString
62
7
70
0
10
0.000000
20
0.000000
66
1
0
VERTEX
8
ShapeString
10
3341.269000
20
4105.056100
70
0
0
VERTEX
8
ShapeString
10
3353.154742
20
4106.573399
70
0
0
VERTEX
8
ShapeString
10
3365.008759
20
4108.282897
70
0
0
VERTEX
8
ShapeString
10
3376.828757
20
4110.184010
70
0
0
VERTEX
8
ShapeString
10
3388.612441
20
4112.276156
70
0
0
VERTEX
8
ShapeString
10
3400.357518
20
4114.558751
70
0
0
VERTEX
8
ShapeString
10
3412.061691
20
4117.031214
70
0
0
VERTEX
8
ShapeString
10
3423.722668
20
4119.692961
70
0
0
VERTEX
8
ShapeString
10
3435.338153
20
4122.543409
70
0
0
VERTEX
8
ShapeString
10
3446.905852
20
4125.581975
70
0
0
VERTEX
8
ShapeString
10
3458.423471
20
4128.808078
70
0
0
VERTEX
8
ShapeString
10
3469.888714
20
4132.221133
70
0
0
VERTEX
8
ShapeString
10
3481.299288
20
4135.820558
70
0
0
VERTEX
8
ShapeString
10
3492.652898
20
4139.605770
70
0
0
VERTEX
8
ShapeString
10
3503.947250
20
4143.576186
70
0
0
VERTEX
8
ShapeString
10
3515.180049
20
4147.731224
70
0
0
VERTEX
8
ShapeString
10
3526.349000
20
4152.070300
70
0
0
SEQEND
8
ShapeString
0
POLYLINE
8
ShapeString
62
7
70
0
10
0.000000
20
0.000000
66
1
0
VERTEX
8
ShapeString
10
6749.977400
20
4257.673000
70
0
0
VERTEX
8
ShapeString
10
6725.394225
20
4266.530744
70
0
0
VERTEX
8
ShapeString
10
6700.772678
20
4275.235058
70
0
0
VERTEX
8
ShapeString
10
6676.113445
20
4283.785962
70
0
0
VERTEX
8
ShapeString
10
6651.417216
20
4292.183480
70
0
0
VERTEX
8
ShapeString
10
6626.684677
20
4300.427635
70
0
0
VERTEX
8
ShapeString
10
6601.916519
20
4308.518448
70
0
0
VERTEX
8
ShapeString
10
6577.113428
20
4316.455943
70
0
0
VERTEX
8
ShapeString
10
6552.276092
20
4324.240142
70
0
0
VERTEX
8
ShapeString
10
6527.405201
20
4331.871067
70
0
0
VERTEX
8
ShapeString
10
6502.501441
20
4339.348741
70
0
0
VERTEX
8
ShapeString
10
6477.565502
20
4346.673187
70
0
0
VERTEX
8
ShapeString
10
6452.598071
20
4353.844427
70
0
0
VERTEX
8
ShapeString
10
6427.599836
20
4360.862484
70
0
0
VERTEX
8
ShapeString
10
6402.571486
20
4367.727380
70
0
0
VERTEX
8
ShapeString
10
6377.513709
20
4374.439138
70
0
0
VERTEX
8
ShapeString
10
6352.427193
20
4380.997780
70
0
0
VERTEX
8
ShapeString
10
6327.312625
20
4387.403329
70
0
0
VERTEX
8
ShapeString
10
6302.170695
20
4393.655807
70
0
0
VERTEX
8
ShapeString
10
6277.002090
20
4399.755237
70
0
0
VERTEX
8
ShapeString
10
6251.807499
20
4405.701642
70
0
0
VERTEX
8
ShapeString
10
6226.587609
20
4411.495043
70
0
0
VERTEX
8
ShapeString
10
6201.343108
20
4417.135465
70
0
0
VERTEX
8
ShapeString
10
6176.074686
20
4422.622928
70
0
0
VERTEX
8
ShapeString
10
6150.783029
20
4427.957456
70
0
0
VERTEX
8
ShapeString
10
6125.468827
20
4433.139071
70
0
0
VERTEX
8
ShapeString
10
6100.132767
20
4438.167796
70
0
0
VERTEX
8
ShapeString
10
6074.775537
20
4443.043653
70
0
0
VERTEX
8
ShapeString
10
6049.397826
20
4447.766665
70
0
0
VERTEX
8
ShapeString
10
6024.000322
20
4452.336855
70
0
0
VERTEX
8
ShapeString
10
5998.583712
20
4456.754244
70
0
0
VERTEX
8
ShapeString
10
5973.148685
20
4461.018856
70
0
0
VERTEX
8
ShapeString
10
5947.695930
20
4465.130713
70
0
0
VERTEX
8
ShapeString
10
5922.226133
20
4469.089837
70
0
0
VERTEX
8
ShapeString
10
5896.739984
20
4472.896251
70
0
0
VERTEX
8
ShapeString
10
5871.238171
20
4476.549978
70
0
0
VERTEX
8
ShapeString
10
5845.721381
20
4480.051040
70
0
0
VERTEX
8
ShapeString
10
5820.190303
20
4483.399460
70
0
0
VERTEX
8
ShapeString
10
5794.645625
20
4486.595260
70
0
0
VERTEX
8
ShapeString
10
5769.088035
20
4489.638463
70
0
0
VERTEX
8
ShapeString
10
5743.518222
20
4492.529092
70
0
0
VERTEX
8
ShapeString
10
5717.936872
20
4495.267168
70
0
0
VERTEX
8
ShapeString
10
5692.344675
20
4497.852714
70
0
0
VERTEX
8
ShapeString
10
5666.742319
20
4500.285754
70
0
0
VERTEX
8
ShapeString
10
5641.130492
20
4502.566309
70
0
0
VERTEX
8
ShapeString
10
5615.509881
20
4504.694402
70
0
0
VERTEX
8
ShapeString
10
5589.881176
20
4506.670055
70
0
0
VERTEX
8
ShapeString
10
5564.245064
20
4508.493292
70
0
0
VERTEX
8
ShapeString
10
5538.602233
20
4510.164134
70
0
0
VERTEX
8
ShapeString
10
5512.953371
20
4511.682605
70
0
0
VERTEX
8
ShapeString
10
5487.299168
20
4513.048726
70
0
0
VERTEX
8
ShapeString
10
5461.640310
20
4514.262521
70
0
0
VERTEX
8
ShapeString
10
5435.977485
20
4515.324012
70
0
0
VERTEX
8
ShapeString
10
5410.311383
20
4516.233221
70
0
0
VERTEX
8
ShapeString
10
5384.642691
20
4516.990170
70
0
0
VERTEX
8
ShapeString
10
5358.972098
20
4517.594884
70
0
0
VERTEX
8
ShapeString
10
5333.300291
20
4518.047383
70
0
0
VERTEX
8
ShapeString
10
5307.627958
20
4518.347691
70
0
0
VERTEX
8
ShapeString
10
5281.955789
20
4518.495830
70
0
0
VERTEX
8
ShapeString
10
5256.284470
20
4518.491823
70
0
0
VERTEX
8
ShapeString
10
5230.614690
20
4518.335692
70
0
0
VERTEX
8
ShapeString
10
5204.947137
20
4518.027459
70
0
0
VERTEX
8
ShapeString
10
5179.282500
20
4517.567148
70
0
0
VERTEX
8
ShapeString
10
5153.621466
20
4516.954781
70
0
0
VERTEX
8
ShapeString
10
5127.964724
20
4516.190380
70
0
0
VERTEX
8
ShapeString
10
5102.312961
20
4515.273968
70
0
0
VERTEX
8
ShapeString
10
5076.666866
20
4514.205567
70
0
0
VERTEX
8
ShapeString
10
5051.027127
20
4512.985200
70
0
0
VERTEX
8
ShapeString
10
5025.394433
20
4511.612890
70
0
0
VERTEX
8
ShapeString
10
4999.769470
20
4510.088659
70
0
0
VERTEX
8
ShapeString
10
4974.152929
20
4508.412530
70
0
0
VERTEX
8
ShapeString
10
4948.545495
20
4506.584525
70
0
0
VERTEX
8
ShapeString
10
4922.947859
20
4504.604666
70
0
0
VERTEX
8
ShapeString
10
4897.360707
20
4502.472977
70
0
0
VERTEX
8
ShapeString
10
4871.784728
20
4500.189479
70
0
0
VERTEX
8
ShapeString
10
4846.220610
20
4497.754196
70
0
0
VERTEX
8
ShapeString
10
4820.669042
20
4495.167150
70
0
0
VERTEX
8
ShapeString
10
4795.130711
20
4492.428363
70
0
0
VERTEX
8
ShapeString
10
4769.606306
20
4489.537858
70
0
0
VERTEX
8
ShapeString
10
4744.096514
20
4486.495657
70
0
0
VERTEX
8
ShapeString
10
4718.602024
20
4483.301784
70
0
0
VERTEX
8
ShapeString
10
4693.123524
20
4479.956260
70
0
0
VERTEX
8
ShapeString
10
4667.661702
20
4476.459108
70
0
0
VERTEX
8
ShapeString
10
4642.217246
20
4472.810351
70
0
0
VERTEX
8
ShapeString
10
4616.790845
20
4469.010011
70
0
0
VERTEX
8
ShapeString
10
4591.383186
20
4465.058111
70
0
0
VERTEX
8
ShapeString
10
4565.994958
20
4460.954674
70
0
0
VERTEX
8
ShapeString
10
4540.626849
20
4456.699721
70
0
0
VERTEX
8
ShapeString
10
4515.279547
20
4452.293275
70
0
0
VERTEX
8
ShapeString
10
4489.953740
20
4447.735360
70
0
0
VERTEX
8
ShapeString
10
4464.650116
20
4443.025996
70
0
0
VERTEX
8
ShapeString
10
4439.369363
20
4438.165208
70
0
0
VERTEX
8
ShapeString
10
4414.112170
20
4433.153018
70
0
0
VERTEX
8
ShapeString
10
4388.879225
20
4427.989447
70
0
0
VERTEX
8
ShapeString
10
4363.671215
20
4422.674519
70
0
0
VERTEX
8
ShapeString
10
4338.488829
20
4417.208257
70
0
0
VERTEX
8
ShapeString
10
4313.332756
20
4411.590682
70
0
0
VERTEX
8
ShapeString
10
4288.203682
20
4405.821817
70
0
0
VERTEX
8
ShapeString
10
4263.102297
20
4399.901685
70
0
0
VERTEX
8
ShapeString
10
4238.029288
20
4393.830309
70
0
0
VERTEX
8
ShapeString
10
4212.985344
20
4387.607710
70
0
0
VERTEX
8
ShapeString
10
4187.971153
20
4381.233912
70
0
0
VERTEX
8
ShapeString
10
4162.987403
20
4374.708937
70
0
0
VERTEX
8
ShapeString
10
4138.034782
20
4368.032807
70
0
0
VERTEX
8
ShapeString
10
4113.113977
20
4361.205546
70
0
0
VERTEX
8
ShapeString
10
4088.225679
20
4354.227175
70
0
0
VERTEX
8
ShapeString
10
4063.370573
20
4347.097717
70
0
0
VERTEX
8
ShapeString
10
4038.549350
20
4339.817195
70
0
0
VERTEX
8
ShapeString
10
4013.762696
20
4332.385631
70
0
0
VERTEX
8
ShapeString
10
3989.011300
20
4324.803048
70
0
0
VERTEX
8
ShapeString
10
3964.295850
20
4317.069468
70
0
0
VERTEX
8
ShapeString
10
3939.617034
20
4309.184914
70
0
0
VERTEX
8
ShapeString
10
3914.975540
20
4301.149409
70
0
0
VERTEX
8
ShapeString
10
3890.372057
20
4292.962974
70
0
0
VERTEX
8
ShapeString
10
3865.807273
20
4284.625633
70
0
0
VERTEX
8
ShapeString
10
3841.281875
20
4276.137408
70
0
0
VERTEX
8
ShapeString
10
3816.796552
20
4267.498322
70
0
0
VERTEX
8
ShapeString
10
3792.351992
20
4258.708397
70
0
0
VERTEX
8
ShapeString
10
3767.948883
20
4249.767655
70
0
0
VERTEX
8
ShapeString
10
3743.587914
20
4240.676120
70
0
0
VERTEX
8
ShapeString
10
3719.269772
20
4231.433813
70
0
0
VERTEX
8
ShapeString
10
3694.995145
20
4222.040758
70
0
0
VERTEX
8
ShapeString
10
3670.764723
20
4212.496976
70
0
0
VERTEX
8
ShapeString
10
3646.579192
20
4202.802491
70
0
0
VERTEX
8
ShapeString
10
3622.439241
20
4192.957325
70
0
0
VERTEX
8
ShapeString
10
3598.345558
20
4182.961500
70
0
0
VERTEX
8
ShapeString
10
3574.298832
20
4172.815039
70
0
0
VERTEX
8
ShapeString
10
3550.299750
20
4162.517965
70
0
0
VERTEX
8
ShapeString
10
3526.349000
20
4152.070300
70
0
0
SEQEND
8
ShapeString
0
POLYLINE
8
ShapeString
62
7
70
0
10
0.000000
20
0.000000
66
1
0
VERTEX
8
ShapeString
10
6749.973720
20
4257.676700
70
0
0
VERTEX
8
ShapeString
10
6583.245300
20
3823.931700
70
0
0
SEQEND
8
ShapeString
0
POLYLINE
8
ShapeString
62
7
70
0
10
0.000000
20
0.000000
66
1
0
VERTEX
8
ShapeString
10
6583.245300
20
3823.931700
70
0
0
VERTEX
8
ShapeString
10
6561.410674
20
3832.235715
70
0
0
VERTEX
8
ShapeString
10
6539.535758
20
3840.377267
70
0
0
VERTEX
8
ShapeString
10
6517.621397
20
3848.356426
70
0
0
VERTEX
8
ShapeString
10
6495.668439
20
3856.173263
70
0
0
VERTEX
8
ShapeString
10
6473.677730
20
3863.827845
70
0
0
VERTEX
8
ShapeString
10
6451.650116
20
3871.320245
70
0
0
VERTEX
8
ShapeString
10
6429.586444
20
3878.650530
70
0
0
VERTEX
8
ShapeString
10
6407.487561
20
3885.818772
70
0
0
VERTEX
8
ShapeString
10
6385.354313
20
3892.825040
70
0
0
VERTEX
8
ShapeString
10
6363.187546
20
3899.669404
70
0
0
VERTEX
8
ShapeString
10
6340.988107
20
3906.351933
70
0
0
VERTEX
8
ShapeString
10
6318.756843
20
3912.872699
70
0
0
VERTEX
8
ShapeString
10
6296.494600
20
3919.231769
70
0
0
VERTEX
8
ShapeString
10
6274.202224
20
3925.429215
70
0
0
VERTEX
8
ShapeString
10
6251.880563
20
3931.465105
70
0
0
VERTEX
8
ShapeString
10
6229.530462
20
3937.339511
70
0
0
VERTEX
8
ShapeString
10
6207.152768
20
3943.052501
70
0
0
VERTEX
8
ShapeString
10
6184.748328
20
3948.604146
70
0
0
VERTEX
8
ShapeString
10
6162.317988
20
3953.994515
70
0
0
VERTEX
8
ShapeString
10
6139.862595
20
3959.223679
70
0
0
VERTEX
8
ShapeString
10
6117.382994
20
3964.291707
70
0
0
VERTEX
8
ShapeString
10
6094.880034
20
3969.198668
70
0
0
VERTEX
8
ShapeString
10
6072.354560
20
3973.944633
70
0
0
VERTEX
8
ShapeString
10
6049.807418
20
3978.529672
70
0
0
VERTEX
8
ShapeString
10
6027.239456
20
3982.953854
70
0
0
VERTEX
8
ShapeString
10
6004.651519
20
3987.217250
70
0
0
VERTEX
8
ShapeString
10
5982.044455
20
3991.319928
70
0
0
VERTEX
8
ShapeString
10
5959.419110
20
3995.261960
70
0
0
VERTEX
8
ShapeString
10
5936.776330
20
3999.043414
70
0
0
VERTEX
8
ShapeString
10
5914.116961
20
4002.664361
70
0
0
VERTEX
8
ShapeString
10
5891.441851
20
4006.124870
70
0
0
VERTEX
8
ShapeString
10
5868.751846
20
4009.425011
70
0
0
VERTEX
8
ShapeString
10
5846.047792
20
4012.564855
70
0
0
VERTEX
8
ShapeString
10
5823.330536
20
4015.544471
70
0
0
VERTEX
8
ShapeString
10
5800.600925
20
4018.363928
70
0
0
VERTEX
8
ShapeString
10
5777.859804
20
4021.023297
70
0
0
VERTEX
8
ShapeString
10
5755.108021
20
4023.522647
70
0
0
VERTEX
8
ShapeString
10
5732.346422
20
4025.862049
70
0
0
VERTEX
8
ShapeString
10
5709.575853
20
4028.041571
70
0
0
VERTEX
8
ShapeString
10
5686.797161
20
4030.061285
70
0
0
VERTEX
8
ShapeString
10
5664.011192
20
4031.921259
70
0
0
VERTEX
8
ShapeString
10
5641.218794
20
4033.621564
70
0
0
VERTEX
8
ShapeString
10
5618.420812
20
4035.162270
70
0
0
VERTEX
8
ShapeString
10
5595.618093
20
4036.543445
70
0
0
VERTEX
8
ShapeString
10
5572.811484
20
4037.765161
70
0
0
VERTEX
8
ShapeString
10
5550.001831
20
4038.827487
70
0
0
VERTEX
8
ShapeString
10
5527.189980
20
4039.730493
70
0
0
VERTEX
8
ShapeString
10
5504.376779
20
4040.474248
70
0
0
VERTEX
8
ShapeString
10
5481.563073
20
4041.058823
70
0
0
VERTEX
8
ShapeString
10
5458.749709
20
4041.484287
70
0
0
VERTEX
8
ShapeString
10
5435.937534
20
4041.750710
70
0
0
VERTEX
8
ShapeString
10
5413.127394
20
4041.858162
70
0
0
VERTEX
8
ShapeString
10
5390.320135
20
4041.806713
70
0
0
VERTEX
8
ShapeString
10
5367.516605
20
4041.596432
70
0
0
VERTEX
8
ShapeString
10
5344.717650
20
4041.227391
70
0
0
VERTEX
8
ShapeString
10
5321.924115
20
4040.699657
70
0
0
VERTEX
8
ShapeString
10
5299.136849
20
4040.013301
70
0
0
VERTEX
8
ShapeString
10
5276.356696
20
4039.168394
70
0
0
VERTEX
8
ShapeString
10
5253.584505
20
4038.165004
70
0
0
VERTEX
8
ShapeString
10
5230.821121
20
4037.003202
70
0
0
VERTEX
8
ShapeString
10
5208.067390
20
4035.683058
70
0
0
VERTEX
8
ShapeString
10
5185.324160
20
4034.204640
70
0
0
VERTEX
8
ShapeString
10
5162.592277
20
4032.568020
70
0
0
VERTEX
8
ShapeString
10
5139.872587
20
4030.773267
70
0
0
VERTEX
8
ShapeString
10
5117.165936
20
4028.820451
70
0
0
VERTEX
8
ShapeString
10
5094.473173
20
4026.709641
70
0
0
VERTEX
8
ShapeString
10
5071.795142
20
4024.440908
70
0
0
VERTEX
8
ShapeString
10
5049.132690
20
4022.014322
70
0
0
VERTEX
8
ShapeString
10
5026.486665
20
4019.429951
70
0
0
VERTEX
8
ShapeString
10
5003.857911
20
4016.687866
70
0
0
VERTEX
8
ShapeString
10
4981.247277
20
4013.788138
70
0
0
VERTEX
8
ShapeString
10
4958.655608
20
4010.730835
70
0
0
VERTEX
8
ShapeString
10
4936.083751
20
4007.516027
70
0
0
VERTEX
8
ShapeString
10
4913.532553
20
4004.143785
70
0
0
VERTEX
8
ShapeString
10
4891.002860
20
4000.614178
70
0
0
VERTEX
8
ShapeString
10
4868.495518
20
3996.927276
70
0
0
VERTEX
8
ShapeString
10
4846.011374
20
3993.083149
70
0
0
VERTEX
8
ShapeString
10
4823.551275
20
3989.081867
70
0
0
VERTEX
8
ShapeString
10
4801.116067
20
3984.923499
70
0
0
VERTEX
8
ShapeString
10
4778.706596
20
3980.608115
70
0
0
VERTEX
8
ShapeString
10
4756.323710
20
3976.135786
70
0
0
VERTEX
8
ShapeString
10
4733.968254
20
3971.506581
70
0
0
VERTEX
8
ShapeString
10
4711.641075
20
3966.720570
70
0
0
VERTEX
8
ShapeString
10
4689.343020
20
3961.777822
70
0
0
VERTEX
8
ShapeString
10
4667.074935
20
3956.678408
70
0
0
VERTEX
8
ShapeString
10
4644.837667
20
3951.422397
70
0
0
VERTEX
8
ShapeString
10
4622.632062
20
3946.009859
70
0
0
VERTEX
8
ShapeString
10
4600.458966
20
3940.440865
70
0
0
VERTEX
8
ShapeString
10
4578.319227
20
3934.715483
70
0
0
VERTEX
8
ShapeString
10
4556.213690
20
3928.833785
70
0
0
VERTEX
8
ShapeString
10
4534.143203
20
3922.795838
70
0
0
VERTEX
8
ShapeString
10
4512.108612
20
3916.601714
70
0
0
VERTEX
8
ShapeString
10
4490.110763
20
3910.251483
70
0
0
VERTEX
8
ShapeString
10
4468.150502
20
3903.745213
70
0
0
VERTEX
8
ShapeString
10
4446.228677
20
3897.082975
70
0
0
VERTEX
8
ShapeString
10
4424.346134
20
3890.264839
70
0
0
VERTEX
8
ShapeString
10
4402.503719
20
3883.290875
70
0
0
VERTEX
8
ShapeString
10
4380.702279
20
3876.161152
70
0
0
VERTEX
8
ShapeString
10
4358.942660
20
3868.875740
70
0
0
VERTEX
8
ShapeString
10
4337.225709
20
3861.434709
70
0
0
VERTEX
8
ShapeString
10
4315.552273
20
3853.838130
70
0
0
VERTEX
8
ShapeString
10
4293.923198
20
3846.086071
70
0
0
VERTEX
8
ShapeString
10
4272.339330
20
3838.178602
70
0
0
VERTEX
8
ShapeString
10
4250.801515
20
3830.115794
70
0
0
VERTEX
8
ShapeString
10
4229.310602
20
3821.897716
70
0
0
VERTEX
8
ShapeString
10
4207.867435
20
3813.524439
70
0
0
VERTEX
8
ShapeString
10
4186.472862
20
3804.996031
70
0
0
VERTEX
8
ShapeString
10
4165.127729
20
3796.312563
70
0
0
VERTEX
8
ShapeString
10
4143.832882
20
3787.474105
70
0
0
VERTEX
8
ShapeString
10
4122.589168
20
3778.480726
70
0
0
VERTEX
8
ShapeString
10
4101.397434
20
3769.332496
70
0
0
VERTEX
8
ShapeString
10
4080.258526
20
3760.029485
70
0
0
VERTEX
8
ShapeString
10
4059.173291
20
3750.571764
70
0
0
VERTEX
8
ShapeString
10
4038.142575
20
3740.959401
70
0
0
VERTEX
8
ShapeString
10
4017.167224
20
3731.192467
70
0
0
VERTEX
8
ShapeString
10
3996.248085
20
3721.271031
70
0
0
VERTEX
8
ShapeString
10
3975.386005
20
3711.195163
70
0
0
VERTEX
8
ShapeString
10
3954.581831
20
3700.964934
70
0
0
VERTEX
8
ShapeString
10
3933.836408
20
3690.580412
70
0
0
VERTEX
8
ShapeString
10
3913.150583
20
3680.041669
70
0
0
VERTEX
8
ShapeString
10
3892.525202
20
3669.348773
70
0
0
VERTEX
8
ShapeString
10
3871.961113
20
3658.501794
70
0
0
VERTEX
8
ShapeString
10
3851.459162
20
3647.500803
70
0
0
VERTEX
8
ShapeString
10
3831.020195
20
3636.345869
70
0
0
VERTEX
8
ShapeString
10
3810.645059
20
3625.037061
70
0
0
VERTEX
8
ShapeString
10
3790.334600
20
3613.574451
70
0
0
VERTEX
8
ShapeString
10
3770.089665
20
3601.958107
70
0
0
VERTEX
8
ShapeString
10
3749.911100
20
3590.188100
70
0
0
SEQEND
8
ShapeString
0
POLYLINE
8
ShapeString
62
7
70
0
10
0.000000
20
0.000000
66
1
0
VERTEX
8
ShapeString
10
3749.911100
20
3590.188100
70
0
0
VERTEX
8
ShapeString
10
3739.530256
20
3585.918775
70
0
0
VERTEX
8
ShapeString
10
3729.259891
20
3581.416024
70
0
0
VERTEX
8
ShapeString
10
3719.103753
20
3576.682205
70
0
0
VERTEX
8
ShapeString
10
3709.065585
20
3571.719681
70
0
0
VERTEX
8
ShapeString
10
3699.149133
20
3566.530811
70
0
0
VERTEX
8
ShapeString
10
3689.358143
20
3561.117956
70
0
0
VERTEX
8
ShapeString
10
3679.696359
20
3555.483476
70
0
0
VERTEX
8
ShapeString
10
3670.167528
20
3549.629731
70
0
0
VERTEX
8
ShapeString
10
3660.775394
20
3543.559082
70
0
0
VERTEX
8
ShapeString
10
3651.523704
20
3537.273890
70
0
0
VERTEX
8
ShapeString
10
3642.416201
20
3530.776514
70
0
0
VERTEX
8
ShapeString
10
3633.456632
20
3524.069316
70
0
0
VERTEX
8
ShapeString
10
3624.648742
20
3517.154654
70
0
0
VERTEX
8
ShapeString
10
3615.996277
20
3510.034891
70
0
0
VERTEX
8
ShapeString
10
3607.502981
20
3502.712386
70
0
0
VERTEX
8
ShapeString
10
3599.172600
20
3495.189500
70
0
0
SEQEND
8
ShapeString
0
POLYLINE
8
ShapeString
62
7
70
0
10
0.000000
20
0.000000
66
1
0
VERTEX
8
ShapeString
10
3341.269000
20
4105.056100
70
0
0
VERTEX
8
ShapeString
10
3333.467480
20
4094.802318
70
0
0
VERTEX
8
ShapeString
10
3326.051942
20
4084.337332
70
0
0
VERTEX
8
ShapeString
10
3319.023788
20
4073.671574
70
0
0
VERTEX
8
ShapeString
10
3312.384419
20
4062.815476
70
0
0
VERTEX
8
ShapeString
10
3306.135240
20
4051.779470
70
0
0
VERTEX
8
ShapeString
10
3300.277653
20
4040.573987
70
0
0
VERTEX
8
ShapeString
10
3294.813059
20
4029.209461
70
0
0
VERTEX
8
ShapeString
10
3289.742863
20
4017.696322
70
0
0
VERTEX
8
ShapeString
10
3285.068466
20
4006.045002
70
0
0
VERTEX
8
ShapeString
10
3280.791271
20
3994.265934
70
0
0
VERTEX
8
ShapeString
10
3276.912680
20
3982.369550
70
0
0
VERTEX
8
ShapeString
10
3273.434097
20
3970.366280
70
0
0
VERTEX
8
ShapeString
10
3270.356924
20
3958.266558
70
0
0
VERTEX
8
ShapeString
10
3267.682563
20
3946.080815
70
0
0
VERTEX
8
ShapeString
10
3265.412417
20
3933.819482
70
0
0
VERTEX
8
ShapeString
10
3263.547889
20
3921.492992
70
0
0
VERTEX
8
ShapeString
10
3262.090381
20
3909.111778
70
0
0
VERTEX
8
ShapeString
10
3261.041296
20
3896.686269
70
0
0
VERTEX
8
ShapeString
10
3260.402037
20
3884.226900
70
0
0
VERTEX
8
ShapeString
10
3260.174005
20
3871.744100
70
0
0
VERTEX
8
ShapeString
10
3260.358604
20
3859.248303
70
0
0
VERTEX
8
ShapeString
10
3260.957237
20
3846.749941
70
0
0
VERTEX
8
ShapeString
10
3261.971305
20
3834.259444
70
0
0
VERTEX
8
ShapeString
10
3263.402212
20
3821.787245
70
0
0
VERTEX
8
ShapeString
10
3265.251360
20
3809.343777
70
0
0
VERTEX
8
ShapeString
10
3267.520152
20
3796.939470
70
0
0
VERTEX
8
ShapeString
10
3270.209990
20
3784.584757
70
0
0
VERTEX
8
ShapeString
10
3273.322277
20
3772.290069
70
0
0
VERTEX
8
ShapeString
10
3276.858415
20
3760.065839
70
0
0
VERTEX
8
ShapeString
10
3280.819808
20
3747.922499
70
0
0
VERTEX
8
ShapeString
10
3285.207857
20
3735.870480
70
0
0
VERTEX
8
ShapeString
10
3290.023966
20
3723.920214
70
0
0
VERTEX
8
ShapeString
10
3295.242987
20
3712.140333
70
0
0
VERTEX
8
ShapeString
10
3300.833196
20
3700.596690
70
0
0
VERTEX
8
ShapeString
10
3306.786131
20
3689.295543
70
0
0
VERTEX
8
ShapeString
10
3313.093332
20
3678.243155
70
0
0
VERTEX
8
ShapeString
10
3319.746336
20
3667.445784
70
0
0
VERTEX
8
ShapeString
10
3326.736682
20
3656.909693
70
0
0
VERTEX
8
ShapeString
10
3334.055908
20
3646.641140
70
0
0
VERTEX
8
ShapeString
10
3341.695553
20
3636.646388
70
0
0
VERTEX
8
ShapeString
10
3349.647156
20
3626.931695
70
0
0
VERTEX
8
ShapeString
10
3357.902254
20
3617.503323
70
0
0
VERTEX
8
ShapeString
10
3366.452386
20
3608.367533
70
0
0
VERTEX
8
ShapeString
10
3375.289091
20
3599.530584
70
0
0
VERTEX
8
ShapeString
10
3384.403907
20
3590.998737
70
0
0
VERTEX
8
ShapeString
10
3393.788372
20
3582.778252
70
0
0
VERTEX
8
ShapeString
10
3403.434025
20
3574.875391
70
0
0
VERTEX
8
ShapeString
10
3413.332404
20
3567.296414
70
0
0
VERTEX
8
ShapeString
10
3423.475048
20
3560.047580
70
0
0
VERTEX
8
ShapeString
10
3433.853495
20
3553.135151
70
0
0
VERTEX
8
ShapeString
10
3444.459283
20
3546.565388
70
0
0
VERTEX
8
ShapeString
10
3455.283952
20
3540.344549
70
0
0
VERTEX
8
ShapeString
10
3466.319039
20
3534.478897
70
0
0
VERTEX
8
ShapeString
10
3477.556082
20
3528.974691
70
0
0
VERTEX
8
ShapeString
10
3488.986621
20
3523.838193
70
0
0
VERTEX
8
ShapeString
10
3500.602194
20
3519.075661
70
0
0
VERTEX
8
ShapeString
10
3512.394339
20
3514.693358
70
0
0
VERTEX
8
ShapeString
10
3524.354594
20
3510.697543
70
0
0
VERTEX
8
ShapeString
10
3536.474499
20
3507.094478
70
0
0
VERTEX
8
ShapeString
10
3548.745590
20
3503.890421
70
0
0
VERTEX
8
ShapeString
10
3561.159408
20
3501.091635
70
0
0
VERTEX
8
ShapeString
10
3573.707490
20
3498.704379
70
0
0
VERTEX
8
ShapeString
10
3586.381374
20
3496.734914
70
0
0
VERTEX
8
ShapeString
10
3599.172600
20
3495.189500
70
0
0
SEQEND
8
ShapeString
0
POLYLINE
8
ShapeString
62
7
70
0
10
0.000000
20
0.000000
66
1
0
VERTEX
8
ShapeString
10
6701.548780
20
3217.458800
70
0
0
VERTEX
8
ShapeString
10
6699.775475
20
3216.004233
70
0
0
VERTEX
8
ShapeString
10
6698.369799
20
3214.278626
70
0
0
VERTEX
8
ShapeString
10
6697.344499
20
3212.344932
70
0
0
VERTEX
8
ShapeString
10
6696.712323
20
3210.266104
70
0
0
VERTEX
8
ShapeString
10
6696.486017
20
3208.105095
70
0
0
VERTEX
8
ShapeString
10
6696.678328
20
3205.924859
70
0
0
VERTEX
8
ShapeString
10
6697.302002
20
3203.788349
70
0
0
VERTEX
8
ShapeString
10
6698.369786
20
3201.758518
70
0
0
VERTEX
8
ShapeString
10
6699.820744
20
3199.982258
70
0
0
VERTEX
8
ShapeString
10
6701.543488
20
3198.573076
70
0
0
VERTEX
8
ShapeString
10
6703.475093
20
3197.543846
70
0
0
VERTEX
8
ShapeString
10
6705.552631
20
3196.907443
70
0
0
VERTEX
8
ShapeString
10
6707.713175
20
3196.676743
70
0
0
VERTEX
8
ShapeString
10
6709.893797
20
3196.864619
70
0
0
VERTEX
8
ShapeString
10
6712.031571
20
3197.483946
70
0
0
VERTEX
8
ShapeString
10
6714.063570
20
3198.547600
70
0
0
VERTEX
8
ShapeString
10
6715.836875
20
3200.002167
70
0
0
VERTEX
8
ShapeString
10
6717.242551
20
3201.727774
70
0
0
VERTEX
8
ShapeString
10
6718.267851
20
3203.661468
70
0
0
VERTEX
8
ShapeString
10
6718.900027
20
3205.740296
70
0
0
VERTEX
8
ShapeString
10
6719.126333
20
3207.901305
70
0
0
VERTEX
8
ShapeString
10
6718.934022
20
3210.081541
70
0
0
VERTEX
8
ShapeString
10
6718.310348
20
3212.218051
70
0
0
VERTEX
8
ShapeString
10
6717.242564
20
3214.247882
70
0
0
VERTEX
8
ShapeString
10
6715.791606
20
3216.024142
70
0
0
VERTEX
8
ShapeString
10
6714.068862
20
3217.433324
70
0
0
VERTEX
8
ShapeString
10
6712.137257
20
3218.462554
70
0
0
VERTEX
8
ShapeString
10
6710.059719
20
3219.098957
70
0
0
VERTEX
8
ShapeString
10
6707.899175
20
3219.329657
70
0
0
VERTEX
8
ShapeString
10
6705.718553
20
3219.141781
70
0
0
VERTEX
8
ShapeString
10
6703.580779
20
3218.522454
70
0
0
VERTEX
8
ShapeString
10
6701.548780
20
3217.458800
70
0
0
VERTEX
8
ShapeString
10
6701.548780
20
3217.458800
70
0
0
SEQEND
8
ShapeString
0
POLYLINE
8
ShapeString
62
7
70
0
10
0.000000
20
0.000000
66
1
0
VERTEX
8
ShapeString
10
7311.633000
20
3434.003100
70
0
0
VERTEX
8
ShapeString
10
7309.865210
20
3432.547076
70
0
0
VERTEX
8
ShapeString
10
7308.464446
20
3430.821401
70
0
0
VERTEX
8
ShapeString
10
7307.443334
20
3428.888783
70
0
0
VERTEX
8
ShapeString
10
7306.814500
20
3426.811929
70
0
0
VERTEX
8
ShapeString
10
7306.590570
20
3424.653548
70
0
0
VERTEX
8
ShapeString
10
7306.784170
20
3422.476347
70
0
0
VERTEX
8
ShapeString
10
7307.407927
20
3420.343035
70
0
0
VERTEX
8
ShapeString
10
7308.474467
20
3418.316319
70
0
0
VERTEX
8
ShapeString
10
7309.923084
20
3416.542454
70
0
0
VERTEX
8
ShapeString
10
7311.642885
20
3415.134484
70
0
0
VERTEX
8
ShapeString
10
7313.571216
20
3414.105297
70
0
0
VERTEX
8
ShapeString
10
7315.645421
20
3413.467782
70
0
0
VERTEX
8
ShapeString
10
7317.802846
20
3413.234826
70
0
0
VERTEX
8
ShapeString
10
7319.980838
20
3413.419318
70
0
0
VERTEX
8
ShapeString
10
7322.116740
20
3414.034146
70
0
0
VERTEX
8
ShapeString
10
7324.147900
20
3415.092200
70
0
0
VERTEX
8
ShapeString
10
7325.915690
20
3416.548224
70
0
0
VERTEX
8
ShapeString
10
7327.316454
20
3418.273899
70
0
0
VERTEX
8
ShapeString
10
7328.337566
20
3420.206517
70
0
0
VERTEX
8
ShapeString
10
7328.966400
20
3422.283371
70
0
0
VERTEX
8
ShapeString
10
7329.190330
20
3424.441752
70
0
0
VERTEX
8
ShapeString
10
7328.996730
20
3426.618953
70
0
0
VERTEX
8
ShapeString
10
7328.372973
20
3428.752265
70
0
0
VERTEX
8
ShapeString
10
7327.306433
20
3430.778981
70
0
0
VERTEX
8
ShapeString
10
7325.857816
20
3432.552846
70
0
0
VERTEX
8
ShapeString
10
7324.138015
20
3433.960816
70
0
0
VERTEX
8
ShapeString
10
7322.209684
20
3434.990003
70
0
0
VERTEX
8
ShapeString
10
7320.135479
20
3435.627518
70
0
0
VERTEX
8
ShapeString
10
7317.978054
20
3435.860474
70
0
0
VERTEX
8
ShapeString
10
7315.800062
20
3435.675982
70
0
0
VERTEX
8
ShapeString
10
7313.664160
20
3435.061154
70
0
0
VERTEX
8
ShapeString
10
7311.633000
20
3434.003100
70
0
0
VERTEX
8
ShapeString
10
7311.633000
20
3434.003100
70
0
0
SEQEND
8
ShapeString
0
POLYLINE
8
ShapeString
62
7
70
0
10
0.000000
20
0.000000
66
1
0
VERTEX
8
ShapeString
10
6483.421520
20
3031.058800
70
0
0
VERTEX
8
ShapeString
10
6481.650409
20
3029.603652
70
0
0
VERTEX
8
ShapeString
10
6480.246686
20
3027.878018
70
0
0
VERTEX
8
ShapeString
10
6479.223049
20
3025.944753
70
0
0
VERTEX
8
ShapeString
10
6478.592199
20
3023.866710
70
0
0
VERTEX
8
ShapeString
10
6478.366833
20
3021.706747
70
0
0
VERTEX
8
ShapeString
10
6478.559650
20
3019.527718
70
0
0
VERTEX
8
ShapeString
10
6479.183350
20
3017.392478
70
0
0
VERTEX
8
ShapeString
10
6480.250631
20
3015.363882
70
0
0
VERTEX
8
ShapeString
10
6481.700648
20
3013.588568
70
0
0
VERTEX
8
ShapeString
10
6483.422214
20
3012.179858
70
0
0
VERTEX
8
ShapeString
10
6485.352511
20
3011.150633
70
0
0
VERTEX
8
ShapeString
10
6487.428719
20
3010.513774
70
0
0
VERTEX
8
ShapeString
10
6489.588021
20
3010.282160
70
0
0
VERTEX
8
ShapeString
10
6491.767599
20
3010.468673
70
0
0
VERTEX
8
ShapeString
10
6493.904635
20
3011.086193
70
0
0
VERTEX
8
ShapeString
10
6495.936310
20
3012.147600
70
0
0
VERTEX
8
ShapeString
10
6497.707421
20
3013.602748
70
0
0
VERTEX
8
ShapeString
10
6499.111144
20
3015.328382
70
0
0
VERTEX
8
ShapeString
10
6500.134781
20
3017.261647
70
0
0
VERTEX
8
ShapeString
10
6500.765631
20
3019.339690
70
0
0
VERTEX
8
ShapeString
10
6500.990997
20
3021.499653
70
0
0
VERTEX
8
ShapeString
10
6500.798180
20
3023.678682
70
0
0
VERTEX
8
ShapeString
10
6500.174480
20
3025.813922
70
0
0
VERTEX
8
ShapeString
10
6499.107199
20
3027.842518
70
0
0
VERTEX
8
ShapeString
10
6497.657182
20
3029.617832
70
0
0
VERTEX
8
ShapeString
10
6495.935616
20
3031.026542
70
0
0
VERTEX
8
ShapeString
10
6494.005319
20
3032.055767
70
0
0
VERTEX
8
ShapeString
10
6491.929111
20
3032.692626
70
0
0
VERTEX
8
ShapeString
10
6489.769809
20
3032.924240
70
0
0
VERTEX
8
ShapeString
10
6487.590231
20
3032.737727
70
0
0
VERTEX
8
ShapeString
10
6485.453195
20
3032.120207
70
0
0
VERTEX
8
ShapeString
10
6483.421520
20
3031.058800
70
0
0
VERTEX
8
ShapeString
10
6483.421520
20
3031.058800
70
0
0
SEQEND
8
ShapeString
0
POLYLINE
8
ShapeString
62
7
70
0
10
0.000000
20
0.000000
66
1
0
VERTEX
8
ShapeString
10
4794.270680
20
2402.762000
70
0
0
VERTEX
8
ShapeString
10
4792.498494
20
2401.307127
70
0
0
VERTEX
8
ShapeString
10
4791.093817
20
2399.581496
70
0
0
VERTEX
8
ShapeString
10
4790.069372
20
2397.648010
70
0
0
VERTEX
8
ShapeString
10
4789.437881
20
2395.569575
70
0
0
VERTEX
8
ShapeString
10
4789.212066
20
2393.409093
70
0
0
VERTEX
8
ShapeString
10
4789.404649
20
2391.229468
70
0
0
VERTEX
8
ShapeString
10
4790.028352
20
2389.093605
70
0
0
VERTEX
8
ShapeString
10
4791.095897
20
2387.064406
70
0
0
VERTEX
8
ShapeString
10
4792.546393
20
2385.288635
70
0
0
VERTEX
8
ShapeString
10
4794.268553
20
2383.879705
70
0
0
VERTEX
8
ShapeString
10
4796.199505
20
2382.850492
70
0
0
VERTEX
8
ShapeString
10
4798.276376
20
2382.213875
70
0
0
VERTEX
8
ShapeString
10
4800.436294
20
2381.982730
70
0
0
VERTEX
8
ShapeString
10
4802.616387
20
2382.169934
70
0
0
VERTEX
8
ShapeString
10
4804.753783
20
2382.788365
70
0
0
VERTEX
8
ShapeString
10
4806.785610
20
2383.850900
70
0
0
VERTEX
8
ShapeString
10
4808.557796
20
2385.305773
70
0
0
VERTEX
8
ShapeString
10
4809.962473
20
2387.031404
70
0
0
VERTEX
8
ShapeString
10
4810.986918
20
2388.964890
70
0
0
VERTEX
8
ShapeString
10
4811.618409
20
2391.043325
70
0
0
VERTEX
8
ShapeString
10
4811.844224
20
2393.203807
70
0
0
VERTEX
8
ShapeString
10
4811.651641
20
2395.383432
70
0
0
VERTEX
8
ShapeString
10
4811.027938
20
2397.519295
70
0
0
VERTEX
8
ShapeString
10
4809.960393
20
2399.548494
70
0
0
VERTEX
8
ShapeString
10
4808.509897
20
2401.324265
70
0
0
VERTEX
8
ShapeString
10
4806.787737
20
2402.733195
70
0
0
VERTEX
8
ShapeString
10
4804.856785
20
2403.762408
70
0
0
VERTEX
8
ShapeString
10
4802.779914
20
2404.399025
70
0
0
VERTEX
8
ShapeString
10
4800.619996
20
2404.630170
70
0
0
VERTEX
8
ShapeString
10
4798.439903
20
2404.442966
70
0
0
VERTEX
8
ShapeString
10
4796.302507
20
2403.824535
70
0
0
VERTEX
8
ShapeString
10
4794.270680
20
2402.762000
70
0
0
VERTEX
8
ShapeString
10
4794.270680
20
2402.762000
70
0
0
SEQEND
8
ShapeString
0
POLYLINE
8
ShapeString
62
7
70
0
10
0.000000
20
0.000000
66
1
0
VERTEX
8
ShapeString
10
4841.950750
20
1989.757100
70
0
0
VERTEX
8
ShapeString
10
4840.179547
20
1988.301980
70
0
0
VERTEX
8
ShapeString
10
4838.775742
20
1986.576350
70
0
0
VERTEX
8
ShapeString
10
4837.752037
20
1984.643069
70
0
0
VERTEX
8
ShapeString
10
4837.121132
20
1982.564997
70
0
0
VERTEX
8
ShapeString
10
4836.895728
20
1980.404992
70
0
0
VERTEX
8
ShapeString
10
4837.088527
20
1978.225915
70
0
0
VERTEX
8
ShapeString
10
4837.712228
20
1976.090625
70
0
0
VERTEX
8
ShapeString
10
4838.779533
20
1974.061982
70
0
0
VERTEX
8
ShapeString
10
4840.229594
20
1972.286634
70
0
0
VERTEX
8
ShapeString
10
4841.951212
20
1970.877912
70
0
0
VERTEX
8
ShapeString
10
4843.881564
20
1969.848695
70
0
0
VERTEX
8
ShapeString
10
4845.957828
20
1969.211865
70
0
0
VERTEX
8
ShapeString
10
4848.117181
20
1968.980299
70
0
0
VERTEX
8
ShapeString
10
4850.296799
20
1969.166880
70
0
0
VERTEX
8
ShapeString
10
4852.433860
20
1969.784487
70
0
0
VERTEX
8
ShapeString
10
4854.465540
20
1970.846000
70
0
0
VERTEX
8
ShapeString
10
4856.236743
20
1972.301120
70
0
0
VERTEX
8
ShapeString
10
4857.640548
20
1974.026750
70
0
0
VERTEX
8
ShapeString
10
4858.664253
20
1975.960031
70
0
0
VERTEX
8
ShapeString
10
4859.295158
20
1978.038103
70
0
0
VERTEX
8
ShapeString
10
4859.520562
20
1980.198108
70
0
0
VERTEX
8
ShapeString
10
4859.327763
20
1982.377185
70
0
0
VERTEX
8
ShapeString
10
4858.704062
20
1984.512475
70
0
0
VERTEX
8
ShapeString
10
4857.636757
20
1986.541118
70
0
0
VERTEX
8
ShapeString
10
4856.186696
20
1988.316466
70
0
0
VERTEX
8
ShapeString
10
4854.465078
20
1989.725188
70
0
0
VERTEX
8
ShapeString
10
4852.534726
20
1990.754405
70
0
0
VERTEX
8
ShapeString
10
4850.458462
20
1991.391235
70
0
0
VERTEX
8
ShapeString
10
4848.299109
20
1991.622801
70
0
0
VERTEX
8
ShapeString
10
4846.119491
20
1991.436220
70
0
0
VERTEX
8
ShapeString
10
4843.982430
20
1990.818613
70
0
0
VERTEX
8
ShapeString
10
4841.950750
20
1989.757100
70
0
0
VERTEX
8
ShapeString
10
4841.950750
20
1989.757100
70
0
0
SEQEND
8
ShapeString
0
POLYLINE
8
ShapeString
62
7
70
0
10
0.000000
20
0.000000
66
1
0
VERTEX
8
ShapeString
10
6561.068820
20
2866.445300
70
0
0
VERTEX
8
ShapeString
10
6557.082326
20
2863.659194
70
0
0
VERTEX
8
ShapeString
10
6553.282570
20
2860.706592
70
0
0
VERTEX
8
ShapeString
10
6549.671224
20
2857.595719
70
0
0
VERTEX
8
ShapeString
10
6546.249963
20
2854.334801
70
0
0
VERTEX
8
ShapeString
10
6543.020461
20
2850.932065
70
0
0
VERTEX
8
ShapeString
10
6539.984391
20
2847.395736
70
0
0
VERTEX
8
ShapeString
10
6537.143427
20
2843.734040
70
0
0
VERTEX
8
ShapeString
10
6534.499243
20
2839.955203
70
0
0
VERTEX
8
ShapeString
10
6532.053514
20
2836.067452
70
0
0
VERTEX
8
ShapeString
10
6529.807912
20
2832.079011
70
0
0
VERTEX
8
ShapeString
10
6527.764112
20
2827.998107
70
0
0
VERTEX
8
ShapeString
10
6525.923787
20
2823.832966
70
0
0
VERTEX
8
ShapeString
10
6524.288613
20
2819.591814
70
0
0
VERTEX
8
ShapeString
10
6522.860261
20
2815.282877
70
0
0
VERTEX
8
ShapeString
10
6521.640407
20
2810.914380
70
0
0
VERTEX
8
ShapeString
10
6520.630723
20
2806.494549
70
0
0
VERTEX
8
ShapeString
10
6519.832885
20
2802.031611
70
0
0
VERTEX
8
ShapeString
10
6519.248565
20
2797.533792
70
0
0
VERTEX
8
ShapeString
10
6518.879438
20
2793.009317
70
0
0
VERTEX
8
ShapeString
10
6518.727178
20
2788.466412
70
0
0
VERTEX
8
ShapeString
10
6518.793458
20
2783.913303
70
0
0
VERTEX
8
ShapeString
10
6519.079952
20
2779.358216
70
0
0
VERTEX
8
ShapeString
10
6519.588334
20
2774.809377
70
0
0
VERTEX
8
ShapeString
10
6520.320278
20
2770.275013
70
0
0
VERTEX
8
ShapeString
10
6521.277458
20
2765.763348
70
0
0
VERTEX
8
ShapeString
10
6522.461548
20
2761.282609
70
0
0
VERTEX
8
ShapeString
10
6523.874221
20
2756.841021
70
0
0
VERTEX
8
ShapeString
10
6525.517152
20
2752.446812
70
0
0
VERTEX
8
ShapeString
10
6527.392014
20
2748.108205
70
0
0
VERTEX
8
ShapeString
10
6529.500481
20
2743.833429
70
0
0
VERTEX
8
ShapeString
10
6531.844227
20
2739.630708
70
0
0
VERTEX
8
ShapeString
10
6534.424926
20
2735.508268
70
0
0
VERTEX
8
ShapeString
10
6537.210658
20
2731.521513
70
0
0
VERTEX
8
ShapeString
10
6540.162905
20
2727.721480
70
0
0
VERTEX
8
ShapeString
10
6543.273439
20
2724.109843
70
0
0
VERTEX
8
ShapeString
10
6546.534036
20
2720.688276
70
0
0
VERTEX
8
ShapeString
10
6549.936469
20
2717.458454
70
0
0
VERTEX
8
ShapeString
10
6553.472514
20
2714.422053
70
0
0
VERTEX
8
ShapeString
10
6557.133943
20
2711.580746
70
0
0
VERTEX
8
ShapeString
10
6560.912532
20
2708.936208
70
0
0
VERTEX
8
ShapeString
10
6564.800054
20
2706.490114
70
0
0
VERTEX
8
ShapeString
10
6568.788284
20
2704.244138
70
0
0
VERTEX
8
ShapeString
10
6572.868997
20
2702.199956
70
0
0
VERTEX
8
ShapeString
10
6577.033965
20
2700.359241
70
0
0
VERTEX
8
ShapeString
10
6581.274964
20
2698.723669
70
0
0
VERTEX
8
ShapeString
10
6585.583768
20
2697.294913
70
0
0
VERTEX
8
ShapeString
10
6589.952150
20
2696.074649
70
0
0
VERTEX
8
ShapeString
10
6594.371886
20
2695.064551
70
0
0
VERTEX
8
ShapeString
10
6598.834749
20
2694.266295
70
0
0
VERTEX
8
ShapeString
10
6603.332514
20
2693.681553
70
0
0
VERTEX
8
ShapeString
10
6607.856954
20
2693.312002
70
0
0
VERTEX
8
ShapeString
10
6612.399845
20
2693.159316
70
0
0
VERTEX
8
ShapeString
10
6616.952960
20
2693.225169
70
0
0
VERTEX
8
ShapeString
10
6621.508074
20
2693.511236
70
0
0
VERTEX
8
ShapeString
10
6626.056960
20
2694.019192
70
0
0
VERTEX
8
ShapeString
10
6630.591393
20
2694.750711
70
0
0
VERTEX
8
ShapeString
10
6635.103148
20
2695.707468
70
0
0
VERTEX
8
ShapeString
10
6639.583998
20
2696.891138
70
0
0
VERTEX
8
ShapeString
10
6644.025718
20
2698.303395
70
0
0
VERTEX
8
ShapeString
10
6648.420081
20
2699.945914
70
0
0
VERTEX
8
ShapeString
10
6652.758863
20
2701.820369
70
0
0
VERTEX
8
ShapeString
10
6657.033837
20
2703.928435
70
0
0
VERTEX
8
ShapeString
10
6661.236778
20
2706.271787
70
0
0
VERTEX
8
ShapeString
10
6665.359460
20
2708.852100
70
0
0
VERTEX
8
ShapeString
10
6669.345954
20
2711.638206
70
0
0
VERTEX
8
ShapeString
10
6673.145710
20
2714.590808
70
0
0
VERTEX
8
ShapeString
10
6676.757056
20
2717.701681
70
0
0
VERTEX
8
ShapeString
10
6680.178317
20
2720.962599
70
0
0
VERTEX
8
ShapeString
10
6683.407819
20
2724.365335
70
0
0
VERTEX
8
ShapeString
10
6686.443889
20
2727.901664
70
0
0
VERTEX
8
ShapeString
10
6689.284853
20
2731.563360
70
0
0
VERTEX
8
ShapeString
10
6691.929037
20
2735.342197
70
0
0
VERTEX
8
ShapeString
10
6694.374766
20
2739.229948
70
0
0
VERTEX
8
ShapeString
10
6696.620368
20
2743.218389
70
0
0
VERTEX
8
ShapeString
10
6698.664168
20
2747.299293
70
0
0
VERTEX
8
ShapeString
10
6700.504493
20
2751.464434
70
0
0
VERTEX
8
ShapeString
10
6702.139667
20
2755.705586
70
0
0
VERTEX
8
ShapeString
10
6703.568019
20
2760.014523
70
0
0
VERTEX
8
ShapeString
10
6704.787873
20
2764.383020
70
0
0
VERTEX
8
ShapeString
10
6705.797557
20
2768.802851
70
0
0
VERTEX
8
ShapeString
10
6706.595395
20
2773.265789
70
0
0
VERTEX
8
ShapeString
10
6707.179715
20
2777.763608
70
0
0
VERTEX
8
ShapeString
10
6707.548842
20
2782.288083
70
0
0
VERTEX
8
ShapeString
10
6707.701102
20
2786.830988
70
0
0
VERTEX
8
ShapeString
10
6707.634822
20
2791.384097
70
0
0
VERTEX
8
ShapeString
10
6707.348328
20
2795.939184
70
0
0
VERTEX
8
ShapeString
10
6706.839946
20
2800.488023
70
0
0
VERTEX
8
ShapeString
10
6706.108002
20
2805.022387
70
0
0
VERTEX
8
ShapeString
10
6705.150822
20
2809.534052
70
0
0
VERTEX
8
ShapeString
10
6703.966732
20
2814.014791
70
0
0
VERTEX
8
ShapeString
10
6702.554059
20
2818.456379
70
0
0
VERTEX
8
ShapeString
10
6700.911128
20
2822.850588
70
0
0
VERTEX
8
ShapeString
10
6699.036266
20
2827.189195
70
0
0
VERTEX
8
ShapeString
10
6696.927799
20
2831.463971
70
0
0
VERTEX
8
ShapeString
10
6694.584053
20
2835.666692
70
0
0
VERTEX
8
ShapeString
10
6692.003354
20
2839.789132
70
0
0
VERTEX
8
ShapeString
10
6689.217622
20
2843.775887
70
0
0
VERTEX
8
ShapeString
10
6686.265375
20
2847.575920
70
0
0
VERTEX
8
ShapeString
10
6683.154841
20
2851.187557
70
0
0
VERTEX
8
ShapeString
10
6679.894244
20
2854.609124
70
0
0
VERTEX
8
ShapeString
10
6676.491811
20
2857.838946
70
0
0
VERTEX
8
ShapeString
10
6672.955766
20
2860.875347
70
0
0
VERTEX
8
ShapeString
10
6669.294337
20
2863.716654
70
0
0
VERTEX
8
ShapeString
10
6665.515748
20
2866.361192
70
0
0
VERTEX
8
ShapeString
10
6661.628226
20
2868.807286
70
0
0
VERTEX
8
ShapeString
10
6657.639996
20
2871.053262
70
0
0
VERTEX
8
ShapeString
10
6653.559283
20
2873.097444
70
0
0
VERTEX
8
ShapeString
10
6649.394315
20
2874.938159
70
0
0
VERTEX
8
ShapeString
10
6645.153316
20
2876.573731
70
0
0
VERTEX
8
ShapeString
10
6640.844512
20
2878.002487
70
0
0
VERTEX
8
ShapeString
10
6636.476130
20
2879.222751
70
0
0
VERTEX
8
ShapeString
10
6632.056394
20
2880.232849
70
0
0
VERTEX
8
ShapeString
10
6627.593531
20
2881.031105
70
0
0
VERTEX
8
ShapeString
10
6623.095766
20
2881.615847
70
0
0
VERTEX
8
ShapeString
10
6618.571326
20
2881.985398
70
0
0
VERTEX
8
ShapeString
10
6614.028435
20
2882.138084
70
0
0
VERTEX
8
ShapeString
10
6609.475320
20
2882.072231
70
0
0
VERTEX
8
ShapeString
10
6604.920206
20
2881.786164
70
0
0
VERTEX
8
ShapeString
10
6600.371320
20
2881.278208
70
0
0
VERTEX
8
ShapeString
10
6595.836887
20
2880.546689
70
0
0
VERTEX
8
ShapeString
10
6591.325132
20
2879.589932
70
0
0
VERTEX
8
ShapeString
10
6586.844282
20
2878.406262
70
0
0
VERTEX
8
ShapeString
10
6582.402562
20
2876.994005
70
0
0
VERTEX
8
ShapeString
10
6578.008199
20
2875.351486
70
0
0
VERTEX
8
ShapeString
10
6573.669417
20
2873.477031
70
0
0
VERTEX
8
ShapeString
10
6569.394443
20
2871.368965
70
0
0
VERTEX
8
ShapeString
10
6565.191502
20
2869.025613
70
0
0
VERTEX
8
ShapeString
10
6561.068820
20
2866.445300
70
0
0
VERTEX
8
ShapeString
10
6561.068820
20
2866.445300
70
0
0
SEQEND
8
ShapeString
0
POLYLINE
8
ShapeString
62
7
70
0
10
0.000000
20
0.000000
66
1
0
VERTEX
8
ShapeString
10
4772.222800
20
2265.600600
70
0
0
VERTEX
8
ShapeString
10
4768.238436
20
2262.813735
70
0
0
VERTEX
8
ShapeString
10
4764.440761
20
2259.860521
70
0
0
VERTEX
8
ShapeString
10
4760.831446
20
2256.749177
70
0
0
VERTEX
8
ShapeString
10
4757.412162
20
2253.487925
70
0
0
VERTEX
8
ShapeString
10
4754.184580
20
2250.084983
70
0
0
VERTEX
8
ShapeString
10
4751.150372
20
2246.548573
70
0
0
VERTEX
8
ShapeString
10
4748.311208
20
2242.886914
70
0
0
VERTEX
8
ShapeString
10
4745.668759
20
2239.108226
70
0
0
VERTEX
8
ShapeString
10
4743.224696
20
2235.220731
70
0
0
VERTEX
8
ShapeString
10
4740.980691
20
2231.232648
70
0
0
VERTEX
8
ShapeString
10
4738.938414
20
2227.152196
70
0
0
VERTEX
8
ShapeString
10
4737.099537
20
2222.987598
70
0
0
VERTEX
8
ShapeString
10
4735.465731
20
2218.747071
70
0
0
VERTEX
8
ShapeString
10
4734.038666
20
2214.438838
70
0
0
VERTEX
8
ShapeString
10
4732.820013
20
2210.071117
70
0
0
VERTEX
8
ShapeString
10
4731.811445
20
2205.652130
70
0
0
VERTEX
8
ShapeString
10
4731.014631
20
2201.190096
70
0
0
VERTEX
8
ShapeString
10
4730.431243
20
2196.693235
70
0
0
VERTEX
8
ShapeString
10
4730.062951
20
2192.169769
70
0
0
VERTEX
8
ShapeString
10
4729.911428
20
2187.627916
70
0
0
VERTEX
8
ShapeString
10
4729.978343
20
2183.075897
70
0
0
VERTEX
8
ShapeString
10
4730.265369
20
2178.521933
70
0
0
VERTEX
8
ShapeString
10
4730.774175
20
2173.974243
70
0
0
VERTEX
8
ShapeString
10
4731.506433
20
2169.441047
70
0
0
VERTEX
8
ShapeString
10
4732.463815
20
2164.930567
70
0
0
VERTEX
8
ShapeString
10
4733.647990
20
2160.451021
70
0
0
VERTEX
8
ShapeString
10
4735.060631
20
2156.010631
70
0
0
VERTEX
8
ShapeString
10
4736.703408
20
2151.617616
70
0
0
VERTEX
8
ShapeString
10
4738.577992
20
2147.280197
70
0
0
VERTEX
8
ShapeString
10
4740.686055
20
2143.006594
70
0
0
VERTEX
8
ShapeString
10
4743.029267
20
2138.805026
70
0
0
VERTEX
8
ShapeString
10
4745.609299
20
2134.683715
70
0
0
VERTEX
8
ShapeString
10
4748.394258
20
2130.698018
70
0
0
VERTEX
8
ShapeString
10
4751.345656
20
2126.898931
70
0
0
VERTEX
8
ShapeString
10
4754.455273
20
2123.288129
70
0
0
VERTEX
8
ShapeString
10
4757.714889
20
2119.867285
70
0
0
VERTEX
8
ShapeString
10
4761.116287
20
2116.638076
70
0
0
VERTEX
8
ShapeString
10
4764.651246
20
2113.602177
70
0
0
VERTEX
8
ShapeString
10
4768.311546
20
2110.761261
70
0
0
VERTEX
8
ShapeString
10
4772.088969
20
2108.117006
70
0
0
VERTEX
8
ShapeString
10
4775.975295
20
2105.671084
70
0
0
VERTEX
8
ShapeString
10
4779.962305
20
2103.425172
70
0
0
VERTEX
8
ShapeString
10
4784.041779
20
2101.380944
70
0
0
VERTEX
8
ShapeString
10
4788.205498
20
2099.540075
70
0
0
VERTEX
8
ShapeString
10
4792.445242
20
2097.904240
70
0
0
VERTEX
8
ShapeString
10
4796.752792
20
2096.475115
70
0
0
VERTEX
8
ShapeString
10
4801.119929
20
2095.254373
70
0
0
VERTEX
8
ShapeString
10
4805.538434
20
2094.243691
70
0
0
VERTEX
8
ShapeString
10
4810.000086
20
2093.444743
70
0
0
VERTEX
8
ShapeString
10
4814.496667
20
2092.859204
70
0
0
VERTEX
8
ShapeString
10
4819.019957
20
2092.488749
70
0
0
VERTEX
8
ShapeString
10
4823.561737
20
2092.335053
70
0
0
VERTEX
8
ShapeString
10
4828.113787
20
2092.399792
70
0
0
VERTEX
8
ShapeString
10
4832.667889
20
2092.684639
70
0
0
VERTEX
8
ShapeString
10
4837.215821
20
2093.191270
70
0
0
VERTEX
8
ShapeString
10
4841.749366
20
2093.921360
70
0
0
VERTEX
8
ShapeString
10
4846.260304
20
2094.876584
70
0
0
VERTEX
8
ShapeString
10
4850.740416
20
2096.058617
70
0
0
VERTEX
8
ShapeString
10
4855.181481
20
2097.469134
70
0
0
VERTEX
8
ShapeString
10
4859.575281
20
2099.109809
70
0
0
VERTEX
8
ShapeString
10
4863.913596
20
2100.982319
70
0
0
VERTEX
8
ShapeString
10
4868.188208
20
2103.088337
70
0
0
VERTEX
8
ShapeString
10
4872.390895
20
2105.429539
70
0
0
VERTEX
8
ShapeString
10
4876.513440
20
2108.007600
70
0
0
VERTEX
8
ShapeString
10
4880.497804
20
2110.794465
70
0
0
VERTEX
8
ShapeString
10
4884.295479
20
2113.747679
70
0
0
VERTEX
8
ShapeString
10
4887.904794
20
2116.859023
70
0
0
VERTEX
8
ShapeString
10
4891.324078
20
2120.120275
70
0
0
VERTEX
8
ShapeString
10
4894.551660
20
2123.523217
70
0
0
VERTEX
8
ShapeString
10
4897.585868
20
2127.059627
70
0
0
VERTEX
8
ShapeString
10
4900.425032
20
2130.721286
70
0
0
VERTEX
8
ShapeString
10
4903.067481
20
2134.499974
70
0
0
VERTEX
8
ShapeString
10
4905.511544
20
2138.387469
70
0
0
VERTEX
8
ShapeString
10
4907.755549
20
2142.375552
70
0
0
VERTEX
8
ShapeString
10
4909.797826
20
2146.456004
70
0
0
VERTEX
8
ShapeString
10
4911.636703
20
2150.620602
70
0
0
VERTEX
8
ShapeString
10
4913.270509
20
2154.861129
70
0
0
VERTEX
8
ShapeString
10
4914.697574
20
2159.169362
70
0
0
VERTEX
8
ShapeString
10
4915.916227
20
2163.537083
70
0
0
VERTEX
8
ShapeString
10
4916.924795
20
2167.956070
70
0
0
VERTEX
8
ShapeString
10
4917.721609
20
2172.418104
70
0
0
VERTEX
8
ShapeString
10
4918.304997
20
2176.914965
70
0
0
VERTEX
8
ShapeString
10
4918.673289
20
2181.438431
70
0
0
VERTEX
8
ShapeString
10
4918.824812
20
2185.980284
70
0
0
VERTEX
8
ShapeString
10
4918.757897
20
2190.532303
70
0
0
VERTEX
8
ShapeString
10
4918.470871
20
2195.086267
70
0
0
VERTEX
8
ShapeString
10
4917.962065
20
2199.633957
70
0
0
VERTEX
8
ShapeString
10
4917.229807
20
2204.167153
70
0
0
VERTEX
8
ShapeString
10
4916.272425
20
2208.677633
70
0
0
VERTEX
8
ShapeString
10
4915.088250
20
2213.157179
70
0
0
VERTEX
8
ShapeString
10
4913.675609
20
2217.597569
70
0
0
VERTEX
8
ShapeString
10
4912.032832
20
2221.990584
70
0
0
VERTEX
8
ShapeString
10
4910.158248
20
2226.328003
70
0
0
VERTEX
8
ShapeString
10
4908.050185
20
2230.601606
70
0
0
VERTEX
8
ShapeString
10
4905.706973
20
2234.803174
70
0
0
VERTEX
8
ShapeString
10
4903.126941
20
2238.924485
70
0
0
VERTEX
8
ShapeString
10
4900.341982
20
2242.910182
70
0
0
VERTEX
8
ShapeString
10
4897.390584
20
2246.709269
70
0
0
VERTEX
8
ShapeString
10
4894.280967
20
2250.320071
70
0
0
VERTEX
8
ShapeString
10
4891.021351
20
2253.740915
70
0
0
VERTEX
8
ShapeString
10
4887.619953
20
2256.970124
70
0
0
VERTEX
8
ShapeString
10
4884.084994
20
2260.006023
70
0
0
VERTEX
8
ShapeString
10
4880.424694
20
2262.846939
70
0
0
VERTEX
8
ShapeString
10
4876.647271
20
2265.491194
70
0
0
VERTEX
8
ShapeString
10
4872.760945
20
2267.937116
70
0
0
VERTEX
8
ShapeString
10
4868.773935
20
2270.183028
70
0
0
VERTEX
8
ShapeString
10
4864.694461
20
2272.227256
70
0
0
VERTEX
8
ShapeString
10
4860.530742
20
2274.068125
70
0
0
VERTEX
8
ShapeString
10
4856.290998
20
2275.703960
70
0
0
VERTEX
8
ShapeString
10
4851.983448
20
2277.133085
70
0
0
VERTEX
8
ShapeString
10
4847.616311
20
2278.353827
70
0
0
VERTEX
8
ShapeString
10
4843.197806
20
2279.364509
70
0
0
VERTEX
8
ShapeString
10
4838.736154
20
2280.163457
70
0
0
VERTEX
8
ShapeString
10
4834.239573
20
2280.748996
70
0
0
VERTEX
8
ShapeString
10
4829.716283
20
2281.119451
70
0
0
VERTEX
8
ShapeString
10
4825.174503
20
2281.273147
70
0
0
VERTEX
8
ShapeString
10
4820.622453
20
2281.208408
70
0
0
VERTEX
8
ShapeString
10
4816.068351
20
2280.923561
70
0
0
VERTEX
8
ShapeString
10
4811.520419
20
2280.416930
70
0
0
VERTEX
8
ShapeString
10
4806.986874
20
2279.686840
70
0
0
VERTEX
8
ShapeString
10
4802.475936
20
2278.731616
70
0
0
VERTEX
8
ShapeString
10
4797.995824
20
2277.549583
70
0
0
VERTEX
8
ShapeString
10
4793.554759
20
2276.139066
70
0
0
VERTEX
8
ShapeString
10
4789.160959
20
2274.498391
70
0
0
VERTEX
8
ShapeString
10
4784.822644
20
2272.625881
70
0
0
VERTEX
8
ShapeString
10
4780.548032
20
2270.519863
70
0
0
VERTEX
8
ShapeString
10
4776.345345
20
2268.178661
70
0
0
VERTEX
8
ShapeString
10
4772.222800
20
2265.600600
70
0
0
VERTEX
8
ShapeString
10
4772.222800
20
2265.600600
70
0
0
SEQEND
8
ShapeString
0
POLYLINE
8
ShapeString
62
7
70
0
10
0.000000
20
0.000000
66
1
0
VERTEX
8
ShapeString
10
7505.279900
20
3469.315000
70
0
0
VERTEX
8
ShapeString
10
7505.099194
20
3461.668758
70
0
0
VERTEX
8
ShapeString
10
7505.224724
20
3454.070685
70
0
0
VERTEX
8
ShapeString
10
7505.651753
20
3446.527942
70
0
0
VERTEX
8
ShapeString
10
7506.375538
20
3439.047694
70
0
0
VERTEX
8
ShapeString
10
7507.391341
20
3431.637101
70
0
0
VERTEX
8
ShapeString
10
7508.694422
20
3424.303327
70
0
0
VERTEX
8
ShapeString
10
7510.280040
20
3417.053535
70
0
0
VERTEX
8
ShapeString
10
7512.143455
20
3409.894886
70
0
0
VERTEX
8
ShapeString
10
7514.279928
20
3402.834544
70
0
0
VERTEX
8
ShapeString
10
7516.684718
20
3395.879671
70
0
0
VERTEX
8
ShapeString
10
7519.353086
20
3389.037430
70
0
0
VERTEX
8
ShapeString
10
7522.280292
20
3382.314982
70
0
0
VERTEX
8
ShapeString
10
7525.461594
20
3375.719492
70
0
0
VERTEX
8
ShapeString
10
7528.892255
20
3369.258121
70
0
0
VERTEX
8
ShapeString
10
7532.567533
20
3362.938032
70
0
0
VERTEX
8
ShapeString
10
7536.482688
20
3356.766387
70
0
0
VERTEX
8
ShapeString
10
7540.632981
20
3350.750350
70
0
0
VERTEX
8
ShapeString
10
7545.013672
20
3344.897083
70
0
0
VERTEX
8
ShapeString
10
7549.620021
20
3339.213747
70
0
0
VERTEX
8
ShapeString
10
7554.447287
20
3333.707507
70
0
0
VERTEX
8
ShapeString
10
7559.490730
20
3328.385524
70
0
0
VERTEX
8
ShapeString
10
7564.745612
20
3323.254961
70
0
0
VERTEX
8
ShapeString
10
7570.207191
20
3318.322980
70
0
0
VERTEX
8
ShapeString
10
7575.870727
20
3313.596745
70
0
0
VERTEX
8
ShapeString
10
7581.731482
20
3309.083418
70
0
0
VERTEX
8
ShapeString
10
7587.784714
20
3304.790161
70
0
0
VERTEX
8
ShapeString
10
7594.025684
20
3300.724136
70
0
0
VERTEX
8
ShapeString
10
7600.449651
20
3296.892508
70
0
0
VERTEX
8
ShapeString
10
7607.051877
20
3293.302437
70
0
0
VERTEX
8
ShapeString
10
7613.827620
20
3289.961087
70
0
0
VERTEX
8
ShapeString
10
7620.772141
20
3286.875621
70
0
0
VERTEX
8
ShapeString
10
7627.880700
20
3284.053200
70
0
0
SEQEND
8
ShapeString
0
POLYLINE
8
ShapeString
62
7
70
0
10
0.000000
20
0.000000
66
1
0
VERTEX
8
ShapeString
10
7505.278800
20
3469.317700
70
0
0
VERTEX
8
ShapeString
10
6731.771090
20
3503.150200
70
0
0
SEQEND
8
ShapeString
0
POLYLINE
8
ShapeString
62
7
70
0
10
0.000000
20
0.000000
66
1
0
VERTEX
8
ShapeString
10
6472.031070
20
3055.025200
70
0
0
VERTEX
8
ShapeString
10
6479.731425
20
3059.179492
70
0
0
VERTEX
8
ShapeString
10
6487.336455
20
3063.459199
70
0
0
VERTEX
8
ShapeString
10
6494.845180
20
3067.862626
70
0
0
VERTEX
8
ShapeString
10
6502.256617
20
3072.388079
70
0
0
VERTEX
8
ShapeString
10
6509.569784
20
3077.033865
70
0
0
VERTEX
8
ShapeString
10
6516.783699
20
3081.798288
70
0
0
VERTEX
8
ShapeString
10
6523.897380
20
3086.679655
70
0
0
VERTEX
8
ShapeString
10
6530.909846
20
3091.676271
70
0
0
VERTEX
8
ShapeString
10
6537.820114
20
3096.786443
70
0
0
VERTEX
8
ShapeString
10
6544.627202
20
3102.008476
70
0
0
VERTEX
8
ShapeString
10
6551.330128
20
3107.340675
70
0
0
VERTEX
8
ShapeString
10
6557.927911
20
3112.781348
70
0
0
VERTEX
8
ShapeString
10
6570.804118
20
3123.981334
70
0
0
VERTEX
8
ShapeString
10
6583.247967
20
3135.594880
70
0
0
VERTEX
8
ShapeString
10
6595.251602
20
3147.608434
70
0
0
VERTEX
8
ShapeString
10
6606.807167
20
3160.008441
70
0
0
VERTEX
8
ShapeString
10
6617.906806
20
3172.781347
70
0
0
VERTEX
8
ShapeString
10
6628.542664
20
3185.913600
70
0
0
VERTEX
8
ShapeString
10
6638.706885
20
3199.391646
70
0
0
VERTEX
8
ShapeString
10
6648.391614
20
3213.201931
70
0
0
VERTEX
8
ShapeString
10
6657.588993
20
3227.330901
70
0
0
VERTEX
8
ShapeString
10
6666.291168
20
3241.765003
70
0
0
VERTEX
8
ShapeString
10
6674.490284
20
3256.490684
70
0
0
VERTEX
8
ShapeString
10
6682.178483
20
3271.494390
70
0
0
VERTEX
8
ShapeString
10
6689.347910
20
3286.762567
70
0
0
VERTEX
8
ShapeString
10
6695.990710
20
3302.281662
70
0
0
VERTEX
8
ShapeString
10
6702.099027
20
3318.038121
70
0
0
VERTEX
8
ShapeString
10
6707.665005
20
3334.018391
70
0
0
VERTEX
8
ShapeString
10
6712.680788
20
3350.208919
70
0
0
VERTEX
8
ShapeString
10
6717.138521
20
3366.596149
70
0
0
VERTEX
8
ShapeString
10
6721.030347
20
3383.166530
70
0
0
VERTEX
8
ShapeString
10
6724.348411
20
3399.906508
70
0
0
VERTEX
8
ShapeString
10
6725.789828
20
3408.335860
70
0
0
VERTEX
8
ShapeString
10
6727.084858
20
3416.802528
70
0
0
VERTEX
8
ShapeString
10
6728.232519
20
3425.304819
70
0
0
VERTEX
8
ShapeString
10
6729.231830
20
3433.841038
70
0
0
VERTEX
8
ShapeString
10
6730.081809
20
3442.409491
70
0
0
VERTEX
8
ShapeString
10
6730.781474
20
3451.008483
70
0
0
VERTEX
8
ShapeString
10
6731.329842
20
3459.636322
70
0
0
VERTEX
8
ShapeString
10
6731.725932
20
3468.291311
70
0
0
VERTEX
8
ShapeString
10
6731.968762
20
3476.971758
70
0
0
VERTEX
8
ShapeString
10
6732.057349
20
3485.675968
70
0
0
VERTEX
8
ShapeString
10
6731.990713
20
3494.402247
70
0
0
VERTEX
8
ShapeString
10
6731.767870
20
3503.148900
70
0
0
SEQEND
8
ShapeString
0
POLYLINE
8
ShapeString
62
7
70
0
10
0.000000
20
0.000000
66
1
0
VERTEX
8
ShapeString
10
4050.199300
20
2443.780200
70
0
0
VERTEX
8
ShapeString
10
4090.350047
20
2438.199488
70
0
0
VERTEX
8
ShapeString
10
4130.517567
20
2433.121877
70
0
0
VERTEX
8
ShapeString
10
4170.697502
20
2428.546267
70
0
0
VERTEX
8
ShapeString
10
4210.885491
20
2424.471558
70
0
0
VERTEX
8
ShapeString
10
4251.077175
20
2420.896649
70
0
0
VERTEX
8
ShapeString
10
4291.268195
20
2417.820441
70
0
0
VERTEX
8
ShapeString
10
4331.454192
20
2415.241833
70
0
0
VERTEX
8
ShapeString
10
4371.630805
20
2413.159725
70
0
0
VERTEX
8
ShapeString
10
4411.793675
20
2411.573016
70
0
0
VERTEX
8
ShapeString
10
4451.938444
20
2410.480606
70
0
0
VERTEX
8
ShapeString
10
4492.060751
20
2409.881395
70
0
0
VERTEX
8
ShapeString
10
4532.156237
20
2409.774283
70
0
0
VERTEX
8
ShapeString
10
4572.220543
20
2410.158170
70
0
0
VERTEX
8
ShapeString
10
4612.249310
20
2411.031954
70
0
0
VERTEX
8
ShapeString
10
4652.238177
20
2412.394536
70
0
0
VERTEX
8
ShapeString
10
4692.182786
20
2414.244816
70
0
0
VERTEX
8
ShapeString
10
4732.078776
20
2416.581693
70
0
0
VERTEX
8
ShapeString
10
4771.921789
20
2419.404068
70
0
0
VERTEX
8
ShapeString
10
4811.707466
20
2422.710838
70
0
0
VERTEX
8
ShapeString
10
4851.431446
20
2426.500906
70
0
0
VERTEX
8
ShapeString
10
4891.089370
20
2430.773169
70
0
0
VERTEX
8
ShapeString
10
4930.676879
20
2435.526529
70
0
0
VERTEX
8
ShapeString
10
4970.189614
20
2440.759884
70
0
0
VERTEX
8
ShapeString
10
5009.623214
20
2446.472134
70
0
0
VERTEX
8
ShapeString
10
5048.973321
20
2452.662180
70
0
0
VERTEX
8
ShapeString
10
5088.235575
20
2459.328920
70
0
0
VERTEX
8
ShapeString
10
5127.405617
20
2466.471255
70
0
0
VERTEX
8
ShapeString
10
5166.479087
20
2474.088085
70
0
0
VERTEX
8
ShapeString
10
5205.451626
20
2482.178308
70
0
0
VERTEX
8
ShapeString
10
5244.318874
20
2490.740825
70
0
0
VERTEX
8
ShapeString
10
5283.076473
20
2499.774535
70
0
0
VERTEX
8
ShapeString
10
5321.720061
20
2509.278339
70
0
0
VERTEX
8
ShapeString
10
5360.245281
20
2519.251135
70
0
0
VERTEX
8
ShapeString
10
5398.647773
20
2529.691824
70
0
0
VERTEX
8
ShapeString
10
5436.923177
20
2540.599305
70
0
0
VERTEX
8
ShapeString
10
5475.067133
20
2551.972479
70
0
0
VERTEX
8
ShapeString
10
5513.075283
20
2563.810244
70
0
0
VERTEX
8
ShapeString
10
5550.943267
20
2576.111501
70
0
0
VERTEX
8
ShapeString
10
5588.666726
20
2588.875149
70
0
0
VERTEX
8
ShapeString
10
5626.241299
20
2602.100088
70
0
0
VERTEX
8
ShapeString
10
5663.662629
20
2615.785217
70
0
0
VERTEX
8
ShapeString
10
5700.926354
20
2629.929438
70
0
0
VERTEX
8
ShapeString
10
5738.028116
20
2644.531648
70
0
0
VERTEX
8
ShapeString
10
5774.963556
20
2659.590748
70
0
0
VERTEX
8
ShapeString
10
5811.728313
20
2675.105638
70
0
0
VERTEX
8
ShapeString
10
5848.318029
20
2691.075217
70
0
0
VERTEX
8
ShapeString
10
5884.728344
20
2707.498385
70
0
0
VERTEX
8
ShapeString
10
5920.954899
20
2724.374042
70
0
0
VERTEX
8
ShapeString
10
5956.993334
20
2741.701087
70
0
0
VERTEX
8
ShapeString
10
5992.839290
20
2759.478420
70
0
0
VERTEX
8
ShapeString
10
6028.488407
20
2777.704942
70
0
0
VERTEX
8
ShapeString
10
6063.936326
20
2796.379551
70
0
0
VERTEX
8
ShapeString
10
6099.178687
20
2815.501148
70
0
0
VERTEX
8
ShapeString
10
6134.211132
20
2835.068631
70
0
0
VERTEX
8
ShapeString
10
6169.029300
20
2855.080902
70
0
0
VERTEX
8
ShapeString
10
6203.628832
20
2875.536859
70
0
0
VERTEX
8
ShapeString
10
6238.005369
20
2896.435403
70
0
0
VERTEX
8
ShapeString
10
6272.154552
20
2917.775432
70
0
0
VERTEX
8
ShapeString
10
6306.072020
20
2939.555847
70
0
0
VERTEX
8
ShapeString
10
6339.753415
20
2961.775548
70
0
0
VERTEX
8
ShapeString
10
6373.194377
20
2984.433434
70
0
0
VERTEX
8
ShapeString
10
6406.390546
20
3007.528405
70
0
0
VERTEX
8
ShapeString
10
6439.337564
20
3031.059360
70
0
0
VERTEX
8
ShapeString
10
6472.031070
20
3055.025200
70
0
0
SEQEND
8
ShapeString
0
POLYLINE
8
ShapeString
62
7
70
0
10
0.000000
20
0.000000
66
1
0
VERTEX
8
ShapeString
10
7507.171100
20
3138.526300
70
0
0
VERTEX
8
ShapeString
10
7505.398754
20
3137.071472
70
0
0
VERTEX
8
ShapeString
10
7503.993935
20
3135.345846
70
0
0
VERTEX
8
ShapeString
10
7502.969368
20
3133.412332
70
0
0
VERTEX
8
ShapeString
10
7502.337779
20
3131.333842
70
0
0
VERTEX
8
ShapeString
10
7502.111893
20
3129.173286
70
0
0
VERTEX
8
ShapeString
10
7502.304437
20
3126.993575
70
0
0
VERTEX
8
ShapeString
10
7502.928135
20
3124.857620
70
0
0
VERTEX
8
ShapeString
10
7503.995714
20
3122.828332
70
0
0
VERTEX
8
ShapeString
10
7505.446275
20
3121.052492
70
0
0
VERTEX
8
ShapeString
10
7507.168518
20
3119.643526
70
0
0
VERTEX
8
ShapeString
10
7509.099562
20
3118.614312
70
0
0
VERTEX
8
ShapeString
10
7511.176527
20
3117.977726
70
0
0
VERTEX
8
ShapeString
10
7513.336534
20
3117.746645
70
0
0
VERTEX
8
ShapeString
10
7515.516701
20
3117.933946
70
0
0
VERTEX
8
ShapeString
10
7517.654150
20
3118.552505
70
0
0
VERTEX
8
ShapeString
10
7519.686000
20
3119.615200
70
0
0
VERTEX
8
ShapeString
10
7521.458346
20
3121.070028
70
0
0
VERTEX
8
ShapeString
10
7522.863165
20
3122.795654
70
0
0
VERTEX
8
ShapeString
10
7523.887732
20
3124.729168
70
0
0
VERTEX
8
ShapeString
10
7524.519321
20
3126.807658
70
0
0
VERTEX
8
ShapeString
10
7524.745207
20
3128.968214
70
0
0
VERTEX
8
ShapeString
10
7524.552663
20
3131.147925
70
0
0
VERTEX
8
ShapeString
10
7523.928965
20
3133.283880
70
0
0
VERTEX
8
ShapeString
10
7522.861386
20
3135.313168
70
0
0
VERTEX
8
ShapeString
10
7521.410825
20
3137.089008
70
0
0
VERTEX
8
ShapeString
10
7519.688582
20
3138.497974
70
0
0
VERTEX
8
ShapeString
10
7517.757538
20
3139.527188
70
0
0
VERTEX
8
ShapeString
10
7515.680573
20
3140.163774
70
0
0
VERTEX
8
ShapeString
10
7513.520566
20
3140.394855
70
0
0
VERTEX
8
ShapeString
10
7511.340399
20
3140.207554
70
0
0
VERTEX
8
ShapeString
10
7509.202950
20
3139.588995
70
0
0
VERTEX
8
ShapeString
10
7507.171100
20
3138.526300
70
0
0
VERTEX
8
ShapeString
10
7507.171100
20
3138.526300
70
0
0
SEQEND
8
ShapeString
0
POLYLINE
8
ShapeString
62
7
70
0
10
0.000000
20
0.000000
66
1
0
VERTEX
8
ShapeString
10
7016.847800
20
2664.307800
70
0
0
VERTEX
8
ShapeString
10
7015.073580
20
2662.853471
70
0
0
VERTEX
8
ShapeString
10
7013.667090
20
2661.127871
70
0
0
VERTEX
8
ShapeString
10
7012.641096
20
2659.193995
70
0
0
VERTEX
8
ShapeString
10
7012.008367
20
2657.114836
70
0
0
VERTEX
8
ShapeString
10
7011.781667
20
2654.953388
70
0
0
VERTEX
8
ShapeString
10
7011.973765
20
2652.772646
70
0
0
VERTEX
8
ShapeString
10
7012.597426
20
2650.635602
70
0
0
VERTEX
8
ShapeString
10
7013.665418
20
2648.605251
70
0
0
VERTEX
8
ShapeString
10
7015.116766
20
2646.828591
70
0
0
VERTEX
8
ShapeString
10
7016.840001
20
2645.419204
70
0
0
VERTEX
8
ShapeString
10
7018.772151
20
2644.389964
70
0
0
VERTEX
8
ShapeString
10
7020.850244
20
2643.753743
70
0
0
VERTEX
8
ShapeString
10
7023.011308
20
2643.523414
70
0
0
VERTEX
8
ShapeString
10
7025.192370
20
2643.711848
70
0
0
VERTEX
8
ShapeString
10
7027.330458
20
2644.331920
70
0
0
VERTEX
8
ShapeString
10
7029.362600
20
2645.396500
70
0
0
VERTEX
8
ShapeString
10
7031.136820
20
2646.850829
70
0
0
VERTEX
8
ShapeString
10
7032.543310
20
2648.576429
70
0
0
VERTEX
8
ShapeString
10
7033.569304
20
2650.510305
70
0
0
VERTEX
8
ShapeString
10
7034.202033
20
2652.589464
70
0
0
VERTEX
8
ShapeString
10
7034.428733
20
2654.750912
70
0
0
VERTEX
8
ShapeString
10
7034.236635
20
2656.931654
70
0
0
VERTEX
8
ShapeString
10
7033.612974
20
2659.068698
70
0
0
VERTEX
8
ShapeString
10
7032.544982
20
2661.099049
70
0
0
VERTEX
8
ShapeString
10
7031.093634
20
2662.875709
70
0
0
VERTEX
8
ShapeString
10
7029.370399
20
2664.285096
70
0
0
VERTEX
8
ShapeString
10
7027.438249
20
2665.314336
70
0
0
VERTEX
8
ShapeString
10
7025.360156
20
2665.950557
70
0
0
VERTEX
8
ShapeString
10
7023.199092
20
2666.180886
70
0
0
VERTEX
8
ShapeString
10
7021.018030
20
2665.992452
70
0
0
VERTEX
8
ShapeString
10
7018.879942
20
2665.372380
70
0
0
VERTEX
8
ShapeString
10
7016.847800
20
2664.307800
70
0
0
VERTEX
8
ShapeString
10
7016.847800
20
2664.307800
70
0
0
SEQEND
8
ShapeString
0
POLYLINE
8
ShapeString
62
7
70
0
10
0.000000
20
0.000000
66
1
0
VERTEX
8
ShapeString
10
6730.491960
20
2563.149700
70
0
0
VERTEX
8
ShapeString
10
6728.720071
20
2561.694759
70
0
0
VERTEX
8
ShapeString
10
6727.315657
20
2559.969134
70
0
0
VERTEX
8
ShapeString
10
6726.291434
20
2558.035717
70
0
0
VERTEX
8
ShapeString
10
6725.660117
20
2555.957397
70
0
0
VERTEX
8
ShapeString
10
6725.434422
20
2553.797064
70
0
0
VERTEX
8
ShapeString
10
6725.627064
20
2551.617608
70
0
0
VERTEX
8
ShapeString
10
6726.250761
20
2549.481921
70
0
0
VERTEX
8
ShapeString
10
6727.318226
20
2547.452891
70
0
0
VERTEX
8
ShapeString
10
6728.768583
20
2545.677248
70
0
0
VERTEX
8
ShapeString
10
6730.490572
20
2544.268379
70
0
0
VERTEX
8
ShapeString
10
6732.421336
20
2543.239162
70
0
0
VERTEX
8
ShapeString
10
6734.498018
20
2542.602476
70
0
0
VERTEX
8
ShapeString
10
6736.657760
20
2542.371198
70
0
0
VERTEX
8
ShapeString
10
6738.837706
20
2542.558208
70
0
0
VERTEX
8
ShapeString
10
6740.974998
20
2543.176382
70
0
0
VERTEX
8
ShapeString
10
6743.006780
20
2544.238600
70
0
0
VERTEX
8
ShapeString
10
6744.778669
20
2545.693541
70
0
0
VERTEX
8
ShapeString
10
6746.183083
20
2547.419166
70
0
0
VERTEX
8
ShapeString
10
6747.207306
20
2549.352583
70
0
0
VERTEX
8
ShapeString
10
6747.838623
20
2551.430903
70
0
0
VERTEX
8
ShapeString
10
6748.064318
20
2553.591236
70
0
0
VERTEX
8
ShapeString
10
6747.871676
20
2555.770692
70
0
0
VERTEX
8
ShapeString
10
6747.247979
20
2557.906379
70
0
0
VERTEX
8
ShapeString
10
6746.180514
20
2559.935409
70
0
0
VERTEX
8
ShapeString
10
6744.730157
20
2561.711052
70
0
0
VERTEX
8
ShapeString
10
6743.008168
20
2563.119921
70
0
0
VERTEX
8
ShapeString
10
6741.077404
20
2564.149138
70
0
0
VERTEX
8
ShapeString
10
6739.000722
20
2564.785824
70
0
0
VERTEX
8
ShapeString
10
6736.840980
20
2565.017102
70
0
0
VERTEX
8
ShapeString
10
6734.661034
20
2564.830092
70
0
0
VERTEX
8
ShapeString
10
6732.523742
20
2564.211918
70
0
0
VERTEX
8
ShapeString
10
6730.491960
20
2563.149700
70
0
0
VERTEX
8
ShapeString
10
6730.491960
20
2563.149700
70
0
0
SEQEND
8
ShapeString
0
POLYLINE
8
ShapeString
62
7
70
0
10
0.000000
20
0.000000
66
1
0
VERTEX
8
ShapeString
10
3984.015200
20
1988.279200
70
0
0
VERTEX
8
ShapeString
10
4050.199300
20
2443.779300
70
0
0
SEQEND
8
ShapeString
0
POLYLINE
8
ShapeString
62
7
70
0
10
0.000000
20
0.000000
66
1
0
VERTEX
8
ShapeString
10
7356.674500
20
2558.854800
70
0
0
VERTEX
8
ShapeString
10
7338.136769
20
2565.506937
70
0
0
VERTEX
8
ShapeString
10
7319.479643
20
2571.645638
70
0
0
VERTEX
8
ShapeString
10
7300.713233
20
2577.271553
70
0
0
VERTEX
8
ShapeString
10
7281.847649
20
2582.385327
70
0
0
VERTEX
8
ShapeString
10
7262.893003
20
2586.987610
70
0
0
VERTEX
8
ShapeString
10
7243.859405
20
2591.079049
70
0
0
VERTEX
8
ShapeString
10
7224.756967
20
2594.660291
70
0
0
VERTEX
8
ShapeString
10
7205.595799
20
2597.731985
70
0
0
VERTEX
8
ShapeString
10
7186.386013
20
2600.294778
70
0
0
VERTEX
8
ShapeString
10
7167.137719
20
2602.349317
70
0
0
VERTEX
8
ShapeString
10
7147.861028
20
2603.896251
70
0
0
VERTEX
8
ShapeString
10
7128.566051
20
2604.936227
70
0
0
VERTEX
8
ShapeString
10
7109.262899
20
2605.469893
70
0
0
VERTEX
8
ShapeString
10
7089.961684
20
2605.497897
70
0
0
VERTEX
8
ShapeString
10
7070.672516
20
2605.020886
70
0
0
VERTEX
8
ShapeString
10
7051.405505
20
2604.039508
70
0
0
VERTEX
8
ShapeString
10
7032.170764
20
2602.554411
70
0
0
VERTEX
8
ShapeString
10
7012.978402
20
2600.566242
70
0
0
VERTEX
8
ShapeString
10
6993.838532
20
2598.075650
70
0
0
VERTEX
8
ShapeString
10
6974.761263
20
2595.083281
70
0
0
VERTEX
8
ShapeString
10
6955.756706
20
2591.589784
70
0
0
VERTEX
8
ShapeString
10
6936.834974
20
2587.595807
70
0
0
VERTEX
8
ShapeString
10
6918.006176
20
2583.101997
70
0
0
VERTEX
8
ShapeString
10
6899.280424
20
2578.109002
70
0
0
VERTEX
8
ShapeString
10
6880.667828
20
2572.617469
70
0
0
VERTEX
8
ShapeString
10
6862.178500
20
2566.628046
70
0
0
VERTEX
8
ShapeString
10
6843.822550
20
2560.141382
70
0
0
VERTEX
8
ShapeString
10
6825.610089
20
2553.158123
70
0
0
VERTEX
8
ShapeString
10
6807.551229
20
2545.678918
70
0
0
VERTEX
8
ShapeString
10
6789.656080
20
2537.704414
70
0
0
VERTEX
8
ShapeString
10
6771.934754
20
2529.235259
70
0
0
VERTEX
8
ShapeString
10
6754.397360
20
2520.272100
70
0
0
SEQEND
8
ShapeString
0
POLYLINE
8
ShapeString
62
7
70
0
10
0.000000
20
0.000000
66
1
0
VERTEX
8
ShapeString
10
7627.882300
20
3284.051900
70
0
0
VERTEX
8
ShapeString
10
7356.676200
20
2558.858100
70
0
0
SEQEND
8
ShapeString
0
POLYLINE
8
ShapeString
62
7
70
0
10
0.000000
20
0.000000
66
1
0
VERTEX
8
ShapeString
10
3984.013500
20
1988.282400
70
0
0
VERTEX
8
ShapeString
10
4028.883533
20
1982.104487
70
0
0
VERTEX
8
ShapeString
10
4073.776784
20
1976.400690
70
0
0
VERTEX
8
ShapeString
10
4118.689698
20
1971.170325
70
0
0
VERTEX
8
ShapeString
10
4163.618720
20
1966.412711
70
0
0
VERTEX
8
ShapeString
10
4208.560296
20
1962.127164
70
0
0
VERTEX
8
ShapeString
10
4253.510871
20
1958.313001
70
0
0
VERTEX
8
ShapeString
10
4298.466890
20
1954.969541
70
0
0
VERTEX
8
ShapeString
10
4343.424798
20
1952.096101
70
0
0
VERTEX
8
ShapeString
10
4388.381041
20
1949.691997
70
0
0
VERTEX
8
ShapeString
10
4433.332064
20
1947.756548
70
0
0
VERTEX
8
ShapeString
10
4478.274311
20
1946.289071
70
0
0
VERTEX
8
ShapeString
10
4523.204229
20
1945.288883
70
0
0
VERTEX
8
ShapeString
10
4568.118262
20
1944.755302
70
0
0
VERTEX
8
ShapeString
10
4613.012857
20
1944.687644
70
0
0
VERTEX
8
ShapeString
10
4657.884457
20
1945.085228
70
0
0
VERTEX
8
ShapeString
10
4702.729508
20
1945.947370
70
0
0
VERTEX
8
ShapeString
10
4747.544456
20
1947.273389
70
0
0
VERTEX
8
ShapeString
10
4792.325745
20
1949.062601
70
0
0
VERTEX
8
ShapeString
10
4837.069822
20
1951.314324
70
0
0
VERTEX
8
ShapeString
10
4881.773131
20
1954.027876
70
0
0
VERTEX
8
ShapeString
10
4926.432117
20
1957.202573
70
0
0
VERTEX
8
ShapeString
10
4971.043226
20
1960.837733
70
0
0
VERTEX
8
ShapeString
10
5015.602903
20
1964.932673
70
0
0
VERTEX
8
ShapeString
10
5060.107593
20
1969.486712
70
0
0
VERTEX
8
ShapeString
10
5104.553741
20
1974.499165
70
0
0
VERTEX
8
ShapeString
10
5148.937793
20
1979.969351
70
0
0
VERTEX
8
ShapeString
10
5193.256194
20
1985.896588
70
0
0
VERTEX
8
ShapeString
10
5237.505389
20
1992.280191
70
0
0
VERTEX
8
ShapeString
10
5281.681823
20
1999.119480
70
0
0
VERTEX
8
ShapeString
10
5325.781943
20
2006.413770
70
0
0
VERTEX
8
ShapeString
10
5369.802191
20
2014.162380
70
0
0
VERTEX
8
ShapeString
10
5413.739015
20
2022.364628
70
0
0
VERTEX
8
ShapeString
10
5457.588860
20
2031.019829
70
0
0
VERTEX
8
ShapeString
10
5501.348170
20
2040.127302
70
0
0
VERTEX
8
ShapeString
10
5545.013391
20
2049.686364
70
0
0
VERTEX
8
ShapeString
10
5588.580967
20
2059.696333
70
0
0
VERTEX
8
ShapeString
10
5632.047346
20
2070.156526
70
0
0
VERTEX
8
ShapeString
10
5675.408970
20
2081.066260
70
0
0
VERTEX
8
ShapeString
10
5718.662287
20
2092.424853
70
0
0
VERTEX
8
ShapeString
10
5761.803740
20
2104.231621
70
0
0
VERTEX
8
ShapeString
10
5804.829776
20
2116.485883
70
0
0
VERTEX
8
ShapeString
10
5847.736839
20
2129.186956
70
0
0
VERTEX
8
ShapeString
10
5890.521375
20
2142.334158
70
0
0
VERTEX
8
ShapeString
10
5933.179829
20
2155.926805
70
0
0
VERTEX
8
ShapeString
10
5975.708647
20
2169.964214
70
0
0
VERTEX
8
ShapeString
10
6018.104272
20
2184.445705
70
0
0
VERTEX
8
ShapeString
10
6060.363152
20
2199.370593
70
0
0
VERTEX
8
ShapeString
10
6102.481730
20
2214.738196
70
0
0
VERTEX
8
ShapeString
10
6144.456453
20
2230.547832
70
0
0
VERTEX
8
ShapeString
10
6186.283765
20
2246.798817
70
0
0
VERTEX
8
ShapeString
10
6227.960112
20
2263.490470
70
0
0
VERTEX
8
ShapeString
10
6269.481938
20
2280.622108
70
0
0
VERTEX
8
ShapeString
10
6310.845690
20
2298.193048
70
0
0
VERTEX
8
ShapeString
10
6352.047812
20
2316.202608
70
0
0
VERTEX
8
ShapeString
10
6393.084750
20
2334.650104
70
0
0
VERTEX
8
ShapeString
10
6433.952949
20
2353.534854
70
0
0
VERTEX
8
ShapeString
10
6474.648854
20
2372.856177
70
0
0
VERTEX
8
ShapeString
10
6515.168910
20
2392.613388
70
0
0
VERTEX
8
ShapeString
10
6555.509563
20
2412.805806
70
0
0
VERTEX
8
ShapeString
10
6595.667258
20
2433.432747
70
0
0
VERTEX
8
ShapeString
10
6635.638440
20
2454.493530
70
0
0
VERTEX
8
ShapeString
10
6675.419554
20
2475.987472
70
0
0
VERTEX
8
ShapeString
10
6715.007045
20
2497.913889
70
0
0
VERTEX
8
ShapeString
10
6754.397360
20
2520.272100
70
0
0
SEQEND
8
ShapeString
0
POLYLINE
8
ShapeString
62
7
70
0
10
0.000000
20
0.000000
66
1
0
VERTEX
8
ShapeString
10
3240.892200
20
2621.785500
70
0
0
VERTEX
8
ShapeString
10
3240.657073
20
2624.066373
70
0
0
VERTEX
8
ShapeString
10
3239.993298
20
2626.190200
70
0
0
VERTEX
8
ShapeString
10
3238.946314
20
2628.111652
70
0
0
VERTEX
8
ShapeString
10
3237.561561
20
2629.785399
70
0
0
VERTEX
8
ShapeString
10
3235.884479
20
2631.166110
70
0
0
VERTEX
8
ShapeString
10
3233.960506
20
2632.208455
70
0
0
VERTEX
8
ShapeString
10
3231.835083
20
2632.867104
70
0
0
VERTEX
8
ShapeString
10
3229.553650
20
2633.096727
70
0
0
VERTEX
8
ShapeString
10
3227.272217
20
2632.867104
70
0
0
VERTEX
8
ShapeString
10
3225.146794
20
2632.208455
70
0
0
VERTEX
8
ShapeString
10
3223.222821
20
2631.166110
70
0
0
VERTEX
8
ShapeString
10
3221.545739
20
2629.785399
70
0
0
VERTEX
8
ShapeString
10
3220.160986
20
2628.111652
70
0
0
VERTEX
8
ShapeString
10
3219.114002
20
2626.190200
70
0
0
VERTEX
8
ShapeString
10
3218.450227
20
2624.066373
70
0
0
VERTEX
8
ShapeString
10
3218.215100
20
2621.785500
70
0
0
VERTEX
8
ShapeString
10
3218.450227
20
2619.504627
70
0
0
VERTEX
8
ShapeString
10
3219.114002
20
2617.380800
70
0
0
VERTEX
8
ShapeString
10
3220.160986
20
2615.459348
70
0
0
VERTEX
8
ShapeString
10
3221.545739
20
2613.785601
70
0
0
VERTEX
8
ShapeString
10
3223.222821
20
2612.404890
70
0
0
VERTEX
8
ShapeString
10
3225.146794
20
2611.362545
70
0
0
VERTEX
8
ShapeString
10
3227.272217
20
2610.703896
70
0
0
VERTEX
8
ShapeString
10
3229.553650
20
2610.474273
70
0
0
VERTEX
8
ShapeString
10
3231.835083
20
2610.703896
70
0
0
VERTEX
8
ShapeString
10
3233.960506
20
2611.362545
70
0
0
VERTEX
8
ShapeString
10
3235.884479
20
2612.404890
70
0
0
VERTEX
8
ShapeString
10
3237.561561
20
2613.785601
70
0
0
VERTEX
8
ShapeString
10
3238.946314
20
2615.459348
70
0
0
VERTEX
8
ShapeString
10
3239.993298
20
2617.380800
70
0
0
VERTEX
8
ShapeString
10
3240.657073
20
2619.504627
70
0
0
VERTEX
8
ShapeString
10
3240.892200
20
2621.785500
70
0
0
VERTEX
8
ShapeString
10
3240.892200
20
2621.785500
70
0
0
SEQEND
8
ShapeString
0
POLYLINE
8
ShapeString
62
7
70
0
10
0.000000
20
0.000000
66
1
0
VERTEX
8
ShapeString
10
4652.936200
20
3366.583200
70
0
0
VERTEX
8
ShapeString
10
4652.701073
20
3368.864073
70
0
0
VERTEX
8
ShapeString
10
4652.037298
20
3370.987900
70
0
0
VERTEX
8
ShapeString
10
4650.990314
20
3372.909352
70
0
0
VERTEX
8
ShapeString
10
4649.605561
20
3374.583099
70
0
0
VERTEX
8
ShapeString
10
4647.928479
20
3375.963810
70
0
0
VERTEX
8
ShapeString
10
4646.004506
20
3377.006155
70
0
0
VERTEX
8
ShapeString
10
4643.879083
20
3377.664804
70
0
0
VERTEX
8
ShapeString
10
4641.597650
20
3377.894427
70
0
0
VERTEX
8
ShapeString
10
4639.316217
20
3377.664804
70
0
0
VERTEX
8
ShapeString
10
4637.190794
20
3377.006155
70
0
0
VERTEX
8
ShapeString
10
4635.266821
20
3375.963810
70
0
0
VERTEX
8
ShapeString
10
4633.589739
20
3374.583099
70
0
0
VERTEX
8
ShapeString
10
4632.204986
20
3372.909352
70
0
0
VERTEX
8
ShapeString
10
4631.158002
20
3370.987900
70
0
0
VERTEX
8
ShapeString
10
4630.494227
20
3368.864073
70
0
0
VERTEX
8
ShapeString
10
4630.259100
20
3366.583200
70
0
0
VERTEX
8
ShapeString
10
4630.494227
20
3364.302327
70
0
0
VERTEX
8
ShapeString
10
4631.158002
20
3362.178500
70
0
0
VERTEX
8
ShapeString
10
4632.204986
20
3360.257048
70
0
0
VERTEX
8
ShapeString
10
4633.589739
20
3358.583301
70
0
0
VERTEX
8
ShapeString
10
4635.266821
20
3357.202590
70
0
0
VERTEX
8
ShapeString
10
4637.190794
20
3356.160245
70
0
0
VERTEX
8
ShapeString
10
4639.316217
20
3355.501596
70
0
0
VERTEX
8
ShapeString
10
4641.597650
20
3355.271973
70
0
0
VERTEX
8
ShapeString
10
4643.879083
20
3355.501596
70
0
0
VERTEX
8
ShapeString
10
4646.004506
20
3356.160245
70
0
0
VERTEX
8
ShapeString
10
4647.928479
20
3357.202590
70
0
0
VERTEX
8
ShapeString
10
4649.605561
20
3358.583301
70
0
0
VERTEX
8
ShapeString
10
4650.990314
20
3360.257048
70
0
0
VERTEX
8
ShapeString
10
4652.037298
20
3362.178500
70
0
0
VERTEX
8
ShapeString
10
4652.701073
20
3364.302327
70
0
0
VERTEX
8
ShapeString
10
4652.936200
20
3366.583200
70
0
0
VERTEX
8
ShapeString
10
4652.936200
20
3366.583200
70
0
0
SEQEND
8
ShapeString
0
POLYLINE
8
ShapeString
62
7
70
0
10
0.000000
20
0.000000
66
1
0
VERTEX
8
ShapeString
10
4551.090900
20
3769.663800
70
0
0
VERTEX
8
ShapeString
10
4550.991187
20
3771.165706
70
0
0
VERTEX
8
ShapeString
10
4550.698409
20
3772.622241
70
0
0
VERTEX
8
ShapeString
10
4550.222105
20
3774.016880
70
0
0
VERTEX
8
ShapeString
10
4549.571816
20
3775.333100
70
0
0
VERTEX
8
ShapeString
10
4548.757080
20
3776.554377
70
0
0
VERTEX
8
ShapeString
10
4547.787439
20
3777.664188
70
0
0
VERTEX
8
ShapeString
10
4546.672433
20
3778.646009
70
0
0
VERTEX
8
ShapeString
10
4545.421600
20
3779.483316
70
0
0
VERTEX
8
ShapeString
10
4544.071055
20
3780.147915
70
0
0
VERTEX
8
ShapeString
10
4542.663270
20
3780.622629
70
0
0
VERTEX
8
ShapeString
10
4541.217325
20
3780.907457
70
0
0
VERTEX
8
ShapeString
10
4539.752300
20
3781.002400
70
0
0
VERTEX
8
ShapeString
10
4538.287275
20
3780.907457
70
0
0
VERTEX
8
ShapeString
10
4536.841330
20
3780.622629
70
0
0
VERTEX
8
ShapeString
10
4535.433545
20
3780.147915
70
0
0
VERTEX
8
ShapeString
10
4534.083000
20
3779.483316
70
0
0
VERTEX
8
ShapeString
10
4532.832167
20
3778.646009
70
0
0
VERTEX
8
ShapeString
10
4531.717161
20
3777.664188
70
0
0
VERTEX
8
ShapeString
10
4530.747520
20
3776.554377
70
0
0
VERTEX
8
ShapeString
10
4529.932784
20
3775.333100
70
0
0
VERTEX
8
ShapeString
10
4529.282495
20
3774.016880
70
0
0
VERTEX
8
ShapeString
10
4528.806191
20
3772.622241
70
0
0
VERTEX
8
ShapeString
10
4528.513413
20
3771.165706
70
0
0
VERTEX
8
ShapeString
10
4528.413700
20
3769.663800
70
0
0
VERTEX
8
ShapeString
10
4528.513413
20
3768.161894
70
0
0
VERTEX
8
ShapeString
10
4528.806191
20
3766.705359
70
0
0
VERTEX
8
ShapeString
10
4529.282495
20
3765.310720
70
0
0
VERTEX
8
ShapeString
10
4529.932784
20
3763.994500
70
0
0
VERTEX
8
ShapeString
10
4530.747520
20
3762.773223
70
0
0
VERTEX
8
ShapeString
10
4531.717161
20
3761.663412
70
0
0
VERTEX
8
ShapeString
10
4532.832167
20
3760.681591
70
0
0
VERTEX
8
ShapeString
10
4534.083000
20
3759.844284
70
0
0
VERTEX
8
ShapeString
10
4535.433545
20
3759.179685
70
0
0
VERTEX
8
ShapeString
10
4536.841330
20
3758.704971
70
0
0
VERTEX
8
ShapeString
10
4538.287275
20
3758.420143
70
0
0
VERTEX
8
ShapeString
10
4539.752300
20
3758.325200
70
0
0
VERTEX
8
ShapeString
10
4541.217325
20
3758.420143
70
0
0
VERTEX
8
ShapeString
10
4542.663270
20
3758.704971
70
0
0
VERTEX
8
ShapeString
10
4544.071055
20
3759.179685
70
0
0
VERTEX
8
ShapeString
10
4545.421600
20
3759.844284
70
0
0
VERTEX
8
ShapeString
10
4546.672433
20
3760.681591
70
0
0
VERTEX
8
ShapeString
10
4547.787439
20
3761.663412
70
0
0
VERTEX
8
ShapeString
10
4548.757080
20
3762.773223
70
0
0
VERTEX
8
ShapeString
10
4549.571816
20
3763.994500
70
0
0
VERTEX
8
ShapeString
10
4550.222105
20
3765.310720
70
0
0
VERTEX
8
ShapeString
10
4550.698409
20
3766.705359
70
0
0
VERTEX
8
ShapeString
10
4550.991187
20
3768.161894
70
0
0
VERTEX
8
ShapeString
10
4551.090900
20
3769.663800
70
0
0
VERTEX
8
ShapeString
10
4551.090900
20
3769.663800
70
0
0
SEQEND
8
ShapeString
0
POLYLINE
8
ShapeString
62
7
70
0
10
0.000000
20
0.000000
66
1
0
VERTEX
8
ShapeString
10
6113.287000
20
3625.912000
70
0
0
VERTEX
8
ShapeString
10
6113.187287
20
3627.413906
70
0
0
VERTEX
8
ShapeString
10
6112.894509
20
3628.870441
70
0
0
VERTEX
8
ShapeString
10
6112.418205
20
3630.265080
70
0
0
VERTEX
8
ShapeString
10
6111.767916
20
3631.581300
70
0
0
VERTEX
8
ShapeString
10
6110.953180
20
3632.802577
70
0
0
VERTEX
8
ShapeString
10
6109.983539
20
3633.912388
70
0
0
VERTEX
8
ShapeString
10
6108.868533
20
3634.894209
70
0
0
VERTEX
8
ShapeString
10
6107.617700
20
3635.731516
70
0
0
VERTEX
8
ShapeString
10
6106.267155
20
3636.396115
70
0
0
VERTEX
8
ShapeString
10
6104.859370
20
3636.870829
70
0
0
VERTEX
8
ShapeString
10
6103.413425
20
3637.155657
70
0
0
VERTEX
8
ShapeString
10
6101.948400
20
3637.250600
70
0
0
VERTEX
8
ShapeString
10
6100.483375
20
3637.155657
70
0
0
VERTEX
8
ShapeString
10
6099.037430
20
3636.870829
70
0
0
VERTEX
8
ShapeString
10
6097.629645
20
3636.396115
70
0
0
VERTEX
8
ShapeString
10
6096.279100
20
3635.731516
70
0
0
VERTEX
8
ShapeString
10
6095.028267
20
3634.894209
70
0
0
VERTEX
8
ShapeString
10
6093.913261
20
3633.912388
70
0
0
VERTEX
8
ShapeString
10
6092.943620
20
3632.802577
70
0
0
VERTEX
8
ShapeString
10
6092.128884
20
3631.581300
70
0
0
VERTEX
8
ShapeString
10
6091.478595
20
3630.265080
70
0
0
VERTEX
8
ShapeString
10
6091.002291
20
3628.870441
70
0
0
VERTEX
8
ShapeString
10
6090.709513
20
3627.413906
70
0
0
VERTEX
8
ShapeString
10
6090.609800
20
3625.912000
70
0
0
VERTEX
8
ShapeString
10
6090.709513
20
3624.410094
70
0
0
VERTEX
8
ShapeString
10
6091.002291
20
3622.953559
70
0
0
VERTEX
8
ShapeString
10
6091.478595
20
3621.558920
70
0
0
VERTEX
8
ShapeString
10
6092.128884
20
3620.242700
70
0
0
VERTEX
8
ShapeString
10
6092.943620
20
3619.021423
70
0
0
VERTEX
8
ShapeString
10
6093.913261
20
3617.911612
70
0
0
VERTEX
8
ShapeString
10
6095.028267
20
3616.929791
70
0
0
VERTEX
8
ShapeString
10
6096.279100
20
3616.092484
70
0
0
VERTEX
8
ShapeString
10
6097.629645
20
3615.427885
70
0
0
VERTEX
8
ShapeString
10
6099.037430
20
3614.953171
70
0
0
VERTEX
8
ShapeString
10
6100.483375
20
3614.668343
70
0
0
VERTEX
8
ShapeString
10
6101.948400
20
3614.573400
70
0
0
VERTEX
8
ShapeString
10
6103.413425
20
3614.668343
70
0
0
VERTEX
8
ShapeString
10
6104.859370
20
3614.953171
70
0
0
VERTEX
8
ShapeString
10
6106.267155
20
3615.427885
70
0
0
VERTEX
8
ShapeString
10
6107.617700
20
3616.092484
70
0
0
VERTEX
8
ShapeString
10
6108.868533
20
3616.929791
70
0
0
VERTEX
8
ShapeString
10
6109.983539
20
3617.911612
70
0
0
VERTEX
8
ShapeString
10
6110.953180
20
3619.021423
70
0
0
VERTEX
8
ShapeString
10
6111.767916
20
3620.242700
70
0
0
VERTEX
8
ShapeString
10
6112.418205
20
3621.558920
70
0
0
VERTEX
8
ShapeString
10
6112.894509
20
3622.953559
70
0
0
VERTEX
8
ShapeString
10
6113.187287
20
3624.410094
70
0
0
VERTEX
8
ShapeString
10
6113.287000
20
3625.912000
70
0
0
VERTEX
8
ShapeString
10
6113.287000
20
3625.912000
70
0
0
SEQEND
8
ShapeString
0
POLYLINE
8
ShapeString
62
7
70
0
10
0.000000
20
0.000000
66
1
0
VERTEX
8
ShapeString
10
6116.516300
20
3733.453800
70
0
0
VERTEX
8
ShapeString
10
6116.281173
20
3735.734673
70
0
0
VERTEX
8
ShapeString
10
6115.617398
20
3737.858500
70
0
0
VERTEX
8
ShapeString
10
6114.570414
20
3739.779952
70
0
0
VERTEX
8
ShapeString
10
6113.185661
20
3741.453699
70
0
0
VERTEX
8
ShapeString
10
6111.508579
20
3742.834410
70
0
0
VERTEX
8
ShapeString
10
6109.584606
20
3743.876755
70
0
0
VERTEX
8
ShapeString
10
6107.459183
20
3744.535404
70
0
0
VERTEX
8
ShapeString
10
6105.177750
20
3744.765027
70
0
0
VERTEX
8
ShapeString
10
6102.896317
20
3744.535404
70
0
0
VERTEX
8
ShapeString
10
6100.770894
20
3743.876755
70
0
0
VERTEX
8
ShapeString
10
6098.846921
20
3742.834410
70
0
0
VERTEX
8
ShapeString
10
6097.169839
20
3741.453699
70
0
0
VERTEX
8
ShapeString
10
6095.785086
20
3739.779952
70
0
0
VERTEX
8
ShapeString
10
6094.738102
20
3737.858500
70
0
0
VERTEX
8
ShapeString
10
6094.074327
20
3735.734673
70
0
0
VERTEX
8
ShapeString
10
6093.839200
20
3733.453800
70
0
0
VERTEX
8
ShapeString
10
6094.074327
20
3731.172927
70
0
0
VERTEX
8
ShapeString
10
6094.738102
20
3729.049100
70
0
0
VERTEX
8
ShapeString
10
6095.785086
20
3727.127648
70
0
0
VERTEX
8
ShapeString
10
6097.169839
20
3725.453901
70
0
0
VERTEX
8
ShapeString
10
6098.846921
20
3724.073190
70
0
0
VERTEX
8
ShapeString
10
6100.770894
20
3723.030845
70
0
0
VERTEX
8
ShapeString
10
6102.896317
20
3722.372196
70
0
0
VERTEX
8
ShapeString
10
6105.177750
20
3722.142573
70
0
0
VERTEX
8
ShapeString
10
6107.459183
20
3722.372196
70
0
0
VERTEX
8
ShapeString
10
6109.584606
20
3723.030845
70
0
0
VERTEX
8
ShapeString
10
6111.508579
20
3724.073190
70
0
0
VERTEX
8
ShapeString
10
6113.185661
20
3725.453901
70
0
0
VERTEX
8
ShapeString
10
6114.570414
20
3727.127648
70
0
0
VERTEX
8
ShapeString
10
6115.617398
20
3729.049100
70
0
0
VERTEX
8
ShapeString
10
6116.281173
20
3731.172927
70
0
0
VERTEX
8
ShapeString
10
6116.516300
20
3733.453800
70
0
0
VERTEX
8
ShapeString
10
6116.516300
20
3733.453800
70
0
0
SEQEND
8
ShapeString
0
POLYLINE
8
ShapeString
62
7
70
0
10
0.000000
20
0.000000
66
1
0
VERTEX
8
ShapeString
10
5997.375500
20
3685.708900
70
0
0
VERTEX
8
ShapeString
10
5997.251586
20
3690.570526
70
0
0
VERTEX
8
ShapeString
10
5996.885816
20
3695.368300
70
0
0
VERTEX
8
ShapeString
10
5996.284122
20
3700.096287
70
0
0
VERTEX
8
ShapeString
10
5995.452442
20
3704.748553
70
0
0
VERTEX
8
ShapeString
10
5994.396710
20
3709.319164
70
0
0
VERTEX
8
ShapeString
10
5993.122861
20
3713.802187
70
0
0
VERTEX
8
ShapeString
10
5991.636830
20
3718.191687
70
0
0
VERTEX
8
ShapeString
10
5989.944553
20
3722.481731
70
0
0
VERTEX
8
ShapeString
10
5988.051964
20
3726.666384
70
0
0
VERTEX
8
ShapeString
10
5985.964999
20
3730.739713
70
0
0
VERTEX
8
ShapeString
10
5983.689593
20
3734.695784
70
0
0
VERTEX
8
ShapeString
10
5981.231681
20
3738.528663
70
0
0
VERTEX
8
ShapeString
10
5978.597198
20
3742.232416
70
0
0
VERTEX
8
ShapeString
10
5975.792079
20
3745.801109
70
0
0
VERTEX
8
ShapeString
10
5972.822260
20
3749.228808
70
0
0
VERTEX
8
ShapeString
10
5969.693675
20
3752.509579
70
0
0
VERTEX
8
ShapeString
10
5966.412260
20
3755.637489
70
0
0
VERTEX
8
ShapeString
10
5962.983950
20
3758.606602
70
0
0
VERTEX
8
ShapeString
10
5959.414680
20
3761.410987
70
0
0
VERTEX
8
ShapeString
10
5955.710386
20
3764.044708
70
0
0
VERTEX
8
ShapeString
10
5951.877001
20
3766.501831
70
0
0
VERTEX
8
ShapeString
10
5947.920462
20
3768.776423
70
0
0
VERTEX
8
ShapeString
10
5943.846703
20
3770.862550
70
0
0
VERTEX
8
ShapeString
10
5939.661661
20
3772.754278
70
0
0
VERTEX
8
ShapeString
10
5935.371269
20
3774.445672
70
0
0
VERTEX
8
ShapeString
10
5930.981463
20
3775.930800
70
0
0
VERTEX
8
ShapeString
10
5926.498178
20
3777.203727
70
0
0
VERTEX
8
ShapeString
10
5921.927350
20
3778.258519
70
0
0
VERTEX
8
ShapeString
10
5917.274913
20
3779.089242
70
0
0
VERTEX
8
ShapeString
10
5912.546802
20
3779.689962
70
0
0
VERTEX
8
ShapeString
10
5907.748954
20
3780.054746
70
0
0
VERTEX
8
ShapeString
10
5902.887302
20
3780.177659
70
0
0
VERTEX
8
ShapeString
10
5898.025650
20
3780.054746
70
0
0
VERTEX
8
ShapeString
10
5893.227802
20
3779.689962
70
0
0
VERTEX
8
ShapeString
10
5888.499691
20
3779.089242
70
0
0
VERTEX
8
ShapeString
10
5883.847254
20
3778.258519
70
0
0
VERTEX
8
ShapeString
10
5879.276426
20
3777.203727
70
0
0
VERTEX
8
ShapeString
10
5874.793141
20
3775.930800
70
0
0
VERTEX
8
ShapeString
10
5870.403335
20
3774.445672
70
0
0
VERTEX
8
ShapeString
10
5866.112943
20
3772.754278
70
0
0
VERTEX
8
ShapeString
10
5861.927901
20
3770.862550
70
0
0
VERTEX
8
ShapeString
10
5857.854142
20
3768.776423
70
0
0
VERTEX
8
ShapeString
10
5853.897603
20
3766.501831
70
0
0
VERTEX
8
ShapeString
10
5850.064218
20
3764.044708
70
0
0
VERTEX
8
ShapeString
10
5846.359924
20
3761.410987
70
0
0
VERTEX
8
ShapeString
10
5842.790654
20
3758.606602
70
0
0
VERTEX
8
ShapeString
10
5839.362344
20
3755.637489
70
0
0
VERTEX
8
ShapeString
10
5836.080929
20
3752.509579
70
0
0
VERTEX
8
ShapeString
10
5832.952344
20
3749.228808
70
0
0
VERTEX
8
ShapeString
10
5829.982525
20
3745.801109
70
0
0
VERTEX
8
ShapeString
10
5827.177406
20
3742.232416
70
0
0
VERTEX
8
ShapeString
10
5824.542923
20
3738.528663
70
0
0
VERTEX
8
ShapeString
10
5822.085011
20
3734.695784
70
0
0
VERTEX
8
ShapeString
10
5819.809605
20
3730.739713
70
0
0
VERTEX
8
ShapeString
10
5817.722640
20
3726.666384
70
0
0
VERTEX
8
ShapeString
10
5815.830051
20
3722.481731
70
0
0
VERTEX
8
ShapeString
10
5814.137774
20
3718.191687
70
0
0
VERTEX
8
ShapeString
10
5812.651743
20
3713.802187
70
0
0
VERTEX
8
ShapeString
10
5811.377894
20
3709.319164
70
0
0
VERTEX
8
ShapeString
10
5810.322162
20
3704.748553
70
0
0
VERTEX
8
ShapeString
10
5809.490482
20
3700.096287
70
0
0
VERTEX
8
ShapeString
10
5808.888788
20
3695.368300
70
0
0
VERTEX
8
ShapeString
10
5808.523018
20
3690.570526
70
0
0
VERTEX
8
ShapeString
10
5808.399104
20
3685.708900
70
0
0
VERTEX
8
ShapeString
10
5808.523018
20
3680.847274
70
0
0
VERTEX
8
ShapeString
10
5808.888788
20
3676.049500
70
0
0
VERTEX
8
ShapeString
10
5809.490482
20
3671.321513
70
0
0
VERTEX
8
ShapeString
10
5810.322162
20
3666.669247
70
0
0
VERTEX
8
ShapeString
10
5811.377894
20
3662.098636
70
0
0
VERTEX
8
ShapeString
10
5812.651743
20
3657.615613
70
0
0
VERTEX
8
ShapeString
10
5814.137774
20
3653.226113
70
0
0
VERTEX
8
ShapeString
10
5815.830051
20
3648.936069
70
0
0
VERTEX
8
ShapeString
10
5817.722640
20
3644.751416
70
0
0
VERTEX
8
ShapeString
10
5819.809605
20
3640.678087
70
0
0
VERTEX
8
ShapeString
10
5822.085011
20
3636.722016
70
0
0
VERTEX
8
ShapeString
10
5824.542923
20
3632.889137
70
0
0
VERTEX
8
ShapeString
10
5827.177406
20
3629.185384
70
0
0
VERTEX
8
ShapeString
10
5829.982525
20
3625.616691
70
0
0
VERTEX
8
ShapeString
10
5832.952344
20
3622.188992
70
0
0
VERTEX
8
ShapeString
10
5836.080929
20
3618.908221
70
0
0
VERTEX
8
ShapeString
10
5839.362344
20
3615.780311
70
0
0
VERTEX
8
ShapeString
10
5842.790654
20
3612.811198
70
0
0
VERTEX
8
ShapeString
10
5846.359924
20
3610.006813
70
0
0
VERTEX
8
ShapeString
10
5850.064218
20
3607.373092
70
0
0
VERTEX
8
ShapeString
10
5853.897603
20
3604.915969
70
0
0
VERTEX
8
ShapeString
10
5857.854142
20
3602.641377
70
0
0
VERTEX
8
ShapeString
10
5861.927901
20
3600.555250
70
0
0
VERTEX
8
ShapeString
10
5866.112943
20
3598.663522
70
0
0
VERTEX
8
ShapeString
10
5870.403335
20
3596.972128
70
0
0
VERTEX
8
ShapeString
10
5874.793141
20
3595.487000
70
0
0
VERTEX
8
ShapeString
10
5879.276426
20
3594.214073
70
0
0
VERTEX
8
ShapeString
10
5883.847254
20
3593.159281
70
0
0
VERTEX
8
ShapeString
10
5888.499691
20
3592.328558
70
0
0
VERTEX
8
ShapeString
10
5893.227802
20
3591.727838
70
0
0
VERTEX
8
ShapeString
10
5898.025650
20
3591.363054
70
0
0
VERTEX
8
ShapeString
10
5902.887302
20
3591.240141
70
0
0
VERTEX
8
ShapeString
10
5907.748954
20
3591.363054
70
0
0
VERTEX
8
ShapeString
10
5912.546802
20
3591.727838
70
0
0
VERTEX
8
ShapeString
10
5917.274913
20
3592.328558
70
0
0
VERTEX
8
ShapeString
10
5921.927350
20
3593.159281
70
0
0
VERTEX
8
ShapeString
10
5926.498178
20
3594.214073
70
0
0
VERTEX
8
ShapeString
10
5930.981463
20
3595.487000
70
0
0
VERTEX
8
ShapeString
10
5935.371269
20
3596.972128
70
0
0
VERTEX
8
ShapeString
10
5939.661661
20
3598.663522
70
0
0
VERTEX
8
ShapeString
10
5943.846703
20
3600.555250
70
0
0
VERTEX
8
ShapeString
10
5947.920462
20
3602.641377
70
0
0
VERTEX
8
ShapeString
10
5951.877001
20
3604.915969
70
0
0
VERTEX
8
ShapeString
10
5955.710386
20
3607.373092
70
0
0
VERTEX
8
ShapeString
10
5959.414680
20
3610.006813
70
0
0
VERTEX
8
ShapeString
10
5962.983950
20
3612.811198
70
0
0
VERTEX
8
ShapeString
10
5966.412260
20
3615.780311
70
0
0
VERTEX
8
ShapeString
10
5969.693675
20
3618.908221
70
0
0
VERTEX
8
ShapeString
10
5972.822260
20
3622.188992
70
0
0
VERTEX
8
ShapeString
10
5975.792079
20
3625.616691
70
0
0
VERTEX
8
ShapeString
10
5978.597198
20
3629.185384
70
0
0
VERTEX
8
ShapeString
10
5981.231681
20
3632.889137
70
0
0
VERTEX
8
ShapeString
10
5983.689593
20
3636.722016
70
0
0
VERTEX
8
ShapeString
10
5985.964999
20
3640.678087
70
0
0
VERTEX
8
ShapeString
10
5988.051964
20
3644.751416
70
0
0
VERTEX
8
ShapeString
10
5989.944553
20
3648.936069
70
0
0
VERTEX
8
ShapeString
10
5991.636830
20
3653.226113
70
0
0
VERTEX
8
ShapeString
10
5993.122861
20
3657.615613
70
0
0
VERTEX
8
ShapeString
10
5994.396710
20
3662.098636
70
0
0
VERTEX
8
ShapeString
10
5995.452442
20
3666.669247
70
0
0
VERTEX
8
ShapeString
10
5996.284122
20
3671.321513
70
0
0
VERTEX
8
ShapeString
10
5996.885816
20
3676.049500
70
0
0
VERTEX
8
ShapeString
10
5997.251586
20
3680.847274
70
0
0
VERTEX
8
ShapeString
10
5997.375500
20
3685.708900
70
0
0
VERTEX
8
ShapeString
10
5997.375500
20
3685.708900
70
0
0
SEQEND
8
ShapeString
0
POLYLINE
8
ShapeString
62
7
70
0
10
0.000000
20
0.000000
66
1
0
VERTEX
8
ShapeString
10
4685.163200
20
3568.123500
70
0
0
VERTEX
8
ShapeString
10
4684.953809
20
3574.420090
70
0
0
VERTEX
8
ShapeString
10
4684.332262
20
3580.639369
70
0
0
VERTEX
8
ShapeString
10
4683.308495
20
3586.764122
70
0
0
VERTEX
8
ShapeString
10
4681.892446
20
3592.777139
70
0
0
VERTEX
8
ShapeString
10
4680.094053
20
3598.661208
70
0
0
VERTEX
8
ShapeString
10
4677.923253
20
3604.399116
70
0
0
VERTEX
8
ShapeString
10
4675.389983
20
3609.973650
70
0
0
VERTEX
8
ShapeString
10
4672.504182
20
3615.367600
70
0
0
VERTEX
8
ShapeString
10
4669.275785
20
3620.563753
70
0
0
VERTEX
8
ShapeString
10
4665.714731
20
3625.544896
70
0
0
VERTEX
8
ShapeString
10
4661.830957
20
3630.293818
70
0
0
VERTEX
8
ShapeString
10
4657.634401
20
3634.793306
70
0
0
VERTEX
8
ShapeString
10
4653.135000
20
3639.026149
70
0
0
VERTEX
8
ShapeString
10
4648.342691
20
3642.975134
70
0
0
VERTEX
8
ShapeString
10
4643.267412
20
3646.623049
70
0
0
VERTEX
8
ShapeString
10
4637.919100
20
3649.952682
70
0
0
VERTEX
8
ShapeString
10
4632.361397
20
3652.919639
70
0
0
VERTEX
8
ShapeString
10
4626.664571
20
3655.491002
70
0
0
VERTEX
8
ShapeString
10
4620.848495
20
3657.666771
70
0
0
VERTEX
8
ShapeString
10
4614.933045
20
3659.446945
70
0
0
VERTEX
8
ShapeString
10
4608.938096
20
3660.831526
70
0
0
VERTEX
8
ShapeString
10
4602.883522
20
3661.820511
70
0
0
VERTEX
8
ShapeString
10
4596.789198
20
3662.413903
70
0
0
VERTEX
8
ShapeString
10
4590.675000
20
3662.611700
70
0
0
VERTEX
8
ShapeString
10
4584.560802
20
3662.413903
70
0
0
VERTEX
8
ShapeString
10
4578.466478
20
3661.820511
70
0
0
VERTEX
8
ShapeString
10
4572.411904
20
3660.831526
70
0
0
VERTEX
8
ShapeString
10
4566.416955
20
3659.446945
70
0
0
VERTEX
8
ShapeString
10
4560.501505
20
3657.666771
70
0
0
VERTEX
8
ShapeString
10
4554.685429
20
3655.491002
70
0
0
VERTEX
8
ShapeString
10
4548.988603
20
3652.919639
70
0
0
VERTEX
8
ShapeString
10
4543.430900
20
3649.952682
70
0
0
VERTEX
8
ShapeString
10
4538.082588
20
3646.623049
70
0
0
VERTEX
8
ShapeString
10
4533.007309
20
3642.975134
70
0
0
VERTEX
8
ShapeString
10
4528.215000
20
3639.026149
70
0
0
VERTEX
8
ShapeString
10
4523.715599
20
3634.793306
70
0
0
VERTEX
8
ShapeString
10
4519.519043
20
3630.293818
70
0
0
VERTEX
8
ShapeString
10
4515.635269
20
3625.544896
70
0
0
VERTEX
8
ShapeString
10
4512.074215
20
3620.563753
70
0
0
VERTEX
8
ShapeString
10
4508.845818
20
3615.367600
70
0
0
VERTEX
8
ShapeString
10
4505.960017
20
3609.973650
70
0
0
VERTEX
8
ShapeString
10
4503.426747
20
3604.399116
70
0
0
VERTEX
8
ShapeString
10
4501.255947
20
3598.661208
70
0
0
VERTEX
8
ShapeString
10
4499.457554
20
3592.777139
70
0
0
VERTEX
8
ShapeString
10
4498.041505
20
3586.764122
70
0
0
VERTEX
8
ShapeString
10
4497.017738
20
3580.639369
70
0
0
VERTEX
8
ShapeString
10
4496.396191
20
3574.420090
70
0
0
VERTEX
8
ShapeString
10
4496.186800
20
3568.123500
70
0
0
VERTEX
8
ShapeString
10
4496.396191
20
3561.826910
70
0
0
VERTEX
8
ShapeString
10
4497.017738
20
3555.607631
70
0
0
VERTEX
8
ShapeString
10
4498.041505
20
3549.482878
70
0
0
VERTEX
8
ShapeString
10
4499.457554
20
3543.469861
70
0
0
VERTEX
8
ShapeString
10
4501.255947
20
3537.585792
70
0
0
VERTEX
8
ShapeString
10
4503.426747
20
3531.847884
70
0
0
VERTEX
8
ShapeString
10
4505.960017
20
3526.273350
70
0
0
VERTEX
8
ShapeString
10
4508.845818
20
3520.879400
70
0
0
VERTEX
8
ShapeString
10
4512.074215
20
3515.683247
70
0
0
VERTEX
8
ShapeString
10
4515.635269
20
3510.702104
70
0
0
VERTEX
8
ShapeString
10
4519.519043
20
3505.953182
70
0
0
VERTEX
8
ShapeString
10
4523.715599
20
3501.453694
70
0
0
VERTEX
8
ShapeString
10
4528.215000
20
3497.220851
70
0
0
VERTEX
8
ShapeString
10
4533.007309
20
3493.271866
70
0
0
VERTEX
8
ShapeString
10
4538.082588
20
3489.623951
70
0
0
VERTEX
8
ShapeString
10
4543.430900
20
3486.294318
70
0
0
VERTEX
8
ShapeString
10
4548.988603
20
3483.327361
70
0
0
VERTEX
8
ShapeString
10
4554.685429
20
3480.755998
70
0
0
VERTEX
8
ShapeString
10
4560.501505
20
3478.580229
70
0
0
VERTEX
8
ShapeString
10
4566.416955
20
3476.800055
70
0
0
VERTEX
8
ShapeString
10
4572.411904
20
3475.415474
70
0
0
VERTEX
8
ShapeString
10
4578.466478
20
3474.426489
70
0
0
VERTEX
8
ShapeString
10
4584.560802
20
3473.833097
70
0
0
VERTEX
8
ShapeString
10
4590.675000
20
3473.635300
70
0
0
VERTEX
8
ShapeString
10
4596.789198
20
3473.833097
70
0
0
VERTEX
8
ShapeString
10
4602.883522
20
3474.426489
70
0
0
VERTEX
8
ShapeString
10
4608.938096
20
3475.415474
70
0
0
VERTEX
8
ShapeString
10
4614.933045
20
3476.800055
70
0
0
VERTEX
8
ShapeString
10
4620.848495
20
3478.580229
70
0
0
VERTEX
8
ShapeString
10
4626.664571
20
3480.755998
70
0
0
VERTEX
8
ShapeString
10
4632.361397
20
3483.327361
70
0
0
VERTEX
8
ShapeString
10
4637.919100
20
3486.294318
70
0
0
VERTEX
8
ShapeString
10
4643.267412
20
3489.623951
70
0
0
VERTEX
8
ShapeString
10
4648.342691
20
3493.271866
70
0
0
VERTEX
8
ShapeString
10
4653.135000
20
3497.220851
70
0
0
VERTEX
8
ShapeString
10
4657.634401
20
3501.453694
70
0
0
VERTEX
8
ShapeString
10
4661.830957
20
3505.953182
70
0
0
VERTEX
8
ShapeString
10
4665.714731
20
3510.702104
70
0
0
VERTEX
8
ShapeString
10
4669.275785
20
3515.683247
70
0
0
VERTEX
8
ShapeString
10
4672.504182
20
3520.879400
70
0
0
VERTEX
8
ShapeString
10
4675.389983
20
3526.273350
70
0
0
VERTEX
8
ShapeString
10
4677.923253
20
3531.847884
70
0
0
VERTEX
8
ShapeString
10
4680.094053
20
3537.585792
70
0
0
VERTEX
8
ShapeString
10
4681.892446
20
3543.469861
70
0
0
VERTEX
8
ShapeString
10
4683.308495
20
3549.482878
70
0
0
VERTEX
8
ShapeString
10
4684.332262
20
3555.607631
70
0
0
VERTEX
8
ShapeString
10
4684.953809
20
3561.826910
70
0
0
VERTEX
8
ShapeString
10
4685.163200
20
3568.123500
70
0
0
VERTEX
8
ShapeString
10
4685.163200
20
3568.123500
70
0
0
SEQEND
8
ShapeString
0
POLYLINE
8
ShapeString
62
7
70
0
10
0.000000
20
0.000000
66
1
0
VERTEX
8
ShapeString
10
5895.797100
20
3449.594900
70
0
0
VERTEX
8
ShapeString
10
5903.689696
20
3449.489342
70
0
0
VERTEX
8
ShapeString
10
5911.547195
20
3449.645658
70
0
0
VERTEX
8
ShapeString
10
5919.364127
20
3450.060907
70
0
0
VERTEX
8
ShapeString
10
5927.135023
20
3450.732145
70
0
0
VERTEX
8
ShapeString
10
5934.854413
20
3451.656430
70
0
0
VERTEX
8
ShapeString
10
5942.516828
20
3452.830820
70
0
0
VERTEX
8
ShapeString
10
5950.116799
20
3454.252371
70
0
0
VERTEX
8
ShapeString
10
5957.648854
20
3455.918142
70
0
0
VERTEX
8
ShapeString
10
5965.107526
20
3457.825189
70
0
0
VERTEX
8
ShapeString
10
5972.487344
20
3459.970570
70
0
0
VERTEX
8
ShapeString
10
5979.782839
20
3462.351343
70
0
0
VERTEX
8
ShapeString
10
5986.988541
20
3464.964564
70
0
0
VERTEX
8
ShapeString
10
5994.098981
20
3467.807291
70
0
0
VERTEX
8
ShapeString
10
6001.108689
20
3470.876583
70
0
0
VERTEX
8
ShapeString
10
6008.012196
20
3474.169495
70
0
0
VERTEX
8
ShapeString
10
6014.804031
20
3477.683085
70
0
0
VERTEX
8
ShapeString
10
6021.478726
20
3481.414411
70
0
0
VERTEX
8
ShapeString
10
6028.030811
20
3485.360531
70
0
0
VERTEX
8
ShapeString
10
6034.454816
20
3489.518501
70
0
0
VERTEX
8
ShapeString
10
6040.745271
20
3493.885379
70
0
0
VERTEX
8
ShapeString
10
6046.896708
20
3498.458222
70
0
0
VERTEX
8
ShapeString
10
6052.903656
20
3503.234089
70
0
0
VERTEX
8
ShapeString
10
6058.760646
20
3508.210035
70
0
0
VERTEX
8
ShapeString
10
6064.462209
20
3513.383119
70
0
0
VERTEX
8
ShapeString
10
6070.002874
20
3518.750398
70
0
0
VERTEX
8
ShapeString
10
6075.377173
20
3524.308929
70
0
0
VERTEX
8
ShapeString
10
6080.579635
20
3530.055770
70
0
0
VERTEX
8
ShapeString
10
6085.604791
20
3535.987979
70
0
0
VERTEX
8
ShapeString
10
6090.447172
20
3542.102612
70
0
0
VERTEX
8
ShapeString
10
6095.101307
20
3548.396727
70
0
0
VERTEX
8
ShapeString
10
6099.561728
20
3554.867381
70
0
0
VERTEX
8
ShapeString
10
6103.822965
20
3561.511632
70
0
0
VERTEX
8
ShapeString
10
6107.860679
20
3568.294041
70
0
0
VERTEX
8
ShapeString
10
6111.654054
20
3575.176993
70
0
0
VERTEX
8
ShapeString
10
6115.202905
20
3582.154279
70
0
0
VERTEX
8
ShapeString
10
6118.507043
20
3589.219692
70
0
0
VERTEX
8
ShapeString
10
6121.566284
20
3596.367023
70
0
0
VERTEX
8
ShapeString
10
6124.380441
20
3603.590063
70
0
0
VERTEX
8
ShapeString
10
6126.949326
20
3610.882606
70
0
0
VERTEX
8
ShapeString
10
6129.272754
20
3618.238443
70
0
0
VERTEX
8
ShapeString
10
6131.350539
20
3625.651366
70
0
0
VERTEX
8
ShapeString
10
6133.182493
20
3633.115166
70
0
0
VERTEX
8
ShapeString
10
6134.768432
20
3640.623637
70
0
0
VERTEX
8
ShapeString
10
6136.108167
20
3648.170569
70
0
0
VERTEX
8
ShapeString
10
6137.201512
20
3655.749754
70
0
0
VERTEX
8
ShapeString
10
6138.048282
20
3663.354985
70
0
0
VERTEX
8
ShapeString
10
6138.648290
20
3670.980053
70
0
0
VERTEX
8
ShapeString
10
6139.001349
20
3678.618750
70
0
0
VERTEX
8
ShapeString
10
6139.107273
20
3686.264868
70
0
0
VERTEX
8
ShapeString
10
6138.965876
20
3693.912200
70
0
0
VERTEX
8
ShapeString
10
6138.576971
20
3701.554536
70
0
0
VERTEX
8
ShapeString
10
6137.940371
20
3709.185670
70
0
0
VERTEX
8
ShapeString
10
6137.055891
20
3716.799392
70
0
0
VERTEX
8
ShapeString
10
6135.923344
20
3724.389495
70
0
0
VERTEX
8
ShapeString
10
6134.542543
20
3731.949770
70
0
0
VERTEX
8
ShapeString
10
6132.913302
20
3739.474010
70
0
0
VERTEX
8
ShapeString
10
6131.035435
20
3746.956007
70
0
0
VERTEX
8
ShapeString
10
6128.908754
20
3754.389551
70
0
0
VERTEX
8
ShapeString
10
6126.533075
20
3761.768436
70
0
0
VERTEX
8
ShapeString
10
6123.908210
20
3769.086453
70
0
0
VERTEX
8
ShapeString
10
6121.033973
20
3776.337394
70
0
0
VERTEX
8
ShapeString
10
6117.910177
20
3783.515052
70
0
0
VERTEX
8
ShapeString
10
6114.536637
20
3790.613217
70
0
0
VERTEX
8
ShapeString
10
6110.913165
20
3797.625681
70
0
0
VERTEX
8
ShapeString
10
6107.058283
20
3804.513649
70
0
0
VERTEX
8
ShapeString
10
6102.994160
20
3811.240284
70
0
0
VERTEX
8
ShapeString
10
6098.726078
20
3817.802322
70
0
0
VERTEX
8
ShapeString
10
6094.259321
20
3824.196496
70
0
0
VERTEX
8
ShapeString
10
6089.599171
20
3830.419542
70
0
0
VERTEX
8
ShapeString
10
6084.750912
20
3836.468193
70
0
0
VERTEX
8
ShapeString
10
6079.719828
20
3842.339185
70
0
0
VERTEX
8
ShapeString
10
6074.511200
20
3848.029251
70
0
0
VERTEX
8
ShapeString
10
6069.130313
20
3853.535127
70
0
0
VERTEX
8
ShapeString
10
6063.582449
20
3858.853546
70
0
0
VERTEX
8
ShapeString
10
6057.872892
20
3863.981244
70
0
0
VERTEX
8
ShapeString
10
6052.006925
20
3868.914954
70
0
0
VERTEX
8
ShapeString
10
6045.989831
20
3873.651412
70
0
0
VERTEX
8
ShapeString
10
6039.826893
20
3878.187352
70
0
0
VERTEX
8
ShapeString
10
6033.523394
20
3882.519508
70
0
0
VERTEX
8
ShapeString
10
6027.084618
20
3886.644615
70
0
0
VERTEX
8
ShapeString
10
6020.515847
20
3890.559407
70
0
0
VERTEX
8
ShapeString
10
6013.822365
20
3894.260619
70
0
0
VERTEX
8
ShapeString
10
6007.009455
20
3897.744986
70
0
0
VERTEX
8
ShapeString
10
6000.082400
20
3901.009241
70
0
0
VERTEX
8
ShapeString
10
5993.046483
20
3904.050120
70
0
0
VERTEX
8
ShapeString
10
5985.906987
20
3906.864356
70
0
0
VERTEX
8
ShapeString
10
5978.669196
20
3909.448685
70
0
0
VERTEX
8
ShapeString
10
5971.338393
20
3911.799841
70
0
0
VERTEX
8
ShapeString
10
5963.919860
20
3913.914559
70
0
0
VERTEX
8
ShapeString
10
5956.418882
20
3915.789572
70
0
0
VERTEX
8
ShapeString
10
5948.840740
20
3917.421616
70
0
0
VERTEX
8
ShapeString
10
5941.190719
20
3918.807424
70
0
0
VERTEX
8
ShapeString
10
5933.474101
20
3919.943733
70
0
0
VERTEX
8
ShapeString
10
5925.696170
20
3920.827275
70
0
0
VERTEX
8
ShapeString
10
5917.862209
20
3921.454786
70
0
0
VERTEX
8
ShapeString
10
5909.977500
20
3921.822999
70
0
0
SEQEND
8
ShapeString
0
POLYLINE
8
ShapeString
62
7
70
0
10
0.000000
20
0.000000
66
1
0
VERTEX
8
ShapeString
10
5909.977500
20
3921.823000
70
0
0
VERTEX
8
ShapeString
10
5868.373810
20
3924.819471
70
0
0
VERTEX
8
ShapeString
10
5826.775305
20
3927.396396
70
0
0
VERTEX
8
ShapeString
10
5785.184973
20
3929.554513
70
0
0
VERTEX
8
ShapeString
10
5743.605802
20
3931.294560
70
0
0
VERTEX
8
ShapeString
10
5702.040781
20
3932.617272
70
0
0
VERTEX
8
ShapeString
10
5660.492899
20
3933.523386
70
0
0
VERTEX
8
ShapeString
10
5618.965144
20
3934.013641
70
0
0
VERTEX
8
ShapeString
10
5577.460504
20
3934.088772
70
0
0
VERTEX
8
ShapeString
10
5535.981967
20
3933.749516
70
0
0
VERTEX
8
ShapeString
10
5494.532523
20
3932.996612
70
0
0
VERTEX
8
ShapeString
10
5453.115159
20
3931.830794
70
0
0
VERTEX
8
ShapeString
10
5411.732865
20
3930.252801
70
0
0
VERTEX
8
ShapeString
10
5370.388627
20
3928.263370
70
0
0
VERTEX
8
ShapeString
10
5329.085436
20
3925.863237
70
0
0
VERTEX
8
ShapeString
10
5287.826279
20
3923.053139
70
0
0
VERTEX
8
ShapeString
10
5246.614145
20
3919.833813
70
0
0
VERTEX
8
ShapeString
10
5205.452022
20
3916.205996
70
0
0
VERTEX
8
ShapeString
10
5164.342898
20
3912.170426
70
0
0
VERTEX
8
ShapeString
10
5123.289763
20
3907.727839
70
0
0
VERTEX
8
ShapeString
10
5082.295604
20
3902.878971
70
0
0
VERTEX
8
ShapeString
10
5041.363410
20
3897.624561
70
0
0
VERTEX
8
ShapeString
10
5000.496170
20
3891.965344
70
0
0
VERTEX
8
ShapeString
10
4959.696871
20
3885.902059
70
0
0
VERTEX
8
ShapeString
10
4918.968503
20
3879.435441
70
0
0
VERTEX
8
ShapeString
10
4878.314053
20
3872.566228
70
0
0
VERTEX
8
ShapeString
10
4837.736510
20
3865.295157
70
0
0
VERTEX
8
ShapeString
10
4797.238863
20
3857.622964
70
0
0
VERTEX
8
ShapeString
10
4756.824100
20
3849.550387
70
0
0
VERTEX
8
ShapeString
10
4716.495209
20
3841.078162
70
0
0
VERTEX
8
ShapeString
10
4676.255179
20
3832.207027
70
0
0
VERTEX
8
ShapeString
10
4636.106998
20
3822.937719
70
0
0
VERTEX
8
ShapeString
10
4596.053656
20
3813.270973
70
0
0
VERTEX
8
ShapeString
10
4556.098139
20
3803.207529
70
0
0
VERTEX
8
ShapeString
10
4516.243437
20
3792.748121
70
0
0
VERTEX
8
ShapeString
10
4476.492538
20
3781.893488
70
0
0
VERTEX
8
ShapeString
10
4436.848430
20
3770.644366
70
0
0
VERTEX
8
ShapeString
10
4397.314102
20
3759.001492
70
0
0
VERTEX
8
ShapeString
10
4357.892543
20
3746.965603
70
0
0
VERTEX
8
ShapeString
10
4318.586740
20
3734.537436
70
0
0
VERTEX
8
ShapeString
10
4279.399683
20
3721.717728
70
0
0
VERTEX
8
ShapeString
10
4240.334359
20
3708.507216
70
0
0
VERTEX
8
ShapeString
10
4201.393757
20
3694.906637
70
0
0
VERTEX
8
ShapeString
10
4162.580866
20
3680.916728
70
0
0
VERTEX
8
ShapeString
10
4123.898674
20
3666.538225
70
0
0
VERTEX
8
ShapeString
10
4085.350169
20
3651.771867
70
0
0
VERTEX
8
ShapeString
10
4046.938340
20
3636.618389
70
0
0
VERTEX
8
ShapeString
10
4008.666176
20
3621.078528
70
0
0
VERTEX
8
ShapeString
10
3970.536663
20
3605.153022
70
0
0
VERTEX
8
ShapeString
10
3932.552793
20
3588.842608
70
0
0
VERTEX
8
ShapeString
10
3894.717551
20
3572.148022
70
0
0
VERTEX
8
ShapeString
10
3857.033928
20
3555.070002
70
0
0
VERTEX
8
ShapeString
10
3819.504911
20
3537.609284
70
0
0
VERTEX
8
ShapeString
10
3782.133489
20
3519.766605
70
0
0
VERTEX
8
ShapeString
10
3744.922650
20
3501.542702
70
0
0
VERTEX
8
ShapeString
10
3707.875383
20
3482.938313
70
0
0
VERTEX
8
ShapeString
10
3670.994676
20
3463.954174
70
0
0
VERTEX
8
ShapeString
10
3634.283518
20
3444.591022
70
0
0
VERTEX
8
ShapeString
10
3597.744897
20
3424.849594
70
0
0
VERTEX
8
ShapeString
10
3561.381801
20
3404.730627
70
0
0
VERTEX
8
ShapeString
10
3525.197219
20
3384.234858
70
0
0
VERTEX
8
ShapeString
10
3489.194140
20
3363.363024
70
0
0
VERTEX
8
ShapeString
10
3453.375551
20
3342.115861
70
0
0
VERTEX
8
ShapeString
10
3417.744442
20
3320.494108
70
0
0
VERTEX
8
ShapeString
10
3382.303800
20
3298.498500
70
0
0
SEQEND
8
ShapeString
0
POLYLINE
8
ShapeString
62
7
70
0
10
0.000000
20
0.000000
66
1
0
VERTEX
8
ShapeString
10
5895.797100
20
3449.594900
70
0
0
VERTEX
8
ShapeString
10
5858.003524
20
3452.531154
70
0
0
VERTEX
8
ShapeString
10
5820.213480
20
3455.075981
70
0
0
VERTEX
8
ShapeString
10
5782.429826
20
3457.230094
70
0
0
VERTEX
8
ShapeString
10
5744.655418
20
3458.994205
70
0
0
VERTEX
8
ShapeString
10
5706.893111
20
3460.369026
70
0
0
VERTEX
8
ShapeString
10
5669.145763
20
3461.355268
70
0
0
VERTEX
8
ShapeString
10
5631.416228
20
3461.953644
70
0
0
VERTEX
8
ShapeString
10
5593.707364
20
3462.164865
70
0
0
VERTEX
8
ShapeString
10
5556.022026
20
3461.989644
70
0
0
VERTEX
8
ShapeString
10
5518.363071
20
3461.428693
70
0
0
VERTEX
8
ShapeString
10
5480.733355
20
3460.482724
70
0
0
VERTEX
8
ShapeString
10
5443.135733
20
3459.152448
70
0
0
VERTEX
8
ShapeString
10
5405.573063
20
3457.438578
70
0
0
VERTEX
8
ShapeString
10
5368.048201
20
3455.341826
70
0
0
VERTEX
8
ShapeString
10
5330.564002
20
3452.862904
70
0
0
VERTEX
8
ShapeString
10
5293.123322
20
3450.002523
70
0
0
VERTEX
8
ShapeString
10
5255.729019
20
3446.761396
70
0
0
VERTEX
8
ShapeString
10
5218.383948
20
3443.140235
70
0
0
VERTEX
8
ShapeString
10
5181.090965
20
3439.139751
70
0
0
VERTEX
8
ShapeString
10
5143.852927
20
3434.760658
70
0
0
VERTEX
8
ShapeString
10
5106.672689
20
3430.003666
70
0
0
VERTEX
8
ShapeString
10
5069.553108
20
3424.869488
70
0
0
VERTEX
8
ShapeString
10
5032.497041
20
3419.358835
70
0
0
VERTEX
8
ShapeString
10
4995.507342
20
3413.472421
70
0
0
VERTEX
8
ShapeString
10
4958.586869
20
3407.210956
70
0
0
VERTEX
8
ShapeString
10
4921.738478
20
3400.575154
70
0
0
VERTEX
8
ShapeString
10
4884.965024
20
3393.565725
70
0
0
VERTEX
8
ShapeString
10
4848.269365
20
3386.183382
70
0
0
VERTEX
8
ShapeString
10
4811.654355
20
3378.428836
70
0
0
VERTEX
8
ShapeString
10
4775.122852
20
3370.302801
70
0
0
VERTEX
8
ShapeString
10
4738.677712
20
3361.805987
70
0
0
VERTEX
8
ShapeString
10
4702.321790
20
3352.939108
70
0
0
VERTEX
8
ShapeString
10
4666.057944
20
3343.702874
70
0
0
VERTEX
8
ShapeString
10
4629.889028
20
3334.097998
70
0
0
VERTEX
8
ShapeString
10
4593.817899
20
3324.125192
70
0
0
VERTEX
8
ShapeString
10
4557.847415
20
3313.785168
70
0
0
VERTEX
8
ShapeString
10
4521.980429
20
3303.078638
70
0
0
VERTEX
8
ShapeString
10
4486.219800
20
3292.006314
70
0
0
VERTEX
8
ShapeString
10
4450.568383
20
3280.568907
70
0
0
VERTEX
8
ShapeString
10
4415.029033
20
3268.767131
70
0
0
VERTEX
8
ShapeString
10
4379.604609
20
3256.601697
70
0
0
VERTEX
8
ShapeString
10
4344.297964
20
3244.073316
70
0
0
VERTEX
8
ShapeString
10
4309.111957
20
3231.182702
70
0
0
VERTEX
8
ShapeString
10
4274.049443
20
3217.930565
70
0
0
VERTEX
8
ShapeString
10
4239.113277
20
3204.317618
70
0
0
VERTEX
8
ShapeString
10
4204.306317
20
3190.344574
70
0
0
VERTEX
8
ShapeString
10
4169.631419
20
3176.012143
70
0
0
VERTEX
8
ShapeString
10
4135.091438
20
3161.321039
70
0
0
VERTEX
8
ShapeString
10
4100.689231
20
3146.271972
70
0
0
VERTEX
8
ShapeString
10
4066.427654
20
3130.865656
70
0
0
VERTEX
8
ShapeString
10
4032.309564
20
3115.102801
70
0
0
VERTEX
8
ShapeString
10
3998.337816
20
3098.984121
70
0
0
VERTEX
8
ShapeString
10
3964.515266
20
3082.510326
70
0
0
VERTEX
8
ShapeString
10
3930.844772
20
3065.682130
70
0
0
VERTEX
8
ShapeString
10
3897.329188
20
3048.500243
70
0
0
VERTEX
8
ShapeString
10
3863.971371
20
3030.965379
70
0
0
VERTEX
8
ShapeString
10
3830.774178
20
3013.078249
70
0
0
VERTEX
8
ShapeString
10
3797.740465
20
2994.839565
70
0
0
VERTEX
8
ShapeString
10
3764.873087
20
2976.250039
70
0
0
VERTEX
8
ShapeString
10
3732.174901
20
2957.310383
70
0
0
VERTEX
8
ShapeString
10
3699.648763
20
2938.021309
70
0
0
VERTEX
8
ShapeString
10
3667.297529
20
2918.383529
70
0
0
VERTEX
8
ShapeString
10
3635.124056
20
2898.397756
70
0
0
VERTEX
8
ShapeString
10
3603.131200
20
2878.064700
70
0
0
SEQEND
8
ShapeString
0
POLYLINE
8
ShapeString
62
7
70
0
10
0.000000
20
0.000000
66
1
0
VERTEX
8
ShapeString
10
3284.470700
20
3192.539200
70
0
0
VERTEX
8
ShapeString
10
3284.370987
20
3194.041106
70
0
0
VERTEX
8
ShapeString
10
3284.078209
20
3195.497641
70
0
0
VERTEX
8
ShapeString
10
3283.601905
20
3196.892280
70
0
0
VERTEX
8
ShapeString
10
3282.951616
20
3198.208500
70
0
0
VERTEX
8
ShapeString
10
3282.136880
20
3199.429777
70
0
0
VERTEX
8
ShapeString
10
3281.167239
20
3200.539588
70
0
0
VERTEX
8
ShapeString
10
3280.052233
20
3201.521409
70
0
0
VERTEX
8
ShapeString
10
3278.801400
20
3202.358716
70
0
0
VERTEX
8
ShapeString
10
3277.450855
20
3203.023315
70
0
0
VERTEX
8
ShapeString
10
3276.043070
20
3203.498029
70
0
0
VERTEX
8
ShapeString
10
3274.597125
20
3203.782857
70
0
0
VERTEX
8
ShapeString
10
3273.132100
20
3203.877800
70
0
0
VERTEX
8
ShapeString
10
3271.667075
20
3203.782857
70
0
0
VERTEX
8
ShapeString
10
3270.221130
20
3203.498029
70
0
0
VERTEX
8
ShapeString
10
3268.813345
20
3203.023315
70
0
0
VERTEX
8
ShapeString
10
3267.462800
20
3202.358716
70
0
0
VERTEX
8
ShapeString
10
3266.211967
20
3201.521409
70
0
0
VERTEX
8
ShapeString
10
3265.096961
20
3200.539588
70
0
0
VERTEX
8
ShapeString
10
3264.127320
20
3199.429777
70
0
0
VERTEX
8
ShapeString
10
3263.312584
20
3198.208500
70
0
0
VERTEX
8
ShapeString
10
3262.662295
20
3196.892280
70
0
0
VERTEX
8
ShapeString
10
3262.185991
20
3195.497641
70
0
0
VERTEX
8
ShapeString
10
3261.893213
20
3194.041106
70
0
0
VERTEX
8
ShapeString
10
3261.793500
20
3192.539200
70
0
0
VERTEX
8
ShapeString
10
3261.893213
20
3191.037294
70
0
0
VERTEX
8
ShapeString
10
3262.185991
20
3189.580759
70
0
0
VERTEX
8
ShapeString
10
3262.662295
20
3188.186120
70
0
0
VERTEX
8
ShapeString
10
3263.312584
20
3186.869900
70
0
0
VERTEX
8
ShapeString
10
3264.127320
20
3185.648623
70
0
0
VERTEX
8
ShapeString
10
3265.096961
20
3184.538812
70
0
0
VERTEX
8
ShapeString
10
3266.211967
20
3183.556991
70
0
0
VERTEX
8
ShapeString
10
3267.462800
20
3182.719684
70
0
0
VERTEX
8
ShapeString
10
3268.813345
20
3182.055085
70
0
0
VERTEX
8
ShapeString
10
3270.221130
20
3181.580371
70
0
0
VERTEX
8
ShapeString
10
3271.667075
20
3181.295543
70
0
0
VERTEX
8
ShapeString
10
3273.132100
20
3181.200600
70
0
0
VERTEX
8
ShapeString
10
3274.597125
20
3181.295543
70
0
0
VERTEX
8
ShapeString
10
3276.043070
20
3181.580371
70
0
0
VERTEX
8
ShapeString
10
3277.450855
20
3182.055085
70
0
0
VERTEX
8
ShapeString
10
3278.801400
20
3182.719684
70
0
0
VERTEX
8
ShapeString
10
3280.052233
20
3183.556991
70
0
0
VERTEX
8
ShapeString
10
3281.167239
20
3184.538812
70
0
0
VERTEX
8
ShapeString
10
3282.136880
20
3185.648623
70
0
0
VERTEX
8
ShapeString
10
3282.951616
20
3186.869900
70
0
0
VERTEX
8
ShapeString
10
3283.601905
20
3188.186120
70
0
0
VERTEX
8
ShapeString
10
3284.078209
20
3189.580759
70
0
0
VERTEX
8
ShapeString
10
3284.370987
20
3191.037294
70
0
0
VERTEX
8
ShapeString
10
3284.470700
20
3192.539200
70
0
0
VERTEX
8
ShapeString
10
3284.470700
20
3192.539200
70
0
0
SEQEND
8
ShapeString
0
POLYLINE
8
ShapeString
62
7
70
0
10
0.000000
20
0.000000
66
1
0
VERTEX
8
ShapeString
10
3533.862000
20
2859.897700
70
0
0
VERTEX
8
ShapeString
10
3533.626873
20
2862.178573
70
0
0
VERTEX
8
ShapeString
10
3532.963098
20
2864.302400
70
0
0
VERTEX
8
ShapeString
10
3531.916114
20
2866.223852
70
0
0
VERTEX
8
ShapeString
10
3530.531361
20
2867.897599
70
0
0
VERTEX
8
ShapeString
10
3528.854279
20
2869.278310
70
0
0
VERTEX
8
ShapeString
10
3526.930306
20
2870.320655
70
0
0
VERTEX
8
ShapeString
10
3524.804883
20
2870.979304
70
0
0
VERTEX
8
ShapeString
10
3522.523450
20
2871.208927
70
0
0
VERTEX
8
ShapeString
10
3520.242017
20
2870.979304
70
0
0
VERTEX
8
ShapeString
10
3518.116594
20
2870.320655
70
0
0
VERTEX
8
ShapeString
10
3516.192621
20
2869.278310
70
0
0
VERTEX
8
ShapeString
10
3514.515539
20
2867.897599
70
0
0
VERTEX
8
ShapeString
10
3513.130786
20
2866.223852
70
0
0
VERTEX
8
ShapeString
10
3512.083802
20
2864.302400
70
0
0
VERTEX
8
ShapeString
10
3511.420027
20
2862.178573
70
0
0
VERTEX
8
ShapeString
10
3511.184900
20
2859.897700
70
0
0
VERTEX
8
ShapeString
10
3511.420027
20
2857.616827
70
0
0
VERTEX
8
ShapeString
10
3512.083802
20
2855.493000
70
0
0
VERTEX
8
ShapeString
10
3513.130786
20
2853.571548
70
0
0
VERTEX
8
ShapeString
10
3514.515539
20
2851.897801
70
0
0
VERTEX
8
ShapeString
10
3516.192621
20
2850.517090
70
0
0
VERTEX
8
ShapeString
10
3518.116594
20
2849.474745
70
0
0
VERTEX
8
ShapeString
10
3520.242017
20
2848.816096
70
0
0
VERTEX
8
ShapeString
10
3522.523450
20
2848.586473
70
0
0
VERTEX
8
ShapeString
10
3524.804883
20
2848.816096
70
0
0
VERTEX
8
ShapeString
10
3526.930306
20
2849.474745
70
0
0
VERTEX
8
ShapeString
10
3528.854279
20
2850.517090
70
0
0
VERTEX
8
ShapeString
10
3530.531361
20
2851.897801
70
0
0
VERTEX
8
ShapeString
10
3531.916114
20
2853.571548
70
0
0
VERTEX
8
ShapeString
10
3532.963098
20
2855.493000
70
0
0
VERTEX
8
ShapeString
10
3533.626873
20
2857.616827
70
0
0
VERTEX
8
ShapeString
10
3533.862000
20
2859.897700
70
0
0
VERTEX
8
ShapeString
10
3533.862000
20
2859.897700
70
0
0
SEQEND
8
ShapeString
0
POLYLINE
8
ShapeString
62
7
70
0
10
0.000000
20
0.000000
66
1
0
VERTEX
8
ShapeString
10
2972.904600
20
2923.557100
70
0
0
VERTEX
8
ShapeString
10
2972.804887
20
2925.059006
70
0
0
VERTEX
8
ShapeString
10
2972.512109
20
2926.515541
70
0
0
VERTEX
8
ShapeString
10
2972.035805
20
2927.910180
70
0
0
VERTEX
8
ShapeString
10
2971.385516
20
2929.226400
70
0
0
VERTEX
8
ShapeString
10
2970.570780
20
2930.447677
70
0
0
VERTEX
8
ShapeString
10
2969.601139
20
2931.557488
70
0
0
VERTEX
8
ShapeString
10
2968.486133
20
2932.539309
70
0
0
VERTEX
8
ShapeString
10
2967.235300
20
2933.376616
70
0
0
VERTEX
8
ShapeString
10
2965.884755
20
2934.041215
70
0
0
VERTEX
8
ShapeString
10
2964.476970
20
2934.515929
70
0
0
VERTEX
8
ShapeString
10
2963.031025
20
2934.800757
70
0
0
VERTEX
8
ShapeString
10
2961.566000
20
2934.895700
70
0
0
VERTEX
8
ShapeString
10
2960.100975
20
2934.800757
70
0
0
VERTEX
8
ShapeString
10
2958.655030
20
2934.515929
70
0
0
VERTEX
8
ShapeString
10
2957.247245
20
2934.041215
70
0
0
VERTEX
8
ShapeString
10
2955.896700
20
2933.376616
70
0
0
VERTEX
8
ShapeString
10
2954.645867
20
2932.539309
70
0
0
VERTEX
8
ShapeString
10
2953.530861
20
2931.557488
70
0
0
VERTEX
8
ShapeString
10
2952.561220
20
2930.447677
70
0
0
VERTEX
8
ShapeString
10
2951.746484
20
2929.226400
70
0
0
VERTEX
8
ShapeString
10
2951.096195
20
2927.910180
70
0
0
VERTEX
8
ShapeString
10
2950.619891
20
2926.515541
70
0
0
VERTEX
8
ShapeString
10
2950.327113
20
2925.059006
70
0
0
VERTEX
8
ShapeString
10
2950.227400
20
2923.557100
70
0
0
VERTEX
8
ShapeString
10
2950.327113
20
2922.055194
70
0
0
VERTEX
8
ShapeString
10
2950.619891
20
2920.598659
70
0
0
VERTEX
8
ShapeString
10
2951.096195
20
2919.204020
70
0
0
VERTEX
8
ShapeString
10
2951.746484
20
2917.887800
70
0
0
VERTEX
8
ShapeString
10
2952.561220
20
2916.666523
70
0
0
VERTEX
8
ShapeString
10
2953.530861
20
2915.556712
70
0
0
VERTEX
8
ShapeString
10
2954.645867
20
2914.574891
70
0
0
VERTEX
8
ShapeString
10
2955.896700
20
2913.737584
70
0
0
VERTEX
8
ShapeString
10
2957.247245
20
2913.072985
70
0
0
VERTEX
8
ShapeString
10
2958.655030
20
2912.598271
70
0
0
VERTEX
8
ShapeString
10
2960.100975
20
2912.313443
70
0
0
VERTEX
8
ShapeString
10
2961.566000
20
2912.218500
70
0
0
VERTEX
8
ShapeString
10
2963.031025
20
2912.313443
70
0
0
VERTEX
8
ShapeString
10
2964.476970
20
2912.598271
70
0
0
VERTEX
8
ShapeString
10
2965.884755
20
2913.072985
70
0
0
VERTEX
8
ShapeString
10
2967.235300
20
2913.737584
70
0
0
VERTEX
8
ShapeString
10
2968.486133
20
2914.574891
70
0
0
VERTEX
8
ShapeString
10
2969.601139
20
2915.556712
70
0
0
VERTEX
8
ShapeString
10
2970.570780
20
2916.666523
70
0
0
VERTEX
8
ShapeString
10
2971.385516
20
2917.887800
70
0
0
VERTEX
8
ShapeString
10
2972.035805
20
2919.204020
70
0
0
VERTEX
8
ShapeString
10
2972.512109
20
2920.598659
70
0
0
VERTEX
8
ShapeString
10
2972.804887
20
2922.055194
70
0
0
VERTEX
8
ShapeString
10
2972.904600
20
2923.557100
70
0
0
VERTEX
8
ShapeString
10
2972.904600
20
2923.557100
70
0
0
SEQEND
8
ShapeString
0
POLYLINE
8
ShapeString
62
7
70
0
10
0.000000
20
0.000000
66
1
0
VERTEX
8
ShapeString
10
2723.347900
20
2674.680200
70
0
0
VERTEX
8
ShapeString
10
2723.112773
20
2676.961073
70
0
0
VERTEX
8
ShapeString
10
2722.448998
20
2679.084900
70
0
0
VERTEX
8
ShapeString
10
2721.402014
20
2681.006352
70
0
0
VERTEX
8
ShapeString
10
2720.017261
20
2682.680099
70
0
0
VERTEX
8
ShapeString
10
2718.340179
20
2684.060810
70
0
0
VERTEX
8
ShapeString
10
2716.416206
20
2685.103155
70
0
0
VERTEX
8
ShapeString
10
2714.290783
20
2685.761804
70
0
0
VERTEX
8
ShapeString
10
2712.009350
20
2685.991427
70
0
0
VERTEX
8
ShapeString
10
2709.727917
20
2685.761804
70
0
0
VERTEX
8
ShapeString
10
2707.602494
20
2685.103155
70
0
0
VERTEX
8
ShapeString
10
2705.678521
20
2684.060810
70
0
0
VERTEX
8
ShapeString
10
2704.001439
20
2682.680099
70
0
0
VERTEX
8
ShapeString
10
2702.616686
20
2681.006352
70
0
0
VERTEX
8
ShapeString
10
2701.569702
20
2679.084900
70
0
0
VERTEX
8
ShapeString
10
2700.905927
20
2676.961073
70
0
0
VERTEX
8
ShapeString
10
2700.670800
20
2674.680200
70
0
0
VERTEX
8
ShapeString
10
2700.905927
20
2672.399327
70
0
0
VERTEX
8
ShapeString
10
2701.569702
20
2670.275500
70
0
0
VERTEX
8
ShapeString
10
2702.616686
20
2668.354048
70
0
0
VERTEX
8
ShapeString
10
2704.001439
20
2666.680301
70
0
0
VERTEX
8
ShapeString
10
2705.678521
20
2665.299590
70
0
0
VERTEX
8
ShapeString
10
2707.602494
20
2664.257245
70
0
0
VERTEX
8
ShapeString
10
2709.727917
20
2663.598596
70
0
0
VERTEX
8
ShapeString
10
2712.009350
20
2663.368973
70
0
0
VERTEX
8
ShapeString
10
2714.290783
20
2663.598596
70
0
0
VERTEX
8
ShapeString
10
2716.416206
20
2664.257245
70
0
0
VERTEX
8
ShapeString
10
2718.340179
20
2665.299590
70
0
0
VERTEX
8
ShapeString
10
2720.017261
20
2666.680301
70
0
0
VERTEX
8
ShapeString
10
2721.402014
20
2668.354048
70
0
0
VERTEX
8
ShapeString
10
2722.448998
20
2670.275500
70
0
0
VERTEX
8
ShapeString
10
2723.112773
20
2672.399327
70
0
0
VERTEX
8
ShapeString
10
2723.347900
20
2674.680200
70
0
0
VERTEX
8
ShapeString
10
2723.347900
20
2674.680200
70
0
0
SEQEND
8
ShapeString
0
POLYLINE
8
ShapeString
62
7
70
0
10
0.000000
20
0.000000
66
1
0
VERTEX
8
ShapeString
10
3024.387500
20
2405.870500
70
0
0
VERTEX
8
ShapeString
10
3024.287787
20
2407.372406
70
0
0
VERTEX
8
ShapeString
10
3023.995009
20
2408.828941
70
0
0
VERTEX
8
ShapeString
10
3023.518705
20
2410.223580
70
0
0
VERTEX
8
ShapeString
10
3022.868416
20
2411.539800
70
0
0
VERTEX
8
ShapeString
10
3022.053680
20
2412.761077
70
0
0
VERTEX
8
ShapeString
10
3021.084039
20
2413.870888
70
0
0
VERTEX
8
ShapeString
10
3019.969033
20
2414.852709
70
0
0
VERTEX
8
ShapeString
10
3018.718200
20
2415.690016
70
0
0
VERTEX
8
ShapeString
10
3017.367655
20
2416.354615
70
0
0
VERTEX
8
ShapeString
10
3015.959870
20
2416.829329
70
0
0
VERTEX
8
ShapeString
10
3014.513925
20
2417.114157
70
0
0
VERTEX
8
ShapeString
10
3013.048900
20
2417.209100
70
0
0
VERTEX
8
ShapeString
10
3011.583875
20
2417.114157
70
0
0
VERTEX
8
ShapeString
10
3010.137930
20
2416.829329
70
0
0
VERTEX
8
ShapeString
10
3008.730145
20
2416.354615
70
0
0
VERTEX
8
ShapeString
10
3007.379600
20
2415.690016
70
0
0
VERTEX
8
ShapeString
10
3006.128767
20
2414.852709
70
0
0
VERTEX
8
ShapeString
10
3005.013761
20
2413.870888
70
0
0
VERTEX
8
ShapeString
10
3004.044120
20
2412.761077
70
0
0
VERTEX
8
ShapeString
10
3003.229384
20
2411.539800
70
0
0
VERTEX
8
ShapeString
10
3002.579095
20
2410.223580
70
0
0
VERTEX
8
ShapeString
10
3002.102791
20
2408.828941
70
0
0
VERTEX
8
ShapeString
10
3001.810013
20
2407.372406
70
0
0
VERTEX
8
ShapeString
10
3001.710300
20
2405.870500
70
0
0
VERTEX
8
ShapeString
10
3001.810013
20
2404.368594
70
0
0
VERTEX
8
ShapeString
10
3002.102791
20
2402.912059
70
0
0
VERTEX
8
ShapeString
10
3002.579095
20
2401.517420
70
0
0
VERTEX
8
ShapeString
10
3003.229384
20
2400.201200
70
0
0
VERTEX
8
ShapeString
10
3004.044120
20
2398.979923
70
0
0
VERTEX
8
ShapeString
10
3005.013761
20
2397.870112
70
0
0
VERTEX
8
ShapeString
10
3006.128767
20
2396.888291
70
0
0
VERTEX
8
ShapeString
10
3007.379600
20
2396.050984
70
0
0
VERTEX
8
ShapeString
10
3008.730145
20
2395.386385
70
0
0
VERTEX
8
ShapeString
10
3010.137930
20
2394.911671
70
0
0
VERTEX
8
ShapeString
10
3011.583875
20
2394.626843
70
0
0
VERTEX
8
ShapeString
10
3013.048900
20
2394.531900
70
0
0
VERTEX
8
ShapeString
10
3014.513925
20
2394.626843
70
0
0
VERTEX
8
ShapeString
10
3015.959870
20
2394.911671
70
0
0
VERTEX
8
ShapeString
10
3017.367655
20
2395.386385
70
0
0
VERTEX
8
ShapeString
10
3018.718200
20
2396.050984
70
0
0
VERTEX
8
ShapeString
10
3019.969033
20
2396.888291
70
0
0
VERTEX
8
ShapeString
10
3021.084039
20
2397.870112
70
0
0
VERTEX
8
ShapeString
10
3022.053680
20
2398.979923
70
0
0
VERTEX
8
ShapeString
10
3022.868416
20
2400.201200
70
0
0
VERTEX
8
ShapeString
10
3023.518705
20
2401.517420
70
0
0
VERTEX
8
ShapeString
10
3023.995009
20
2402.912059
70
0
0
VERTEX
8
ShapeString
10
3024.287787
20
2404.368594
70
0
0
VERTEX
8
ShapeString
10
3024.387500
20
2405.870500
70
0
0
VERTEX
8
ShapeString
10
3024.387500
20
2405.870500
70
0
0
SEQEND
8
ShapeString
0
POLYLINE
8
ShapeString
62
7
70
0
10
0.000000
20
0.000000
66
1
0
VERTEX
8
ShapeString
10
3492.316000
20
3026.218400
70
0
0
VERTEX
8
ShapeString
10
3492.193052
20
3031.080750
70
0
0
VERTEX
8
ShapeString
10
3491.828167
20
3035.879269
70
0
0
VERTEX
8
ShapeString
10
3491.227282
20
3040.608020
70
0
0
VERTEX
8
ShapeString
10
3490.396334
20
3045.261067
70
0
0
VERTEX
8
ShapeString
10
3489.341260
20
3049.832472
70
0
0
VERTEX
8
ShapeString
10
3488.067996
20
3054.316298
70
0
0
VERTEX
8
ShapeString
10
3486.582479
20
3058.706610
70
0
0
VERTEX
8
ShapeString
10
3484.890647
20
3062.997469
70
0
0
VERTEX
8
ShapeString
10
3482.998435
20
3067.182939
70
0
0
VERTEX
8
ShapeString
10
3480.911782
20
3071.257084
70
0
0
VERTEX
8
ShapeString
10
3478.636623
20
3075.213965
70
0
0
VERTEX
8
ShapeString
10
3476.178897
20
3079.047647
70
0
0
VERTEX
8
ShapeString
10
3473.544538
20
3082.752193
70
0
0
VERTEX
8
ShapeString
10
3470.739486
20
3086.321665
70
0
0
VERTEX
8
ShapeString
10
3467.769675
20
3089.750127
70
0
0
VERTEX
8
ShapeString
10
3464.641044
20
3093.031642
70
0
0
VERTEX
8
ShapeString
10
3461.359529
20
3096.160273
70
0
0
VERTEX
8
ShapeString
10
3457.931067
20
3099.130083
70
0
0
VERTEX
8
ShapeString
10
3454.361594
20
3101.935135
70
0
0
VERTEX
8
ShapeString
10
3450.657049
20
3104.569493
70
0
0
VERTEX
8
ShapeString
10
3446.823366
20
3107.027220
70
0
0
VERTEX
8
ShapeString
10
3442.866485
20
3109.302378
70
0
0
VERTEX
8
ShapeString
10
3438.792340
20
3111.389031
70
0
0
VERTEX
8
ShapeString
10
3434.606870
20
3113.281242
70
0
0
VERTEX
8
ShapeString
10
3430.316010
20
3114.973074
70
0
0
VERTEX
8
ShapeString
10
3425.925699
20
3116.458590
70
0
0
VERTEX
8
ShapeString
10
3421.441872
20
3117.731854
70
0
0
VERTEX
8
ShapeString
10
3416.870467
20
3118.786928
70
0
0
VERTEX
8
ShapeString
10
3412.217420
20
3119.617876
70
0
0
VERTEX
8
ShapeString
10
3407.488669
20
3120.218760
70
0
0
VERTEX
8
ShapeString
10
3402.690150
20
3120.583645
70
0
0
VERTEX
8
ShapeString
10
3397.827800
20
3120.706592
70
0
0
VERTEX
8
ShapeString
10
3392.965450
20
3120.583645
70
0
0
VERTEX
8
ShapeString
10
3388.166931
20
3120.218760
70
0
0
VERTEX
8
ShapeString
10
3383.438180
20
3119.617876
70
0
0
VERTEX
8
ShapeString
10
3378.785133
20
3118.786928
70
0
0
VERTEX
8
ShapeString
10
3374.213728
20
3117.731854
70
0
0
VERTEX
8
ShapeString
10
3369.729901
20
3116.458590
70
0
0
VERTEX
8
ShapeString
10
3365.339590
20
3114.973074
70
0
0
VERTEX
8
ShapeString
10
3361.048730
20
3113.281242
70
0
0
VERTEX
8
ShapeString
10
3356.863260
20
3111.389031
70
0
0
VERTEX
8
ShapeString
10
3352.789115
20
3109.302378
70
0
0
VERTEX
8
ShapeString
10
3348.832234
20
3107.027220
70
0
0
VERTEX
8
ShapeString
10
3344.998551
20
3104.569493
70
0
0
VERTEX
8
ShapeString
10
3341.294006
20
3101.935135
70
0
0
VERTEX
8
ShapeString
10
3337.724533
20
3099.130083
70
0
0
VERTEX
8
ShapeString
10
3334.296071
20
3096.160273
70
0
0
VERTEX
8
ShapeString
10
3331.014556
20
3093.031642
70
0
0
VERTEX
8
ShapeString
10
3327.885925
20
3089.750127
70
0
0
VERTEX
8
ShapeString
10
3324.916114
20
3086.321665
70
0
0
VERTEX
8
ShapeString
10
3322.111062
20
3082.752193
70
0
0
VERTEX
8
ShapeString
10
3319.476703
20
3079.047647
70
0
0
VERTEX
8
ShapeString
10
3317.018977
20
3075.213965
70
0
0
VERTEX
8
ShapeString
10
3314.743818
20
3071.257084
70
0
0
VERTEX
8
ShapeString
10
3312.657165
20
3067.182939
70
0
0
VERTEX
8
ShapeString
10
3310.764953
20
3062.997469
70
0
0
VERTEX
8
ShapeString
10
3309.073121
20
3058.706610
70
0
0
VERTEX
8
ShapeString
10
3307.587604
20
3054.316298
70
0
0
VERTEX
8
ShapeString
10
3306.314340
20
3049.832472
70
0
0
VERTEX
8
ShapeString
10
3305.259266
20
3045.261067
70
0
0
VERTEX
8
ShapeString
10
3304.428318
20
3040.608020
70
0
0
VERTEX
8
ShapeString
10
3303.827433
20
3035.879269
70
0
0
VERTEX
8
ShapeString
10
3303.462548
20
3031.080750
70
0
0
VERTEX
8
ShapeString
10
3303.339600
20
3026.218400
70
0
0
VERTEX
8
ShapeString
10
3303.462548
20
3021.356050
70
0
0
VERTEX
8
ShapeString
10
3303.827433
20
3016.557531
70
0
0
VERTEX
8
ShapeString
10
3304.428318
20
3011.828780
70
0
0
VERTEX
8
ShapeString
10
3305.259266
20
3007.175733
70
0
0
VERTEX
8
ShapeString
10
3306.314340
20
3002.604328
70
0
0
VERTEX
8
ShapeString
10
3307.587604
20
2998.120502
70
0
0
VERTEX
8
ShapeString
10
3309.073121
20
2993.730190
70
0
0
VERTEX
8
ShapeString
10
3310.764953
20
2989.439331
70
0
0
VERTEX
8
ShapeString
10
3312.657165
20
2985.253861
70
0
0
VERTEX
8
ShapeString
10
3314.743818
20
2981.179716
70
0
0
VERTEX
8
ShapeString
10
3317.018977
20
2977.222835
70
0
0
VERTEX
8
ShapeString
10
3319.476703
20
2973.389153
70
0
0
VERTEX
8
ShapeString
10
3322.111062
20
2969.684607
70
0
0
VERTEX
8
ShapeString
10
3324.916114
20
2966.115135
70
0
0
VERTEX
8
ShapeString
10
3327.885925
20
2962.686673
70
0
0
VERTEX
8
ShapeString
10
3331.014556
20
2959.405158
70
0
0
VERTEX
8
ShapeString
10
3334.296071
20
2956.276527
70
0
0
VERTEX
8
ShapeString
10
3337.724533
20
2953.306717
70
0
0
VERTEX
8
ShapeString
10
3341.294006
20
2950.501665
70
0
0
VERTEX
8
ShapeString
10
3344.998551
20
2947.867307
70
0
0
VERTEX
8
ShapeString
10
3348.832234
20
2945.409580
70
0
0
VERTEX
8
ShapeString
10
3352.789115
20
2943.134422
70
0
0
VERTEX
8
ShapeString
10
3356.863260
20
2941.047769
70
0
0
VERTEX
8
ShapeString
10
3361.048730
20
2939.155558
70
0
0
VERTEX
8
ShapeString
10
3365.339590
20
2937.463726
70
0
0
VERTEX
8
ShapeString
10
3369.729901
20
2935.978210
70
0
0
VERTEX
8
ShapeString
10
3374.213728
20
2934.704946
70
0
0
VERTEX
8
ShapeString
10
3378.785133
20
2933.649872
70
0
0
VERTEX
8
ShapeString
10
3383.438180
20
2932.818924
70
0
0
VERTEX
8
ShapeString
10
3388.166931
20
2932.218040
70
0
0
VERTEX
8
ShapeString
10
3392.965450
20
2931.853155
70
0
0
VERTEX
8
ShapeString
10
3397.827800
20
2931.730208
70
0
0
VERTEX
8
ShapeString
10
3402.690150
20
2931.853155
70
0
0
VERTEX
8
ShapeString
10
3407.488669
20
2932.218040
70
0
0
VERTEX
8
ShapeString
10
3412.217420
20
2932.818924
70
0
0
VERTEX
8
ShapeString
10
3416.870467
20
2933.649872
70
0
0
VERTEX
8
ShapeString
10
3421.441872
20
2934.704946
70
0
0
VERTEX
8
ShapeString
10
3425.925699
20
2935.978210
70
0
0
VERTEX
8
ShapeString
10
3430.316010
20
2937.463726
70
0
0
VERTEX
8
ShapeString
10
3434.606870
20
2939.155558
70
0
0
VERTEX
8
ShapeString
10
3438.792340
20
2941.047769
70
0
0
VERTEX
8
ShapeString
10
3442.866485
20
2943.134422
70
0
0
VERTEX
8
ShapeString
10
3446.823366
20
2945.409580
70
0
0
VERTEX
8
ShapeString
10
3450.657049
20
2947.867307
70
0
0
VERTEX
8
ShapeString
10
3454.361594
20
2950.501665
70
0
0
VERTEX
8
ShapeString
10
3457.931067
20
2953.306717
70
0
0
VERTEX
8
ShapeString
10
3461.359529
20
2956.276527
70
0
0
VERTEX
8
ShapeString
10
3464.641044
20
2959.405158
70
0
0
VERTEX
8
ShapeString
10
3467.769675
20
2962.686673
70
0
0
VERTEX
8
ShapeString
10
3470.739486
20
2966.115135
70
0
0
VERTEX
8
ShapeString
10
3473.544538
20
2969.684607
70
0
0
VERTEX
8
ShapeString
10
3476.178897
20
2973.389153
70
0
0
VERTEX
8
ShapeString
10
3478.636623
20
2977.222835
70
0
0
VERTEX
8
ShapeString
10
3480.911782
20
2981.179716
70
0
0
VERTEX
8
ShapeString
10
3482.998435
20
2985.253861
70
0
0
VERTEX
8
ShapeString
10
3484.890647
20
2989.439331
70
0
0
VERTEX
8
ShapeString
10
3486.582479
20
2993.730190
70
0
0
VERTEX
8
ShapeString
10
3488.067996
20
2998.120502
70
0
0
VERTEX
8
ShapeString
10
3489.341260
20
3002.604328
70
0
0
VERTEX
8
ShapeString
10
3490.396334
20
3007.175733
70
0
0
VERTEX
8
ShapeString
10
3491.227282
20
3011.828780
70
0
0
VERTEX
8
ShapeString
10
3491.828167
20
3016.557531
70
0
0
VERTEX
8
ShapeString
10
3492.193052
20
3021.356050
70
0
0
VERTEX
8
ShapeString
10
3492.316000
20
3026.218400
70
0
0
VERTEX
8
ShapeString
10
3492.316000
20
3026.218400
70
0
0
SEQEND
8
ShapeString
0
POLYLINE
8
ShapeString
62
7
70
0
10
0.000000
20
0.000000
66
1
0
VERTEX
8
ShapeString
10
3382.303800
20
3298.498500
70
0
0
VERTEX
8
ShapeString
10
3366.337498
20
3288.385924
70
0
0
VERTEX
8
ShapeString
10
3350.457072
20
3278.143176
70
0
0
VERTEX
8
ShapeString
10
3334.663302
20
3267.770819
70
0
0
VERTEX
8
ShapeString
10
3318.956971
20
3257.269420
70
0
0
VERTEX
8
ShapeString
10
3303.338859
20
3246.639544
70
0
0
VERTEX
8
ShapeString
10
3287.809747
20
3235.881756
70
0
0
VERTEX
8
ShapeString
10
3272.370416
20
3224.996621
70
0
0
VERTEX
8
ShapeString
10
3257.021648
20
3213.984706
70
0
0
VERTEX
8
ShapeString
10
3241.764224
20
3202.846574
70
0
0
VERTEX
8
ShapeString
10
3226.598925
20
3191.582792
70
0
0
VERTEX
8
ShapeString
10
3211.526532
20
3180.193925
70
0
0
VERTEX
8
ShapeString
10
3196.547826
20
3168.680538
70
0
0
VERTEX
8
ShapeString
10
3181.663589
20
3157.043197
70
0
0
VERTEX
8
ShapeString
10
3166.874602
20
3145.282467
70
0
0
VERTEX
8
ShapeString
10
3152.181645
20
3133.398913
70
0
0
VERTEX
8
ShapeString
10
3137.585500
20
3121.393100
70
0
0
SEQEND
8
ShapeString
0
POLYLINE
8
ShapeString
62
7
70
0
10
0.000000
20
0.000000
66
1
0
VERTEX
8
ShapeString
10
3603.131200
20
2878.064700
70
0
0
VERTEX
8
ShapeString
10
3587.289124
20
2867.776079
70
0
0
VERTEX
8
ShapeString
10
3571.545255
20
2857.340054
70
0
0
VERTEX
8
ShapeString
10
3555.900615
20
2846.757337
70
0
0
VERTEX
8
ShapeString
10
3540.356225
20
2836.028640
70
0
0
VERTEX
8
ShapeString
10
3524.913107
20
2825.154675
70
0
0
VERTEX
8
ShapeString
10
3509.572282
20
2814.136156
70
0
0
VERTEX
8
ShapeString
10
3494.334773
20
2802.973793
70
0
0
VERTEX
8
ShapeString
10
3479.201600
20
2791.668300
70
0
0
SEQEND
8
ShapeString
0
POLYLINE
8
ShapeString
62
7
70
0
10
0.000000
20
0.000000
66
1
0
VERTEX
8
ShapeString
10
3479.201600
20
2791.668300
70
0
0
VERTEX
8
ShapeString
10
3447.390573
20
2767.363418
70
0
0
VERTEX
8
ShapeString
10
3415.887436
20
2742.677766
70
0
0
VERTEX
8
ShapeString
10
3384.695488
20
2717.614384
70
0
0
VERTEX
8
ShapeString
10
3353.818027
20
2692.176306
70
0
0
VERTEX
8
ShapeString
10
3323.258351
20
2666.366570
70
0
0
VERTEX
8
ShapeString
10
3293.019760
20
2640.188213
70
0
0
VERTEX
8
ShapeString
10
3263.105552
20
2613.644272
70
0
0
VERTEX
8
ShapeString
10
3233.519026
20
2586.737784
70
0
0
VERTEX
8
ShapeString
10
3204.263480
20
2559.471785
70
0
0
VERTEX
8
ShapeString
10
3175.342214
20
2531.849313
70
0
0
VERTEX
8
ShapeString
10
3146.758525
20
2503.873404
70
0
0
VERTEX
8
ShapeString
10
3118.515712
20
2475.547095
70
0
0
VERTEX
8
ShapeString
10
3090.617075
20
2446.873423
70
0
0
VERTEX
8
ShapeString
10
3063.065911
20
2417.855426
70
0
0
VERTEX
8
ShapeString
10
3035.865520
20
2388.496139
70
0
0
VERTEX
8
ShapeString
10
3009.019200
20
2358.798600
70
0
0
SEQEND
8
ShapeString
0
POLYLINE
8
ShapeString
62
7
70
0
10
0.000000
20
0.000000
66
1
0
VERTEX
8
ShapeString
10
2665.692800
20
2665.370800
70
0
0
VERTEX
8
ShapeString
10
3009.022800
20
2358.800800
70
0
0
SEQEND
8
ShapeString
0
POLYLINE
8
ShapeString
62
7
70
0
10
0.000000
20
0.000000
66
1
0
VERTEX
8
ShapeString
10
3137.585500
20
3121.393100
70
0
0
VERTEX
8
ShapeString
10
3106.099495
20
3095.023254
70
0
0
VERTEX
8
ShapeString
10
3074.869891
20
3068.360209
70
0
0
VERTEX
8
ShapeString
10
3043.898679
20
3041.405887
70
0
0
VERTEX
8
ShapeString
10
3013.187849
20
3014.162211
70
0
0
VERTEX
8
ShapeString
10
2982.739390
20
2986.631105
70
0
0
VERTEX
8
ShapeString
10
2952.555293
20
2958.814491
70
0
0
VERTEX
8
ShapeString
10
2922.637548
20
2930.714293
70
0
0
VERTEX
8
ShapeString
10
2892.988144
20
2902.332433
70
0
0
VERTEX
8
ShapeString
10
2863.609072
20
2873.670834
70
0
0
VERTEX
8
ShapeString
10
2834.502321
20
2844.731420
70
0
0
VERTEX
8
ShapeString
10
2805.669881
20
2815.516113
70
0
0
VERTEX
8
ShapeString
10
2777.113742
20
2786.026837
70
0
0
VERTEX
8
ShapeString
10
2748.835895
20
2756.265515
70
0
0
VERTEX
8
ShapeString
10
2720.838329
20
2726.234069
70
0
0
VERTEX
8
ShapeString
10
2693.123034
20
2695.934423
70
0
0
VERTEX
8
ShapeString
10
2665.692000
20
2665.368500
70
0
0
SEQEND
8
ShapeString
0
POLYLINE
8
ShapeString
62
7
70
0
10
0.000000
20
0.000000
66
1
0
VERTEX
8
ShapeString
10
2015.284200
20
1811.497600
70
0
0
VERTEX
8
ShapeString
10
2013.253287
20
1812.564182
70
0
0
VERTEX
8
ShapeString
10
2011.115981
20
1813.186425
70
0
0
VERTEX
8
ShapeString
10
2008.935256
20
1813.377131
70
0
0
VERTEX
8
ShapeString
10
2006.774085
20
1813.149103
70
0
0
VERTEX
8
ShapeString
10
2004.695443
20
1812.515146
70
0
0
VERTEX
8
ShapeString
10
2002.762303
20
1811.488060
70
0
0
VERTEX
8
ShapeString
10
2001.037640
20
1810.080651
70
0
0
VERTEX
8
ShapeString
10
1999.584428
20
1808.305720
70
0
0
VERTEX
8
ShapeString
10
1998.514238
20
1806.276706
70
0
0
VERTEX
8
ShapeString
10
1997.888198
20
1804.140509
70
0
0
VERTEX
8
ShapeString
10
1997.693616
20
1801.960126
70
0
0
VERTEX
8
ShapeString
10
1997.917802
20
1799.798553
70
0
0
VERTEX
8
ShapeString
10
1998.548065
20
1797.718788
70
0
0
VERTEX
8
ShapeString
10
1999.571713
20
1795.783826
70
0
0
VERTEX
8
ShapeString
10
2000.976055
20
1794.056664
70
0
0
VERTEX
8
ShapeString
10
2002.748400
20
1792.600300
70
0
0
VERTEX
8
ShapeString
10
2004.779313
20
1791.533718
70
0
0
VERTEX
8
ShapeString
10
2006.916619
20
1790.911475
70
0
0
VERTEX
8
ShapeString
10
2009.097344
20
1790.720769
70
0
0
VERTEX
8
ShapeString
10
2011.258515
20
1790.948797
70
0
0
VERTEX
8
ShapeString
10
2013.337157
20
1791.582754
70
0
0
VERTEX
8
ShapeString
10
2015.270297
20
1792.609840
70
0
0
VERTEX
8
ShapeString
10
2016.994960
20
1794.017249
70
0
0
VERTEX
8
ShapeString
10
2018.448172
20
1795.792180
70
0
0
VERTEX
8
ShapeString
10
2019.518362
20
1797.821194
70
0
0
VERTEX
8
ShapeString
10
2020.144402
20
1799.957391
70
0
0
VERTEX
8
ShapeString
10
2020.338984
20
1802.137774
70
0
0
VERTEX
8
ShapeString
10
2020.114798
20
1804.299347
70
0
0
VERTEX
8
ShapeString
10
2019.484535
20
1806.379112
70
0
0
VERTEX
8
ShapeString
10
2018.460887
20
1808.314074
70
0
0
VERTEX
8
ShapeString
10
2017.056545
20
1810.041236
70
0
0
VERTEX
8
ShapeString
10
2015.284200
20
1811.497600
70
0
0
VERTEX
8
ShapeString
10
2015.284200
20
1811.497600
70
0
0
SEQEND
8
ShapeString
0
POLYLINE
8
ShapeString
62
7
70
0
10
0.000000
20
0.000000
66
1
0
VERTEX
8
ShapeString
10
2430.342300
20
1835.438700
70
0
0
VERTEX
8
ShapeString
10
2428.311723
20
1836.502926
70
0
0
VERTEX
8
ShapeString
10
2426.175189
20
1837.123271
70
0
0
VERTEX
8
ShapeString
10
2423.995557
20
1837.312543
70
0
0
VERTEX
8
ShapeString
10
2421.835687
20
1837.083553
70
0
0
VERTEX
8
ShapeString
10
2419.758441
20
1836.449111
70
0
0
VERTEX
8
ShapeString
10
2417.826676
20
1835.422025
70
0
0
VERTEX
8
ShapeString
10
2416.103255
20
1834.015104
70
0
0
VERTEX
8
ShapeString
10
2414.651035
20
1832.241160
70
0
0
VERTEX
8
ShapeString
10
2413.581383
20
1830.213436
70
0
0
VERTEX
8
ShapeString
10
2412.955326
20
1828.078568
70
0
0
VERTEX
8
ShapeString
10
2412.760225
20
1825.899451
70
0
0
VERTEX
8
ShapeString
10
2412.983438
20
1823.738977
70
0
0
VERTEX
8
ShapeString
10
2413.612323
20
1821.660041
70
0
0
VERTEX
8
ShapeString
10
2414.634240
20
1819.725536
70
0
0
VERTEX
8
ShapeString
10
2416.036546
20
1817.998358
70
0
0
VERTEX
8
ShapeString
10
2417.806600
20
1816.541400
70
0
0
VERTEX
8
ShapeString
10
2419.837177
20
1815.477174
70
0
0
VERTEX
8
ShapeString
10
2421.973711
20
1814.856829
70
0
0
VERTEX
8
ShapeString
10
2424.153343
20
1814.667557
70
0
0
VERTEX
8
ShapeString
10
2426.313213
20
1814.896547
70
0
0
VERTEX
8
ShapeString
10
2428.390459
20
1815.530989
70
0
0
VERTEX
8
ShapeString
10
2430.322224
20
1816.558075
70
0
0
VERTEX
8
ShapeString
10
2432.045645
20
1817.964996
70
0
0
VERTEX
8
ShapeString
10
2433.497865
20
1819.738940
70
0
0
VERTEX
8
ShapeString
10
2434.567517
20
1821.766664
70
0
0
VERTEX
8
ShapeString
10
2435.193574
20
1823.901532
70
0
0
VERTEX
8
ShapeString
10
2435.388675
20
1826.080649
70
0
0
VERTEX
8
ShapeString
10
2435.165462
20
1828.241123
70
0
0
VERTEX
8
ShapeString
10
2434.536577
20
1830.320059
70
0
0
VERTEX
8
ShapeString
10
2433.514660
20
1832.254564
70
0
0
VERTEX
8
ShapeString
10
2432.112354
20
1833.981742
70
0
0
VERTEX
8
ShapeString
10
2430.342300
20
1835.438700
70
0
0
VERTEX
8
ShapeString
10
2430.342300
20
1835.438700
70
0
0
SEQEND
8
ShapeString
0
POLYLINE
8
ShapeString
62
7
70
0
10
0.000000
20
0.000000
66
1
0
VERTEX
8
ShapeString
10
2234.532800
20
3186.026500
70
0
0
VERTEX
8
ShapeString
10
2232.501787
20
3187.093785
70
0
0
VERTEX
8
ShapeString
10
2230.364251
20
3187.716593
70
0
0
VERTEX
8
ShapeString
10
2228.183200
20
3187.907725
70
0
0
VERTEX
8
ShapeString
10
2226.021641
20
3187.679984
70
0
0
VERTEX
8
ShapeString
10
2223.942583
20
3187.046169
70
0
0
VERTEX
8
ShapeString
10
2222.009035
20
3186.019083
70
0
0
VERTEX
8
ShapeString
10
2220.284003
20
3184.611526
70
0
0
VERTEX
8
ShapeString
10
2218.830497
20
3182.836299
70
0
0
VERTEX
8
ShapeString
10
2217.760149
20
3180.806899
70
0
0
VERTEX
8
ShapeString
10
2217.134116
20
3178.670305
70
0
0
VERTEX
8
ShapeString
10
2216.939692
20
3176.489545
70
0
0
VERTEX
8
ShapeString
10
2217.164172
20
3174.327645
70
0
0
VERTEX
8
ShapeString
10
2217.794849
20
3172.247633
70
0
0
VERTEX
8
ShapeString
10
2218.819016
20
3170.312537
70
0
0
VERTEX
8
ShapeString
10
2220.223969
20
3168.585384
70
0
0
VERTEX
8
ShapeString
10
2221.997000
20
3167.129200
70
0
0
VERTEX
8
ShapeString
10
2224.028013
20
3166.061915
70
0
0
VERTEX
8
ShapeString
10
2226.165549
20
3165.439107
70
0
0
VERTEX
8
ShapeString
10
2228.346600
20
3165.247975
70
0
0
VERTEX
8
ShapeString
10
2230.508159
20
3165.475716
70
0
0
VERTEX
8
ShapeString
10
2232.587217
20
3166.109531
70
0
0
VERTEX
8
ShapeString
10
2234.520765
20
3167.136617
70
0
0
VERTEX
8
ShapeString
10
2236.245797
20
3168.544174
70
0
0
VERTEX
8
ShapeString
10
2237.699303
20
3170.319401
70
0
0
VERTEX
8
ShapeString
10
2238.769651
20
3172.348801
70
0
0
VERTEX
8
ShapeString
10
2239.395684
20
3174.485395
70
0
0
VERTEX
8
ShapeString
10
2239.590108
20
3176.666155
70
0
0
VERTEX
8
ShapeString
10
2239.365628
20
3178.828055
70
0
0
VERTEX
8
ShapeString
10
2238.734951
20
3180.908067
70
0
0
VERTEX
8
ShapeString
10
2237.710784
20
3182.843163
70
0
0
VERTEX
8
ShapeString
10
2236.305831
20
3184.570316
70
0
0
VERTEX
8
ShapeString
10
2234.532800
20
3186.026500
70
0
0
VERTEX
8
ShapeString
10
2234.532800
20
3186.026500
70
0
0
SEQEND
8
ShapeString
0
POLYLINE
8
ShapeString
62
7
70
0
10
0.000000
20
0.000000
66
1
0
VERTEX
8
ShapeString
10
2626.726900
20
3048.076500
70
0
0
VERTEX
8
ShapeString
10
2624.695832
20
3049.144097
70
0
0
VERTEX
8
ShapeString
10
2622.558184
20
3049.767153
70
0
0
VERTEX
8
ShapeString
10
2620.376978
20
3049.958469
70
0
0
VERTEX
8
ShapeString
10
2618.215240
20
3049.730845
70
0
0
VERTEX
8
ShapeString
10
2616.135992
20
3049.097083
70
0
0
VERTEX
8
ShapeString
10
2614.202259
20
3048.069983
70
0
0
VERTEX
8
ShapeString
10
2612.477064
20
3046.662346
70
0
0
VERTEX
8
ShapeString
10
2611.023432
20
3044.886972
70
0
0
VERTEX
8
ShapeString
10
2609.953022
20
3042.857385
70
0
0
VERTEX
8
ShapeString
10
2609.327005
20
3040.720602
70
0
0
VERTEX
8
ShapeString
10
2609.132667
20
3038.539664
70
0
0
VERTEX
8
ShapeString
10
2609.357296
20
3036.377612
70
0
0
VERTEX
8
ShapeString
10
2609.988176
20
3034.297489
70
0
0
VERTEX
8
ShapeString
10
2611.012596
20
3032.362335
70
0
0
VERTEX
8
ShapeString
10
2612.417842
20
3030.635191
70
0
0
VERTEX
8
ShapeString
10
2614.191200
20
3029.179100
70
0
0
VERTEX
8
ShapeString
10
2616.222268
20
3028.111503
70
0
0
VERTEX
8
ShapeString
10
2618.359916
20
3027.488447
70
0
0
VERTEX
8
ShapeString
10
2620.541122
20
3027.297131
70
0
0
VERTEX
8
ShapeString
10
2622.702860
20
3027.524755
70
0
0
VERTEX
8
ShapeString
10
2624.782108
20
3028.158517
70
0
0
VERTEX
8
ShapeString
10
2626.715841
20
3029.185617
70
0
0
VERTEX
8
ShapeString
10
2628.441036
20
3030.593254
70
0
0
VERTEX
8
ShapeString
10
2629.894668
20
3032.368628
70
0
0
VERTEX
8
ShapeString
10
2630.965078
20
3034.398215
70
0
0
VERTEX
8
ShapeString
10
2631.591095
20
3036.534998
70
0
0
VERTEX
8
ShapeString
10
2631.785433
20
3038.715936
70
0
0
VERTEX
8
ShapeString
10
2631.560804
20
3040.877988
70
0
0
VERTEX
8
ShapeString
10
2630.929924
20
3042.958111
70
0
0
VERTEX
8
ShapeString
10
2629.905504
20
3044.893265
70
0
0
VERTEX
8
ShapeString
10
2628.500258
20
3046.620409
70
0
0
VERTEX
8
ShapeString
10
2626.726900
20
3048.076500
70
0
0
VERTEX
8
ShapeString
10
2626.726900
20
3048.076500
70
0
0
SEQEND
8
ShapeString
0
POLYLINE
8
ShapeString
62
7
70
0
10
0.000000
20
0.000000
66
1
0
VERTEX
8
ShapeString
10
3130.062100
20
4470.509100
70
0
0
VERTEX
8
ShapeString
10
3128.031105
20
4471.576185
70
0
0
VERTEX
8
ShapeString
10
3125.893625
20
4472.198829
70
0
0
VERTEX
8
ShapeString
10
3123.712658
20
4472.389837
70
0
0
VERTEX
8
ShapeString
10
3121.551202
20
4472.162008
70
0
0
VERTEX
8
ShapeString
10
3119.472256
20
4471.528145
70
0
0
VERTEX
8
ShapeString
10
3117.538818
20
4470.501051
70
0
0
VERTEX
8
ShapeString
10
3115.813888
20
4469.093526
70
0
0
VERTEX
8
ShapeString
10
3114.360464
20
4467.318373
70
0
0
VERTEX
8
ShapeString
10
3113.290162
20
4465.289073
70
0
0
VERTEX
8
ShapeString
10
3112.664130
20
4463.152582
70
0
0
VERTEX
8
ShapeString
10
3112.469666
20
4460.971920
70
0
0
VERTEX
8
ShapeString
10
3112.694069
20
4458.810105
70
0
0
VERTEX
8
ShapeString
10
3113.324636
20
4456.730157
70
0
0
VERTEX
8
ShapeString
10
3114.348664
20
4454.795095
70
0
0
VERTEX
8
ShapeString
10
3115.753453
20
4453.067936
70
0
0
VERTEX
8
ShapeString
10
3117.526300
20
4451.611700
70
0
0
VERTEX
8
ShapeString
10
3119.557295
20
4450.544615
70
0
0
VERTEX
8
ShapeString
10
3121.694775
20
4449.921971
70
0
0
VERTEX
8
ShapeString
10
3123.875742
20
4449.730963
70
0
0
VERTEX
8
ShapeString
10
3126.037198
20
4449.958792
70
0
0
VERTEX
8
ShapeString
10
3128.116144
20
4450.592655
70
0
0
VERTEX
8
ShapeString
10
3130.049582
20
4451.619749
70
0
0
VERTEX
8
ShapeString
10
3131.774512
20
4453.027274
70
0
0
VERTEX
8
ShapeString
10
3133.227936
20
4454.802427
70
0
0
VERTEX
8
ShapeString
10
3134.298238
20
4456.831727
70
0
0
VERTEX
8
ShapeString
10
3134.924270
20
4458.968218
70
0
0
VERTEX
8
ShapeString
10
3135.118734
20
4461.148880
70
0
0
VERTEX
8
ShapeString
10
3134.894331
20
4463.310695
70
0
0
VERTEX
8
ShapeString
10
3134.263764
20
4465.390643
70
0
0
VERTEX
8
ShapeString
10
3133.239736
20
4467.325705
70
0
0
VERTEX
8
ShapeString
10
3131.834947
20
4469.052864
70
0
0
VERTEX
8
ShapeString
10
3130.062100
20
4470.509100
70
0
0
VERTEX
8
ShapeString
10
3130.062100
20
4470.509100
70
0
0
SEQEND
8
ShapeString
0
POLYLINE
8
ShapeString
62
7
70
0
10
0.000000
20
0.000000
66
1
0
VERTEX
8
ShapeString
10
3217.893500
20
4408.369700
70
0
0
VERTEX
8
ShapeString
10
3215.862685
20
4409.435590
70
0
0
VERTEX
8
ShapeString
10
3213.725606
20
4410.057274
70
0
0
VERTEX
8
ShapeString
10
3211.545201
20
4410.247557
70
0
0
VERTEX
8
ShapeString
10
3209.384413
20
4410.019245
70
0
0
VERTEX
8
ShapeString
10
3207.306182
20
4409.385142
70
0
0
VERTEX
8
ShapeString
10
3205.373449
20
4408.358053
70
0
0
VERTEX
8
ShapeString
10
3203.649153
20
4406.950784
70
0
0
VERTEX
8
ShapeString
10
3202.196237
20
4405.176139
70
0
0
VERTEX
8
ShapeString
10
3201.126210
20
4403.147501
70
0
0
VERTEX
8
ShapeString
10
3200.500172
20
4401.011692
70
0
0
VERTEX
8
ShapeString
10
3200.305446
20
4398.831681
70
0
0
VERTEX
8
ShapeString
10
3200.529354
20
4396.670432
70
0
0
VERTEX
8
ShapeString
10
3201.159220
20
4394.590913
70
0
0
VERTEX
8
ShapeString
10
3202.182368
20
4392.656090
70
0
0
VERTEX
8
ShapeString
10
3203.586120
20
4390.928930
70
0
0
VERTEX
8
ShapeString
10
3205.357800
20
4389.472400
70
0
0
VERTEX
8
ShapeString
10
3207.388615
20
4388.406510
70
0
0
VERTEX
8
ShapeString
10
3209.525694
20
4387.784826
70
0
0
VERTEX
8
ShapeString
10
3211.706099
20
4387.594543
70
0
0
VERTEX
8
ShapeString
10
3213.866887
20
4387.822855
70
0
0
VERTEX
8
ShapeString
10
3215.945118
20
4388.456958
70
0
0
VERTEX
8
ShapeString
10
3217.877851
20
4389.484047
70
0
0
VERTEX
8
ShapeString
10
3219.602147
20
4390.891316
70
0
0
VERTEX
8
ShapeString
10
3221.055063
20
4392.665961
70
0
0
VERTEX
8
ShapeString
10
3222.125090
20
4394.694599
70
0
0
VERTEX
8
ShapeString
10
3222.751128
20
4396.830408
70
0
0
VERTEX
8
ShapeString
10
3222.945854
20
4399.010419
70
0
0
VERTEX
8
ShapeString
10
3222.721946
20
4401.171668
70
0
0
VERTEX
8
ShapeString
10
3222.092080
20
4403.251187
70
0
0
VERTEX
8
ShapeString
10
3221.068932
20
4405.186010
70
0
0
VERTEX
8
ShapeString
10
3219.665180
20
4406.913170
70
0
0
VERTEX
8
ShapeString
10
3217.893500
20
4408.369700
70
0
0
VERTEX
8
ShapeString
10
3217.893500
20
4408.369700
70
0
0
SEQEND
8
ShapeString
0
POLYLINE
8
ShapeString
62
7
70
0
10
0.000000
20
0.000000
66
1
0
VERTEX
8
ShapeString
10
2229.081200
20
1832.916800
70
0
0
VERTEX
8
ShapeString
10
2227.084702
20
1834.096643
70
0
0
VERTEX
8
ShapeString
10
2225.019207
20
1835.051062
70
0
0
VERTEX
8
ShapeString
10
2222.900465
20
1835.783256
70
0
0
VERTEX
8
ShapeString
10
2220.744226
20
1836.296427
70
0
0
VERTEX
8
ShapeString
10
2218.566239
20
1836.593775
70
0
0
VERTEX
8
ShapeString
10
2216.382257
20
1836.678499
70
0
0
VERTEX
8
ShapeString
10
2214.208027
20
1836.553802
70
0
0
VERTEX
8
ShapeString
10
2212.059302
20
1836.222882
70
0
0
VERTEX
8
ShapeString
10
2209.951830
20
1835.688941
70
0
0
VERTEX
8
ShapeString
10
2207.901363
20
1834.955179
70
0
0
VERTEX
8
ShapeString
10
2205.923650
20
1834.024796
70
0
0
VERTEX
8
ShapeString
10
2204.034442
20
1832.900993
70
0
0
VERTEX
8
ShapeString
10
2202.249489
20
1831.586971
70
0
0
VERTEX
8
ShapeString
10
2200.584541
20
1830.085929
70
0
0
VERTEX
8
ShapeString
10
2199.055349
20
1828.401069
70
0
0
VERTEX
8
ShapeString
10
2197.677662
20
1826.535590
70
0
0
VERTEX
8
ShapeString
10
2196.494694
20
1824.540942
70
0
0
VERTEX
8
ShapeString
10
2195.537043
20
1822.476944
70
0
0
VERTEX
8
ShapeString
10
2194.801533
20
1820.359350
70
0
0
VERTEX
8
ShapeString
10
2194.284987
20
1818.203917
70
0
0
VERTEX
8
ShapeString
10
2193.984230
20
1816.026399
70
0
0
VERTEX
8
ShapeString
10
2193.896086
20
1813.842551
70
0
0
VERTEX
8
ShapeString
10
2194.017380
20
1811.668129
70
0
0
VERTEX
8
ShapeString
10
2194.344935
20
1809.518888
70
0
0
VERTEX
8
ShapeString
10
2194.875576
20
1807.410584
70
0
0
VERTEX
8
ShapeString
10
2195.606127
20
1805.358970
70
0
0
VERTEX
8
ShapeString
10
2196.533413
20
1803.379803
70
0
0
VERTEX
8
ShapeString
10
2197.654256
20
1801.488838
70
0
0
VERTEX
8
ShapeString
10
2198.965483
20
1799.701830
70
0
0
VERTEX
8
ShapeString
10
2200.463916
20
1798.034534
70
0
0
VERTEX
8
ShapeString
10
2202.146380
20
1796.502706
70
0
0
VERTEX
8
ShapeString
10
2204.009700
20
1795.122100
70
0
0
VERTEX
8
ShapeString
10
2206.006198
20
1793.942257
70
0
0
VERTEX
8
ShapeString
10
2208.071693
20
1792.987838
70
0
0
VERTEX
8
ShapeString
10
2210.190435
20
1792.255644
70
0
0
VERTEX
8
ShapeString
10
2212.346674
20
1791.742473
70
0
0
VERTEX
8
ShapeString
10
2214.524661
20
1791.445125
70
0
0
VERTEX
8
ShapeString
10
2216.708643
20
1791.360401
70
0
0
VERTEX
8
ShapeString
10
2218.882873
20
1791.485098
70
0
0
VERTEX
8
ShapeString
10
2221.031598
20
1791.816018
70
0
0
VERTEX
8
ShapeString
10
2223.139070
20
1792.349959
70
0
0
VERTEX
8
ShapeString
10
2225.189537
20
1793.083721
70
0
0
VERTEX
8
ShapeString
10
2227.167250
20
1794.014104
70
0
0
VERTEX
8
ShapeString
10
2229.056458
20
1795.137907
70
0
0
VERTEX
8
ShapeString
10
2230.841411
20
1796.451929
70
0
0
VERTEX
8
ShapeString
10
2232.506359
20
1797.952971
70
0
0
VERTEX
8
ShapeString
10
2234.035551
20
1799.637831
70
0
0
VERTEX
8
ShapeString
10
2235.413238
20
1801.503310
70
0
0
VERTEX
8
ShapeString
10
2236.596206
20
1803.497958
70
0
0
VERTEX
8
ShapeString
10
2237.553857
20
1805.561956
70
0
0
VERTEX
8
ShapeString
10
2238.289367
20
1807.679550
70
0
0
VERTEX
8
ShapeString
10
2238.805913
20
1809.834983
70
0
0
VERTEX
8
ShapeString
10
2239.106670
20
1812.012501
70
0
0
VERTEX
8
ShapeString
10
2239.194814
20
1814.196349
70
0
0
VERTEX
8
ShapeString
10
2239.073520
20
1816.370771
70
0
0
VERTEX
8
ShapeString
10
2238.745965
20
1818.520012
70
0
0
VERTEX
8
ShapeString
10
2238.215324
20
1820.628316
70
0
0
VERTEX
8
ShapeString
10
2237.484773
20
1822.679930
70
0
0
VERTEX
8
ShapeString
10
2236.557487
20
1824.659097
70
0
0
VERTEX
8
ShapeString
10
2235.436644
20
1826.550062
70
0
0
VERTEX
8
ShapeString
10
2234.125417
20
1828.337070
70
0
0
VERTEX
8
ShapeString
10
2232.626984
20
1830.004366
70
0
0
VERTEX
8
ShapeString
10
2230.944520
20
1831.536194
70
0
0
VERTEX
8
ShapeString
10
2229.081200
20
1832.916800
70
0
0
VERTEX
8
ShapeString
10
2229.081200
20
1832.916800
70
0
0
SEQEND
8
ShapeString
0
POLYLINE
8
ShapeString
62
7
70
0
10
0.000000
20
0.000000
66
1
0
VERTEX
8
ShapeString
10
2436.897700
20
3126.500200
70
0
0
VERTEX
8
ShapeString
10
2434.900854
20
3127.684054
70
0
0
VERTEX
8
ShapeString
10
2432.834611
20
3128.642113
70
0
0
VERTEX
8
ShapeString
10
2430.714765
20
3129.377575
70
0
0
VERTEX
8
ShapeString
10
2428.557115
20
3129.893636
70
0
0
VERTEX
8
ShapeString
10
2426.377457
20
3130.193496
70
0
0
VERTEX
8
ShapeString
10
2424.191587
20
3130.280352
70
0
0
VERTEX
8
ShapeString
10
2422.015303
20
3130.157402
70
0
0
VERTEX
8
ShapeString
10
2419.864400
20
3129.827844
70
0
0
VERTEX
8
ShapeString
10
2417.754676
20
3129.294876
70
0
0
VERTEX
8
ShapeString
10
2415.701927
20
3128.561695
70
0
0
VERTEX
8
ShapeString
10
2413.721951
20
3127.631500
70
0
0
VERTEX
8
ShapeString
10
2411.830543
20
3126.507489
70
0
0
VERTEX
8
ShapeString
10
2410.043500
20
3125.192859
70
0
0
VERTEX
8
ShapeString
10
2408.376619
20
3123.690808
70
0
0
VERTEX
8
ShapeString
10
2406.845697
20
3122.004534
70
0
0
VERTEX
8
ShapeString
10
2405.466531
20
3120.137236
70
0
0
VERTEX
8
ShapeString
10
2404.282467
20
3118.140515
70
0
0
VERTEX
8
ShapeString
10
2403.324192
20
3116.074371
70
0
0
VERTEX
8
ShapeString
10
2402.588508
20
3113.954603
70
0
0
VERTEX
8
ShapeString
10
2402.072220
20
3111.797007
70
0
0
VERTEX
8
ShapeString
10
2401.772132
20
3109.617380
70
0
0
VERTEX
8
ShapeString
10
2401.685047
20
3107.431520
70
0
0
VERTEX
8
ShapeString
10
2401.807769
20
3105.255222
70
0
0
VERTEX
8
ShapeString
10
2402.137101
20
3103.104285
70
0
0
VERTEX
8
ShapeString
10
2402.669849
20
3100.994505
70
0
0
VERTEX
8
ShapeString
10
2403.402814
20
3098.941680
70
0
0
VERTEX
8
ShapeString
10
2404.332801
20
3096.961605
70
0
0
VERTEX
8
ShapeString
10
2405.456615
20
3095.070079
70
0
0
VERTEX
8
ShapeString
10
2406.771057
20
3093.282899
70
0
0
VERTEX
8
ShapeString
10
2408.272933
20
3091.615861
70
0
0
VERTEX
8
ShapeString
10
2409.959046
20
3090.084762
70
0
0
VERTEX
8
ShapeString
10
2411.826200
20
3088.705400
70
0
0
VERTEX
8
ShapeString
10
2413.823046
20
3087.521546
70
0
0
VERTEX
8
ShapeString
10
2415.889289
20
3086.563487
70
0
0
VERTEX
8
ShapeString
10
2418.009135
20
3085.828025
70
0
0
VERTEX
8
ShapeString
10
2420.166785
20
3085.311964
70
0
0
VERTEX
8
ShapeString
10
2422.346443
20
3085.012104
70
0
0
VERTEX
8
ShapeString
10
2424.532313
20
3084.925248
70
0
0
VERTEX
8
ShapeString
10
2426.708597
20
3085.048198
70
0
0
VERTEX
8
ShapeString
10
2428.859500
20
3085.377756
70
0
0
VERTEX
8
ShapeString
10
2430.969224
20
3085.910724
70
0
0
VERTEX
8
ShapeString
10
2433.021973
20
3086.643905
70
0
0
VERTEX
8
ShapeString
10
2435.001949
20
3087.574100
70
0
0
VERTEX
8
ShapeString
10
2436.893357
20
3088.698111
70
0
0
VERTEX
8
ShapeString
10
2438.680400
20
3090.012741
70
0
0
VERTEX
8
ShapeString
10
2440.347281
20
3091.514792
70
0
0
VERTEX
8
ShapeString
10
2441.878203
20
3093.201066
70
0
0
VERTEX
8
ShapeString
10
2443.257369
20
3095.068364
70
0
0
VERTEX
8
ShapeString
10
2444.441433
20
3097.065085
70
0
0
VERTEX
8
ShapeString
10
2445.399708
20
3099.131229
70
0
0
VERTEX
8
ShapeString
10
2446.135392
20
3101.250997
70
0
0
VERTEX
8
ShapeString
10
2446.651680
20
3103.408593
70
0
0
VERTEX
8
ShapeString
10
2446.951768
20
3105.588220
70
0
0
VERTEX
8
ShapeString
10
2447.038853
20
3107.774080
70
0
0
VERTEX
8
ShapeString
10
2446.916131
20
3109.950378
70
0
0
VERTEX
8
ShapeString
10
2446.586799
20
3112.101315
70
0
0
VERTEX
8
ShapeString
10
2446.054051
20
3114.211095
70
0
0
VERTEX
8
ShapeString
10
2445.321086
20
3116.263920
70
0
0
VERTEX
8
ShapeString
10
2444.391099
20
3118.243995
70
0
0
VERTEX
8
ShapeString
10
2443.267285
20
3120.135521
70
0
0
VERTEX
8
ShapeString
10
2441.952843
20
3121.922701
70
0
0
VERTEX
8
ShapeString
10
2440.450967
20
3123.589739
70
0
0
VERTEX
8
ShapeString
10
2438.764854
20
3125.120838
70
0
0
VERTEX
8
ShapeString
10
2436.897700
20
3126.500200
70
0
0
VERTEX
8
ShapeString
10
2436.897700
20
3126.500200
70
0
0
SEQEND
8
ShapeString
0
POLYLINE
8
ShapeString
62
7
70
0
10
0.000000
20
0.000000
66
1
0
VERTEX
8
ShapeString
10
3064.292200
20
4284.992200
70
0
0
VERTEX
8
ShapeString
10
3062.295476
20
4286.174754
70
0
0
VERTEX
8
ShapeString
10
3060.229483
20
4287.131634
70
0
0
VERTEX
8
ShapeString
10
3058.110003
20
4287.866038
70
0
0
VERTEX
8
ShapeString
10
3055.952818
20
4288.381166
70
0
0
VERTEX
8
ShapeString
10
3053.773710
20
4288.680215
70
0
0
VERTEX
8
ShapeString
10
3051.588459
20
4288.766386
70
0
0
VERTEX
8
ShapeString
10
3049.412847
20
4288.642875
70
0
0
VERTEX
8
ShapeString
10
3047.262656
20
4288.312883
70
0
0
VERTEX
8
ShapeString
10
3045.153667
20
4287.779607
70
0
0
VERTEX
8
ShapeString
10
3043.101662
20
4287.046246
70
0
0
VERTEX
8
ShapeString
10
3041.122423
20
4286.116000
70
0
0
VERTEX
8
ShapeString
10
3039.231731
20
4284.992066
70
0
0
VERTEX
8
ShapeString
10
3037.445367
20
4283.677643
70
0
0
VERTEX
8
ShapeString
10
3035.779113
20
4282.175930
70
0
0
VERTEX
8
ShapeString
10
3034.248750
20
4280.490126
70
0
0
VERTEX
8
ShapeString
10
3032.870061
20
4278.623429
70
0
0
VERTEX
8
ShapeString
10
3031.686349
20
4276.627391
70
0
0
VERTEX
8
ShapeString
10
3030.728270
20
4274.561954
70
0
0
VERTEX
8
ShapeString
10
3029.992636
20
4272.442901
70
0
0
VERTEX
8
ShapeString
10
3029.476257
20
4270.286015
70
0
0
VERTEX
8
ShapeString
10
3029.175943
20
4268.107080
70
0
0
VERTEX
8
ShapeString
10
3029.088505
20
4265.921879
70
0
0
VERTEX
8
ShapeString
10
3029.210753
20
4263.746196
70
0
0
VERTEX
8
ShapeString
10
3029.539498
20
4261.595814
70
0
0
VERTEX
8
ShapeString
10
3030.071550
20
4259.486517
70
0
0
VERTEX
8
ShapeString
10
3030.803720
20
4257.434087
70
0
0
VERTEX
8
ShapeString
10
3031.732819
20
4255.454308
70
0
0
VERTEX
8
ShapeString
10
3032.855655
20
4253.562964
70
0
0
VERTEX
8
ShapeString
10
3034.169042
20
4251.775837
70
0
0
VERTEX
8
ShapeString
10
3035.669787
20
4250.108712
70
0
0
VERTEX
8
ShapeString
10
3037.354703
20
4248.577372
70
0
0
VERTEX
8
ShapeString
10
3039.220600
20
4247.197600
70
0
0
VERTEX
8
ShapeString
10
3041.217324
20
4246.015046
70
0
0
VERTEX
8
ShapeString
10
3043.283317
20
4245.058166
70
0
0
VERTEX
8
ShapeString
10
3045.402797
20
4244.323762
70
0
0
VERTEX
8
ShapeString
10
3047.559982
20
4243.808634
70
0
0
VERTEX
8
ShapeString
10
3049.739090
20
4243.509585
70
0
0
VERTEX
8
ShapeString
10
3051.924341
20
4243.423414
70
0
0
VERTEX
8
ShapeString
10
3054.099953
20
4243.546925
70
0
0
VERTEX
8
ShapeString
10
3056.250144
20
4243.876917
70
0
0
VERTEX
8
ShapeString
10
3058.359133
20
4244.410193
70
0
0
VERTEX
8
ShapeString
10
3060.411138
20
4245.143554
70
0
0
VERTEX
8
ShapeString
10
3062.390377
20
4246.073800
70
0
0
VERTEX
8
ShapeString
10
3064.281069
20
4247.197734
70
0
0
VERTEX
8
ShapeString
10
3066.067433
20
4248.512157
70
0
0
VERTEX
8
ShapeString
10
3067.733687
20
4250.013870
70
0
0
VERTEX
8
ShapeString
10
3069.264050
20
4251.699674
70
0
0
VERTEX
8
ShapeString
10
3070.642739
20
4253.566371
70
0
0
VERTEX
8
ShapeString
10
3071.826451
20
4255.562409
70
0
0
VERTEX
8
ShapeString
10
3072.784530
20
4257.627846
70
0
0
VERTEX
8
ShapeString
10
3073.520164
20
4259.746899
70
0
0
VERTEX
8
ShapeString
10
3074.036543
20
4261.903785
70
0
0
VERTEX
8
ShapeString
10
3074.336857
20
4264.082720
70
0
0
VERTEX
8
ShapeString
10
3074.424295
20
4266.267921
70
0
0
VERTEX
8
ShapeString
10
3074.302047
20
4268.443604
70
0
0
VERTEX
8
ShapeString
10
3073.973302
20
4270.593986
70
0
0
VERTEX
8
ShapeString
10
3073.441250
20
4272.703283
70
0
0
VERTEX
8
ShapeString
10
3072.709080
20
4274.755713
70
0
0
VERTEX
8
ShapeString
10
3071.779981
20
4276.735492
70
0
0
VERTEX
8
ShapeString
10
3070.657145
20
4278.626836
70
0
0
VERTEX
8
ShapeString
10
3069.343758
20
4280.413963
70
0
0
VERTEX
8
ShapeString
10
3067.843013
20
4282.081088
70
0
0
VERTEX
8
ShapeString
10
3066.158097
20
4283.612428
70
0
0
VERTEX
8
ShapeString
10
3064.292200
20
4284.992200
70
0
0
VERTEX
8
ShapeString
10
3064.292200
20
4284.992200
70
0
0
SEQEND
8
ShapeString
0
POLYLINE
8
ShapeString
62
7
70
0
10
0.000000
20
0.000000
66
1
0
VERTEX
8
ShapeString
10
1981.067700
20
1951.597400
70
0
0
VERTEX
8
ShapeString
10
1980.668652
20
1932.702218
70
0
0
VERTEX
8
ShapeString
10
1980.425551
20
1913.806639
70
0
0
VERTEX
8
ShapeString
10
1980.338358
20
1894.911626
70
0
0
VERTEX
8
ShapeString
10
1980.407034
20
1876.018143
70
0
0
VERTEX
8
ShapeString
10
1980.631539
20
1857.127154
70
0
0
VERTEX
8
ShapeString
10
1981.011834
20
1838.239622
70
0
0
VERTEX
8
ShapeString
10
1981.547880
20
1819.356511
70
0
0
VERTEX
8
ShapeString
10
1982.239638
20
1800.478783
70
0
0
VERTEX
8
ShapeString
10
1983.087068
20
1781.607403
70
0
0
VERTEX
8
ShapeString
10
1984.090130
20
1762.743333
70
0
0
VERTEX
8
ShapeString
10
1985.248787
20
1743.887538
70
0
0
VERTEX
8
ShapeString
10
1986.562998
20
1725.040981
70
0
0
VERTEX
8
ShapeString
10
1988.032724
20
1706.204625
70
0
0
VERTEX
8
ShapeString
10
1989.657926
20
1687.379434
70
0
0
VERTEX
8
ShapeString
10
1991.438564
20
1668.566371
70
0
0
VERTEX
8
ShapeString
10
1993.374600
20
1649.766400
70
0
0
SEQEND
8
ShapeString
0
POLYLINE
8
ShapeString
62
7
70
0
10
0.000000
20
0.000000
66
1
0
VERTEX
8
ShapeString
10
1993.374600
20
1649.766400
70
0
0
VERTEX
8
ShapeString
10
1996.466259
20
1621.773064
70
0
0
VERTEX
8
ShapeString
10
1999.739802
20
1593.801314
70
0
0
VERTEX
8
ShapeString
10
2003.195111
20
1565.852035
70
0
0
VERTEX
8
ShapeString
10
2006.832067
20
1537.926113
70
0
0
VERTEX
8
ShapeString
10
2010.650552
20
1510.024433
70
0
0
VERTEX
8
ShapeString
10
2014.650448
20
1482.147880
70
0
0
VERTEX
8
ShapeString
10
2018.831637
20
1454.297341
70
0
0
VERTEX
8
ShapeString
10
2023.194000
20
1426.473700
70
0
0
SEQEND
8
ShapeString
0
POLYLINE
8
ShapeString
62
7
70
0
10
0.000000
20
0.000000
66
1
0
VERTEX
8
ShapeString
10
2023.194000
20
1426.473700
70
0
0
VERTEX
8
ShapeString
10
2483.286400
20
1491.604400
70
0
0
SEQEND
8
ShapeString
0
POLYLINE
8
ShapeString
62
7
70
0
10
0.000000
20
0.000000
66
1
0
VERTEX
8
ShapeString
10
2456.979400
20
1752.171900
70
0
0
VERTEX
8
ShapeString
10
2459.126122
20
1719.495124
70
0
0
VERTEX
8
ShapeString
10
2461.599492
20
1686.843913
70
0
0
VERTEX
8
ShapeString
10
2464.399264
20
1654.220714
70
0
0
VERTEX
8
ShapeString
10
2467.525190
20
1621.627973
70
0
0
VERTEX
8
ShapeString
10
2470.977024
20
1589.068135
70
0
0
VERTEX
8
ShapeString
10
2474.754518
20
1556.543646
70
0
0
VERTEX
8
ShapeString
10
2478.857426
20
1524.056953
70
0
0
VERTEX
8
ShapeString
10
2483.285500
20
1491.610500
70
0
0
SEQEND
8
ShapeString
0
POLYLINE
8
ShapeString
62
7
70
0
10
0.000000
20
0.000000
66
1
0
VERTEX
8
ShapeString
10
2453.490800
20
1903.204000
70
0
0
VERTEX
8
ShapeString
10
2453.307147
20
1884.315033
70
0
0
VERTEX
8
ShapeString
10
2453.300617
20
1865.426420
70
0
0
VERTEX
8
ShapeString
10
2453.471181
20
1846.539406
70
0
0
VERTEX
8
ShapeString
10
2453.818809
20
1827.655236
70
0
0
VERTEX
8
ShapeString
10
2454.343474
20
1808.775155
70
0
0
VERTEX
8
ShapeString
10
2455.045147
20
1789.900409
70
0
0
VERTEX
8
ShapeString
10
2455.923799
20
1771.032242
70
0
0
VERTEX
8
ShapeString
10
2456.979400
20
1752.171900
70
0
0
SEQEND
8
ShapeString
0
POLYLINE
8
ShapeString
62
7
70
0
10
0.000000
20
0.000000
66
1
0
VERTEX
8
ShapeString
10
3244.591400
20
4129.664000
70
0
0
VERTEX
8
ShapeString
10
3221.252570
20
4099.793024
70
0
0
VERTEX
8
ShapeString
10
3198.241877
20
4069.708615
70
0
0
VERTEX
8
ShapeString
10
3175.560305
20
4039.413547
70
0
0
VERTEX
8
ShapeString
10
3153.208841
20
4008.910593
70
0
0
VERTEX
8
ShapeString
10
3131.188469
20
3978.202526
70
0
0
VERTEX
8
ShapeString
10
3109.500176
20
3947.292122
70
0
0
VERTEX
8
ShapeString
10
3088.144947
20
3916.182153
70
0
0
VERTEX
8
ShapeString
10
3067.123768
20
3884.875393
70
0
0
VERTEX
8
ShapeString
10
3046.437623
20
3853.374615
70
0
0
VERTEX
8
ShapeString
10
3026.087499
20
3821.682594
70
0
0
VERTEX
8
ShapeString
10
3006.074382
20
3789.802104
70
0
0
VERTEX
8
ShapeString
10
2986.399256
20
3757.735917
70
0
0
VERTEX
8
ShapeString
10
2967.063107
20
3725.486808
70
0
0
VERTEX
8
ShapeString
10
2948.066921
20
3693.057550
70
0
0
VERTEX
8
ShapeString
10
2929.411684
20
3660.450917
70
0
0
VERTEX
8
ShapeString
10
2911.098380
20
3627.669683
70
0
0
VERTEX
8
ShapeString
10
2893.127996
20
3594.716621
70
0
0
VERTEX
8
ShapeString
10
2875.501517
20
3561.594506
70
0
0
VERTEX
8
ShapeString
10
2858.219928
20
3528.306110
70
0
0
VERTEX
8
ShapeString
10
2841.284216
20
3494.854208
70
0
0
VERTEX
8
ShapeString
10
2824.695365
20
3461.241573
70
0
0
VERTEX
8
ShapeString
10
2808.454361
20
3427.470979
70
0
0
VERTEX
8
ShapeString
10
2792.562190
20
3393.545200
70
0
0
VERTEX
8
ShapeString
10
2777.019838
20
3359.467009
70
0
0
VERTEX
8
ShapeString
10
2761.828289
20
3325.239181
70
0
0
VERTEX
8
ShapeString
10
2746.988529
20
3290.864488
70
0
0
VERTEX
8
ShapeString
10
2732.501545
20
3256.345704
70
0
0
VERTEX
8
ShapeString
10
2718.368321
20
3221.685604
70
0
0
VERTEX
8
ShapeString
10
2704.589843
20
3186.886961
70
0
0
VERTEX
8
ShapeString
10
2691.167096
20
3151.952548
70
0
0
VERTEX
8
ShapeString
10
2678.101067
20
3116.885139
70
0
0
VERTEX
8
ShapeString
10
2665.392740
20
3081.687509
70
0
0
VERTEX
8
ShapeString
10
2653.043101
20
3046.362430
70
0
0
VERTEX
8
ShapeString
10
2641.053137
20
3010.912677
70
0
0
VERTEX
8
ShapeString
10
2629.423831
20
2975.341023
70
0
0
VERTEX
8
ShapeString
10
2618.156170
20
2939.650242
70
0
0
VERTEX
8
ShapeString
10
2607.251140
20
2903.843108
70
0
0
VERTEX
8
ShapeString
10
2596.709726
20
2867.922393
70
0
0
VERTEX
8
ShapeString
10
2586.532913
20
2831.890873
70
0
0
VERTEX
8
ShapeString
10
2576.721687
20
2795.751320
70
0
0
VERTEX
8
ShapeString
10
2567.277034
20
2759.506509
70
0
0
VERTEX
8
ShapeString
10
2558.199939
20
2723.159213
70
0
0
VERTEX
8
ShapeString
10
2549.491388
20
2686.712206
70
0
0
VERTEX
8
ShapeString
10
2541.152365
20
2650.168261
70
0
0
VERTEX
8
ShapeString
10
2533.183858
20
2613.530152
70
0
0
VERTEX
8
ShapeString
10
2525.586851
20
2576.800653
70
0
0
VERTEX
8
ShapeString
10
2518.362329
20
2539.982538
70
0
0
VERTEX
8
ShapeString
10
2511.511280
20
2503.078581
70
0
0
VERTEX
8
ShapeString
10
2505.034687
20
2466.091554
70
0
0
VERTEX
8
ShapeString
10
2498.933536
20
2429.024232
70
0
0
VERTEX
8
ShapeString
10
2493.208814
20
2391.879389
70
0
0
VERTEX
8
ShapeString
10
2487.861505
20
2354.659797
70
0
0
VERTEX
8
ShapeString
10
2482.892596
20
2317.368232
70
0
0
VERTEX
8
ShapeString
10
2478.303071
20
2280.007466
70
0
0
VERTEX
8
ShapeString
10
2474.093916
20
2242.580273
70
0
0
VERTEX
8
ShapeString
10
2470.266117
20
2205.089428
70
0
0
VERTEX
8
ShapeString
10
2466.820660
20
2167.537703
70
0
0
VERTEX
8
ShapeString
10
2463.758529
20
2129.927873
70
0
0
VERTEX
8
ShapeString
10
2461.080711
20
2092.262710
70
0
0
VERTEX
8
ShapeString
10
2458.788190
20
2054.544990
70
0
0
VERTEX
8
ShapeString
10
2456.881954
20
2016.777485
70
0
0
VERTEX
8
ShapeString
10
2455.362986
20
1978.962969
70
0
0
VERTEX
8
ShapeString
10
2454.232273
20
1941.104216
70
0
0
VERTEX
8
ShapeString
10
2453.490800
20
1903.204000
70
0
0
SEQEND
8
ShapeString
0
POLYLINE
8
ShapeString
62
7
70
0
10
0.000000
20
0.000000
66
1
0
VERTEX
8
ShapeString
10
3244.591400
20
4129.664000
70
0
0
VERTEX
8
ShapeString
10
3249.042327
20
4136.182701
70
0
0
VERTEX
8
ShapeString
10
3253.255628
20
4142.816917
70
0
0
VERTEX
8
ShapeString
10
3257.230731
20
4149.560464
70
0
0
VERTEX
8
ShapeString
10
3260.967064
20
4156.407157
70
0
0
VERTEX
8
ShapeString
10
3264.464056
20
4163.350812
70
0
0
VERTEX
8
ShapeString
10
3267.721136
20
4170.385244
70
0
0
VERTEX
8
ShapeString
10
3270.737732
20
4177.504268
70
0
0
VERTEX
8
ShapeString
10
3273.513273
20
4184.701701
70
0
0
VERTEX
8
ShapeString
10
3276.047187
20
4191.971356
70
0
0
VERTEX
8
ShapeString
10
3278.338904
20
4199.307051
70
0
0
VERTEX
8
ShapeString
10
3280.387851
20
4206.702600
70
0
0
VERTEX
8
ShapeString
10
3282.193457
20
4214.151819
70
0
0
VERTEX
8
ShapeString
10
3283.755152
20
4221.648523
70
0
0
VERTEX
8
ShapeString
10
3285.072362
20
4229.186528
70
0
0
VERTEX
8
ShapeString
10
3286.144518
20
4236.759649
70
0
0
VERTEX
8
ShapeString
10
3286.971047
20
4244.361701
70
0
0
VERTEX
8
ShapeString
10
3287.551378
20
4251.986501
70
0
0
VERTEX
8
ShapeString
10
3287.884940
20
4259.627863
70
0
0
VERTEX
8
ShapeString
10
3287.971162
20
4267.279603
70
0
0
VERTEX
8
ShapeString
10
3287.809471
20
4274.935536
70
0
0
VERTEX
8
ShapeString
10
3287.399297
20
4282.589478
70
0
0
VERTEX
8
ShapeString
10
3286.740068
20
4290.235245
70
0
0
VERTEX
8
ShapeString
10
3285.831213
20
4297.866651
70
0
0
VERTEX
8
ShapeString
10
3284.672160
20
4305.477513
70
0
0
VERTEX
8
ShapeString
10
3283.262337
20
4313.061645
70
0
0
VERTEX
8
ShapeString
10
3281.601175
20
4320.612863
70
0
0
VERTEX
8
ShapeString
10
3279.688100
20
4328.124983
70
0
0
VERTEX
8
ShapeString
10
3277.522542
20
4335.591820
70
0
0
VERTEX
8
ShapeString
10
3275.103929
20
4343.007190
70
0
0
VERTEX
8
ShapeString
10
3272.431690
20
4350.364907
70
0
0
VERTEX
8
ShapeString
10
3269.505254
20
4357.658788
70
0
0
VERTEX
8
ShapeString
10
3266.324048
20
4364.882647
70
0
0
VERTEX
8
ShapeString
10
3262.904151
20
4371.996614
70
0
0
VERTEX
8
ShapeString
10
3259.265402
20
4378.962548
70
0
0
VERTEX
8
ShapeString
10
3255.412870
20
4385.776861
70
0
0
VERTEX
8
ShapeString
10
3251.351627
20
4392.435967
70
0
0
VERTEX
8
ShapeString
10
3247.086741
20
4398.936278
70
0
0
VERTEX
8
ShapeString
10
3242.623285
20
4405.274208
70
0
0
VERTEX
8
ShapeString
10
3237.966327
20
4411.446169
70
0
0
VERTEX
8
ShapeString
10
3233.120938
20
4417.448575
70
0
0
VERTEX
8
ShapeString
10
3228.092189
20
4423.277837
70
0
0
VERTEX
8
ShapeString
10
3222.885149
20
4428.930369
70
0
0
VERTEX
8
ShapeString
10
3217.504890
20
4434.402584
70
0
0
VERTEX
8
ShapeString
10
3211.956480
20
4439.690894
70
0
0
VERTEX
8
ShapeString
10
3206.244991
20
4444.791713
70
0
0
VERTEX
8
ShapeString
10
3200.375493
20
4449.701453
70
0
0
VERTEX
8
ShapeString
10
3194.353055
20
4454.416528
70
0
0
VERTEX
8
ShapeString
10
3188.182749
20
4458.933349
70
0
0
VERTEX
8
ShapeString
10
3181.869645
20
4463.248331
70
0
0
VERTEX
8
ShapeString
10
3175.418812
20
4467.357885
70
0
0
VERTEX
8
ShapeString
10
3168.835322
20
4471.258425
70
0
0
VERTEX
8
ShapeString
10
3162.124244
20
4474.946363
70
0
0
VERTEX
8
ShapeString
10
3155.290648
20
4478.418113
70
0
0
VERTEX
8
ShapeString
10
3148.339606
20
4481.670088
70
0
0
VERTEX
8
ShapeString
10
3141.276186
20
4484.698699
70
0
0
VERTEX
8
ShapeString
10
3134.105460
20
4487.500360
70
0
0
VERTEX
8
ShapeString
10
3126.832498
20
4490.071485
70
0
0
VERTEX
8
ShapeString
10
3119.462370
20
4492.408485
70
0
0
VERTEX
8
ShapeString
10
3112.000146
20
4494.507773
70
0
0
VERTEX
8
ShapeString
10
3104.450896
20
4496.365764
70
0
0
VERTEX
8
ShapeString
10
3096.819692
20
4497.978868
70
0
0
VERTEX
8
ShapeString
10
3089.111602
20
4499.343500
70
0
0
VERTEX
8
ShapeString
10
3081.331698
20
4500.456072
70
0
0
VERTEX
8
ShapeString
10
3073.485049
20
4501.312997
70
0
0
VERTEX
8
ShapeString
10
3065.614225
20
4501.908263
70
0
0
VERTEX
8
ShapeString
10
3057.762174
20
4502.239980
70
0
0
VERTEX
8
ShapeString
10
3049.934540
20
4502.310746
70
0
0
VERTEX
8
ShapeString
10
3042.136963
20
4502.123159
70
0
0
VERTEX
8
ShapeString
10
3034.375086
20
4501.679816
70
0
0
VERTEX
8
ShapeString
10
3026.654549
20
4500.983314
70
0
0
VERTEX
8
ShapeString
10
3018.980995
20
4500.036251
70
0
0
VERTEX
8
ShapeString
10
3011.360066
20
4498.841224
70
0
0
VERTEX
8
ShapeString
10
3003.797402
20
4497.400830
70
0
0
VERTEX
8
ShapeString
10
2996.298646
20
4495.717668
70
0
0
VERTEX
8
ShapeString
10
2988.869439
20
4493.794334
70
0
0
VERTEX
8
ShapeString
10
2981.515423
20
4491.633425
70
0
0
VERTEX
8
ShapeString
10
2974.242239
20
4489.237540
70
0
0
VERTEX
8
ShapeString
10
2967.055531
20
4486.609276
70
0
0
VERTEX
8
ShapeString
10
2959.960938
20
4483.751229
70
0
0
VERTEX
8
ShapeString
10
2952.964103
20
4480.665998
70
0
0
VERTEX
8
ShapeString
10
2946.070667
20
4477.356180
70
0
0
VERTEX
8
ShapeString
10
2939.286272
20
4473.824372
70
0
0
VERTEX
8
ShapeString
10
2932.616560
20
4470.073172
70
0
0
VERTEX
8
ShapeString
10
2926.067173
20
4466.105177
70
0
0
VERTEX
8
ShapeString
10
2919.643751
20
4461.922985
70
0
0
VERTEX
8
ShapeString
10
2913.351938
20
4457.529193
70
0
0
VERTEX
8
ShapeString
10
2907.197374
20
4452.926398
70
0
0
VERTEX
8
ShapeString
10
2901.185701
20
4448.117197
70
0
0
VERTEX
8
ShapeString
10
2895.322561
20
4443.104190
70
0
0
VERTEX
8
ShapeString
10
2889.613595
20
4437.889971
70
0
0
VERTEX
8
ShapeString
10
2884.064446
20
4432.477140
70
0
0
VERTEX
8
ShapeString
10
2878.680754
20
4426.868293
70
0
0
VERTEX
8
ShapeString
10
2873.468162
20
4421.066028
70
0
0
VERTEX
8
ShapeString
10
2868.432312
20
4415.072943
70
0
0
VERTEX
8
ShapeString
10
2863.578844
20
4408.891634
70
0
0
VERTEX
8
ShapeString
10
2858.913401
20
4402.524699
70
0
0
SEQEND
8
ShapeString
0
POLYLINE
8
ShapeString
62
7
70
0
10
0.000000
20
0.000000
66
1
0
VERTEX
8
ShapeString
10
2858.913400
20
4402.524700
70
0
0
VERTEX
8
ShapeString
10
2833.418194
20
4369.511971
70
0
0
VERTEX
8
ShapeString
10
2808.275468
20
4336.271641
70
0
0
VERTEX
8
ShapeString
10
2783.486262
20
4302.806609
70
0
0
VERTEX
8
ShapeString
10
2759.051612
20
4269.119771
70
0
0
VERTEX
8
ShapeString
10
2734.972557
20
4235.214025
70
0
0
VERTEX
8
ShapeString
10
2711.250134
20
4201.092269
70
0
0
VERTEX
8
ShapeString
10
2687.885382
20
4166.757402
70
0
0
VERTEX
8
ShapeString
10
2664.879338
20
4132.212319
70
0
0
VERTEX
8
ShapeString
10
2642.233040
20
4097.459920
70
0
0
VERTEX
8
ShapeString
10
2619.947526
20
4062.503102
70
0
0
VERTEX
8
ShapeString
10
2598.023834
20
4027.344763
70
0
0
VERTEX
8
ShapeString
10
2576.463001
20
3991.987800
70
0
0
VERTEX
8
ShapeString
10
2555.266066
20
3956.435110
70
0
0
VERTEX
8
ShapeString
10
2534.434067
20
3920.689593
70
0
0
VERTEX
8
ShapeString
10
2513.968041
20
3884.754145
70
0
0
VERTEX
8
ShapeString
10
2493.869025
20
3848.631664
70
0
0
VERTEX
8
ShapeString
10
2474.138059
20
3812.325047
70
0
0
VERTEX
8
ShapeString
10
2454.776180
20
3775.837194
70
0
0
VERTEX
8
ShapeString
10
2435.784426
20
3739.171000
70
0
0
VERTEX
8
ShapeString
10
2417.163834
20
3702.329365
70
0
0
VERTEX
8
ShapeString
10
2398.915443
20
3665.315185
70
0
0
VERTEX
8
ShapeString
10
2381.040291
20
3628.131358
70
0
0
VERTEX
8
ShapeString
10
2363.539414
20
3590.780782
70
0
0
VERTEX
8
ShapeString
10
2346.413852
20
3553.266355
70
0
0
VERTEX
8
ShapeString
10
2329.664641
20
3515.590974
70
0
0
VERTEX
8
ShapeString
10
2313.292821
20
3477.757538
70
0
0
VERTEX
8
ShapeString
10
2297.299428
20
3439.768943
70
0
0
VERTEX
8
ShapeString
10
2281.685501
20
3401.628088
70
0
0
VERTEX
8
ShapeString
10
2266.452078
20
3363.337870
70
0
0
VERTEX
8
ShapeString
10
2251.600195
20
3324.901187
70
0
0
VERTEX
8
ShapeString
10
2237.130892
20
3286.320936
70
0
0
VERTEX
8
ShapeString
10
2223.045207
20
3247.600016
70
0
0
VERTEX
8
ShapeString
10
2209.344176
20
3208.741324
70
0
0
VERTEX
8
ShapeString
10
2196.028837
20
3169.747757
70
0
0
VERTEX
8
ShapeString
10
2183.100230
20
3130.622214
70
0
0
VERTEX
8
ShapeString
10
2170.559391
20
3091.367592
70
0
0
VERTEX
8
ShapeString
10
2158.407359
20
3051.986789
70
0
0
VERTEX
8
ShapeString
10
2146.645171
20
3012.482702
70
0
0
VERTEX
8
ShapeString
10
2135.273865
20
2972.858229
70
0
0
VERTEX
8
ShapeString
10
2124.294479
20
2933.116269
70
0
0
VERTEX
8
ShapeString
10
2113.708051
20
2893.259717
70
0
0
VERTEX
8
ShapeString
10
2103.515619
20
2853.291474
70
0
0
VERTEX
8
ShapeString
10
2093.718221
20
2813.214435
70
0
0
VERTEX
8
ShapeString
10
2084.316894
20
2773.031499
70
0
0
VERTEX
8
ShapeString
10
2075.312677
20
2732.745563
70
0
0
VERTEX
8
ShapeString
10
2066.706606
20
2692.359525
70
0
0
VERTEX
8
ShapeString
10
2058.499721
20
2651.876284
70
0
0
VERTEX
8
ShapeString
10
2050.693059
20
2611.298735
70
0
0
VERTEX
8
ShapeString
10
2043.287658
20
2570.629778
70
0
0
VERTEX
8
ShapeString
10
2036.284556
20
2529.872310
70
0
0
VERTEX
8
ShapeString
10
2029.684790
20
2489.029228
70
0
0
VERTEX
8
ShapeString
10
2023.489399
20
2448.103431
70
0
0
VERTEX
8
ShapeString
10
2017.699420
20
2407.097815
70
0
0
VERTEX
8
ShapeString
10
2012.315891
20
2366.015280
70
0
0
VERTEX
8
ShapeString
10
2007.339851
20
2324.858721
70
0
0
VERTEX
8
ShapeString
10
2002.772336
20
2283.631038
70
0
0
VERTEX
8
ShapeString
10
1998.614386
20
2242.335128
70
0
0
VERTEX
8
ShapeString
10
1994.867037
20
2200.973888
70
0
0
VERTEX
8
ShapeString
10
1991.531327
20
2159.550216
70
0
0
VERTEX
8
ShapeString
10
1988.608296
20
2118.067010
70
0
0
VERTEX
8
ShapeString
10
1986.098979
20
2076.527168
70
0
0
VERTEX
8
ShapeString
10
1984.004416
20
2034.933587
70
0
0
VERTEX
8
ShapeString
10
1982.325643
20
1993.289165
70
0
0
VERTEX
8
ShapeString
10
1981.063700
20
1951.596800
70
0
0
SEQEND
8
ShapeString
0
POLYLINE
8
ShapeString
62
7
70
0
10
0.000000
20
0.000000
66
1
0
VERTEX
8
ShapeString
10
730.036000
20
1505.453100
70
0
0
VERTEX
8
ShapeString
10
729.782210
20
1506.936761
70
0
0
VERTEX
8
ShapeString
10
729.341051
20
1508.355417
70
0
0
VERTEX
8
ShapeString
10
728.723714
20
1509.693615
70
0
0
VERTEX
8
ShapeString
10
727.941388
20
1510.935900
70
0
0
VERTEX
8
ShapeString
10
727.005263
20
1512.066818
70
0
0
VERTEX
8
ShapeString
10
725.926530
20
1513.070917
70
0
0
VERTEX
8
ShapeString
10
724.716379
20
1513.932741
70
0
0
VERTEX
8
ShapeString
10
723.386000
20
1514.636838
70
0
0
VERTEX
8
ShapeString
10
721.974217
20
1515.158880
70
0
0
VERTEX
8
ShapeString
10
720.525045
20
1515.486153
70
0
0
VERTEX
8
ShapeString
10
719.057463
20
1515.620622
70
0
0
VERTEX
8
ShapeString
10
717.590450
20
1515.564250
70
0
0
VERTEX
8
ShapeString
10
716.142983
20
1515.319001
70
0
0
VERTEX
8
ShapeString
10
714.734042
20
1514.886840
70
0
0
VERTEX
8
ShapeString
10
713.382605
20
1514.269731
70
0
0
VERTEX
8
ShapeString
10
712.107650
20
1513.469638
70
0
0
VERTEX
8
ShapeString
10
710.949657
20
1512.508019
70
0
0
VERTEX
8
ShapeString
10
709.941644
20
1511.416636
70
0
0
VERTEX
8
ShapeString
10
709.091400
20
1510.212907
70
0
0
VERTEX
8
ShapeString
10
708.406712
20
1508.914250
70
0
0
VERTEX
8
ShapeString
10
707.895371
20
1507.538083
70
0
0
VERTEX
8
ShapeString
10
707.565162
20
1506.101824
70
0
0
VERTEX
8
ShapeString
10
707.423876
20
1504.622890
70
0
0
VERTEX
8
ShapeString
10
707.479300
20
1503.118700
70
0
0
VERTEX
8
ShapeString
10
707.733090
20
1501.635039
70
0
0
VERTEX
8
ShapeString
10
708.174249
20
1500.216383
70
0
0
VERTEX
8
ShapeString
10
708.791586
20
1498.878185
70
0
0
VERTEX
8
ShapeString
10
709.573913
20
1497.635900
70
0
0
VERTEX
8
ShapeString
10
710.510037
20
1496.504982
70
0
0
VERTEX
8
ShapeString
10
711.588770
20
1495.500883
70
0
0
VERTEX
8
ShapeString
10
712.798921
20
1494.639059
70
0
0
VERTEX
8
ShapeString
10
714.129300
20
1493.934962
70
0
0
VERTEX
8
ShapeString
10
715.541083
20
1493.412920
70
0
0
VERTEX
8
ShapeString
10
716.990255
20
1493.085647
70
0
0
VERTEX
8
ShapeString
10
718.457837
20
1492.951178
70
0
0
VERTEX
8
ShapeString
10
719.924850
20
1493.007550
70
0
0
VERTEX
8
ShapeString
10
721.372317
20
1493.252799
70
0
0
VERTEX
8
ShapeString
10
722.781258
20
1493.684960
70
0
0
VERTEX
8
ShapeString
10
724.132695
20
1494.302069
70
0
0
VERTEX
8
ShapeString
10
725.407650
20
1495.102162
70
0
0
VERTEX
8
ShapeString
10
726.565643
20
1496.063781
70
0
0
VERTEX
8
ShapeString
10
727.573656
20
1497.155164
70
0
0
VERTEX
8
ShapeString
10
728.423900
20
1498.358893
70
0
0
VERTEX
8
ShapeString
10
729.108588
20
1499.657550
70
0
0
VERTEX
8
ShapeString
10
729.619929
20
1501.033717
70
0
0
VERTEX
8
ShapeString
10
729.950138
20
1502.469976
70
0
0
VERTEX
8
ShapeString
10
730.091424
20
1503.948910
70
0
0
VERTEX
8
ShapeString
10
730.036000
20
1505.453100
70
0
0
VERTEX
8
ShapeString
10
730.036000
20
1505.453100
70
0
0
SEQEND
8
ShapeString
0
POLYLINE
8
ShapeString
62
7
70
0
10
0.000000
20
0.000000
66
1
0
VERTEX
8
ShapeString
10
1259.164900
20
1507.747900
70
0
0
VERTEX
8
ShapeString
10
1258.697735
20
1509.994110
70
0
0
VERTEX
8
ShapeString
10
1257.819771
20
1512.040025
70
0
0
VERTEX
8
ShapeString
10
1256.580935
20
1513.845146
70
0
0
VERTEX
8
ShapeString
10
1255.031156
20
1515.368975
70
0
0
VERTEX
8
ShapeString
10
1253.220362
20
1516.571013
70
0
0
VERTEX
8
ShapeString
10
1251.198482
20
1517.410762
70
0
0
VERTEX
8
ShapeString
10
1249.015444
20
1517.847724
70
0
0
VERTEX
8
ShapeString
10
1246.721177
20
1517.841399
70
0
0
VERTEX
8
ShapeString
10
1244.474238
20
1517.377753
70
0
0
VERTEX
8
ShapeString
10
1242.426950
20
1516.502994
70
0
0
VERTEX
8
ShapeString
10
1240.619891
20
1515.266987
70
0
0
VERTEX
8
ShapeString
10
1239.093636
20
1513.719596
70
0
0
VERTEX
8
ShapeString
10
1237.888763
20
1511.910687
70
0
0
VERTEX
8
ShapeString
10
1237.045849
20
1509.890125
70
0
0
VERTEX
8
ShapeString
10
1236.605468
20
1507.707774
70
0
0
VERTEX
8
ShapeString
10
1236.608200
20
1505.413500
70
0
0
VERTEX
8
ShapeString
10
1237.075365
20
1503.167290
70
0
0
VERTEX
8
ShapeString
10
1237.953329
20
1501.121375
70
0
0
VERTEX
8
ShapeString
10
1239.192165
20
1499.316254
70
0
0
VERTEX
8
ShapeString
10
1240.741944
20
1497.792425
70
0
0
VERTEX
8
ShapeString
10
1242.552738
20
1496.590387
70
0
0
VERTEX
8
ShapeString
10
1244.574618
20
1495.750638
70
0
0
VERTEX
8
ShapeString
10
1246.757656
20
1495.313676
70
0
0
VERTEX
8
ShapeString
10
1249.051923
20
1495.320001
70
0
0
VERTEX
8
ShapeString
10
1251.298862
20
1495.783647
70
0
0
VERTEX
8
ShapeString
10
1253.346150
20
1496.658406
70
0
0
VERTEX
8
ShapeString
10
1255.153209
20
1497.894413
70
0
0
VERTEX
8
ShapeString
10
1256.679464
20
1499.441804
70
0
0
VERTEX
8
ShapeString
10
1257.884337
20
1501.250713
70
0
0
VERTEX
8
ShapeString
10
1258.727251
20
1503.271275
70
0
0
VERTEX
8
ShapeString
10
1259.167632
20
1505.453626
70
0
0
VERTEX
8
ShapeString
10
1259.164900
20
1507.747900
70
0
0
VERTEX
8
ShapeString
10
1259.164900
20
1507.747900
70
0
0
SEQEND
8
ShapeString
0
POLYLINE
8
ShapeString
62
7
70
0
10
0.000000
20
0.000000
66
1
0
VERTEX
8
ShapeString
10
1484.535700
20
3295.818200
70
0
0
VERTEX
8
ShapeString
10
1484.071019
20
3298.067136
70
0
0
VERTEX
8
ShapeString
10
1483.194558
20
3300.115845
70
0
0
VERTEX
8
ShapeString
10
1481.956351
20
3301.923687
70
0
0
VERTEX
8
ShapeString
10
1480.406432
20
3303.450020
70
0
0
VERTEX
8
ShapeString
10
1478.594835
20
3304.654201
70
0
0
VERTEX
8
ShapeString
10
1476.571592
20
3305.495591
70
0
0
VERTEX
8
ShapeString
10
1474.386737
20
3305.933546
70
0
0
VERTEX
8
ShapeString
10
1472.090304
20
3305.927426
70
0
0
VERTEX
8
ShapeString
10
1469.841287
20
3305.463138
70
0
0
VERTEX
8
ShapeString
10
1467.792424
20
3304.587036
70
0
0
VERTEX
8
ShapeString
10
1465.984366
20
3303.349146
70
0
0
VERTEX
8
ShapeString
10
1464.457762
20
3301.799494
70
0
0
VERTEX
8
ShapeString
10
1463.253263
20
3299.988107
70
0
0
VERTEX
8
ShapeString
10
1462.411520
20
3297.965012
70
0
0
VERTEX
8
ShapeString
10
1461.973182
20
3295.780234
70
0
0
VERTEX
8
ShapeString
10
1461.978900
20
3293.483800
70
0
0
VERTEX
8
ShapeString
10
1462.443581
20
3291.234864
70
0
0
VERTEX
8
ShapeString
10
1463.320042
20
3289.186155
70
0
0
VERTEX
8
ShapeString
10
1464.558249
20
3287.378313
70
0
0
VERTEX
8
ShapeString
10
1466.108168
20
3285.851980
70
0
0
VERTEX
8
ShapeString
10
1467.919765
20
3284.647799
70
0
0
VERTEX
8
ShapeString
10
1469.943008
20
3283.806409
70
0
0
VERTEX
8
ShapeString
10
1472.127863
20
3283.368454
70
0
0
VERTEX
8
ShapeString
10
1474.424296
20
3283.374574
70
0
0
VERTEX
8
ShapeString
10
1476.673313
20
3283.838862
70
0
0
VERTEX
8
ShapeString
10
1478.722176
20
3284.714964
70
0
0
VERTEX
8
ShapeString
10
1480.530234
20
3285.952854
70
0
0
VERTEX
8
ShapeString
10
1482.056838
20
3287.502506
70
0
0
VERTEX
8
ShapeString
10
1483.261337
20
3289.313893
70
0
0
VERTEX
8
ShapeString
10
1484.103080
20
3291.336988
70
0
0
VERTEX
8
ShapeString
10
1484.541418
20
3293.521766
70
0
0
VERTEX
8
ShapeString
10
1484.535700
20
3295.818200
70
0
0
VERTEX
8
ShapeString
10
1484.535700
20
3295.818200
70
0
0
SEQEND
8
ShapeString
0
POLYLINE
8
ShapeString
62
7
70
0
10
0.000000
20
0.000000
66
1
0
VERTEX
8
ShapeString
10
1096.405300
20
3444.819100
70
0
0
VERTEX
8
ShapeString
10
1095.935708
20
3447.062641
70
0
0
VERTEX
8
ShapeString
10
1095.056274
20
3449.105821
70
0
0
VERTEX
8
ShapeString
10
1093.816823
20
3450.908281
70
0
0
VERTEX
8
ShapeString
10
1092.267181
20
3452.429661
70
0
0
VERTEX
8
ShapeString
10
1090.457173
20
3453.629603
70
0
0
VERTEX
8
ShapeString
10
1088.436626
20
3454.467748
70
0
0
VERTEX
8
ShapeString
10
1086.255364
20
3454.903738
70
0
0
VERTEX
8
ShapeString
10
1083.963214
20
3454.897212
70
0
0
VERTEX
8
ShapeString
10
1081.718307
20
3454.434194
70
0
0
VERTEX
8
ShapeString
10
1079.672560
20
3453.560748
70
0
0
VERTEX
8
ShapeString
10
1077.866477
20
3452.326582
70
0
0
VERTEX
8
ShapeString
10
1076.340564
20
3450.781403
70
0
0
VERTEX
8
ShapeString
10
1075.135326
20
3448.974918
70
0
0
VERTEX
8
ShapeString
10
1074.291266
20
3446.956835
70
0
0
VERTEX
8
ShapeString
10
1073.848889
20
3444.776859
70
0
0
VERTEX
8
ShapeString
10
1073.848700
20
3442.484700
70
0
0
VERTEX
8
ShapeString
10
1074.318292
20
3440.241159
70
0
0
VERTEX
8
ShapeString
10
1075.197726
20
3438.197979
70
0
0
VERTEX
8
ShapeString
10
1076.437177
20
3436.395519
70
0
0
VERTEX
8
ShapeString
10
1077.986819
20
3434.874139
70
0
0
VERTEX
8
ShapeString
10
1079.796827
20
3433.674197
70
0
0
VERTEX
8
ShapeString
10
1081.817374
20
3432.836052
70
0
0
VERTEX
8
ShapeString
10
1083.998636
20
3432.400062
70
0
0
VERTEX
8
ShapeString
10
1086.290786
20
3432.406588
70
0
0
VERTEX
8
ShapeString
10
1088.535693
20
3432.869606
70
0
0
VERTEX
8
ShapeString
10
1090.581440
20
3433.743052
70
0
0
VERTEX
8
ShapeString
10
1092.387523
20
3434.977218
70
0
0
VERTEX
8
ShapeString
10
1093.913436
20
3436.522397
70
0
0
VERTEX
8
ShapeString
10
1095.118674
20
3438.328882
70
0
0
VERTEX
8
ShapeString
10
1095.962734
20
3440.346965
70
0
0
VERTEX
8
ShapeString
10
1096.405111
20
3442.526941
70
0
0
VERTEX
8
ShapeString
10
1096.405300
20
3444.819100
70
0
0
VERTEX
8
ShapeString
10
1096.405300
20
3444.819100
70
0
0
SEQEND
8
ShapeString
0
POLYLINE
8
ShapeString
62
7
70
0
10
0.000000
20
0.000000
66
1
0
VERTEX
8
ShapeString
10
2069.034800
20
4221.759300
70
0
0
VERTEX
8
ShapeString
10
2068.565316
20
4224.002960
70
0
0
VERTEX
8
ShapeString
10
2067.685948
20
4226.046262
70
0
0
VERTEX
8
ShapeString
10
2066.446524
20
4227.848839
70
0
0
VERTEX
8
ShapeString
10
2064.896876
20
4229.370329
70
0
0
VERTEX
8
ShapeString
10
2063.086834
20
4230.570364
70
0
0
VERTEX
8
ShapeString
10
2061.066228
20
4231.408580
70
0
0
VERTEX
8
ShapeString
10
2058.884887
20
4231.844613
70
0
0
VERTEX
8
ShapeString
10
2056.592643
20
4231.838097
70
0
0
VERTEX
8
ShapeString
10
2054.347646
20
4231.375050
70
0
0
VERTEX
8
ShapeString
10
2052.301830
20
4230.501546
70
0
0
VERTEX
8
ShapeString
10
2050.495705
20
4229.267298
70
0
0
VERTEX
8
ShapeString
10
2048.969777
20
4227.722021
70
0
0
VERTEX
8
ShapeString
10
2047.764555
20
4225.915428
70
0
0
VERTEX
8
ShapeString
10
2046.920546
20
4223.897234
70
0
0
VERTEX
8
ShapeString
10
2046.478259
20
4221.717153
70
0
0
VERTEX
8
ShapeString
10
2046.478200
20
4219.424900
70
0
0
VERTEX
8
ShapeString
10
2046.947684
20
4217.181240
70
0
0
VERTEX
8
ShapeString
10
2047.827052
20
4215.137938
70
0
0
VERTEX
8
ShapeString
10
2049.066476
20
4213.335361
70
0
0
VERTEX
8
ShapeString
10
2050.616124
20
4211.813871
70
0
0
VERTEX
8
ShapeString
10
2052.426166
20
4210.613836
70
0
0
VERTEX
8
ShapeString
10
2054.446772
20
4209.775620
70
0
0
VERTEX
8
ShapeString
10
2056.628113
20
4209.339587
70
0
0
VERTEX
8
ShapeString
10
2058.920357
20
4209.346103
70
0
0
VERTEX
8
ShapeString
10
2061.165354
20
4209.809150
70
0
0
VERTEX
8
ShapeString
10
2063.211170
20
4210.682654
70
0
0
VERTEX
8
ShapeString
10
2065.017295
20
4211.916902
70
0
0
VERTEX
8
ShapeString
10
2066.543223
20
4213.462179
70
0
0
VERTEX
8
ShapeString
10
2067.748445
20
4215.268772
70
0
0
VERTEX
8
ShapeString
10
2068.592454
20
4217.286966
70
0
0
VERTEX
8
ShapeString
10
2069.034741
20
4219.467047
70
0
0
VERTEX
8
ShapeString
10
2069.034800
20
4221.759300
70
0
0
VERTEX
8
ShapeString
10
2069.034800
20
4221.759300
70
0
0
SEQEND
8
ShapeString
0
POLYLINE
8
ShapeString
62
7
70
0
10
0.000000
20
0.000000
66
1
0
VERTEX
8
ShapeString
10
1875.906600
20
3984.704200
70
0
0
VERTEX
8
ShapeString
10
1875.441919
20
3986.953136
70
0
0
VERTEX
8
ShapeString
10
1874.565458
20
3989.001845
70
0
0
VERTEX
8
ShapeString
10
1873.327251
20
3990.809687
70
0
0
VERTEX
8
ShapeString
10
1871.777332
20
3992.336020
70
0
0
VERTEX
8
ShapeString
10
1869.965735
20
3993.540201
70
0
0
VERTEX
8
ShapeString
10
1867.942492
20
3994.381591
70
0
0
VERTEX
8
ShapeString
10
1865.757637
20
3994.819546
70
0
0
VERTEX
8
ShapeString
10
1863.461204
20
3994.813426
70
0
0
VERTEX
8
ShapeString
10
1861.212187
20
3994.349138
70
0
0
VERTEX
8
ShapeString
10
1859.163324
20
3993.473036
70
0
0
VERTEX
8
ShapeString
10
1857.355266
20
3992.235146
70
0
0
VERTEX
8
ShapeString
10
1855.828662
20
3990.685494
70
0
0
VERTEX
8
ShapeString
10
1854.624163
20
3988.874107
70
0
0
VERTEX
8
ShapeString
10
1853.782420
20
3986.851012
70
0
0
VERTEX
8
ShapeString
10
1853.344082
20
3984.666234
70
0
0
VERTEX
8
ShapeString
10
1853.349800
20
3982.369800
70
0
0
VERTEX
8
ShapeString
10
1853.814481
20
3980.120864
70
0
0
VERTEX
8
ShapeString
10
1854.690942
20
3978.072155
70
0
0
VERTEX
8
ShapeString
10
1855.929149
20
3976.264313
70
0
0
VERTEX
8
ShapeString
10
1857.479068
20
3974.737980
70
0
0
VERTEX
8
ShapeString
10
1859.290665
20
3973.533799
70
0
0
VERTEX
8
ShapeString
10
1861.313908
20
3972.692409
70
0
0
VERTEX
8
ShapeString
10
1863.498763
20
3972.254454
70
0
0
VERTEX
8
ShapeString
10
1865.795196
20
3972.260574
70
0
0
VERTEX
8
ShapeString
10
1868.044213
20
3972.724862
70
0
0
VERTEX
8
ShapeString
10
1870.093076
20
3973.600964
70
0
0
VERTEX
8
ShapeString
10
1871.901134
20
3974.838854
70
0
0
VERTEX
8
ShapeString
10
1873.427738
20
3976.388506
70
0
0
VERTEX
8
ShapeString
10
1874.632237
20
3978.199893
70
0
0
VERTEX
8
ShapeString
10
1875.473980
20
3980.222988
70
0
0
VERTEX
8
ShapeString
10
1875.912318
20
3982.407766
70
0
0
VERTEX
8
ShapeString
10
1875.906600
20
3984.704200
70
0
0
VERTEX
8
ShapeString
10
1875.906600
20
3984.704200
70
0
0
SEQEND
8
ShapeString
0
POLYLINE
8
ShapeString
62
7
70
0
10
0.000000
20
0.000000
66
1
0
VERTEX
8
ShapeString
10
1548.794900
20
4221.096800
70
0
0
VERTEX
8
ShapeString
10
1548.327735
20
4223.343010
70
0
0
VERTEX
8
ShapeString
10
1547.449771
20
4225.388925
70
0
0
VERTEX
8
ShapeString
10
1546.210935
20
4227.194046
70
0
0
VERTEX
8
ShapeString
10
1544.661156
20
4228.717875
70
0
0
VERTEX
8
ShapeString
10
1542.850362
20
4229.919913
70
0
0
VERTEX
8
ShapeString
10
1540.828482
20
4230.759662
70
0
0
VERTEX
8
ShapeString
10
1538.645444
20
4231.196624
70
0
0
VERTEX
8
ShapeString
10
1536.351177
20
4231.190299
70
0
0
VERTEX
8
ShapeString
10
1534.104238
20
4230.726653
70
0
0
VERTEX
8
ShapeString
10
1532.056950
20
4229.851894
70
0
0
VERTEX
8
ShapeString
10
1530.249891
20
4228.615887
70
0
0
VERTEX
8
ShapeString
10
1528.723636
20
4227.068496
70
0
0
VERTEX
8
ShapeString
10
1527.518763
20
4225.259587
70
0
0
VERTEX
8
ShapeString
10
1526.675849
20
4223.239025
70
0
0
VERTEX
8
ShapeString
10
1526.235468
20
4221.056674
70
0
0
VERTEX
8
ShapeString
10
1526.238200
20
4218.762400
70
0
0
VERTEX
8
ShapeString
10
1526.705365
20
4216.516190
70
0
0
VERTEX
8
ShapeString
10
1527.583329
20
4214.470275
70
0
0
VERTEX
8
ShapeString
10
1528.822165
20
4212.665154
70
0
0
VERTEX
8
ShapeString
10
1530.371944
20
4211.141325
70
0
0
VERTEX
8
ShapeString
10
1532.182738
20
4209.939287
70
0
0
VERTEX
8
ShapeString
10
1534.204618
20
4209.099538
70
0
0
VERTEX
8
ShapeString
10
1536.387656
20
4208.662576
70
0
0
VERTEX
8
ShapeString
10
1538.681923
20
4208.668901
70
0
0
VERTEX
8
ShapeString
10
1540.928862
20
4209.132547
70
0
0
VERTEX
8
ShapeString
10
1542.976150
20
4210.007306
70
0
0
VERTEX
8
ShapeString
10
1544.783209
20
4211.243313
70
0
0
VERTEX
8
ShapeString
10
1546.309464
20
4212.790704
70
0
0
VERTEX
8
ShapeString
10
1547.514337
20
4214.599613
70
0
0
VERTEX
8
ShapeString
10
1548.357251
20
4216.620175
70
0
0
VERTEX
8
ShapeString
10
1548.797632
20
4218.802526
70
0
0
VERTEX
8
ShapeString
10
1548.794900
20
4221.096800
70
0
0
VERTEX
8
ShapeString
10
1548.794900
20
4221.096800
70
0
0
SEQEND
8
ShapeString
0
POLYLINE
8
ShapeString
62
7
70
0
10
0.000000
20
0.000000
66
1
0
VERTEX
8
ShapeString
10
1771.406500
20
4494.341100
70
0
0
VERTEX
8
ShapeString
10
1770.939335
20
4496.587310
70
0
0
VERTEX
8
ShapeString
10
1770.061371
20
4498.633225
70
0
0
VERTEX
8
ShapeString
10
1768.822535
20
4500.438346
70
0
0
VERTEX
8
ShapeString
10
1767.272756
20
4501.962175
70
0
0
VERTEX
8
ShapeString
10
1765.461962
20
4503.164213
70
0
0
VERTEX
8
ShapeString
10
1763.440082
20
4504.003962
70
0
0
VERTEX
8
ShapeString
10
1761.257044
20
4504.440924
70
0
0
VERTEX
8
ShapeString
10
1758.962777
20
4504.434599
70
0
0
VERTEX
8
ShapeString
10
1756.715838
20
4503.970953
70
0
0
VERTEX
8
ShapeString
10
1754.668550
20
4503.096194
70
0
0
VERTEX
8
ShapeString
10
1752.861491
20
4501.860187
70
0
0
VERTEX
8
ShapeString
10
1751.335236
20
4500.312796
70
0
0
VERTEX
8
ShapeString
10
1750.130363
20
4498.503887
70
0
0
VERTEX
8
ShapeString
10
1749.287449
20
4496.483325
70
0
0
VERTEX
8
ShapeString
10
1748.847068
20
4494.300974
70
0
0
VERTEX
8
ShapeString
10
1748.849800
20
4492.006700
70
0
0
VERTEX
8
ShapeString
10
1749.316965
20
4489.760490
70
0
0
VERTEX
8
ShapeString
10
1750.194929
20
4487.714575
70
0
0
VERTEX
8
ShapeString
10
1751.433765
20
4485.909454
70
0
0
VERTEX
8
ShapeString
10
1752.983544
20
4484.385625
70
0
0
VERTEX
8
ShapeString
10
1754.794338
20
4483.183587
70
0
0
VERTEX
8
ShapeString
10
1756.816218
20
4482.343838
70
0
0
VERTEX
8
ShapeString
10
1758.999256
20
4481.906876
70
0
0
VERTEX
8
ShapeString
10
1761.293523
20
4481.913201
70
0
0
VERTEX
8
ShapeString
10
1763.540462
20
4482.376847
70
0
0
VERTEX
8
ShapeString
10
1765.587750
20
4483.251606
70
0
0
VERTEX
8
ShapeString
10
1767.394809
20
4484.487613
70
0
0
VERTEX
8
ShapeString
10
1768.921064
20
4486.035004
70
0
0
VERTEX
8
ShapeString
10
1770.125937
20
4487.843913
70
0
0
VERTEX
8
ShapeString
10
1770.968851
20
4489.864475
70
0
0
VERTEX
8
ShapeString
10
1771.409232
20
4492.046826
70
0
0
VERTEX
8
ShapeString
10
1771.406500
20
4494.341100
70
0
0
VERTEX
8
ShapeString
10
1771.406500
20
4494.341100
70
0
0
SEQEND
8
ShapeString
0
POLYLINE
8
ShapeString
62
7
70
0
10
0.000000
20
0.000000
66
1
0
VERTEX
8
ShapeString
10
1005.878800
20
1507.767700
70
0
0
VERTEX
8
ShapeString
10
1005.371220
20
1510.735022
70
0
0
VERTEX
8
ShapeString
10
1004.488903
20
1513.572335
70
0
0
VERTEX
8
ShapeString
10
1003.254228
20
1516.248730
70
0
0
VERTEX
8
ShapeString
10
1001.689575
20
1518.733300
70
0
0
VERTEX
8
ShapeString
10
999.817326
20
1520.995137
70
0
0
VERTEX
8
ShapeString
10
997.659860
20
1523.003333
70
0
0
VERTEX
8
ShapeString
10
995.239558
20
1524.726982
70
0
0
VERTEX
8
ShapeString
10
992.578800
20
1526.135175
70
0
0
VERTEX
8
ShapeString
10
989.755234
20
1527.179260
70
0
0
VERTEX
8
ShapeString
10
986.856891
20
1527.833806
70
0
0
VERTEX
8
ShapeString
10
983.921727
20
1528.102744
70
0
0
VERTEX
8
ShapeString
10
980.987700
20
1527.990000
70
0
0
VERTEX
8
ShapeString
10
978.092767
20
1527.499503
70
0
0
VERTEX
8
ShapeString
10
975.274885
20
1526.635181
70
0
0
VERTEX
8
ShapeString
10
972.572010
20
1525.400962
70
0
0
VERTEX
8
ShapeString
10
970.022100
20
1523.800775
70
0
0
VERTEX
8
ShapeString
10
967.706114
20
1521.877537
70
0
0
VERTEX
8
ShapeString
10
965.690088
20
1519.694772
70
0
0
VERTEX
8
ShapeString
10
963.989599
20
1517.287314
70
0
0
VERTEX
8
ShapeString
10
962.620225
20
1514.690000
70
0
0
VERTEX
8
ShapeString
10
961.597541
20
1511.937666
70
0
0
VERTEX
8
ShapeString
10
960.937125
20
1509.065148
70
0
0
VERTEX
8
ShapeString
10
960.654552
20
1506.107280
70
0
0
VERTEX
8
ShapeString
10
960.765400
20
1503.098900
70
0
0
VERTEX
8
ShapeString
10
961.120537
20
1500.804661
70
0
0
VERTEX
8
ShapeString
10
961.694135
20
1498.600365
70
0
0
VERTEX
8
ShapeString
10
962.473684
20
1496.496178
70
0
0
VERTEX
8
ShapeString
10
963.446671
20
1494.502263
70
0
0
VERTEX
8
ShapeString
10
964.600586
20
1492.628787
70
0
0
VERTEX
8
ShapeString
10
965.922916
20
1490.885914
70
0
0
VERTEX
8
ShapeString
10
967.401149
20
1489.283808
70
0
0
VERTEX
8
ShapeString
10
969.022775
20
1487.832635
70
0
0
VERTEX
8
ShapeString
10
970.775281
20
1486.542559
70
0
0
VERTEX
8
ShapeString
10
972.646156
20
1485.423745
70
0
0
VERTEX
8
ShapeString
10
974.622888
20
1484.486358
70
0
0
VERTEX
8
ShapeString
10
976.692966
20
1483.740564
70
0
0
VERTEX
8
ShapeString
10
978.843878
20
1483.196526
70
0
0
VERTEX
8
ShapeString
10
981.063112
20
1482.864409
70
0
0
VERTEX
8
ShapeString
10
983.338156
20
1482.754379
70
0
0
VERTEX
8
ShapeString
10
985.656500
20
1482.876600
70
0
0
VERTEX
8
ShapeString
10
987.950739
20
1483.231737
70
0
0
VERTEX
8
ShapeString
10
990.155035
20
1483.805335
70
0
0
VERTEX
8
ShapeString
10
992.259223
20
1484.584884
70
0
0
VERTEX
8
ShapeString
10
994.253137
20
1485.557871
70
0
0
VERTEX
8
ShapeString
10
996.126613
20
1486.711786
70
0
0
VERTEX
8
ShapeString
10
997.869487
20
1488.034115
70
0
0
VERTEX
8
ShapeString
10
999.471592
20
1489.512349
70
0
0
VERTEX
8
ShapeString
10
1000.922766
20
1491.133975
70
0
0
VERTEX
8
ShapeString
10
1002.212842
20
1492.886481
70
0
0
VERTEX
8
ShapeString
10
1003.331655
20
1494.757356
70
0
0
VERTEX
8
ShapeString
10
1004.269042
20
1496.734088
70
0
0
VERTEX
8
ShapeString
10
1005.014837
20
1498.804166
70
0
0
VERTEX
8
ShapeString
10
1005.558875
20
1500.955077
70
0
0
VERTEX
8
ShapeString
10
1005.890991
20
1503.174312
70
0
0
VERTEX
8
ShapeString
10
1006.001021
20
1505.449356
70
0
0
VERTEX
8
ShapeString
10
1005.878800
20
1507.767700
70
0
0
VERTEX
8
ShapeString
10
1005.878800
20
1507.767700
70
0
0
SEQEND
8
ShapeString
0
POLYLINE
8
ShapeString
62
7
70
0
10
0.000000
20
0.000000
66
1
0
VERTEX
8
ShapeString
10
1301.748800
20
3371.485800
70
0
0
VERTEX
8
ShapeString
10
1301.389847
20
3373.776302
70
0
0
VERTEX
8
ShapeString
10
1300.813149
20
3375.976762
70
0
0
VERTEX
8
ShapeString
10
1300.031182
20
3378.077066
70
0
0
VERTEX
8
ShapeString
10
1299.056420
20
3380.067099
70
0
0
VERTEX
8
ShapeString
10
1297.901340
20
3381.936744
70
0
0
VERTEX
8
ShapeString
10
1296.578415
20
3383.675888
70
0
0
VERTEX
8
ShapeString
10
1295.100122
20
3385.274414
70
0
0
VERTEX
8
ShapeString
10
1293.478934
20
3386.722209
70
0
0
VERTEX
8
ShapeString
10
1291.727328
20
3388.009156
70
0
0
VERTEX
8
ShapeString
10
1289.857778
20
3389.125141
70
0
0
VERTEX
8
ShapeString
10
1287.882760
20
3390.060048
70
0
0
VERTEX
8
ShapeString
10
1285.814748
20
3390.803763
70
0
0
VERTEX
8
ShapeString
10
1283.666218
20
3391.346171
70
0
0
VERTEX
8
ShapeString
10
1281.449644
20
3391.677155
70
0
0
VERTEX
8
ShapeString
10
1279.177503
20
3391.786602
70
0
0
VERTEX
8
ShapeString
10
1276.862268
20
3391.664396
70
0
0
VERTEX
8
ShapeString
10
1274.571075
20
3391.309880
70
0
0
VERTEX
8
ShapeString
10
1272.369501
20
3390.737446
70
0
0
VERTEX
8
ShapeString
10
1270.267687
20
3389.959549
70
0
0
VERTEX
8
ShapeString
10
1268.275770
20
3388.988645
70
0
0
VERTEX
8
ShapeString
10
1266.403890
20
3387.837188
70
0
0
VERTEX
8
ShapeString
10
1264.662187
20
3386.517635
70
0
0
VERTEX
8
ShapeString
10
1263.060800
20
3385.042441
70
0
0
VERTEX
8
ShapeString
10
1261.609867
20
3383.424061
70
0
0
VERTEX
8
ShapeString
10
1260.319529
20
3381.674952
70
0
0
VERTEX
8
ShapeString
10
1259.199925
20
3379.807567
70
0
0
VERTEX
8
ShapeString
10
1258.261193
20
3377.834364
70
0
0
VERTEX
8
ShapeString
10
1257.513473
20
3375.767796
70
0
0
VERTEX
8
ShapeString
10
1256.966905
20
3373.620321
70
0
0
VERTEX
8
ShapeString
10
1256.631627
20
3371.404393
70
0
0
VERTEX
8
ShapeString
10
1256.517779
20
3369.132467
70
0
0
VERTEX
8
ShapeString
10
1256.635500
20
3366.817000
70
0
0
VERTEX
8
ShapeString
10
1256.994453
20
3364.526498
70
0
0
VERTEX
8
ShapeString
10
1257.571151
20
3362.326038
70
0
0
VERTEX
8
ShapeString
10
1258.353118
20
3360.225734
70
0
0
VERTEX
8
ShapeString
10
1259.327880
20
3358.235701
70
0
0
VERTEX
8
ShapeString
10
1260.482960
20
3356.366056
70
0
0
VERTEX
8
ShapeString
10
1261.805885
20
3354.626912
70
0
0
VERTEX
8
ShapeString
10
1263.284178
20
3353.028386
70
0
0
VERTEX
8
ShapeString
10
1264.905366
20
3351.580591
70
0
0
VERTEX
8
ShapeString
10
1266.656972
20
3350.293644
70
0
0
VERTEX
8
ShapeString
10
1268.526522
20
3349.177659
70
0
0
VERTEX
8
ShapeString
10
1270.501540
20
3348.242752
70
0
0
VERTEX
8
ShapeString
10
1272.569552
20
3347.499037
70
0
0
VERTEX
8
ShapeString
10
1274.718082
20
3346.956629
70
0
0
VERTEX
8
ShapeString
10
1276.934656
20
3346.625645
70
0
0
VERTEX
8
ShapeString
10
1279.206797
20
3346.516198
70
0
0
VERTEX
8
ShapeString
10
1281.522032
20
3346.638404
70
0
0
VERTEX
8
ShapeString
10
1283.813225
20
3346.992920
70
0
0
VERTEX
8
ShapeString
10
1286.014799
20
3347.565354
70
0
0
VERTEX
8
ShapeString
10
1288.116613
20
3348.343251
70
0
0
VERTEX
8
ShapeString
10
1290.108530
20
3349.314155
70
0
0
VERTEX
8
ShapeString
10
1291.980410
20
3350.465612
70
0
0
VERTEX
8
ShapeString
10
1293.722113
20
3351.785165
70
0
0
VERTEX
8
ShapeString
10
1295.323500
20
3353.260359
70
0
0
VERTEX
8
ShapeString
10
1296.774433
20
3354.878739
70
0
0
VERTEX
8
ShapeString
10
1298.064771
20
3356.627848
70
0
0
VERTEX
8
ShapeString
10
1299.184375
20
3358.495233
70
0
0
VERTEX
8
ShapeString
10
1300.123107
20
3360.468436
70
0
0
VERTEX
8
ShapeString
10
1300.870827
20
3362.535004
70
0
0
VERTEX
8
ShapeString
10
1301.417395
20
3364.682479
70
0
0
VERTEX
8
ShapeString
10
1301.752673
20
3366.898407
70
0
0
VERTEX
8
ShapeString
10
1301.866521
20
3369.170333
70
0
0
VERTEX
8
ShapeString
10
1301.748800
20
3371.485800
70
0
0
VERTEX
8
ShapeString
10
1301.748800
20
3371.485800
70
0
0
SEQEND
8
ShapeString
0
POLYLINE
8
ShapeString
62
7
70
0
10
0.000000
20
0.000000
66
1
0
VERTEX
8
ShapeString
10
657.045000
20
1314.667800
70
0
0
VERTEX
8
ShapeString
10
659.978906
20
1326.285250
70
0
0
VERTEX
8
ShapeString
10
662.722323
20
1337.943452
70
0
0
VERTEX
8
ShapeString
10
665.274955
20
1349.640057
70
0
0
VERTEX
8
ShapeString
10
667.636505
20
1361.372716
70
0
0
VERTEX
8
ShapeString
10
669.806677
20
1373.139079
70
0
0
VERTEX
8
ShapeString
10
671.785174
20
1384.936800
70
0
0
VERTEX
8
ShapeString
10
673.571700
20
1396.763528
70
0
0
VERTEX
8
ShapeString
10
675.165958
20
1408.616916
70
0
0
VERTEX
8
ShapeString
10
676.567652
20
1420.494613
70
0
0
VERTEX
8
ShapeString
10
677.776485
20
1432.394273
70
0
0
VERTEX
8
ShapeString
10
678.792160
20
1444.313546
70
0
0
VERTEX
8
ShapeString
10
679.614382
20
1456.250083
70
0
0
VERTEX
8
ShapeString
10
680.242853
20
1468.201535
70
0
0
VERTEX
8
ShapeString
10
680.677278
20
1480.165555
70
0
0
VERTEX
8
ShapeString
10
680.917359
20
1492.139793
70
0
0
VERTEX
8
ShapeString
10
680.962800
20
1504.121900
70
0
0
SEQEND
8
ShapeString
0
POLYLINE
8
ShapeString
62
7
70
0
10
0.000000
20
0.000000
66
1
0
VERTEX
8
ShapeString
10
1761.422300
20
4543.124900
70
0
0
VERTEX
8
ShapeString
10
1744.188903
20
4523.483054
70
0
0
VERTEX
8
ShapeString
10
1727.084280
20
4503.749388
70
0
0
VERTEX
8
ShapeString
10
1710.108663
20
4483.924552
70
0
0
VERTEX
8
ShapeString
10
1693.262281
20
4464.009194
70
0
0
VERTEX
8
ShapeString
10
1676.545366
20
4444.003962
70
0
0
VERTEX
8
ShapeString
10
1659.958148
20
4423.909507
70
0
0
VERTEX
8
ShapeString
10
1643.500858
20
4403.726476
70
0
0
VERTEX
8
ShapeString
10
1627.173726
20
4383.455518
70
0
0
VERTEX
8
ShapeString
10
1610.976983
20
4363.097282
70
0
0
VERTEX
8
ShapeString
10
1594.910860
20
4342.652416
70
0
0
VERTEX
8
ShapeString
10
1578.975587
20
4322.121570
70
0
0
VERTEX
8
ShapeString
10
1563.171395
20
4301.505391
70
0
0
VERTEX
8
ShapeString
10
1547.498514
20
4280.804530
70
0
0
VERTEX
8
ShapeString
10
1531.957176
20
4260.019634
70
0
0
VERTEX
8
ShapeString
10
1516.547611
20
4239.151352
70
0
0
VERTEX
8
ShapeString
10
1501.270049
20
4218.200333
70
0
0
VERTEX
8
ShapeString
10
1486.124721
20
4197.167225
70
0
0
VERTEX
8
ShapeString
10
1471.111859
20
4176.052679
70
0
0
VERTEX
8
ShapeString
10
1456.231691
20
4154.857341
70
0
0
VERTEX
8
ShapeString
10
1441.484450
20
4133.581861
70
0
0
VERTEX
8
ShapeString
10
1426.870366
20
4112.226887
70
0
0
VERTEX
8
ShapeString
10
1412.389669
20
4090.793069
70
0
0
VERTEX
8
ShapeString
10
1398.042590
20
4069.281055
70
0
0
VERTEX
8
ShapeString
10
1383.829359
20
4047.691494
70
0
0
VERTEX
8
ShapeString
10
1369.750208
20
4026.025034
70
0
0
VERTEX
8
ShapeString
10
1355.805367
20
4004.282325
70
0
0
VERTEX
8
ShapeString
10
1341.995067
20
3982.464014
70
0
0
VERTEX
8
ShapeString
10
1328.319537
20
3960.570751
70
0
0
VERTEX
8
ShapeString
10
1314.779010
20
3938.603184
70
0
0
VERTEX
8
ShapeString
10
1301.373715
20
3916.561963
70
0
0
VERTEX
8
ShapeString
10
1288.103883
20
3894.447735
70
0
0
VERTEX
8
ShapeString
10
1274.969746
20
3872.261150
70
0
0
VERTEX
8
ShapeString
10
1261.971532
20
3850.002857
70
0
0
VERTEX
8
ShapeString
10
1249.109474
20
3827.673503
70
0
0
VERTEX
8
ShapeString
10
1236.383801
20
3805.273738
70
0
0
VERTEX
8
ShapeString
10
1223.794745
20
3782.804211
70
0
0
VERTEX
8
ShapeString
10
1211.342536
20
3760.265570
70
0
0
VERTEX
8
ShapeString
10
1199.027404
20
3737.658464
70
0
0
VERTEX
8
ShapeString
10
1186.849581
20
3714.983541
70
0
0
VERTEX
8
ShapeString
10
1174.809297
20
3692.241451
70
0
0
VERTEX
8
ShapeString
10
1162.906783
20
3669.432842
70
0
0
VERTEX
8
ShapeString
10
1151.142268
20
3646.558363
70
0
0
VERTEX
8
ShapeString
10
1139.515985
20
3623.618663
70
0
0
VERTEX
8
ShapeString
10
1128.028163
20
3600.614390
70
0
0
VERTEX
8
ShapeString
10
1116.679033
20
3577.546193
70
0
0
VERTEX
8
ShapeString
10
1105.468826
20
3554.414720
70
0
0
VERTEX
8
ShapeString
10
1094.397773
20
3531.220622
70
0
0
VERTEX
8
ShapeString
10
1083.466103
20
3507.964545
70
0
0
VERTEX
8
ShapeString
10
1072.674049
20
3484.647140
70
0
0
VERTEX
8
ShapeString
10
1062.021839
20
3461.269054
70
0
0
VERTEX
8
ShapeString
10
1051.509706
20
3437.830937
70
0
0
VERTEX
8
ShapeString
10
1041.137880
20
3414.333436
70
0
0
VERTEX
8
ShapeString
10
1030.906591
20
3390.777202
70
0
0
VERTEX
8
ShapeString
10
1020.816069
20
3367.162882
70
0
0
VERTEX
8
ShapeString
10
1010.866547
20
3343.491126
70
0
0
VERTEX
8
ShapeString
10
1001.058253
20
3319.762582
70
0
0
VERTEX
8
ShapeString
10
991.391420
20
3295.977898
70
0
0
VERTEX
8
ShapeString
10
981.866277
20
3272.137724
70
0
0
VERTEX
8
ShapeString
10
972.483055
20
3248.242708
70
0
0
VERTEX
8
ShapeString
10
963.241985
20
3224.293500
70
0
0
VERTEX
8
ShapeString
10
954.143298
20
3200.290747
70
0
0
VERTEX
8
ShapeString
10
945.187223
20
3176.235098
70
0
0
VERTEX
8
ShapeString
10
936.373993
20
3152.127203
70
0
0
VERTEX
8
ShapeString
10
927.703836
20
3127.967709
70
0
0
VERTEX
8
ShapeString
10
919.176985
20
3103.757266
70
0
0
VERTEX
8
ShapeString
10
910.793670
20
3079.496523
70
0
0
VERTEX
8
ShapeString
10
902.554120
20
3055.186127
70
0
0
VERTEX
8
ShapeString
10
894.458568
20
3030.826729
70
0
0
VERTEX
8
ShapeString
10
886.507244
20
3006.418976
70
0
0
VERTEX
8
ShapeString
10
878.700377
20
2981.963517
70
0
0
VERTEX
8
ShapeString
10
871.038200
20
2957.461001
70
0
0
VERTEX
8
ShapeString
10
863.520942
20
2932.912077
70
0
0
VERTEX
8
ShapeString
10
856.148834
20
2908.317394
70
0
0
VERTEX
8
ShapeString
10
848.922107
20
2883.677599
70
0
0
VERTEX
8
ShapeString
10
841.840992
20
2858.993343
70
0
0
VERTEX
8
ShapeString
10
834.905718
20
2834.265273
70
0
0
VERTEX
8
ShapeString
10
828.116518
20
2809.494038
70
0
0
VERTEX
8
ShapeString
10
821.473620
20
2784.680288
70
0
0
VERTEX
8
ShapeString
10
814.977257
20
2759.824671
70
0
0
VERTEX
8
ShapeString
10
808.627659
20
2734.927835
70
0
0
VERTEX
8
ShapeString
10
802.425055
20
2709.990429
70
0
0
VERTEX
8
ShapeString
10
796.369678
20
2685.013102
70
0
0
VERTEX
8
ShapeString
10
790.461758
20
2659.996503
70
0
0
VERTEX
8
ShapeString
10
784.701524
20
2634.941281
70
0
0
VERTEX
8
ShapeString
10
779.089209
20
2609.848084
70
0
0
VERTEX
8
ShapeString
10
773.625042
20
2584.717560
70
0
0
VERTEX
8
ShapeString
10
768.309254
20
2559.550360
70
0
0
VERTEX
8
ShapeString
10
763.142076
20
2534.347130
70
0
0
VERTEX
8
ShapeString
10
758.123739
20
2509.108521
70
0
0
VERTEX
8
ShapeString
10
753.254473
20
2483.835181
70
0
0
VERTEX
8
ShapeString
10
748.534508
20
2458.527758
70
0
0
VERTEX
8
ShapeString
10
743.964076
20
2433.186902
70
0
0
VERTEX
8
ShapeString
10
739.543407
20
2407.813260
70
0
0
VERTEX
8
ShapeString
10
735.272731
20
2382.407483
70
0
0
VERTEX
8
ShapeString
10
731.152280
20
2356.970217
70
0
0
VERTEX
8
ShapeString
10
727.182284
20
2331.502113
70
0
0
VERTEX
8
ShapeString
10
723.362974
20
2306.003819
70
0
0
VERTEX
8
ShapeString
10
719.694579
20
2280.475984
70
0
0
VERTEX
8
ShapeString
10
716.177332
20
2254.919256
70
0
0
VERTEX
8
ShapeString
10
712.811462
20
2229.334284
70
0
0
VERTEX
8
ShapeString
10
709.597200
20
2203.721717
70
0
0
VERTEX
8
ShapeString
10
706.534778
20
2178.082204
70
0
0
VERTEX
8
ShapeString
10
703.624424
20
2152.416393
70
0
0
VERTEX
8
ShapeString
10
700.866371
20
2126.724933
70
0
0
VERTEX
8
ShapeString
10
698.260849
20
2101.008473
70
0
0
VERTEX
8
ShapeString
10
695.808088
20
2075.267661
70
0
0
VERTEX
8
ShapeString
10
693.508318
20
2049.503146
70
0
0
VERTEX
8
ShapeString
10
691.361772
20
2023.715578
70
0
0
VERTEX
8
ShapeString
10
689.368679
20
1997.905604
70
0
0
VERTEX
8
ShapeString
10
687.529270
20
1972.073874
70
0
0
VERTEX
8
ShapeString
10
685.843776
20
1946.221035
70
0
0
VERTEX
8
ShapeString
10
684.312427
20
1920.347738
70
0
0
VERTEX
8
ShapeString
10
682.935453
20
1894.454630
70
0
0
VERTEX
8
ShapeString
10
681.713087
20
1868.542361
70
0
0
VERTEX
8
ShapeString
10
680.645557
20
1842.611578
70
0
0
VERTEX
8
ShapeString
10
679.733095
20
1816.662931
70
0
0
VERTEX
8
ShapeString
10
678.975932
20
1790.697069
70
0
0
VERTEX
8
ShapeString
10
678.374298
20
1764.714640
70
0
0
VERTEX
8
ShapeString
10
677.928424
20
1738.716293
70
0
0
VERTEX
8
ShapeString
10
677.638540
20
1712.702677
70
0
0
VERTEX
8
ShapeString
10
677.504877
20
1686.674440
70
0
0
VERTEX
8
ShapeString
10
677.527666
20
1660.632232
70
0
0
VERTEX
8
ShapeString
10
677.707137
20
1634.576700
70
0
0
VERTEX
8
ShapeString
10
678.043521
20
1608.508494
70
0
0
VERTEX
8
ShapeString
10
678.537049
20
1582.428262
70
0
0
VERTEX
8
ShapeString
10
679.187951
20
1556.336653
70
0
0
VERTEX
8
ShapeString
10
679.996458
20
1530.234316
70
0
0
VERTEX
8
ShapeString
10
680.962800
20
1504.121900
70
0
0
SEQEND
8
ShapeString
0
POLYLINE
8
ShapeString
62
7
70
0
10
0.000000
20
0.000000
66
1
0
VERTEX
8
ShapeString
10
1761.417600
20
4543.122800
70
0
0
VERTEX
8
ShapeString
10
2104.159500
20
4229.337700
70
0
0
SEQEND
8
ShapeString
0
POLYLINE
8
ShapeString
62
7
70
0
10
0.000000
20
0.000000
66
1
0
VERTEX
8
ShapeString
10
2104.159500
20
4229.337700
70
0
0
VERTEX
8
ShapeString
10
2088.446516
20
4212.051587
70
0
0
VERTEX
8
ShapeString
10
2072.870011
20
4194.668567
70
0
0
VERTEX
8
ShapeString
10
2057.430231
20
4177.189455
70
0
0
VERTEX
8
ShapeString
10
2042.127419
20
4159.615063
70
0
0
VERTEX
8
ShapeString
10
2026.961820
20
4141.946204
70
0
0
VERTEX
8
ShapeString
10
2011.933678
20
4124.183693
70
0
0
VERTEX
8
ShapeString
10
1997.043239
20
4106.328343
70
0
0
VERTEX
8
ShapeString
10
1982.290746
20
4088.380967
70
0
0
VERTEX
8
ShapeString
10
1967.676445
20
4070.342378
70
0
0
VERTEX
8
ShapeString
10
1953.200579
20
4052.213390
70
0
0
VERTEX
8
ShapeString
10
1938.863394
20
4033.994817
70
0
0
VERTEX
8
ShapeString
10
1924.665133
20
4015.687471
70
0
0
VERTEX
8
ShapeString
10
1910.606042
20
3997.292167
70
0
0
VERTEX
8
ShapeString
10
1896.686364
20
3978.809717
70
0
0
VERTEX
8
ShapeString
10
1882.906345
20
3960.240936
70
0
0
VERTEX
8
ShapeString
10
1869.266229
20
3941.586636
70
0
0
VERTEX
8
ShapeString
10
1855.766260
20
3922.847631
70
0
0
VERTEX
8
ShapeString
10
1842.406684
20
3904.024734
70
0
0
VERTEX
8
ShapeString
10
1829.187744
20
3885.118760
70
0
0
VERTEX
8
ShapeString
10
1816.109685
20
3866.130520
70
0
0
VERTEX
8
ShapeString
10
1803.172752
20
3847.060830
70
0
0
VERTEX
8
ShapeString
10
1790.377189
20
3827.910501
70
0
0
VERTEX
8
ShapeString
10
1777.723240
20
3808.680348
70
0
0
VERTEX
8
ShapeString
10
1765.211151
20
3789.371184
70
0
0
VERTEX
8
ShapeString
10
1752.841166
20
3769.983822
70
0
0
VERTEX
8
ShapeString
10
1740.613529
20
3750.519076
70
0
0
VERTEX
8
ShapeString
10
1728.528485
20
3730.977760
70
0
0
VERTEX
8
ShapeString
10
1716.586278
20
3711.360686
70
0
0
VERTEX
8
ShapeString
10
1704.787153
20
3691.668668
70
0
0
VERTEX
8
ShapeString
10
1693.131355
20
3671.902520
70
0
0
VERTEX
8
ShapeString
10
1681.619128
20
3652.063055
70
0
0
VERTEX
8
ShapeString
10
1670.250716
20
3632.151086
70
0
0
VERTEX
8
ShapeString
10
1659.026364
20
3612.167427
70
0
0
VERTEX
8
ShapeString
10
1647.946317
20
3592.112891
70
0
0
VERTEX
8
ShapeString
10
1637.010819
20
3571.988292
70
0
0
VERTEX
8
ShapeString
10
1626.220115
20
3551.794443
70
0
0
VERTEX
8
ShapeString
10
1615.574449
20
3531.532158
70
0
0
VERTEX
8
ShapeString
10
1605.074065
20
3511.202250
70
0
0
VERTEX
8
ShapeString
10
1594.719209
20
3490.805532
70
0
0
VERTEX
8
ShapeString
10
1584.510125
20
3470.342818
70
0
0
VERTEX
8
ShapeString
10
1574.447057
20
3449.814921
70
0
0
VERTEX
8
ShapeString
10
1564.530251
20
3429.222655
70
0
0
VERTEX
8
ShapeString
10
1554.759949
20
3408.566833
70
0
0
VERTEX
8
ShapeString
10
1545.136398
20
3387.848269
70
0
0
VERTEX
8
ShapeString
10
1535.659841
20
3367.067775
70
0
0
VERTEX
8
ShapeString
10
1526.330523
20
3346.226166
70
0
0
VERTEX
8
ShapeString
10
1517.148689
20
3325.324255
70
0
0
VERTEX
8
ShapeString
10
1508.114583
20
3304.362855
70
0
0
VERTEX
8
ShapeString
10
1499.228449
20
3283.342780
70
0
0
VERTEX
8
ShapeString
10
1490.490533
20
3262.264843
70
0
0
VERTEX
8
ShapeString
10
1481.901078
20
3241.129858
70
0
0
VERTEX
8
ShapeString
10
1473.460330
20
3219.938637
70
0
0
VERTEX
8
ShapeString
10
1465.168533
20
3198.691995
70
0
0
VERTEX
8
ShapeString
10
1457.025930
20
3177.390745
70
0
0
VERTEX
8
ShapeString
10
1449.032768
20
3156.035700
70
0
0
VERTEX
8
ShapeString
10
1441.189290
20
3134.627674
70
0
0
VERTEX
8
ShapeString
10
1433.495742
20
3113.167480
70
0
0
VERTEX
8
ShapeString
10
1425.952366
20
3091.655932
70
0
0
VERTEX
8
ShapeString
10
1418.559409
20
3070.093842
70
0
0
VERTEX
8
ShapeString
10
1411.317114
20
3048.482025
70
0
0
VERTEX
8
ShapeString
10
1404.225727
20
3026.821294
70
0
0
VERTEX
8
ShapeString
10
1397.285491
20
3005.112462
70
0
0
VERTEX
8
ShapeString
10
1390.496651
20
2983.356343
70
0
0
VERTEX
8
ShapeString
10
1383.859452
20
2961.553750
70
0
0
VERTEX
8
ShapeString
10
1377.374138
20
2939.705497
70
0
0
VERTEX
8
ShapeString
10
1371.040954
20
2917.812396
70
0
0
VERTEX
8
ShapeString
10
1364.860144
20
2895.875262
70
0
0
VERTEX
8
ShapeString
10
1358.831953
20
2873.894908
70
0
0
VERTEX
8
ShapeString
10
1352.956626
20
2851.872148
70
0
0
VERTEX
8
ShapeString
10
1347.234406
20
2829.807793
70
0
0
VERTEX
8
ShapeString
10
1341.665539
20
2807.702659
70
0
0
VERTEX
8
ShapeString
10
1336.250269
20
2785.557559
70
0
0
VERTEX
8
ShapeString
10
1330.988841
20
2763.373306
70
0
0
VERTEX
8
ShapeString
10
1325.881498
20
2741.150713
70
0
0
VERTEX
8
ShapeString
10
1320.928487
20
2718.890594
70
0
0
VERTEX
8
ShapeString
10
1316.130050
20
2696.593762
70
0
0
VERTEX
8
ShapeString
10
1311.486433
20
2674.261031
70
0
0
VERTEX
8
ShapeString
10
1306.997880
20
2651.893214
70
0
0
VERTEX
8
ShapeString
10
1302.664636
20
2629.491125
70
0
0
VERTEX
8
ShapeString
10
1298.486946
20
2607.055576
70
0
0
VERTEX
8
ShapeString
10
1294.465053
20
2584.587383
70
0
0
VERTEX
8
ShapeString
10
1290.599202
20
2562.087357
70
0
0
VERTEX
8
ShapeString
10
1286.889639
20
2539.556312
70
0
0
VERTEX
8
ShapeString
10
1283.336607
20
2516.995062
70
0
0
VERTEX
8
ShapeString
10
1279.940351
20
2494.404420
70
0
0
VERTEX
8
ShapeString
10
1276.701115
20
2471.785200
70
0
0
VERTEX
8
ShapeString
10
1273.619145
20
2449.138215
70
0
0
VERTEX
8
ShapeString
10
1270.694684
20
2426.464278
70
0
0
VERTEX
8
ShapeString
10
1267.927977
20
2403.764203
70
0
0
VERTEX
8
ShapeString
10
1265.319269
20
2381.038804
70
0
0
VERTEX
8
ShapeString
10
1262.868804
20
2358.288893
70
0
0
VERTEX
8
ShapeString
10
1260.576827
20
2335.515284
70
0
0
VERTEX
8
ShapeString
10
1258.443582
20
2312.718791
70
0
0
VERTEX
8
ShapeString
10
1256.469314
20
2289.900227
70
0
0
VERTEX
8
ShapeString
10
1254.654268
20
2267.060405
70
0
0
VERTEX
8
ShapeString
10
1252.998687
20
2244.200140
70
0
0
VERTEX
8
ShapeString
10
1251.502816
20
2221.320243
70
0
0
VERTEX
8
ShapeString
10
1250.166901
20
2198.421530
70
0
0
VERTEX
8
ShapeString
10
1248.991185
20
2175.504812
70
0
0
VERTEX
8
ShapeString
10
1247.975913
20
2152.570904
70
0
0
VERTEX
8
ShapeString
10
1247.121330
20
2129.620619
70
0
0
VERTEX
8
ShapeString
10
1246.427680
20
2106.654771
70
0
0
VERTEX
8
ShapeString
10
1245.895207
20
2083.674172
70
0
0
VERTEX
8
ShapeString
10
1245.524157
20
2060.679637
70
0
0
VERTEX
8
ShapeString
10
1245.314773
20
2037.671978
70
0
0
VERTEX
8
ShapeString
10
1245.267301
20
2014.652010
70
0
0
VERTEX
8
ShapeString
10
1245.381985
20
1991.620545
70
0
0
VERTEX
8
ShapeString
10
1245.659068
20
1968.578398
70
0
0
VERTEX
8
ShapeString
10
1246.098797
20
1945.526380
70
0
0
VERTEX
8
ShapeString
10
1246.701415
20
1922.465307
70
0
0
VERTEX
8
ShapeString
10
1247.467167
20
1899.395991
70
0
0
VERTEX
8
ShapeString
10
1248.396297
20
1876.319246
70
0
0
VERTEX
8
ShapeString
10
1249.489051
20
1853.235884
70
0
0
VERTEX
8
ShapeString
10
1250.745672
20
1830.146721
70
0
0
VERTEX
8
ShapeString
10
1252.166405
20
1807.052568
70
0
0
VERTEX
8
ShapeString
10
1253.751495
20
1783.954240
70
0
0
VERTEX
8
ShapeString
10
1255.501186
20
1760.852550
70
0
0
VERTEX
8
ShapeString
10
1257.415722
20
1737.748311
70
0
0
VERTEX
8
ShapeString
10
1259.495349
20
1714.642337
70
0
0
VERTEX
8
ShapeString
10
1261.740311
20
1691.535441
70
0
0
VERTEX
8
ShapeString
10
1264.150852
20
1668.428437
70
0
0
VERTEX
8
ShapeString
10
1266.727217
20
1645.322138
70
0
0
VERTEX
8
ShapeString
10
1269.469650
20
1622.217357
70
0
0
VERTEX
8
ShapeString
10
1272.378396
20
1599.114908
70
0
0
VERTEX
8
ShapeString
10
1275.453699
20
1576.015605
70
0
0
VERTEX
8
ShapeString
10
1278.695805
20
1552.920260
70
0
0
VERTEX
8
ShapeString
10
1282.104957
20
1529.829687
70
0
0
VERTEX
8
ShapeString
10
1285.681400
20
1506.744700
70
0
0
SEQEND
8
ShapeString
0
POLYLINE
8
ShapeString
62
7
70
0
10
0.000000
20
0.000000
66
1
0
VERTEX
8
ShapeString
10
1285.681400
20
1506.744700
70
0
0
VERTEX
8
ShapeString
10
1285.859217
20
1495.521623
70
0
0
VERTEX
8
ShapeString
10
1286.294693
20
1484.316021
70
0
0
VERTEX
8
ShapeString
10
1286.987002
20
1473.132242
70
0
0
VERTEX
8
ShapeString
10
1287.935316
20
1461.974636
70
0
0
VERTEX
8
ShapeString
10
1289.138808
20
1450.847552
70
0
0
VERTEX
8
ShapeString
10
1290.596650
20
1439.755339
70
0
0
VERTEX
8
ShapeString
10
1292.308015
20
1428.702345
70
0
0
VERTEX
8
ShapeString
10
1294.272075
20
1417.692921
70
0
0
VERTEX
8
ShapeString
10
1296.488003
20
1406.731415
70
0
0
VERTEX
8
ShapeString
10
1298.954972
20
1395.822175
70
0
0
VERTEX
8
ShapeString
10
1301.672153
20
1384.969553
70
0
0
VERTEX
8
ShapeString
10
1304.638721
20
1374.177895
70
0
0
VERTEX
8
ShapeString
10
1307.853847
20
1363.451552
70
0
0
VERTEX
8
ShapeString
10
1311.316704
20
1352.794872
70
0
0
VERTEX
8
ShapeString
10
1315.026464
20
1342.212205
70
0
0
VERTEX
8
ShapeString
10
1318.982300
20
1331.707900
70
0
0
SEQEND
8
ShapeString
0
POLYLINE
8
ShapeString
62
7
70
0
10
0.000000
20
0.000000
66
1
0
VERTEX
8
ShapeString
10
657.045000
20
1314.667800
70
0
0
VERTEX
8
ShapeString
10
663.735999
20
1303.657161
70
0
0
VERTEX
8
ShapeString
10
670.764714
20
1292.928546
70
0
0
VERTEX
8
ShapeString
10
678.121946
20
1282.487073
70
0
0
VERTEX
8
ShapeString
10
685.798501
20
1272.337862
70
0
0
VERTEX
8
ShapeString
10
693.785180
20
1262.486035
70
0
0
VERTEX
8
ShapeString
10
702.072788
20
1252.936710
70
0
0
VERTEX
8
ShapeString
10
710.652128
20
1243.695008
70
0
0
VERTEX
8
ShapeString
10
719.514004
20
1234.766049
70
0
0
VERTEX
8
ShapeString
10
728.649218
20
1226.154952
70
0
0
VERTEX
8
ShapeString
10
738.048574
20
1217.866838
70
0
0
VERTEX
8
ShapeString
10
747.702876
20
1209.906827
70
0
0
VERTEX
8
ShapeString
10
757.602927
20
1202.280039
70
0
0
VERTEX
8
ShapeString
10
767.739530
20
1194.991593
70
0
0
VERTEX
8
ShapeString
10
778.103489
20
1188.046609
70
0
0
VERTEX
8
ShapeString
10
788.685607
20
1181.450209
70
0
0
VERTEX
8
ShapeString
10
799.476688
20
1175.207511
70
0
0
VERTEX
8
ShapeString
10
810.467535
20
1169.323636
70
0
0
VERTEX
8
ShapeString
10
821.648951
20
1163.803703
70
0
0
VERTEX
8
ShapeString
10
833.011740
20
1158.652833
70
0
0
VERTEX
8
ShapeString
10
844.546706
20
1153.876145
70
0
0
VERTEX
8
ShapeString
10
856.244651
20
1149.478760
70
0
0
VERTEX
8
ShapeString
10
868.096379
20
1145.465797
70
0
0
VERTEX
8
ShapeString
10
880.092693
20
1141.842378
70
0
0
VERTEX
8
ShapeString
10
892.224397
20
1138.613620
70
0
0
VERTEX
8
ShapeString
10
904.482295
20
1135.784645
70
0
0
VERTEX
8
ShapeString
10
916.857189
20
1133.360573
70
0
0
VERTEX
8
ShapeString
10
929.339883
20
1131.346523
70
0
0
VERTEX
8
ShapeString
10
941.921180
20
1129.747615
70
0
0
VERTEX
8
ShapeString
10
954.591885
20
1128.568970
70
0
0
VERTEX
8
ShapeString
10
967.342800
20
1127.815707
70
0
0
VERTEX
8
ShapeString
10
980.164728
20
1127.492947
70
0
0
VERTEX
8
ShapeString
10
993.048474
20
1127.605809
70
0
0
VERTEX
8
ShapeString
10
1005.920961
20
1128.155984
70
0
0
VERTEX
8
ShapeString
10
1018.709301
20
1129.138023
70
0
0
VERTEX
8
ShapeString
10
1031.404570
20
1130.546341
70
0
0
VERTEX
8
ShapeString
10
1043.997849
20
1132.375351
70
0
0
VERTEX
8
ShapeString
10
1056.480217
20
1134.619467
70
0
0
VERTEX
8
ShapeString
10
1068.842752
20
1137.273102
70
0
0
VERTEX
8
ShapeString
10
1081.076533
20
1140.330670
70
0
0
VERTEX
8
ShapeString
10
1093.172640
20
1143.786585
70
0
0
VERTEX
8
ShapeString
10
1105.122152
20
1147.635259
70
0
0
VERTEX
8
ShapeString
10
1116.916147
20
1151.871108
70
0
0
VERTEX
8
ShapeString
10
1128.545705
20
1156.488544
70
0
0
VERTEX
8
ShapeString
10
1140.001904
20
1161.481980
70
0
0
VERTEX
8
ShapeString
10
1151.275823
20
1166.845832
70
0
0
VERTEX
8
ShapeString
10
1162.358543
20
1172.574512
70
0
0
VERTEX
8
ShapeString
10
1173.241141
20
1178.662433
70
0
0
VERTEX
8
ShapeString
10
1183.914696
20
1185.104010
70
0
0
VERTEX
8
ShapeString
10
1194.370288
20
1191.893657
70
0
0
VERTEX
8
ShapeString
10
1204.598996
20
1199.025785
70
0
0
VERTEX
8
ShapeString
10
1214.591899
20
1206.494811
70
0
0
VERTEX
8
ShapeString
10
1224.340075
20
1214.295146
70
0
0
VERTEX
8
ShapeString
10
1233.834604
20
1222.421205
70
0
0
VERTEX
8
ShapeString
10
1243.066565
20
1230.867400
70
0
0
VERTEX
8
ShapeString
10
1252.027036
20
1239.628147
70
0
0
VERTEX
8
ShapeString
10
1260.707097
20
1248.697858
70
0
0
VERTEX
8
ShapeString
10
1269.097827
20
1258.070947
70
0
0
VERTEX
8
ShapeString
10
1277.190305
20
1267.741828
70
0
0
VERTEX
8
ShapeString
10
1284.975609
20
1277.704914
70
0
0
VERTEX
8
ShapeString
10
1292.444820
20
1287.954619
70
0
0
VERTEX
8
ShapeString
10
1299.589015
20
1298.485357
70
0
0
VERTEX
8
ShapeString
10
1306.399274
20
1309.291540
70
0
0
VERTEX
8
ShapeString
10
1312.866676
20
1320.367583
70
0
0
VERTEX
8
ShapeString
10
1318.982300
20
1331.707900
70
0
0
SEQEND
8
ShapeString
0
POLYLINE
8
ShapeString
62
7
70
0
10
0.000000
20
0.000000
66
1
0
VERTEX
8
ShapeString
10
2020.545600
20
1009.902900
70
0
0
VERTEX
8
ShapeString
10
2019.931101
20
1012.111872
70
0
0
VERTEX
8
ShapeString
10
2018.920419
20
1014.094124
70
0
0
VERTEX
8
ShapeString
10
2017.565947
20
1015.812595
70
0
0
VERTEX
8
ShapeString
10
2015.920079
20
1017.230228
70
0
0
VERTEX
8
ShapeString
10
2014.035208
20
1018.309962
70
0
0
VERTEX
8
ShapeString
10
2011.963728
20
1019.014738
70
0
0
VERTEX
8
ShapeString
10
2009.758033
20
1019.307499
70
0
0
VERTEX
8
ShapeString
10
2007.470516
20
1019.151183
70
0
0
VERTEX
8
ShapeString
10
2005.260025
20
1018.542171
70
0
0
VERTEX
8
ShapeString
10
2003.275270
20
1017.536413
70
0
0
VERTEX
8
ShapeString
10
2001.553441
20
1016.186211
70
0
0
VERTEX
8
ShapeString
10
2000.131727
20
1014.543867
70
0
0
VERTEX
8
ShapeString
10
1999.047317
20
1012.661683
70
0
0
VERTEX
8
ShapeString
10
1998.337400
20
1010.591959
70
0
0
VERTEX
8
ShapeString
10
1998.039164
20
1008.386998
70
0
0
VERTEX
8
ShapeString
10
1998.189800
20
1006.099100
70
0
0
VERTEX
8
ShapeString
10
1998.804299
20
1003.890128
70
0
0
VERTEX
8
ShapeString
10
1999.814981
20
1001.907876
70
0
0
VERTEX
8
ShapeString
10
2001.169453
20
1000.189405
70
0
0
VERTEX
8
ShapeString
10
2002.815321
20
998.771772
70
0
0
VERTEX
8
ShapeString
10
2004.700192
20
997.692038
70
0
0
VERTEX
8
ShapeString
10
2006.771672
20
996.987262
70
0
0
VERTEX
8
ShapeString
10
2008.977367
20
996.694501
70
0
0
VERTEX
8
ShapeString
10
2011.264884
20
996.850817
70
0
0
VERTEX
8
ShapeString
10
2013.475375
20
997.459829
70
0
0
VERTEX
8
ShapeString
10
2015.460130
20
998.465587
70
0
0
VERTEX
8
ShapeString
10
2017.181959
20
999.815789
70
0
0
VERTEX
8
ShapeString
10
2018.603673
20
1001.458133
70
0
0
VERTEX
8
ShapeString
10
2019.688083
20
1003.340317
70
0
0
VERTEX
8
ShapeString
10
2020.398000
20
1005.410041
70
0
0
VERTEX
8
ShapeString
10
2020.696236
20
1007.615002
70
0
0
VERTEX
8
ShapeString
10
2020.545600
20
1009.902900
70
0
0
VERTEX
8
ShapeString
10
2020.545600
20
1009.902900
70
0
0
SEQEND
8
ShapeString
0
POLYLINE
8
ShapeString
62
7
70
0
10
0.000000
20
0.000000
66
1
0
VERTEX
8
ShapeString
10
1972.035600
20
364.348000
70
0
0
VERTEX
8
ShapeString
10
1971.420646
20
366.556392
70
0
0
VERTEX
8
ShapeString
10
1970.409706
20
368.538064
70
0
0
VERTEX
8
ShapeString
10
1969.055151
20
370.255984
70
0
0
VERTEX
8
ShapeString
10
1967.409350
20
371.673121
70
0
0
VERTEX
8
ShapeString
10
1965.524674
20
372.752441
70
0
0
VERTEX
8
ShapeString
10
1963.453494
20
373.456915
70
0
0
VERTEX
8
ShapeString
10
1961.248179
20
373.749508
70
0
0
VERTEX
8
ShapeString
10
1958.961101
20
373.593190
70
0
0
VERTEX
8
ShapeString
10
1956.751017
20
372.984344
70
0
0
VERTEX
8
ShapeString
10
1954.766558
20
371.978887
70
0
0
VERTEX
8
ShapeString
10
1953.044899
20
370.629086
70
0
0
VERTEX
8
ShapeString
10
1951.623218
20
368.987209
70
0
0
VERTEX
8
ShapeString
10
1950.538691
20
367.105524
70
0
0
VERTEX
8
ShapeString
10
1949.828495
20
365.036299
70
0
0
VERTEX
8
ShapeString
10
1949.529805
20
362.831802
70
0
0
VERTEX
8
ShapeString
10
1949.679800
20
360.544300
70
0
0
VERTEX
8
ShapeString
10
1950.294754
20
358.335908
70
0
0
VERTEX
8
ShapeString
10
1951.305694
20
356.354236
70
0
0
VERTEX
8
ShapeString
10
1952.660249
20
354.636316
70
0
0
VERTEX
8
ShapeString
10
1954.306050
20
353.219179
70
0
0
VERTEX
8
ShapeString
10
1956.190726
20
352.139859
70
0
0
VERTEX
8
ShapeString
10
1958.261906
20
351.435385
70
0
0
VERTEX
8
ShapeString
10
1960.467221
20
351.142792
70
0
0
VERTEX
8
ShapeString
10
1962.754299
20
351.299110
70
0
0
VERTEX
8
ShapeString
10
1964.964383
20
351.907956
70
0
0
VERTEX
8
ShapeString
10
1966.948842
20
352.913413
70
0
0
VERTEX
8
ShapeString
10
1968.670501
20
354.263214
70
0
0
VERTEX
8
ShapeString
10
1970.092182
20
355.905091
70
0
0
VERTEX
8
ShapeString
10
1971.176709
20
357.786776
70
0
0
VERTEX
8
ShapeString
10
1971.886905
20
359.856001
70
0
0
VERTEX
8
ShapeString
10
1972.185595
20
362.060498
70
0
0
VERTEX
8
ShapeString
10
1972.035600
20
364.348000
70
0
0
VERTEX
8
ShapeString
10
1972.035600
20
364.348000
70
0
0
SEQEND
8
ShapeString
0
POLYLINE
8
ShapeString
62
7
70
0
10
0.000000
20
0.000000
66
1
0
VERTEX
8
ShapeString
10
1938.209700
20
1284.757900
70
0
0
VERTEX
8
ShapeString
10
1937.598172
20
1286.970594
70
0
0
VERTEX
8
ShapeString
10
1936.589193
20
1288.956574
70
0
0
VERTEX
8
ShapeString
10
1935.235304
20
1290.678604
70
0
0
VERTEX
8
ShapeString
10
1933.589047
20
1292.099450
70
0
0
VERTEX
8
ShapeString
10
1931.702961
20
1293.181878
70
0
0
VERTEX
8
ShapeString
10
1929.629590
20
1293.888653
70
0
0
VERTEX
8
ShapeString
10
1927.421472
20
1294.182541
70
0
0
VERTEX
8
ShapeString
10
1925.131150
20
1294.026307
70
0
0
VERTEX
8
ShapeString
10
1922.918038
20
1293.416293
70
0
0
VERTEX
8
ShapeString
10
1920.931369
20
1292.408673
70
0
0
VERTEX
8
ShapeString
10
1919.208414
20
1291.055962
70
0
0
VERTEX
8
ShapeString
10
1917.786442
20
1289.410676
70
0
0
VERTEX
8
ShapeString
10
1916.702724
20
1287.525332
70
0
0
VERTEX
8
ShapeString
10
1915.994531
20
1285.452444
70
0
0
VERTEX
8
ShapeString
10
1915.699133
20
1283.244528
70
0
0
VERTEX
8
ShapeString
10
1915.853800
20
1280.954100
70
0
0
VERTEX
8
ShapeString
10
1916.465328
20
1278.741406
70
0
0
VERTEX
8
ShapeString
10
1917.474307
20
1276.755426
70
0
0
VERTEX
8
ShapeString
10
1918.828196
20
1275.033396
70
0
0
VERTEX
8
ShapeString
10
1920.474453
20
1273.612550
70
0
0
VERTEX
8
ShapeString
10
1922.360539
20
1272.530122
70
0
0
VERTEX
8
ShapeString
10
1924.433910
20
1271.823347
70
0
0
VERTEX
8
ShapeString
10
1926.642028
20
1271.529459
70
0
0
VERTEX
8
ShapeString
10
1928.932350
20
1271.685693
70
0
0
VERTEX
8
ShapeString
10
1931.145462
20
1272.295707
70
0
0
VERTEX
8
ShapeString
10
1933.132131
20
1273.303327
70
0
0
VERTEX
8
ShapeString
10
1934.855086
20
1274.656038
70
0
0
VERTEX
8
ShapeString
10
1936.277058
20
1276.301324
70
0
0
VERTEX
8
ShapeString
10
1937.360776
20
1278.186668
70
0
0
VERTEX
8
ShapeString
10
1938.068969
20
1280.259556
70
0
0
VERTEX
8
ShapeString
10
1938.364367
20
1282.467472
70
0
0
VERTEX
8
ShapeString
10
1938.209700
20
1284.757900
70
0
0
VERTEX
8
ShapeString
10
1938.209700
20
1284.757900
70
0
0
SEQEND
8
ShapeString
0
POLYLINE
8
ShapeString
62
7
70
0
10
0.000000
20
0.000000
66
1
0
VERTEX
8
ShapeString
10
2046.226000
20
3083.735300
70
0
0
VERTEX
8
ShapeString
10
2045.613306
20
3085.946527
70
0
0
VERTEX
8
ShapeString
10
2044.603661
20
3087.931038
70
0
0
VERTEX
8
ShapeString
10
2043.249548
20
3089.651667
70
0
0
VERTEX
8
ShapeString
10
2041.603449
20
3091.071251
70
0
0
VERTEX
8
ShapeString
10
2039.717847
20
3092.152622
70
0
0
VERTEX
8
ShapeString
10
2037.645226
20
3092.858617
70
0
0
VERTEX
8
ShapeString
10
2035.438066
20
3093.152069
70
0
0
VERTEX
8
ShapeString
10
2033.148852
20
3092.995813
70
0
0
VERTEX
8
ShapeString
10
2030.936772
20
3092.386205
70
0
0
VERTEX
8
ShapeString
10
2028.950855
20
3091.379330
70
0
0
VERTEX
8
ShapeString
10
2027.228337
20
3090.027619
70
0
0
VERTEX
8
ShapeString
10
2025.806458
20
3088.383503
70
0
0
VERTEX
8
ShapeString
10
2024.722457
20
3086.499412
70
0
0
VERTEX
8
ShapeString
10
2024.013571
20
3084.427778
70
0
0
VERTEX
8
ShapeString
10
2023.717039
20
3082.221030
70
0
0
VERTEX
8
ShapeString
10
2023.870100
20
3079.931600
70
0
0
VERTEX
8
ShapeString
10
2024.482794
20
3077.720373
70
0
0
VERTEX
8
ShapeString
10
2025.492439
20
3075.735862
70
0
0
VERTEX
8
ShapeString
10
2026.846552
20
3074.015233
70
0
0
VERTEX
8
ShapeString
10
2028.492651
20
3072.595649
70
0
0
VERTEX
8
ShapeString
10
2030.378253
20
3071.514278
70
0
0
VERTEX
8
ShapeString
10
2032.450874
20
3070.808283
70
0
0
VERTEX
8
ShapeString
10
2034.658034
20
3070.514831
70
0
0
VERTEX
8
ShapeString
10
2036.947248
20
3070.671087
70
0
0
VERTEX
8
ShapeString
10
2039.159328
20
3071.280695
70
0
0
VERTEX
8
ShapeString
10
2041.145245
20
3072.287570
70
0
0
VERTEX
8
ShapeString
10
2042.867763
20
3073.639281
70
0
0
VERTEX
8
ShapeString
10
2044.289642
20
3075.283397
70
0
0
VERTEX
8
ShapeString
10
2045.373643
20
3077.167488
70
0
0
VERTEX
8
ShapeString
10
2046.082529
20
3079.239122
70
0
0
VERTEX
8
ShapeString
10
2046.379061
20
3081.445870
70
0
0
VERTEX
8
ShapeString
10
2046.226000
20
3083.735300
70
0
0
VERTEX
8
ShapeString
10
2046.226000
20
3083.735300
70
0
0
SEQEND
8
ShapeString
0
POLYLINE
8
ShapeString
62
7
70
0
10
0.000000
20
0.000000
66
1
0
VERTEX
8
ShapeString
10
1649.186600
20
3207.048500
70
0
0
VERTEX
8
ShapeString
10
1648.836375
20
3208.512401
70
0
0
VERTEX
8
ShapeString
10
1648.303431
20
3209.899189
70
0
0
VERTEX
8
ShapeString
10
1647.599943
20
3211.194175
70
0
0
VERTEX
8
ShapeString
10
1646.738088
20
3212.382669
70
0
0
VERTEX
8
ShapeString
10
1645.730044
20
3213.449981
70
0
0
VERTEX
8
ShapeString
10
1644.587985
20
3214.381423
70
0
0
VERTEX
8
ShapeString
10
1643.324089
20
3215.162305
70
0
0
VERTEX
8
ShapeString
10
1641.950531
20
3215.777938
70
0
0
VERTEX
8
ShapeString
10
1640.507643
20
3216.206585
70
0
0
VERTEX
8
ShapeString
10
1639.040177
20
3216.438436
70
0
0
VERTEX
8
ShapeString
10
1637.566943
20
3216.476691
70
0
0
VERTEX
8
ShapeString
10
1636.106750
20
3216.324550
70
0
0
VERTEX
8
ShapeString
10
1634.678408
20
3215.985214
70
0
0
VERTEX
8
ShapeString
10
1633.300726
20
3215.461883
70
0
0
VERTEX
8
ShapeString
10
1631.992514
20
3214.757758
70
0
0
VERTEX
8
ShapeString
10
1630.772582
20
3213.876038
70
0
0
VERTEX
8
ShapeString
10
1629.679918
20
3212.840784
70
0
0
VERTEX
8
ShapeString
10
1628.745397
20
3211.685847
70
0
0
VERTEX
8
ShapeString
10
1627.975650
20
3210.429116
70
0
0
VERTEX
8
ShapeString
10
1627.377312
20
3209.088481
70
0
0
VERTEX
8
ShapeString
10
1626.957014
20
3207.681833
70
0
0
VERTEX
8
ShapeString
10
1626.721391
20
3206.227060
70
0
0
VERTEX
8
ShapeString
10
1626.677075
20
3204.742052
70
0
0
VERTEX
8
ShapeString
10
1626.830700
20
3203.244700
70
0
0
VERTEX
8
ShapeString
10
1627.180925
20
3201.780799
70
0
0
VERTEX
8
ShapeString
10
1627.713870
20
3200.394011
70
0
0
VERTEX
8
ShapeString
10
1628.417357
20
3199.099025
70
0
0
VERTEX
8
ShapeString
10
1629.279212
20
3197.910532
70
0
0
VERTEX
8
ShapeString
10
1630.287257
20
3196.843219
70
0
0
VERTEX
8
ShapeString
10
1631.429315
20
3195.911777
70
0
0
VERTEX
8
ShapeString
10
1632.693212
20
3195.130895
70
0
0
VERTEX
8
ShapeString
10
1634.066769
20
3194.515262
70
0
0
VERTEX
8
ShapeString
10
1635.509657
20
3194.086615
70
0
0
VERTEX
8
ShapeString
10
1636.977123
20
3193.854764
70
0
0
VERTEX
8
ShapeString
10
1638.450357
20
3193.816509
70
0
0
VERTEX
8
ShapeString
10
1639.910550
20
3193.968650
70
0
0
VERTEX
8
ShapeString
10
1641.338892
20
3194.307986
70
0
0
VERTEX
8
ShapeString
10
1642.716574
20
3194.831317
70
0
0
VERTEX
8
ShapeString
10
1644.024786
20
3195.535442
70
0
0
VERTEX
8
ShapeString
10
1645.244719
20
3196.417162
70
0
0
VERTEX
8
ShapeString
10
1646.337382
20
3197.452416
70
0
0
VERTEX
8
ShapeString
10
1647.271903
20
3198.607353
70
0
0
VERTEX
8
ShapeString
10
1648.041650
20
3199.864084
70
0
0
VERTEX
8
ShapeString
10
1648.639989
20
3201.204719
70
0
0
VERTEX
8
ShapeString
10
1649.060286
20
3202.611368
70
0
0
VERTEX
8
ShapeString
10
1649.295909
20
3204.066140
70
0
0
VERTEX
8
ShapeString
10
1649.340225
20
3205.551148
70
0
0
VERTEX
8
ShapeString
10
1649.186600
20
3207.048500
70
0
0
VERTEX
8
ShapeString
10
1649.186600
20
3207.048500
70
0
0
SEQEND
8
ShapeString
0
POLYLINE
8
ShapeString
62
7
70
0
10
0.000000
20
0.000000
66
1
0
VERTEX
8
ShapeString
10
1756.257600
20
1280.267400
70
0
0
VERTEX
8
ShapeString
10
1755.319226
20
1285.038570
70
0
0
VERTEX
8
ShapeString
10
1754.153206
20
1289.706216
70
0
0
VERTEX
8
ShapeString
10
1752.766384
20
1294.265487
70
0
0
VERTEX
8
ShapeString
10
1751.165605
20
1298.711530
70
0
0
VERTEX
8
ShapeString
10
1749.357714
20
1303.039493
70
0
0
VERTEX
8
ShapeString
10
1747.349553
20
1307.244525
70
0
0
VERTEX
8
ShapeString
10
1745.147969
20
1311.321774
70
0
0
VERTEX
8
ShapeString
10
1742.759805
20
1315.266387
70
0
0
VERTEX
8
ShapeString
10
1740.191906
20
1319.073513
70
0
0
VERTEX
8
ShapeString
10
1737.451115
20
1322.738300
70
0
0
VERTEX
8
ShapeString
10
1734.544278
20
1326.255896
70
0
0
VERTEX
8
ShapeString
10
1731.478239
20
1329.621448
70
0
0
VERTEX
8
ShapeString
10
1728.259843
20
1332.830105
70
0
0
VERTEX
8
ShapeString
10
1724.895932
20
1335.877016
70
0
0
VERTEX
8
ShapeString
10
1721.393353
20
1338.757327
70
0
0
VERTEX
8
ShapeString
10
1717.758949
20
1341.466187
70
0
0
VERTEX
8
ShapeString
10
1713.999565
20
1343.998745
70
0
0
VERTEX
8
ShapeString
10
1710.122046
20
1346.350147
70
0
0
VERTEX
8
ShapeString
10
1706.133234
20
1348.515543
70
0
0
VERTEX
8
ShapeString
10
1702.039976
20
1350.490080
70
0
0
VERTEX
8
ShapeString
10
1697.849115
20
1352.268906
70
0
0
VERTEX
8
ShapeString
10
1693.567496
20
1353.847170
70
0
0
VERTEX
8
ShapeString
10
1689.201963
20
1355.220019
70
0
0
VERTEX
8
ShapeString
10
1684.759360
20
1356.382601
70
0
0
VERTEX
8
ShapeString
10
1680.246532
20
1357.330065
70
0
0
VERTEX
8
ShapeString
10
1675.670324
20
1358.057558
70
0
0
VERTEX
8
ShapeString
10
1671.037579
20
1358.560229
70
0
0
VERTEX
8
ShapeString
10
1666.355142
20
1358.833226
70
0
0
VERTEX
8
ShapeString
10
1661.629858
20
1358.871696
70
0
0
VERTEX
8
ShapeString
10
1656.868571
20
1358.670788
70
0
0
VERTEX
8
ShapeString
10
1652.078124
20
1358.225650
70
0
0
VERTEX
8
ShapeString
10
1647.265364
20
1357.531430
70
0
0
VERTEX
8
ShapeString
10
1642.493826
20
1356.594927
70
0
0
VERTEX
8
ShapeString
10
1637.825723
20
1355.430737
70
0
0
VERTEX
8
ShapeString
10
1633.265909
20
1354.045703
70
0
0
VERTEX
8
ShapeString
10
1628.819239
20
1352.446668
70
0
0
VERTEX
8
ShapeString
10
1624.490567
20
1350.640474
70
0
0
VERTEX
8
ShapeString
10
1620.284748
20
1348.633963
70
0
0
VERTEX
8
ShapeString
10
1616.206636
20
1346.433977
70
0
0
VERTEX
8
ShapeString
10
1612.261086
20
1344.047360
70
0
0
VERTEX
8
ShapeString
10
1608.452954
20
1341.480954
70
0
0
VERTEX
8
ShapeString
10
1604.787092
20
1338.741601
70
0
0
VERTEX
8
ShapeString
10
1601.268357
20
1335.836144
70
0
0
VERTEX
8
ShapeString
10
1597.901603
20
1332.771425
70
0
0
VERTEX
8
ShapeString
10
1594.691684
20
1329.554286
70
0
0
VERTEX
8
ShapeString
10
1591.643454
20
1326.191571
70
0
0
VERTEX
8
ShapeString
10
1588.761770
20
1322.690122
70
0
0
VERTEX
8
ShapeString
10
1586.051485
20
1319.056780
70
0
0
VERTEX
8
ShapeString
10
1583.517453
20
1315.298390
70
0
0
VERTEX
8
ShapeString
10
1581.164530
20
1311.421792
70
0
0
VERTEX
8
ShapeString
10
1578.997571
20
1307.433831
70
0
0
VERTEX
8
ShapeString
10
1577.021429
20
1303.341347
70
0
0
VERTEX
8
ShapeString
10
1575.240959
20
1299.151184
70
0
0
VERTEX
8
ShapeString
10
1573.661017
20
1294.870184
70
0
0
VERTEX
8
ShapeString
10
1572.286456
20
1290.505189
70
0
0
VERTEX
8
ShapeString
10
1571.122131
20
1286.063043
70
0
0
VERTEX
8
ShapeString
10
1570.172898
20
1281.550587
70
0
0
VERTEX
8
ShapeString
10
1569.443610
20
1276.974664
70
0
0
VERTEX
8
ShapeString
10
1568.939122
20
1272.342117
70
0
0
VERTEX
8
ShapeString
10
1568.664290
20
1267.659788
70
0
0
VERTEX
8
ShapeString
10
1568.623966
20
1262.934519
70
0
0
VERTEX
8
ShapeString
10
1568.823007
20
1258.173153
70
0
0
VERTEX
8
ShapeString
10
1569.266267
20
1253.382532
70
0
0
VERTEX
8
ShapeString
10
1569.958600
20
1248.569500
70
0
0
VERTEX
8
ShapeString
10
1570.896974
20
1243.798330
70
0
0
VERTEX
8
ShapeString
10
1572.062994
20
1239.130684
70
0
0
VERTEX
8
ShapeString
10
1573.449816
20
1234.571413
70
0
0
VERTEX
8
ShapeString
10
1575.050595
20
1230.125370
70
0
0
VERTEX
8
ShapeString
10
1576.858486
20
1225.797407
70
0
0
VERTEX
8
ShapeString
10
1578.866647
20
1221.592375
70
0
0
VERTEX
8
ShapeString
10
1581.068231
20
1217.515126
70
0
0
VERTEX
8
ShapeString
10
1583.456395
20
1213.570513
70
0
0
VERTEX
8
ShapeString
10
1586.024294
20
1209.763387
70
0
0
VERTEX
8
ShapeString
10
1588.765085
20
1206.098600
70
0
0
VERTEX
8
ShapeString
10
1591.671922
20
1202.581004
70
0
0
VERTEX
8
ShapeString
10
1594.737961
20
1199.215452
70
0
0
VERTEX
8
ShapeString
10
1597.956357
20
1196.006795
70
0
0
VERTEX
8
ShapeString
10
1601.320268
20
1192.959884
70
0
0
VERTEX
8
ShapeString
10
1604.822847
20
1190.079573
70
0
0
VERTEX
8
ShapeString
10
1608.457251
20
1187.370713
70
0
0
VERTEX
8
ShapeString
10
1612.216635
20
1184.838155
70
0
0
VERTEX
8
ShapeString
10
1616.094154
20
1182.486753
70
0
0
VERTEX
8
ShapeString
10
1620.082966
20
1180.321357
70
0
0
VERTEX
8
ShapeString
10
1624.176224
20
1178.346820
70
0
0
VERTEX
8
ShapeString
10
1628.367085
20
1176.567994
70
0
0
VERTEX
8
ShapeString
10
1632.648704
20
1174.989730
70
0
0
VERTEX
8
ShapeString
10
1637.014237
20
1173.616881
70
0
0
VERTEX
8
ShapeString
10
1641.456840
20
1172.454299
70
0
0
VERTEX
8
ShapeString
10
1645.969668
20
1171.506835
70
0
0
VERTEX
8
ShapeString
10
1650.545876
20
1170.779342
70
0
0
VERTEX
8
ShapeString
10
1655.178621
20
1170.276671
70
0
0
VERTEX
8
ShapeString
10
1659.861058
20
1170.003674
70
0
0
VERTEX
8
ShapeString
10
1664.586342
20
1169.965204
70
0
0
VERTEX
8
ShapeString
10
1669.347629
20
1170.166112
70
0
0
VERTEX
8
ShapeString
10
1674.138076
20
1170.611250
70
0
0
VERTEX
8
ShapeString
10
1678.950836
20
1171.305470
70
0
0
VERTEX
8
ShapeString
10
1683.722374
20
1172.241973
70
0
0
VERTEX
8
ShapeString
10
1688.390477
20
1173.406163
70
0
0
VERTEX
8
ShapeString
10
1692.950291
20
1174.791197
70
0
0
VERTEX
8
ShapeString
10
1697.396961
20
1176.390232
70
0
0
VERTEX
8
ShapeString
10
1701.725633
20
1178.196426
70
0
0
VERTEX
8
ShapeString
10
1705.931452
20
1180.202937
70
0
0
VERTEX
8
ShapeString
10
1710.009564
20
1182.402923
70
0
0
VERTEX
8
ShapeString
10
1713.955114
20
1184.789540
70
0
0
VERTEX
8
ShapeString
10
1717.763246
20
1187.355946
70
0
0
VERTEX
8
ShapeString
10
1721.429108
20
1190.095299
70
0
0
VERTEX
8
ShapeString
10
1724.947843
20
1193.000756
70
0
0
VERTEX
8
ShapeString
10
1728.314597
20
1196.065475
70
0
0
VERTEX
8
ShapeString
10
1731.524516
20
1199.282614
70
0
0
VERTEX
8
ShapeString
10
1734.572746
20
1202.645329
70
0
0
VERTEX
8
ShapeString
10
1737.454430
20
1206.146778
70
0
0
VERTEX
8
ShapeString
10
1740.164715
20
1209.780120
70
0
0
VERTEX
8
ShapeString
10
1742.698747
20
1213.538510
70
0
0
VERTEX
8
ShapeString
10
1745.051670
20
1217.415108
70
0
0
VERTEX
8
ShapeString
10
1747.218629
20
1221.403069
70
0
0
VERTEX
8
ShapeString
10
1749.194771
20
1225.495553
70
0
0
VERTEX
8
ShapeString
10
1750.975241
20
1229.685716
70
0
0
VERTEX
8
ShapeString
10
1752.555183
20
1233.966716
70
0
0
VERTEX
8
ShapeString
10
1753.929744
20
1238.331711
70
0
0
VERTEX
8
ShapeString
10
1755.094069
20
1242.773857
70
0
0
VERTEX
8
ShapeString
10
1756.043302
20
1247.286313
70
0
0
VERTEX
8
ShapeString
10
1756.772590
20
1251.862236
70
0
0
VERTEX
8
ShapeString
10
1757.277078
20
1256.494783
70
0
0
VERTEX
8
ShapeString
10
1757.551910
20
1261.177112
70
0
0
VERTEX
8
ShapeString
10
1757.592234
20
1265.902381
70
0
0
VERTEX
8
ShapeString
10
1757.393193
20
1270.663747
70
0
0
VERTEX
8
ShapeString
10
1756.949933
20
1275.454368
70
0
0
VERTEX
8
ShapeString
10
1756.257600
20
1280.267400
70
0
0
VERTEX
8
ShapeString
10
1756.257600
20
1280.267400
70
0
0
SEQEND
8
ShapeString
0
POLYLINE
8
ShapeString
62
7
70
0
10
0.000000
20
0.000000
66
1
0
VERTEX
8
ShapeString
10
1929.677900
20
3159.339000
70
0
0
VERTEX
8
ShapeString
10
1928.415316
20
3165.511259
70
0
0
VERTEX
8
ShapeString
10
1926.759382
20
3171.538167
70
0
0
VERTEX
8
ShapeString
10
1924.722783
20
3177.404424
70
0
0
VERTEX
8
ShapeString
10
1922.318202
20
3183.094728
70
0
0
VERTEX
8
ShapeString
10
1919.558323
20
3188.593778
70
0
0
VERTEX
8
ShapeString
10
1916.455829
20
3193.886272
70
0
0
VERTEX
8
ShapeString
10
1913.023405
20
3198.956908
70
0
0
VERTEX
8
ShapeString
10
1909.273733
20
3203.790387
70
0
0
VERTEX
8
ShapeString
10
1905.219498
20
3208.371405
70
0
0
VERTEX
8
ShapeString
10
1900.873384
20
3212.684661
70
0
0
VERTEX
8
ShapeString
10
1896.248074
20
3216.714855
70
0
0
VERTEX
8
ShapeString
10
1891.356251
20
3220.446685
70
0
0
VERTEX
8
ShapeString
10
1886.210600
20
3223.864849
70
0
0
VERTEX
8
ShapeString
10
1880.823804
20
3226.954046
70
0
0
VERTEX
8
ShapeString
10
1875.208548
20
3229.698974
70
0
0
VERTEX
8
ShapeString
10
1869.377513
20
3232.084333
70
0
0
VERTEX
8
ShapeString
10
1863.400888
20
3234.077033
70
0
0
VERTEX
8
ShapeString
10
1857.353466
20
3235.656406
70
0
0
VERTEX
8
ShapeString
10
1851.254839
20
3236.825788
70
0
0
VERTEX
8
ShapeString
10
1845.124600
20
3237.588512
70
0
0
VERTEX
8
ShapeString
10
1838.982344
20
3237.947911
70
0
0
VERTEX
8
ShapeString
10
1832.847663
20
3237.907320
70
0
0
VERTEX
8
ShapeString
10
1826.740151
20
3237.470072
70
0
0
VERTEX
8
ShapeString
10
1820.679400
20
3236.639500
70
0
0
VERTEX
8
ShapeString
10
1814.685005
20
3235.418939
70
0
0
VERTEX
8
ShapeString
10
1808.776558
20
3233.811721
70
0
0
VERTEX
8
ShapeString
10
1802.973652
20
3231.821182
70
0
0
VERTEX
8
ShapeString
10
1797.295882
20
3229.450654
70
0
0
VERTEX
8
ShapeString
10
1791.762839
20
3226.703472
70
0
0
VERTEX
8
ShapeString
10
1786.394118
20
3223.582968
70
0
0
VERTEX
8
ShapeString
10
1781.209312
20
3220.092478
70
0
0
VERTEX
8
ShapeString
10
1776.228013
20
3216.235333
70
0
0
VERTEX
8
ShapeString
10
1771.513973
20
3212.055774
70
0
0
VERTEX
8
ShapeString
10
1767.122484
20
3207.608239
70
0
0
VERTEX
8
ShapeString
10
1763.060456
20
3202.911364
70
0
0
VERTEX
8
ShapeString
10
1759.334798
20
3197.983784
70
0
0
VERTEX
8
ShapeString
10
1755.952421
20
3192.844133
70
0
0
VERTEX
8
ShapeString
10
1752.920234
20
3187.511048
70
0
0
VERTEX
8
ShapeString
10
1750.245146
20
3182.003163
70
0
0
VERTEX
8
ShapeString
10
1747.934067
20
3176.339113
70
0
0
VERTEX
8
ShapeString
10
1745.993906
20
3170.537534
70
0
0
VERTEX
8
ShapeString
10
1744.431573
20
3164.617060
70
0
0
VERTEX
8
ShapeString
10
1743.253978
20
3158.596327
70
0
0
VERTEX
8
ShapeString
10
1742.468030
20
3152.493970
70
0
0
VERTEX
8
ShapeString
10
1742.080639
20
3146.328623
70
0
0
VERTEX
8
ShapeString
10
1742.098714
20
3140.118923
70
0
0
VERTEX
8
ShapeString
10
1742.529164
20
3133.883503
70
0
0
VERTEX
8
ShapeString
10
1743.378900
20
3127.641000
70
0
0
VERTEX
8
ShapeString
10
1744.641484
20
3121.468741
70
0
0
VERTEX
8
ShapeString
10
1746.297418
20
3115.441833
70
0
0
VERTEX
8
ShapeString
10
1748.334017
20
3109.575576
70
0
0
VERTEX
8
ShapeString
10
1750.738598
20
3103.885272
70
0
0
VERTEX
8
ShapeString
10
1753.498477
20
3098.386222
70
0
0
VERTEX
8
ShapeString
10
1756.600971
20
3093.093728
70
0
0
VERTEX
8
ShapeString
10
1760.033395
20
3088.023092
70
0
0
VERTEX
8
ShapeString
10
1763.783067
20
3083.189613
70
0
0
VERTEX
8
ShapeString
10
1767.837302
20
3078.608595
70
0
0
VERTEX
8
ShapeString
10
1772.183416
20
3074.295339
70
0
0
VERTEX
8
ShapeString
10
1776.808726
20
3070.265145
70
0
0
VERTEX
8
ShapeString
10
1781.700549
20
3066.533315
70
0
0
VERTEX
8
ShapeString
10
1786.846200
20
3063.115151
70
0
0
VERTEX
8
ShapeString
10
1792.232996
20
3060.025954
70
0
0
VERTEX
8
ShapeString
10
1797.848253
20
3057.281026
70
0
0
VERTEX
8
ShapeString
10
1803.679287
20
3054.895667
70
0
0
VERTEX
8
ShapeString
10
1809.655912
20
3052.902967
70
0
0
VERTEX
8
ShapeString
10
1815.703334
20
3051.323594
70
0
0
VERTEX
8
ShapeString
10
1821.801962
20
3050.154212
70
0
0
VERTEX
8
ShapeString
10
1827.932200
20
3049.391488
70
0
0
VERTEX
8
ShapeString
10
1834.074456
20
3049.032089
70
0
0
VERTEX
8
ShapeString
10
1840.209137
20
3049.072680
70
0
0
VERTEX
8
ShapeString
10
1846.316650
20
3049.509928
70
0
0
VERTEX
8
ShapeString
10
1852.377400
20
3050.340500
70
0
0
VERTEX
8
ShapeString
10
1858.371796
20
3051.561061
70
0
0
VERTEX
8
ShapeString
10
1864.280243
20
3053.168279
70
0
0
VERTEX
8
ShapeString
10
1870.083148
20
3055.158818
70
0
0
VERTEX
8
ShapeString
10
1875.760919
20
3057.529346
70
0
0
VERTEX
8
ShapeString
10
1881.293961
20
3060.276528
70
0
0
VERTEX
8
ShapeString
10
1886.662682
20
3063.397032
70
0
0
VERTEX
8
ShapeString
10
1891.847488
20
3066.887522
70
0
0
VERTEX
8
ShapeString
10
1896.828787
20
3070.744667
70
0
0
VERTEX
8
ShapeString
10
1901.542827
20
3074.924226
70
0
0
VERTEX
8
ShapeString
10
1905.934317
20
3079.371761
70
0
0
VERTEX
8
ShapeString
10
1909.996345
20
3084.068636
70
0
0
VERTEX
8
ShapeString
10
1913.722002
20
3088.996216
70
0
0
VERTEX
8
ShapeString
10
1917.104379
20
3094.135867
70
0
0
VERTEX
8
ShapeString
10
1920.136566
20
3099.468952
70
0
0
VERTEX
8
ShapeString
10
1922.811654
20
3104.976837
70
0
0
VERTEX
8
ShapeString
10
1925.122733
20
3110.640887
70
0
0
VERTEX
8
ShapeString
10
1927.062894
20
3116.442466
70
0
0
VERTEX
8
ShapeString
10
1928.625227
20
3122.362940
70
0
0
VERTEX
8
ShapeString
10
1929.802822
20
3128.383673
70
0
0
VERTEX
8
ShapeString
10
1930.588770
20
3134.486030
70
0
0
VERTEX
8
ShapeString
10
1930.976161
20
3140.651377
70
0
0
VERTEX
8
ShapeString
10
1930.958086
20
3146.861077
70
0
0
VERTEX
8
ShapeString
10
1930.527636
20
3153.096497
70
0
0
VERTEX
8
ShapeString
10
1929.677900
20
3159.339000
70
0
0
VERTEX
8
ShapeString
10
1929.677900
20
3159.339000
70
0
0
SEQEND
8
ShapeString
0
POLYLINE
8
ShapeString
62
7
70
0
10
0.000000
20
0.000000
66
1
0
VERTEX
8
ShapeString
10
1926.068000
20
172.950500
70
0
0
VERTEX
8
ShapeString
10
1919.147155
20
176.206183
70
0
0
VERTEX
8
ShapeString
10
1912.146596
20
179.162289
70
0
0
VERTEX
8
ShapeString
10
1905.074791
20
181.820257
70
0
0
VERTEX
8
ShapeString
10
1897.940207
20
184.181529
70
0
0
VERTEX
8
ShapeString
10
1890.751311
20
186.247545
70
0
0
VERTEX
8
ShapeString
10
1883.516570
20
188.019745
70
0
0
VERTEX
8
ShapeString
10
1876.244451
20
189.499571
70
0
0
VERTEX
8
ShapeString
10
1868.943423
20
190.688463
70
0
0
VERTEX
8
ShapeString
10
1861.621951
20
191.587861
70
0
0
VERTEX
8
ShapeString
10
1854.288504
20
192.199207
70
0
0
VERTEX
8
ShapeString
10
1846.951548
20
192.523941
70
0
0
VERTEX
8
ShapeString
10
1839.619551
20
192.563504
70
0
0
VERTEX
8
ShapeString
10
1832.300981
20
192.319336
70
0
0
VERTEX
8
ShapeString
10
1825.004303
20
191.792878
70
0
0
VERTEX
8
ShapeString
10
1817.737985
20
190.985571
70
0
0
VERTEX
8
ShapeString
10
1810.510496
20
189.898855
70
0
0
VERTEX
8
ShapeString
10
1803.330301
20
188.534171
70
0
0
VERTEX
8
ShapeString
10
1796.205869
20
186.892959
70
0
0
VERTEX
8
ShapeString
10
1789.145666
20
184.976661
70
0
0
VERTEX
8
ShapeString
10
1782.158160
20
182.786717
70
0
0
VERTEX
8
ShapeString
10
1775.251817
20
180.324568
70
0
0
VERTEX
8
ShapeString
10
1768.435106
20
177.591654
70
0
0
VERTEX
8
ShapeString
10
1761.716493
20
174.589416
70
0
0
VERTEX
8
ShapeString
10
1755.104446
20
171.319294
70
0
0
VERTEX
8
ShapeString
10
1748.607432
20
167.782730
70
0
0
VERTEX
8
ShapeString
10
1742.233917
20
163.981164
70
0
0
VERTEX
8
ShapeString
10
1735.992371
20
159.916036
70
0
0
VERTEX
8
ShapeString
10
1729.891258
20
155.588788
70
0
0
VERTEX
8
ShapeString
10
1723.939048
20
151.000859
70
0
0
VERTEX
8
ShapeString
10
1718.144207
20
146.153691
70
0
0
VERTEX
8
ShapeString
10
1712.515201
20
141.048725
70
0
0
VERTEX
8
ShapeString
10
1707.060500
20
135.687400
70
0
0
SEQEND
8
ShapeString
0
POLYLINE
8
ShapeString
62
7
70
0
10
0.000000
20
0.000000
66
1
0
VERTEX
8
ShapeString
10
1926.070900
20
172.950400
70
0
0
VERTEX
8
ShapeString
10
2269.647400
20
866.790500
70
0
0
SEQEND
8
ShapeString
0
POLYLINE
8
ShapeString
62
7
70
0
10
0.000000
20
0.000000
66
1
0
VERTEX
8
ShapeString
10
1964.735100
20
1285.490000
70
0
0
VERTEX
8
ShapeString
10
1965.422687
20
1276.767568
70
0
0
VERTEX
8
ShapeString
10
1966.263515
20
1268.081637
70
0
0
VERTEX
8
ShapeString
10
1967.256433
20
1259.433792
70
0
0
VERTEX
8
ShapeString
10
1968.400287
20
1250.825614
70
0
0
VERTEX
8
ShapeString
10
1969.693924
20
1242.258687
70
0
0
VERTEX
8
ShapeString
10
1971.136193
20
1233.734594
70
0
0
VERTEX
8
ShapeString
10
1972.725940
20
1225.254918
70
0
0
VERTEX
8
ShapeString
10
1974.462012
20
1216.821241
70
0
0
VERTEX
8
ShapeString
10
1976.343256
20
1208.435147
70
0
0
VERTEX
8
ShapeString
10
1978.368521
20
1200.098218
70
0
0
VERTEX
8
ShapeString
10
1980.536652
20
1191.812038
70
0
0
VERTEX
8
ShapeString
10
1982.846498
20
1183.578189
70
0
0
VERTEX
8
ShapeString
10
1987.886721
20
1167.273817
70
0
0
VERTEX
8
ShapeString
10
1993.479968
20
1151.197766
70
0
0
VERTEX
8
ShapeString
10
1999.617018
20
1135.362699
70
0
0
VERTEX
8
ShapeString
10
2006.288646
20
1119.781280
70
0
0
VERTEX
8
ShapeString
10
2013.485633
20
1104.466172
70
0
0
VERTEX
8
ShapeString
10
2021.198755
20
1089.430039
70
0
0
VERTEX
8
ShapeString
10
2029.418790
20
1074.685544
70
0
0
VERTEX
8
ShapeString
10
2038.136517
20
1060.245352
70
0
0
VERTEX
8
ShapeString
10
2047.342713
20
1046.122124
70
0
0
VERTEX
8
ShapeString
10
2057.028156
20
1032.328526
70
0
0
VERTEX
8
ShapeString
10
2067.183624
20
1018.877220
70
0
0
VERTEX
8
ShapeString
10
2077.799895
20
1005.780869
70
0
0
VERTEX
8
ShapeString
10
2088.867746
20
993.052138
70
0
0
VERTEX
8
ShapeString
10
2100.377956
20
980.703690
70
0
0
VERTEX
8
ShapeString
10
2112.321303
20
968.748189
70
0
0
VERTEX
8
ShapeString
10
2124.688564
20
957.198297
70
0
0
VERTEX
8
ShapeString
10
2137.470517
20
946.066679
70
0
0
VERTEX
8
ShapeString
10
2150.657941
20
935.365998
70
0
0
VERTEX
8
ShapeString
10
2164.241612
20
925.108917
70
0
0
VERTEX
8
ShapeString
10
2178.212309
20
915.308100
70
0
0
VERTEX
8
ShapeString
10
2185.339911
20
910.582748
70
0
0
VERTEX
8
ShapeString
10
2192.560811
20
905.976211
70
0
0
VERTEX
8
ShapeString
10
2199.873856
20
901.490072
70
0
0
VERTEX
8
ShapeString
10
2207.277894
20
897.125913
70
0
0
VERTEX
8
ShapeString
10
2214.771771
20
892.885318
70
0
0
VERTEX
8
ShapeString
10
2222.354336
20
888.769869
70
0
0
VERTEX
8
ShapeString
10
2230.024435
20
884.781150
70
0
0
VERTEX
8
ShapeString
10
2237.780916
20
880.920743
70
0
0
VERTEX
8
ShapeString
10
2245.622626
20
877.190232
70
0
0
VERTEX
8
ShapeString
10
2253.548411
20
873.591199
70
0
0
VERTEX
8
ShapeString
10
2261.557120
20
870.125227
70
0
0
VERTEX
8
ShapeString
10
2269.647600
20
866.793900
70
0
0
SEQEND
8
ShapeString
0
POLYLINE
8
ShapeString
62
7
70
0
10
0.000000
20
0.000000
66
1
0
VERTEX
8
ShapeString
10
2384.477800
20
3747.746300
70
0
0
VERTEX
8
ShapeString
10
2363.145387
20
3713.276674
70
0
0
VERTEX
8
ShapeString
10
2342.266373
20
3678.588366
70
0
0
VERTEX
8
ShapeString
10
2321.841513
20
3643.685807
70
0
0
VERTEX
8
ShapeString
10
2301.871564
20
3608.573431
70
0
0
VERTEX
8
ShapeString
10
2282.357279
20
3573.255670
70
0
0
VERTEX
8
ShapeString
10
2263.299416
20
3537.736955
70
0
0
VERTEX
8
ShapeString
10
2244.698730
20
3502.021718
70
0
0
VERTEX
8
ShapeString
10
2226.555975
20
3466.114393
70
0
0
VERTEX
8
ShapeString
10
2208.871909
20
3430.019411
70
0
0
VERTEX
8
ShapeString
10
2191.647286
20
3393.741204
70
0
0
VERTEX
8
ShapeString
10
2174.882861
20
3357.284205
70
0
0
VERTEX
8
ShapeString
10
2158.579392
20
3320.652845
70
0
0
VERTEX
8
ShapeString
10
2142.737632
20
3283.851558
70
0
0
VERTEX
8
ShapeString
10
2127.358338
20
3246.884775
70
0
0
VERTEX
8
ShapeString
10
2112.442264
20
3209.756928
70
0
0
VERTEX
8
ShapeString
10
2097.990168
20
3172.472450
70
0
0
VERTEX
8
ShapeString
10
2084.002804
20
3135.035772
70
0
0
VERTEX
8
ShapeString
10
2070.480927
20
3097.451328
70
0
0
VERTEX
8
ShapeString
10
2057.425294
20
3059.723548
70
0
0
VERTEX
8
ShapeString
10
2044.836660
20
3021.856866
70
0
0
VERTEX
8
ShapeString
10
2032.715781
20
2983.855714
70
0
0
VERTEX
8
ShapeString
10
2021.063411
20
2945.724523
70
0
0
VERTEX
8
ShapeString
10
2009.880307
20
2907.467726
70
0
0
VERTEX
8
ShapeString
10
1999.167224
20
2869.089756
70
0
0
VERTEX
8
ShapeString
10
1988.924918
20
2830.595043
70
0
0
VERTEX
8
ShapeString
10
1979.154144
20
2791.988021
70
0
0
VERTEX
8
ShapeString
10
1969.855659
20
2753.273122
70
0
0
VERTEX
8
ShapeString
10
1961.030216
20
2714.454778
70
0
0
VERTEX
8
ShapeString
10
1952.678572
20
2675.537422
70
0
0
VERTEX
8
ShapeString
10
1944.801483
20
2636.525484
70
0
0
VERTEX
8
ShapeString
10
1937.399704
20
2597.423398
70
0
0
VERTEX
8
ShapeString
10
1930.473991
20
2558.235596
70
0
0
VERTEX
8
ShapeString
10
1924.025099
20
2518.966509
70
0
0
VERTEX
8
ShapeString
10
1918.053784
20
2479.620571
70
0
0
VERTEX
8
ShapeString
10
1912.560801
20
2440.202213
70
0
0
VERTEX
8
ShapeString
10
1907.546906
20
2400.715867
70
0
0
VERTEX
8
ShapeString
10
1903.012854
20
2361.165967
70
0
0
VERTEX
8
ShapeString
10
1898.959401
20
2321.556943
70
0
0
VERTEX
8
ShapeString
10
1895.387303
20
2281.893228
70
0
0
VERTEX
8
ShapeString
10
1892.297315
20
2242.179255
70
0
0
VERTEX
8
ShapeString
10
1889.690193
20
2202.419455
70
0
0
VERTEX
8
ShapeString
10
1887.566692
20
2162.618261
70
0
0
VERTEX
8
ShapeString
10
1885.927568
20
2122.780104
70
0
0
VERTEX
8
ShapeString
10
1884.773576
20
2082.909418
70
0
0
VERTEX
8
ShapeString
10
1884.105472
20
2043.010634
70
0
0
VERTEX
8
ShapeString
10
1883.924012
20
2003.088185
70
0
0
VERTEX
8
ShapeString
10
1884.229951
20
1963.146502
70
0
0
VERTEX
8
ShapeString
10
1885.024044
20
1923.190019
70
0
0
VERTEX
8
ShapeString
10
1886.307047
20
1883.223166
70
0
0
VERTEX
8
ShapeString
10
1888.079716
20
1843.250376
70
0
0
VERTEX
8
ShapeString
10
1890.342807
20
1803.276082
70
0
0
VERTEX
8
ShapeString
10
1893.097074
20
1763.304716
70
0
0
VERTEX
8
ShapeString
10
1896.343274
20
1723.340710
70
0
0
VERTEX
8
ShapeString
10
1900.082162
20
1683.388496
70
0
0
VERTEX
8
ShapeString
10
1904.314493
20
1643.452505
70
0
0
VERTEX
8
ShapeString
10
1909.041023
20
1603.537172
70
0
0
VERTEX
8
ShapeString
10
1914.262508
20
1563.646927
70
0
0
VERTEX
8
ShapeString
10
1919.979703
20
1523.786203
70
0
0
VERTEX
8
ShapeString
10
1926.193364
20
1483.959432
70
0
0
VERTEX
8
ShapeString
10
1932.904246
20
1444.171046
70
0
0
VERTEX
8
ShapeString
10
1940.113106
20
1404.425478
70
0
0
VERTEX
8
ShapeString
10
1947.820697
20
1364.727159
70
0
0
VERTEX
8
ShapeString
10
1956.027777
20
1325.080523
70
0
0
VERTEX
8
ShapeString
10
1964.735100
20
1285.490000
70
0
0
SEQEND
8
ShapeString
0
POLYLINE
8
ShapeString
62
7
70
0
10
0.000000
20
0.000000
66
1
0
VERTEX
8
ShapeString
10
1622.736900
20
304.916400
70
0
0
VERTEX
8
ShapeString
10
1622.125372
20
307.129094
70
0
0
VERTEX
8
ShapeString
10
1621.116393
20
309.115074
70
0
0
VERTEX
8
ShapeString
10
1619.762504
20
310.837104
70
0
0
VERTEX
8
ShapeString
10
1618.116247
20
312.257950
70
0
0
VERTEX
8
ShapeString
10
1616.230161
20
313.340378
70
0
0
VERTEX
8
ShapeString
10
1614.156790
20
314.047153
70
0
0
VERTEX
8
ShapeString
10
1611.948672
20
314.341041
70
0
0
VERTEX
8
ShapeString
10
1609.658350
20
314.184807
70
0
0
VERTEX
8
ShapeString
10
1607.445238
20
313.574793
70
0
0
VERTEX
8
ShapeString
10
1605.458569
20
312.567173
70
0
0
VERTEX
8
ShapeString
10
1603.735614
20
311.214462
70
0
0
VERTEX
8
ShapeString
10
1602.313642
20
309.569176
70
0
0
VERTEX
8
ShapeString
10
1601.229924
20
307.683832
70
0
0
VERTEX
8
ShapeString
10
1600.521731
20
305.610944
70
0
0
VERTEX
8
ShapeString
10
1600.226333
20
303.403028
70
0
0
VERTEX
8
ShapeString
10
1600.381000
20
301.112600
70
0
0
VERTEX
8
ShapeString
10
1600.992528
20
298.899906
70
0
0
VERTEX
8
ShapeString
10
1602.001507
20
296.913926
70
0
0
VERTEX
8
ShapeString
10
1603.355396
20
295.191896
70
0
0
VERTEX
8
ShapeString
10
1605.001653
20
293.771050
70
0
0
VERTEX
8
ShapeString
10
1606.887739
20
292.688622
70
0
0
VERTEX
8
ShapeString
10
1608.961110
20
291.981847
70
0
0
VERTEX
8
ShapeString
10
1611.169228
20
291.687959
70
0
0
VERTEX
8
ShapeString
10
1613.459550
20
291.844193
70
0
0
VERTEX
8
ShapeString
10
1615.672662
20
292.454207
70
0
0
VERTEX
8
ShapeString
10
1617.659331
20
293.461827
70
0
0
VERTEX
8
ShapeString
10
1619.382286
20
294.814538
70
0
0
VERTEX
8
ShapeString
10
1620.804258
20
296.459824
70
0
0
VERTEX
8
ShapeString
10
1621.887976
20
298.345168
70
0
0
VERTEX
8
ShapeString
10
1622.596169
20
300.418056
70
0
0
VERTEX
8
ShapeString
10
1622.891567
20
302.625972
70
0
0
VERTEX
8
ShapeString
10
1622.736900
20
304.916400
70
0
0
VERTEX
8
ShapeString
10
1622.736900
20
304.916400
70
0
0
SEQEND
8
ShapeString
0
POLYLINE
8
ShapeString
62
7
70
0
10
0.000000
20
0.000000
66
1
0
VERTEX
8
ShapeString
10
1387.152600
20
945.072800
70
0
0
VERTEX
8
ShapeString
10
1386.541072
20
947.285494
70
0
0
VERTEX
8
ShapeString
10
1385.532093
20
949.271474
70
0
0
VERTEX
8
ShapeString
10
1384.178204
20
950.993504
70
0
0
VERTEX
8
ShapeString
10
1382.531947
20
952.414350
70
0
0
VERTEX
8
ShapeString
10
1380.645861
20
953.496778
70
0
0
VERTEX
8
ShapeString
10
1378.572490
20
954.203553
70
0
0
VERTEX
8
ShapeString
10
1376.364372
20
954.497441
70
0
0
VERTEX
8
ShapeString
10
1374.074050
20
954.341207
70
0
0
VERTEX
8
ShapeString
10
1371.860938
20
953.731193
70
0
0
VERTEX
8
ShapeString
10
1369.874269
20
952.723573
70
0
0
VERTEX
8
ShapeString
10
1368.151314
20
951.370862
70
0
0
VERTEX
8
ShapeString
10
1366.729342
20
949.725576
70
0
0
VERTEX
8
ShapeString
10
1365.645624
20
947.840232
70
0
0
VERTEX
8
ShapeString
10
1364.937431
20
945.767344
70
0
0
VERTEX
8
ShapeString
10
1364.642033
20
943.559428
70
0
0
VERTEX
8
ShapeString
10
1364.796700
20
941.269000
70
0
0
VERTEX
8
ShapeString
10
1365.408228
20
939.056306
70
0
0
VERTEX
8
ShapeString
10
1366.417207
20
937.070326
70
0
0
VERTEX
8
ShapeString
10
1367.771096
20
935.348296
70
0
0
VERTEX
8
ShapeString
10
1369.417353
20
933.927450
70
0
0
VERTEX
8
ShapeString
10
1371.303439
20
932.845022
70
0
0
VERTEX
8
ShapeString
10
1373.376810
20
932.138247
70
0
0
VERTEX
8
ShapeString
10
1375.584928
20
931.844359
70
0
0
VERTEX
8
ShapeString
10
1377.875250
20
932.000593
70
0
0
VERTEX
8
ShapeString
10
1380.088362
20
932.610607
70
0
0
VERTEX
8
ShapeString
10
1382.075031
20
933.618227
70
0
0
VERTEX
8
ShapeString
10
1383.797986
20
934.970938
70
0
0
VERTEX
8
ShapeString
10
1385.219958
20
936.616224
70
0
0
VERTEX
8
ShapeString
10
1386.303676
20
938.501568
70
0
0
VERTEX
8
ShapeString
10
1387.011869
20
940.574456
70
0
0
VERTEX
8
ShapeString
10
1387.307267
20
942.782372
70
0
0
VERTEX
8
ShapeString
10
1387.152600
20
945.072800
70
0
0
VERTEX
8
ShapeString
10
1387.152600
20
945.072800
70
0
0
SEQEND
8
ShapeString
0
POLYLINE
8
ShapeString
62
7
70
0
10
0.000000
20
0.000000
66
1
0
VERTEX
8
ShapeString
10
1410.362300
20
1247.882800
70
0
0
VERTEX
8
ShapeString
10
1409.747346
20
1250.091192
70
0
0
VERTEX
8
ShapeString
10
1408.736406
20
1252.072864
70
0
0
VERTEX
8
ShapeString
10
1407.381851
20
1253.790784
70
0
0
VERTEX
8
ShapeString
10
1405.736050
20
1255.207921
70
0
0
VERTEX
8
ShapeString
10
1403.851374
20
1256.287241
70
0
0
VERTEX
8
ShapeString
10
1401.780194
20
1256.991715
70
0
0
VERTEX
8
ShapeString
10
1399.574879
20
1257.284308
70
0
0
VERTEX
8
ShapeString
10
1397.287801
20
1257.127990
70
0
0
VERTEX
8
ShapeString
10
1395.077717
20
1256.519144
70
0
0
VERTEX
8
ShapeString
10
1393.093258
20
1255.513687
70
0
0
VERTEX
8
ShapeString
10
1391.371599
20
1254.163886
70
0
0
VERTEX
8
ShapeString
10
1389.949918
20
1252.522009
70
0
0
VERTEX
8
ShapeString
10
1388.865391
20
1250.640324
70
0
0
VERTEX
8
ShapeString
10
1388.155195
20
1248.571099
70
0
0
VERTEX
8
ShapeString
10
1387.856505
20
1246.366602
70
0
0
VERTEX
8
ShapeString
10
1388.006500
20
1244.079100
70
0
0
VERTEX
8
ShapeString
10
1388.621454
20
1241.870708
70
0
0
VERTEX
8
ShapeString
10
1389.632394
20
1239.889036
70
0
0
VERTEX
8
ShapeString
10
1390.986949
20
1238.171116
70
0
0
VERTEX
8
ShapeString
10
1392.632750
20
1236.753979
70
0
0
VERTEX
8
ShapeString
10
1394.517426
20
1235.674659
70
0
0
VERTEX
8
ShapeString
10
1396.588606
20
1234.970185
70
0
0
VERTEX
8
ShapeString
10
1398.793921
20
1234.677592
70
0
0
VERTEX
8
ShapeString
10
1401.080999
20
1234.833910
70
0
0
VERTEX
8
ShapeString
10
1403.291083
20
1235.442756
70
0
0
VERTEX
8
ShapeString
10
1405.275542
20
1236.448213
70
0
0
VERTEX
8
ShapeString
10
1406.997201
20
1237.798014
70
0
0
VERTEX
8
ShapeString
10
1408.418882
20
1239.439891
70
0
0
VERTEX
8
ShapeString
10
1409.503409
20
1241.321576
70
0
0
VERTEX
8
ShapeString
10
1410.213605
20
1243.390801
70
0
0
VERTEX
8
ShapeString
10
1410.512295
20
1245.595298
70
0
0
VERTEX
8
ShapeString
10
1410.362300
20
1247.882800
70
0
0
VERTEX
8
ShapeString
10
1410.362300
20
1247.882800
70
0
0
SEQEND
8
ShapeString
0
POLYLINE
8
ShapeString
62
7
70
0
10
0.000000
20
0.000000
66
1
0
VERTEX
8
ShapeString
10
1994.588700
20
3992.384600
70
0
0
VERTEX
8
ShapeString
10
2384.477000
20
3747.746500
70
0
0
SEQEND
8
ShapeString
0
POLYLINE
8
ShapeString
62
7
70
0
10
0.000000
20
0.000000
66
1
0
VERTEX
8
ShapeString
10
1153.348100
20
676.860400
70
0
0
VERTEX
8
ShapeString
10
1166.925135
20
691.127933
70
0
0
VERTEX
8
ShapeString
10
1180.080796
20
705.712191
70
0
0
VERTEX
8
ShapeString
10
1192.811589
20
720.603664
70
0
0
VERTEX
8
ShapeString
10
1205.114020
20
735.792842
70
0
0
VERTEX
8
ShapeString
10
1216.984595
20
751.270215
70
0
0
VERTEX
8
ShapeString
10
1228.419820
20
767.026272
70
0
0
VERTEX
8
ShapeString
10
1239.416200
20
783.051504
70
0
0
VERTEX
8
ShapeString
10
1249.970241
20
799.336401
70
0
0
VERTEX
8
ShapeString
10
1260.078450
20
815.871451
70
0
0
VERTEX
8
ShapeString
10
1269.737332
20
832.647147
70
0
0
VERTEX
8
ShapeString
10
1278.943394
20
849.653976
70
0
0
VERTEX
8
ShapeString
10
1287.693140
20
866.882429
70
0
0
VERTEX
8
ShapeString
10
1295.983077
20
884.322997
70
0
0
VERTEX
8
ShapeString
10
1303.809711
20
901.966168
70
0
0
VERTEX
8
ShapeString
10
1311.169548
20
919.802433
70
0
0
VERTEX
8
ShapeString
10
1318.059094
20
937.822282
70
0
0
VERTEX
8
ShapeString
10
1324.474854
20
956.016204
70
0
0
VERTEX
8
ShapeString
10
1330.413334
20
974.374690
70
0
0
VERTEX
8
ShapeString
10
1335.871041
20
992.888229
70
0
0
VERTEX
8
ShapeString
10
1340.844479
20
1011.547312
70
0
0
VERTEX
8
ShapeString
10
1345.330156
20
1030.342427
70
0
0
VERTEX
8
ShapeString
10
1349.324577
20
1049.264066
70
0
0
VERTEX
8
ShapeString
10
1352.824248
20
1068.302718
70
0
0
VERTEX
8
ShapeString
10
1355.825674
20
1087.448872
70
0
0
VERTEX
8
ShapeString
10
1358.325362
20
1106.693020
70
0
0
VERTEX
8
ShapeString
10
1360.319818
20
1126.025650
70
0
0
VERTEX
8
ShapeString
10
1361.805547
20
1145.437252
70
0
0
VERTEX
8
ShapeString
10
1362.779055
20
1164.918317
70
0
0
VERTEX
8
ShapeString
10
1363.236849
20
1184.459335
70
0
0
VERTEX
8
ShapeString
10
1363.175434
20
1204.050794
70
0
0
VERTEX
8
ShapeString
10
1362.591315
20
1223.683186
70
0
0
VERTEX
8
ShapeString
10
1361.481000
20
1243.347000
70
0
0
SEQEND
8
ShapeString
0
POLYLINE
8
ShapeString
62
7
70
0
10
0.000000
20
0.000000
66
1
0
VERTEX
8
ShapeString
10
1707.058500
20
135.686400
70
0
0
VERTEX
8
ShapeString
10
1153.350300
20
676.857400
70
0
0
SEQEND
8
ShapeString
0
POLYLINE
8
ShapeString
62
7
70
0
10
0.000000
20
0.000000
66
1
0
VERTEX
8
ShapeString
10
1994.592300
20
3992.384900
70
0
0
VERTEX
8
ShapeString
10
1970.806235
20
3953.839998
70
0
0
VERTEX
8
ShapeString
10
1947.444451
20
3915.082235
70
0
0
VERTEX
8
ShapeString
10
1924.507761
20
3876.115138
70
0
0
VERTEX
8
ShapeString
10
1901.996976
20
3836.942234
70
0
0
VERTEX
8
ShapeString
10
1879.912909
20
3797.567051
70
0
0
VERTEX
8
ShapeString
10
1858.256373
20
3757.993116
70
0
0
VERTEX
8
ShapeString
10
1837.028180
20
3718.223957
70
0
0
VERTEX
8
ShapeString
10
1816.229142
20
3678.263100
70
0
0
VERTEX
8
ShapeString
10
1795.860071
20
3638.114074
70
0
0
VERTEX
8
ShapeString
10
1775.921781
20
3597.780405
70
0
0
VERTEX
8
ShapeString
10
1756.415082
20
3557.265621
70
0
0
VERTEX
8
ShapeString
10
1737.340789
20
3516.573250
70
0
0
VERTEX
8
ShapeString
10
1718.699712
20
3475.706818
70
0
0
VERTEX
8
ShapeString
10
1700.492665
20
3434.669854
70
0
0
VERTEX
8
ShapeString
10
1682.720459
20
3393.465883
70
0
0
VERTEX
8
ShapeString
10
1665.383908
20
3352.098435
70
0
0
VERTEX
8
ShapeString
10
1648.483823
20
3310.571036
70
0
0
VERTEX
8
ShapeString
10
1632.021017
20
3268.887213
70
0
0
VERTEX
8
ShapeString
10
1615.996302
20
3227.050495
70
0
0
VERTEX
8
ShapeString
10
1600.410491
20
3185.064407
70
0
0
VERTEX
8
ShapeString
10
1585.264396
20
3142.932478
70
0
0
VERTEX
8
ShapeString
10
1570.558829
20
3100.658236
70
0
0
VERTEX
8
ShapeString
10
1556.294602
20
3058.245206
70
0
0
VERTEX
8
ShapeString
10
1542.472529
20
3015.696918
70
0
0
VERTEX
8
ShapeString
10
1529.093421
20
2973.016897
70
0
0
VERTEX
8
ShapeString
10
1516.158091
20
2930.208673
70
0
0
VERTEX
8
ShapeString
10
1503.667351
20
2887.275770
70
0
0
VERTEX
8
ShapeString
10
1491.622013
20
2844.221719
70
0
0
VERTEX
8
ShapeString
10
1480.022890
20
2801.050044
70
0
0
VERTEX
8
ShapeString
10
1468.870795
20
2757.764275
70
0
0
VERTEX
8
ShapeString
10
1458.166539
20
2714.367938
70
0
0
VERTEX
8
ShapeString
10
1447.910934
20
2670.864561
70
0
0
VERTEX
8
ShapeString
10
1438.104795
20
2627.257671
70
0
0
VERTEX
8
ShapeString
10
1428.748931
20
2583.550796
70
0
0
VERTEX
8
ShapeString
10
1419.844157
20
2539.747462
70
0
0
VERTEX
8
ShapeString
10
1411.391284
20
2495.851197
70
0
0
VERTEX
8
ShapeString
10
1403.391125
20
2451.865529
70
0
0
VERTEX
8
ShapeString
10
1395.844492
20
2407.793985
70
0
0
VERTEX
8
ShapeString
10
1388.752198
20
2363.640092
70
0
0
VERTEX
8
ShapeString
10
1382.115054
20
2319.407378
70
0
0
VERTEX
8
ShapeString
10
1375.933874
20
2275.099370
70
0
0
VERTEX
8
ShapeString
10
1370.209469
20
2230.719596
70
0
0
VERTEX
8
ShapeString
10
1364.942652
20
2186.271582
70
0
0
VERTEX
8
ShapeString
10
1360.134235
20
2141.758856
70
0
0
VERTEX
8
ShapeString
10
1355.785031
20
2097.184946
70
0
0
VERTEX
8
ShapeString
10
1351.895852
20
2052.553378
70
0
0
VERTEX
8
ShapeString
10
1348.467510
20
2007.867681
70
0
0
VERTEX
8
ShapeString
10
1345.500819
20
1963.131382
70
0
0
VERTEX
8
ShapeString
10
1342.996589
20
1918.348007
70
0
0
VERTEX
8
ShapeString
10
1340.955633
20
1873.521085
70
0
0
VERTEX
8
ShapeString
10
1339.378765
20
1828.654143
70
0
0
VERTEX
8
ShapeString
10
1338.266795
20
1783.750707
70
0
0
VERTEX
8
ShapeString
10
1337.620538
20
1738.814307
70
0
0
VERTEX
8
ShapeString
10
1337.440804
20
1693.848468
70
0
0
VERTEX
8
ShapeString
10
1337.728406
20
1648.856718
70
0
0
VERTEX
8
ShapeString
10
1338.484157
20
1603.842585
70
0
0
VERTEX
8
ShapeString
10
1339.708869
20
1558.809595
70
0
0
VERTEX
8
ShapeString
10
1341.403355
20
1513.761277
70
0
0
VERTEX
8
ShapeString
10
1343.568426
20
1468.701158
70
0
0
VERTEX
8
ShapeString
10
1346.204895
20
1423.632765
70
0
0
VERTEX
8
ShapeString
10
1349.313575
20
1378.559625
70
0
0
VERTEX
8
ShapeString
10
1352.895277
20
1333.485266
70
0
0
VERTEX
8
ShapeString
10
1356.950815
20
1288.413215
70
0
0
VERTEX
8
ShapeString
10
1361.481000
20
1243.347000
70
0
0
SEQEND
8
ShapeString
0
POLYLINE
8
ShapeString
62
7
70
0
10
0.000000
20
0.000000
66
1
0
VERTEX
8
ShapeString
10
573.157000
20
1503.864200
70
0
0
VERTEX
8
ShapeString
10
571.135274
20
1504.951141
70
0
0
VERTEX
8
ShapeString
10
569.002774
20
1505.594229
70
0
0
VERTEX
8
ShapeString
10
566.822702
20
1505.805702
70
0
0
VERTEX
8
ShapeString
10
564.658263
20
1505.597799
70
0
0
VERTEX
8
ShapeString
10
562.572659
20
1504.982757
70
0
0
VERTEX
8
ShapeString
10
560.629093
20
1503.972815
70
0
0
VERTEX
8
ShapeString
10
558.890768
20
1502.580211
70
0
0
VERTEX
8
ShapeString
10
557.420887
20
1500.817183
70
0
0
VERTEX
8
ShapeString
10
556.332238
20
1498.796376
70
0
0
VERTEX
8
ShapeString
10
555.687347
20
1496.664421
70
0
0
VERTEX
8
ShapeString
10
555.474031
20
1494.484529
70
0
0
VERTEX
8
ShapeString
10
555.680104
20
1492.319915
70
0
0
VERTEX
8
ShapeString
10
556.293382
20
1490.233791
70
0
0
VERTEX
8
ShapeString
10
557.301681
20
1488.289372
70
0
0
VERTEX
8
ShapeString
10
558.692815
20
1486.549871
70
0
0
VERTEX
8
ShapeString
10
560.454600
20
1485.078500
70
0
0
VERTEX
8
ShapeString
10
562.476326
20
1483.991559
70
0
0
VERTEX
8
ShapeString
10
564.608826
20
1483.348471
70
0
0
VERTEX
8
ShapeString
10
566.788898
20
1483.136998
70
0
0
VERTEX
8
ShapeString
10
568.953337
20
1483.344901
70
0
0
VERTEX
8
ShapeString
10
571.038941
20
1483.959943
70
0
0
VERTEX
8
ShapeString
10
572.982507
20
1484.969885
70
0
0
VERTEX
8
ShapeString
10
574.720832
20
1486.362489
70
0
0
VERTEX
8
ShapeString
10
576.190713
20
1488.125517
70
0
0
VERTEX
8
ShapeString
10
577.279362
20
1490.146324
70
0
0
VERTEX
8
ShapeString
10
577.924253
20
1492.278279
70
0
0
VERTEX
8
ShapeString
10
578.137569
20
1494.458171
70
0
0
VERTEX
8
ShapeString
10
577.931496
20
1496.622785
70
0
0
VERTEX
8
ShapeString
10
577.318218
20
1498.708909
70
0
0
VERTEX
8
ShapeString
10
576.309919
20
1500.653328
70
0
0
VERTEX
8
ShapeString
10
574.918785
20
1502.392829
70
0
0
VERTEX
8
ShapeString
10
573.157000
20
1503.864200
70
0
0
VERTEX
8
ShapeString
10
573.157000
20
1503.864200
70
0
0
SEQEND
8
ShapeString
0
POLYLINE
8
ShapeString
62
7
70
0
10
0.000000
20
0.000000
66
1
0
VERTEX
8
ShapeString
10
747.110000
20
3090.789500
70
0
0
VERTEX
8
ShapeString
10
745.088979
20
3091.871237
70
0
0
VERTEX
8
ShapeString
10
742.958153
20
3092.510129
70
0
0
VERTEX
8
ShapeString
10
740.780475
20
3092.718428
70
0
0
VERTEX
8
ShapeString
10
738.618894
20
3092.508390
70
0
0
VERTEX
8
ShapeString
10
736.536362
20
3091.892268
70
0
0
VERTEX
8
ShapeString
10
734.595829
20
3090.882316
70
0
0
VERTEX
8
ShapeString
10
732.860246
20
3089.490788
70
0
0
VERTEX
8
ShapeString
10
731.392564
20
3087.729938
70
0
0
VERTEX
8
ShapeString
10
730.305107
20
3085.711989
70
0
0
VERTEX
8
ShapeString
10
729.660183
20
3083.582981
70
0
0
VERTEX
8
ShapeString
10
729.445717
20
3081.405902
70
0
0
VERTEX
8
ShapeString
10
729.649633
20
3079.243735
70
0
0
VERTEX
8
ShapeString
10
730.259855
20
3077.159466
70
0
0
VERTEX
8
ShapeString
10
731.264307
20
3075.216080
70
0
0
VERTEX
8
ShapeString
10
732.650914
20
3073.476563
70
0
0
VERTEX
8
ShapeString
10
734.407600
20
3072.003900
70
0
0
VERTEX
8
ShapeString
10
736.428621
20
3070.922163
70
0
0
VERTEX
8
ShapeString
10
738.559447
20
3070.283271
70
0
0
VERTEX
8
ShapeString
10
740.737125
20
3070.074972
70
0
0
VERTEX
8
ShapeString
10
742.898706
20
3070.285010
70
0
0
VERTEX
8
ShapeString
10
744.981238
20
3070.901132
70
0
0
VERTEX
8
ShapeString
10
746.921771
20
3071.911084
70
0
0
VERTEX
8
ShapeString
10
748.657354
20
3073.302612
70
0
0
VERTEX
8
ShapeString
10
750.125036
20
3075.063462
70
0
0
VERTEX
8
ShapeString
10
751.212493
20
3077.081411
70
0
0
VERTEX
8
ShapeString
10
751.857417
20
3079.210419
70
0
0
VERTEX
8
ShapeString
10
752.071883
20
3081.387498
70
0
0
VERTEX
8
ShapeString
10
751.867967
20
3083.549665
70
0
0
VERTEX
8
ShapeString
10
751.257745
20
3085.633934
70
0
0
VERTEX
8
ShapeString
10
750.253293
20
3087.577320
70
0
0
VERTEX
8
ShapeString
10
748.866686
20
3089.316837
70
0
0
VERTEX
8
ShapeString
10
747.110000
20
3090.789500
70
0
0
VERTEX
8
ShapeString
10
747.110000
20
3090.789500
70
0
0
SEQEND
8
ShapeString
0
POLYLINE
8
ShapeString
62
7
70
0
10
0.000000
20
0.000000
66
1
0
VERTEX
8
ShapeString
10
356.151100
20
3232.202600
70
0
0
VERTEX
8
ShapeString
10
354.130108
20
3233.284039
70
0
0
VERTEX
8
ShapeString
10
351.999368
20
3233.922687
70
0
0
VERTEX
8
ShapeString
10
349.821817
20
3234.130799
70
0
0
VERTEX
8
ShapeString
10
347.660393
20
3233.920629
70
0
0
VERTEX
8
ShapeString
10
345.578031
20
3233.304433
70
0
0
VERTEX
8
ShapeString
10
343.637668
20
3232.294467
70
0
0
VERTEX
8
ShapeString
10
341.902242
20
3230.902986
70
0
0
VERTEX
8
ShapeString
10
340.434690
20
3229.142244
70
0
0
VERTEX
8
ShapeString
10
339.347310
20
3227.124442
70
0
0
VERTEX
8
ShapeString
10
338.702397
20
3224.995591
70
0
0
VERTEX
8
ShapeString
10
338.487881
20
3222.818661
70
0
0
VERTEX
8
ShapeString
10
338.691692
20
3220.656628
70
0
0
VERTEX
8
ShapeString
10
339.301759
20
3218.572462
70
0
0
VERTEX
8
ShapeString
10
340.306013
20
3216.629137
70
0
0
VERTEX
8
ShapeString
10
341.692383
20
3214.889626
70
0
0
VERTEX
8
ShapeString
10
343.448800
20
3213.416900
70
0
0
VERTEX
8
ShapeString
10
345.469792
20
3212.335461
70
0
0
VERTEX
8
ShapeString
10
347.600532
20
3211.696813
70
0
0
VERTEX
8
ShapeString
10
349.778083
20
3211.488701
70
0
0
VERTEX
8
ShapeString
10
351.939507
20
3211.698871
70
0
0
VERTEX
8
ShapeString
10
354.021869
20
3212.315067
70
0
0
VERTEX
8
ShapeString
10
355.962232
20
3213.325033
70
0
0
VERTEX
8
ShapeString
10
357.697658
20
3214.716514
70
0
0
VERTEX
8
ShapeString
10
359.165210
20
3216.477256
70
0
0
VERTEX
8
ShapeString
10
360.252590
20
3218.495058
70
0
0
VERTEX
8
ShapeString
10
360.897503
20
3220.623909
70
0
0
VERTEX
8
ShapeString
10
361.112019
20
3222.800839
70
0
0
VERTEX
8
ShapeString
10
360.908208
20
3224.962872
70
0
0
VERTEX
8
ShapeString
10
360.298141
20
3227.047038
70
0
0
VERTEX
8
ShapeString
10
359.293887
20
3228.990363
70
0
0
VERTEX
8
ShapeString
10
357.907517
20
3230.729874
70
0
0
VERTEX
8
ShapeString
10
356.151100
20
3232.202600
70
0
0
VERTEX
8
ShapeString
10
356.151100
20
3232.202600
70
0
0
SEQEND
8
ShapeString
0
POLYLINE
8
ShapeString
62
7
70
0
10
0.000000
20
0.000000
66
1
0
VERTEX
8
ShapeString
10
1350.283000
20
4445.801800
70
0
0
VERTEX
8
ShapeString
10
1348.261652
20
4446.885906
70
0
0
VERTEX
8
ShapeString
10
1346.130058
20
4447.526707
70
0
0
VERTEX
8
ShapeString
10
1343.951286
20
4447.736449
70
0
0
VERTEX
8
ShapeString
10
1341.788399
20
4447.527379
70
0
0
VERTEX
8
ShapeString
10
1339.704465
20
4446.911745
70
0
0
VERTEX
8
ShapeString
10
1337.762549
20
4445.901793
70
0
0
VERTEX
8
ShapeString
10
1336.025716
20
4444.509770
70
0
0
VERTEX
8
ShapeString
10
1334.557033
20
4442.747923
70
0
0
VERTEX
8
ShapeString
10
1333.469033
20
4440.728667
70
0
0
VERTEX
8
ShapeString
10
1332.824126
20
4438.598313
70
0
0
VERTEX
8
ShapeString
10
1332.610186
20
4436.419948
70
0
0
VERTEX
8
ShapeString
10
1332.815088
20
4434.256663
70
0
0
VERTEX
8
ShapeString
10
1333.426705
20
4432.171547
70
0
0
VERTEX
8
ShapeString
10
1334.432913
20
4430.227688
70
0
0
VERTEX
8
ShapeString
10
1335.821587
20
4428.488176
70
0
0
VERTEX
8
ShapeString
10
1337.580600
20
4427.016100
70
0
0
VERTEX
8
ShapeString
10
1339.601948
20
4425.931994
70
0
0
VERTEX
8
ShapeString
10
1341.733542
20
4425.291193
70
0
0
VERTEX
8
ShapeString
10
1343.912314
20
4425.081451
70
0
0
VERTEX
8
ShapeString
10
1346.075201
20
4425.290521
70
0
0
VERTEX
8
ShapeString
10
1348.159135
20
4425.906155
70
0
0
VERTEX
8
ShapeString
10
1350.101051
20
4426.916107
70
0
0
VERTEX
8
ShapeString
10
1351.837884
20
4428.308130
70
0
0
VERTEX
8
ShapeString
10
1353.306567
20
4430.069977
70
0
0
VERTEX
8
ShapeString
10
1354.394567
20
4432.089233
70
0
0
VERTEX
8
ShapeString
10
1355.039474
20
4434.219587
70
0
0
VERTEX
8
ShapeString
10
1355.253414
20
4436.397952
70
0
0
VERTEX
8
ShapeString
10
1355.048512
20
4438.561237
70
0
0
VERTEX
8
ShapeString
10
1354.436895
20
4440.646353
70
0
0
VERTEX
8
ShapeString
10
1353.430687
20
4442.590212
70
0
0
VERTEX
8
ShapeString
10
1352.042013
20
4444.329724
70
0
0
VERTEX
8
ShapeString
10
1350.283000
20
4445.801800
70
0
0
VERTEX
8
ShapeString
10
1350.283000
20
4445.801800
70
0
0
SEQEND
8
ShapeString
0
POLYLINE
8
ShapeString
62
7
70
0
10
0.000000
20
0.000000
66
1
0
VERTEX
8
ShapeString
10
1263.004400
20
4508.715300
70
0
0
VERTEX
8
ShapeString
10
1260.983872
20
4509.793359
70
0
0
VERTEX
8
ShapeString
10
1258.854225
20
4510.429280
70
0
0
VERTEX
8
ShapeString
10
1256.678233
20
4510.635329
70
0
0
VERTEX
8
ShapeString
10
1254.518669
20
4510.423772
70
0
0
VERTEX
8
ShapeString
10
1252.438305
20
4509.806873
70
0
0
VERTEX
8
ShapeString
10
1250.499917
20
4508.796899
70
0
0
VERTEX
8
ShapeString
10
1248.766276
20
4507.406114
70
0
0
VERTEX
8
ShapeString
10
1247.300157
20
4505.646785
70
0
0
VERTEX
8
ShapeString
10
1246.213559
20
4503.630837
70
0
0
VERTEX
8
ShapeString
10
1245.568633
20
4501.503900
70
0
0
VERTEX
8
ShapeString
10
1245.353379
20
4499.328799
70
0
0
VERTEX
8
ShapeString
10
1245.555798
20
4497.168358
70
0
0
VERTEX
8
ShapeString
10
1246.163889
20
4495.085404
70
0
0
VERTEX
8
ShapeString
10
1247.165653
20
4493.142759
70
0
0
VERTEX
8
ShapeString
10
1248.549090
20
4491.403250
70
0
0
VERTEX
8
ShapeString
10
1250.302200
20
4489.929700
70
0
0
VERTEX
8
ShapeString
10
1252.322728
20
4488.851641
70
0
0
VERTEX
8
ShapeString
10
1254.452375
20
4488.215720
70
0
0
VERTEX
8
ShapeString
10
1256.628367
20
4488.009671
70
0
0
VERTEX
8
ShapeString
10
1258.787931
20
4488.221228
70
0
0
VERTEX
8
ShapeString
10
1260.868295
20
4488.838127
70
0
0
VERTEX
8
ShapeString
10
1262.806683
20
4489.848101
70
0
0
VERTEX
8
ShapeString
10
1264.540324
20
4491.238886
70
0
0
VERTEX
8
ShapeString
10
1266.006443
20
4492.998215
70
0
0
VERTEX
8
ShapeString
10
1267.093041
20
4495.014163
70
0
0
VERTEX
8
ShapeString
10
1267.737967
20
4497.141100
70
0
0
VERTEX
8
ShapeString
10
1267.953221
20
4499.316201
70
0
0
VERTEX
8
ShapeString
10
1267.750802
20
4501.476642
70
0
0
VERTEX
8
ShapeString
10
1267.142711
20
4503.559596
70
0
0
VERTEX
8
ShapeString
10
1266.140947
20
4505.502241
70
0
0
VERTEX
8
ShapeString
10
1264.757510
20
4507.241750
70
0
0
VERTEX
8
ShapeString
10
1263.004400
20
4508.715300
70
0
0
VERTEX
8
ShapeString
10
1263.004400
20
4508.715300
70
0
0
SEQEND
8
ShapeString
0
POLYLINE
8
ShapeString
62
7
70
0
10
0.000000
20
0.000000
66
1
0
VERTEX
8
ShapeString
10
1235.820800
20
4383.275500
70
0
0
VERTEX
8
ShapeString
10
1230.487428
20
4386.629015
70
0
0
VERTEX
8
ShapeString
10
1224.987236
20
4389.597795
70
0
0
VERTEX
8
ShapeString
10
1219.340048
20
4392.180430
70
0
0
VERTEX
8
ShapeString
10
1213.565690
20
4394.375511
70
0
0
VERTEX
8
ShapeString
10
1207.683986
20
4396.181629
70
0
0
VERTEX
8
ShapeString
10
1201.714761
20
4397.597376
70
0
0
VERTEX
8
ShapeString
10
1195.677840
20
4398.621341
70
0
0
VERTEX
8
ShapeString
10
1189.593048
20
4399.252117
70
0
0
VERTEX
8
ShapeString
10
1183.480210
20
4399.488294
70
0
0
VERTEX
8
ShapeString
10
1177.359151
20
4399.328463
70
0
0
VERTEX
8
ShapeString
10
1171.249694
20
4398.771214
70
0
0
VERTEX
8
ShapeString
10
1165.171666
20
4397.815140
70
0
0
VERTEX
8
ShapeString
10
1159.144891
20
4396.458830
70
0
0
VERTEX
8
ShapeString
10
1153.189194
20
4394.700876
70
0
0
VERTEX
8
ShapeString
10
1147.324399
20
4392.539868
70
0
0
VERTEX
8
ShapeString
10
1141.570333
20
4389.974398
70
0
0
VERTEX
8
ShapeString
10
1135.999417
20
4387.032320
70
0
0
VERTEX
8
ShapeString
10
1130.678283
20
4383.753403
70
0
0
VERTEX
8
ShapeString
10
1125.618061
20
4380.154113
70
0
0
VERTEX
8
ShapeString
10
1120.829886
20
4376.250913
70
0
0
VERTEX
8
ShapeString
10
1116.324890
20
4372.060267
70
0
0
VERTEX
8
ShapeString
10
1112.114205
20
4367.598640
70
0
0
VERTEX
8
ShapeString
10
1108.208964
20
4362.882496
70
0
0
VERTEX
8
ShapeString
10
1104.620300
20
4357.928300
70
0
0
VERTEX
8
ShapeString
10
1101.359346
20
4352.752515
70
0
0
VERTEX
8
ShapeString
10
1098.437234
20
4347.371606
70
0
0
VERTEX
8
ShapeString
10
1095.865097
20
4341.802038
70
0
0
VERTEX
8
ShapeString
10
1093.654068
20
4336.060274
70
0
0
VERTEX
8
ShapeString
10
1091.815280
20
4330.162778
70
0
0
VERTEX
8
ShapeString
10
1090.359864
20
4324.126016
70
0
0
VERTEX
8
ShapeString
10
1089.298954
20
4317.966451
70
0
0
VERTEX
8
ShapeString
10
1088.643683
20
4311.700548
70
0
0
VERTEX
8
ShapeString
10
1088.406140
20
4305.404955
70
0
0
VERTEX
8
ShapeString
10
1088.585197
20
4299.157259
70
0
0
VERTEX
8
ShapeString
10
1089.172164
20
4292.975334
70
0
0
VERTEX
8
ShapeString
10
1090.158347
20
4286.877052
70
0
0
VERTEX
8
ShapeString
10
1091.535054
20
4280.880288
70
0
0
VERTEX
8
ShapeString
10
1093.293594
20
4275.002914
70
0
0
VERTEX
8
ShapeString
10
1095.425274
20
4269.262805
70
0
0
VERTEX
8
ShapeString
10
1097.921402
20
4263.677833
70
0
0
VERTEX
8
ShapeString
10
1100.773286
20
4258.265871
70
0
0
VERTEX
8
ShapeString
10
1103.972234
20
4253.044794
70
0
0
VERTEX
8
ShapeString
10
1107.509553
20
4248.032473
70
0
0
VERTEX
8
ShapeString
10
1111.376552
20
4243.246784
70
0
0
VERTEX
8
ShapeString
10
1115.564538
20
4238.705599
70
0
0
VERTEX
8
ShapeString
10
1120.064820
20
4234.426791
70
0
0
VERTEX
8
ShapeString
10
1124.868705
20
4230.428233
70
0
0
VERTEX
8
ShapeString
10
1129.967500
20
4226.727800
70
0
0
VERTEX
8
ShapeString
10
1134.064330
20
4224.106051
70
0
0
VERTEX
8
ShapeString
10
1138.243801
20
4221.720477
70
0
0
VERTEX
8
ShapeString
10
1142.497670
20
4219.569484
70
0
0
VERTEX
8
ShapeString
10
1146.817693
20
4217.651481
70
0
0
VERTEX
8
ShapeString
10
1151.195626
20
4215.964874
70
0
0
VERTEX
8
ShapeString
10
1155.623226
20
4214.508071
70
0
0
VERTEX
8
ShapeString
10
1160.092250
20
4213.279480
70
0
0
VERTEX
8
ShapeString
10
1164.594454
20
4212.277507
70
0
0
VERTEX
8
ShapeString
10
1169.121593
20
4211.500560
70
0
0
VERTEX
8
ShapeString
10
1173.665426
20
4210.947047
70
0
0
VERTEX
8
ShapeString
10
1178.217707
20
4210.615375
70
0
0
VERTEX
8
ShapeString
10
1182.770195
20
4210.503952
70
0
0
VERTEX
8
ShapeString
10
1187.314644
20
4210.611184
70
0
0
VERTEX
8
ShapeString
10
1191.842811
20
4210.935479
70
0
0
VERTEX
8
ShapeString
10
1196.346454
20
4211.475244
70
0
0
VERTEX
8
ShapeString
10
1200.817327
20
4212.228887
70
0
0
VERTEX
8
ShapeString
10
1205.247188
20
4213.194816
70
0
0
VERTEX
8
ShapeString
10
1209.627794
20
4214.371437
70
0
0
VERTEX
8
ShapeString
10
1213.950900
20
4215.757159
70
0
0
VERTEX
8
ShapeString
10
1218.208263
20
4217.350387
70
0
0
VERTEX
8
ShapeString
10
1222.391639
20
4219.149531
70
0
0
VERTEX
8
ShapeString
10
1226.492785
20
4221.152997
70
0
0
VERTEX
8
ShapeString
10
1230.503457
20
4223.359192
70
0
0
VERTEX
8
ShapeString
10
1234.415412
20
4225.766524
70
0
0
VERTEX
8
ShapeString
10
1238.220406
20
4228.373401
70
0
0
VERTEX
8
ShapeString
10
1241.910196
20
4231.178229
70
0
0
VERTEX
8
ShapeString
10
1245.476538
20
4234.179417
70
0
0
VERTEX
8
ShapeString
10
1248.911187
20
4237.375371
70
0
0
VERTEX
8
ShapeString
10
1252.205902
20
4240.764499
70
0
0
VERTEX
8
ShapeString
10
1255.352438
20
4244.345208
70
0
0
VERTEX
8
ShapeString
10
1258.342552
20
4248.115906
70
0
0
VERTEX
8
ShapeString
10
1261.168000
20
4252.075001
70
0
0
VERTEX
8
ShapeString
10
1263.789749
20
4256.171830
70
0
0
VERTEX
8
ShapeString
10
1266.175323
20
4260.351301
70
0
0
VERTEX
8
ShapeString
10
1268.326316
20
4264.605170
70
0
0
VERTEX
8
ShapeString
10
1270.244319
20
4268.925193
70
0
0
VERTEX
8
ShapeString
10
1271.930926
20
4273.303126
70
0
0
VERTEX
8
ShapeString
10
1273.387729
20
4277.730726
70
0
0
VERTEX
8
ShapeString
10
1274.616321
20
4282.199750
70
0
0
VERTEX
8
ShapeString
10
1275.618293
20
4286.701954
70
0
0
VERTEX
8
ShapeString
10
1276.395240
20
4291.229094
70
0
0
VERTEX
8
ShapeString
10
1276.948753
20
4295.772926
70
0
0
VERTEX
8
ShapeString
10
1277.280425
20
4300.325208
70
0
0
VERTEX
8
ShapeString
10
1277.391849
20
4304.877695
70
0
0
VERTEX
8
ShapeString
10
1277.284617
20
4309.422144
70
0
0
VERTEX
8
ShapeString
10
1276.960322
20
4313.950311
70
0
0
VERTEX
8
ShapeString
10
1276.420556
20
4318.453954
70
0
0
VERTEX
8
ShapeString
10
1275.666913
20
4322.924827
70
0
0
VERTEX
8
ShapeString
10
1274.700984
20
4327.354689
70
0
0
VERTEX
8
ShapeString
10
1273.524363
20
4331.735294
70
0
0
VERTEX
8
ShapeString
10
1272.138642
20
4336.058400
70
0
0
VERTEX
8
ShapeString
10
1270.545413
20
4340.315763
70
0
0
VERTEX
8
ShapeString
10
1268.746270
20
4344.499139
70
0
0
VERTEX
8
ShapeString
10
1266.742804
20
4348.600285
70
0
0
VERTEX
8
ShapeString
10
1264.536609
20
4352.610957
70
0
0
VERTEX
8
ShapeString
10
1262.129276
20
4356.522912
70
0
0
VERTEX
8
ShapeString
10
1259.522400
20
4360.327906
70
0
0
VERTEX
8
ShapeString
10
1256.717571
20
4364.017696
70
0
0
VERTEX
8
ShapeString
10
1253.716384
20
4367.584038
70
0
0
VERTEX
8
ShapeString
10
1250.520429
20
4371.018688
70
0
0
VERTEX
8
ShapeString
10
1247.131301
20
4374.313402
70
0
0
VERTEX
8
ShapeString
10
1243.550592
20
4377.459938
70
0
0
VERTEX
8
ShapeString
10
1239.779894
20
4380.450052
70
0
0
VERTEX
8
ShapeString
10
1235.820800
20
4383.275500
70
0
0
VERTEX
8
ShapeString
10
1235.820800
20
4383.275500
70
0
0
SEQEND
8
ShapeString
0
POLYLINE
8
ShapeString
62
7
70
0
10
0.000000
20
0.000000
66
1
0
VERTEX
8
ShapeString
10
598.206000
20
3230.377000
70
0
0
VERTEX
8
ShapeString
10
594.109463
20
3232.992780
70
0
0
VERTEX
8
ShapeString
10
589.930596
20
3235.372651
70
0
0
VERTEX
8
ShapeString
10
585.677625
20
3237.518207
70
0
0
VERTEX
8
ShapeString
10
581.358777
20
3239.431041
70
0
0
VERTEX
8
ShapeString
10
576.982278
20
3241.112748
70
0
0
VERTEX
8
ShapeString
10
572.556355
20
3242.564920
70
0
0
VERTEX
8
ShapeString
10
568.089236
20
3243.789152
70
0
0
VERTEX
8
ShapeString
10
563.589146
20
3244.787038
70
0
0
VERTEX
8
ShapeString
10
559.064312
20
3245.560170
70
0
0
VERTEX
8
ShapeString
10
554.522962
20
3246.110144
70
0
0
VERTEX
8
ShapeString
10
549.973321
20
3246.438552
70
0
0
VERTEX
8
ShapeString
10
545.423617
20
3246.546988
70
0
0
VERTEX
8
ShapeString
10
540.882076
20
3246.437045
70
0
0
VERTEX
8
ShapeString
10
536.356924
20
3246.110319
70
0
0
VERTEX
8
ShapeString
10
531.856390
20
3245.568401
70
0
0
VERTEX
8
ShapeString
10
527.388698
20
3244.812887
70
0
0
VERTEX
8
ShapeString
10
522.962076
20
3243.845369
70
0
0
VERTEX
8
ShapeString
10
518.584751
20
3242.667441
70
0
0
VERTEX
8
ShapeString
10
514.264949
20
3241.280698
70
0
0
VERTEX
8
ShapeString
10
510.010897
20
3239.686732
70
0
0
VERTEX
8
ShapeString
10
505.830822
20
3237.887138
70
0
0
VERTEX
8
ShapeString
10
501.732951
20
3235.883509
70
0
0
VERTEX
8
ShapeString
10
497.725509
20
3233.677439
70
0
0
VERTEX
8
ShapeString
10
493.816724
20
3231.270521
70
0
0
VERTEX
8
ShapeString
10
490.014823
20
3228.664349
70
0
0
VERTEX
8
ShapeString
10
486.328031
20
3225.860518
70
0
0
VERTEX
8
ShapeString
10
482.764577
20
3222.860620
70
0
0
VERTEX
8
ShapeString
10
479.332686
20
3219.666249
70
0
0
VERTEX
8
ShapeString
10
476.040586
20
3216.279000
70
0
0
VERTEX
8
ShapeString
10
472.896502
20
3212.700465
70
0
0
VERTEX
8
ShapeString
10
469.908662
20
3208.932238
70
0
0
VERTEX
8
ShapeString
10
467.085292
20
3204.975914
70
0
0
VERTEX
8
ShapeString
10
464.465341
20
3200.882044
70
0
0
VERTEX
8
ShapeString
10
462.081215
20
3196.705603
70
0
0
VERTEX
8
ShapeString
10
459.931328
20
3192.454820
70
0
0
VERTEX
8
ShapeString
10
458.014095
20
3188.137922
70
0
0
VERTEX
8
ShapeString
10
456.327931
20
3183.763139
70
0
0
VERTEX
8
ShapeString
10
454.871251
20
3179.338698
70
0
0
VERTEX
8
ShapeString
10
453.642469
20
3174.872828
70
0
0
VERTEX
8
ShapeString
10
452.640000
20
3170.373757
70
0
0
VERTEX
8
ShapeString
10
451.862258
20
3165.849713
70
0
0
VERTEX
8
ShapeString
10
451.307659
20
3161.308925
70
0
0
VERTEX
8
ShapeString
10
450.974617
20
3156.759621
70
0
0
VERTEX
8
ShapeString
10
450.861547
20
3152.210030
70
0
0
VERTEX
8
ShapeString
10
450.966863
20
3147.668379
70
0
0
VERTEX
8
ShapeString
10
451.288980
20
3143.142897
70
0
0
VERTEX
8
ShapeString
10
451.826313
20
3138.641813
70
0
0
VERTEX
8
ShapeString
10
452.577276
20
3134.173354
70
0
0
VERTEX
8
ShapeString
10
453.540284
20
3129.745749
70
0
0
VERTEX
8
ShapeString
10
454.713752
20
3125.367226
70
0
0
VERTEX
8
ShapeString
10
456.096094
20
3121.046014
70
0
0
VERTEX
8
ShapeString
10
457.685726
20
3116.790341
70
0
0
VERTEX
8
ShapeString
10
459.481061
20
3112.608435
70
0
0
VERTEX
8
ShapeString
10
461.480515
20
3108.508524
70
0
0
VERTEX
8
ShapeString
10
463.682502
20
3104.498837
70
0
0
VERTEX
8
ShapeString
10
466.085437
20
3100.587603
70
0
0
VERTEX
8
ShapeString
10
468.687734
20
3096.783048
70
0
0
VERTEX
8
ShapeString
10
471.487809
20
3093.093403
70
0
0
VERTEX
8
ShapeString
10
474.484075
20
3089.526895
70
0
0
VERTEX
8
ShapeString
10
477.674948
20
3086.091752
70
0
0
VERTEX
8
ShapeString
10
481.058843
20
3082.796202
70
0
0
VERTEX
8
ShapeString
10
484.634173
20
3079.648475
70
0
0
VERTEX
8
ShapeString
10
488.399354
20
3076.656798
70
0
0
VERTEX
8
ShapeString
10
492.352800
20
3073.829400
70
0
0
VERTEX
8
ShapeString
10
496.449337
20
3071.213620
70
0
0
VERTEX
8
ShapeString
10
500.628204
20
3068.833749
70
0
0
VERTEX
8
ShapeString
10
504.881175
20
3066.688193
70
0
0
VERTEX
8
ShapeString
10
509.200023
20
3064.775359
70
0
0
VERTEX
8
ShapeString
10
513.576522
20
3063.093652
70
0
0
VERTEX
8
ShapeString
10
518.002445
20
3061.641480
70
0
0
VERTEX
8
ShapeString
10
522.469564
20
3060.417248
70
0
0
VERTEX
8
ShapeString
10
526.969654
20
3059.419362
70
0
0
VERTEX
8
ShapeString
10
531.494488
20
3058.646230
70
0
0
VERTEX
8
ShapeString
10
536.035838
20
3058.096256
70
0
0
VERTEX
8
ShapeString
10
540.585479
20
3057.767848
70
0
0
VERTEX
8
ShapeString
10
545.135183
20
3057.659412
70
0
0
VERTEX
8
ShapeString
10
549.676724
20
3057.769355
70
0
0
VERTEX
8
ShapeString
10
554.201876
20
3058.096081
70
0
0
VERTEX
8
ShapeString
10
558.702410
20
3058.637999
70
0
0
VERTEX
8
ShapeString
10
563.170102
20
3059.393513
70
0
0
VERTEX
8
ShapeString
10
567.596724
20
3060.361031
70
0
0
VERTEX
8
ShapeString
10
571.974049
20
3061.538959
70
0
0
VERTEX
8
ShapeString
10
576.293851
20
3062.925702
70
0
0
VERTEX
8
ShapeString
10
580.547903
20
3064.519668
70
0
0
VERTEX
8
ShapeString
10
584.727978
20
3066.319262
70
0
0
VERTEX
8
ShapeString
10
588.825849
20
3068.322891
70
0
0
VERTEX
8
ShapeString
10
592.833291
20
3070.528961
70
0
0
VERTEX
8
ShapeString
10
596.742076
20
3072.935879
70
0
0
VERTEX
8
ShapeString
10
600.543977
20
3075.542051
70
0
0
VERTEX
8
ShapeString
10
604.230769
20
3078.345882
70
0
0
VERTEX
8
ShapeString
10
607.794223
20
3081.345780
70
0
0
VERTEX
8
ShapeString
10
611.226114
20
3084.540151
70
0
0
VERTEX
8
ShapeString
10
614.518214
20
3087.927400
70
0
0
VERTEX
8
ShapeString
10
617.662298
20
3091.505935
70
0
0
VERTEX
8
ShapeString
10
620.650138
20
3095.274162
70
0
0
VERTEX
8
ShapeString
10
623.473508
20
3099.230486
70
0
0
VERTEX
8
ShapeString
10
626.093459
20
3103.324356
70
0
0
VERTEX
8
ShapeString
10
628.477585
20
3107.500797
70
0
0
VERTEX
8
ShapeString
10
630.627472
20
3111.751580
70
0
0
VERTEX
8
ShapeString
10
632.544705
20
3116.068478
70
0
0
VERTEX
8
ShapeString
10
634.230869
20
3120.443261
70
0
0
VERTEX
8
ShapeString
10
635.687549
20
3124.867702
70
0
0
VERTEX
8
ShapeString
10
636.916331
20
3129.333572
70
0
0
VERTEX
8
ShapeString
10
637.918800
20
3133.832643
70
0
0
VERTEX
8
ShapeString
10
638.696542
20
3138.356687
70
0
0
VERTEX
8
ShapeString
10
639.251141
20
3142.897475
70
0
0
VERTEX
8
ShapeString
10
639.584183
20
3147.446779
70
0
0
VERTEX
8
ShapeString
10
639.697253
20
3151.996370
70
0
0
VERTEX
8
ShapeString
10
639.591937
20
3156.538021
70
0
0
VERTEX
8
ShapeString
10
639.269820
20
3161.063503
70
0
0
VERTEX
8
ShapeString
10
638.732487
20
3165.564587
70
0
0
VERTEX
8
ShapeString
10
637.981524
20
3170.033046
70
0
0
VERTEX
8
ShapeString
10
637.018516
20
3174.460651
70
0
0
VERTEX
8
ShapeString
10
635.845048
20
3178.839174
70
0
0
VERTEX
8
ShapeString
10
634.462706
20
3183.160386
70
0
0
VERTEX
8
ShapeString
10
632.873074
20
3187.416059
70
0
0
VERTEX
8
ShapeString
10
631.077739
20
3191.597965
70
0
0
VERTEX
8
ShapeString
10
629.078285
20
3195.697876
70
0
0
VERTEX
8
ShapeString
10
626.876298
20
3199.707563
70
0
0
VERTEX
8
ShapeString
10
624.473363
20
3203.618797
70
0
0
VERTEX
8
ShapeString
10
621.871066
20
3207.423352
70
0
0
VERTEX
8
ShapeString
10
619.070991
20
3211.112997
70
0
0
VERTEX
8
ShapeString
10
616.074725
20
3214.679505
70
0
0
VERTEX
8
ShapeString
10
612.883852
20
3218.114648
70
0
0
VERTEX
8
ShapeString
10
609.499957
20
3221.410198
70
0
0
VERTEX
8
ShapeString
10
605.924627
20
3224.557925
70
0
0
VERTEX
8
ShapeString
10
602.159446
20
3227.549602
70
0
0
VERTEX
8
ShapeString
10
598.206000
20
3230.377000
70
0
0
VERTEX
8
ShapeString
10
598.206000
20
3230.377000
70
0
0
SEQEND
8
ShapeString
0
POLYLINE
8
ShapeString
62
7
70
0
10
0.000000
20
0.000000
66
1
0
VERTEX
8
ShapeString
10
1374.519100
20
4166.871400
70
0
0
VERTEX
8
ShapeString
10
1378.021380
20
4171.862439
70
0
0
VERTEX
8
ShapeString
10
1381.377254
20
4176.912117
70
0
0
VERTEX
8
ShapeString
10
1384.587144
20
4182.017843
70
0
0
VERTEX
8
ShapeString
10
1387.651469
20
4187.177029
70
0
0
VERTEX
8
ShapeString
10
1390.570649
20
4192.387084
70
0
0
VERTEX
8
ShapeString
10
1393.345105
20
4197.645419
70
0
0
VERTEX
8
ShapeString
10
1398.461524
20
4208.296571
70
0
0
VERTEX
8
ShapeString
10
1403.004087
20
4219.109767
70
0
0
VERTEX
8
ShapeString
10
1406.976156
20
4230.064290
70
0
0
VERTEX
8
ShapeString
10
1410.381091
20
4241.139422
70
0
0
VERTEX
8
ShapeString
10
1413.222255
20
4252.314447
70
0
0
VERTEX
8
ShapeString
10
1415.503009
20
4263.568647
70
0
0
VERTEX
8
ShapeString
10
1417.226713
20
4274.881304
70
0
0
VERTEX
8
ShapeString
10
1418.396729
20
4286.231702
70
0
0
VERTEX
8
ShapeString
10
1419.016420
20
4297.599123
70
0
0
VERTEX
8
ShapeString
10
1419.089145
20
4308.962850
70
0
0
VERTEX
8
ShapeString
10
1418.618266
20
4320.302167
70
0
0
VERTEX
8
ShapeString
10
1417.607145
20
4331.596354
70
0
0
VERTEX
8
ShapeString
10
1416.059143
20
4342.824697
70
0
0
VERTEX
8
ShapeString
10
1413.977622
20
4353.966476
70
0
0
VERTEX
8
ShapeString
10
1411.365942
20
4365.000975
70
0
0
VERTEX
8
ShapeString
10
1408.227465
20
4375.907477
70
0
0
VERTEX
8
ShapeString
10
1404.565552
20
4386.665264
70
0
0
VERTEX
8
ShapeString
10
1400.383565
20
4397.253619
70
0
0
VERTEX
8
ShapeString
10
1395.684866
20
4407.651826
70
0
0
VERTEX
8
ShapeString
10
1390.472814
20
4417.839165
70
0
0
VERTEX
8
ShapeString
10
1384.750773
20
4427.794922
70
0
0
VERTEX
8
ShapeString
10
1378.522102
20
4437.498377
70
0
0
VERTEX
8
ShapeString
10
1371.790164
20
4446.928815
70
0
0
VERTEX
8
ShapeString
10
1364.558320
20
4456.065517
70
0
0
VERTEX
8
ShapeString
10
1356.829931
20
4464.887767
70
0
0
VERTEX
8
ShapeString
10
1348.608359
20
4473.374847
70
0
0
VERTEX
8
ShapeString
10
1344.313679
20
4477.486224
70
0
0
VERTEX
8
ShapeString
10
1339.896964
20
4481.506040
70
0
0
VERTEX
8
ShapeString
10
1335.358634
20
4485.431704
70
0
0
VERTEX
8
ShapeString
10
1330.699108
20
4489.260628
70
0
0
VERTEX
8
ShapeString
10
1325.918808
20
4492.990222
70
0
0
VERTEX
8
ShapeString
10
1321.018153
20
4496.617895
70
0
0
VERTEX
8
ShapeString
10
1316.027275
20
4500.120405
70
0
0
VERTEX
8
ShapeString
10
1310.977752
20
4503.476511
70
0
0
VERTEX
8
ShapeString
10
1305.872173
20
4506.686636
70
0
0
VERTEX
8
ShapeString
10
1300.713128
20
4509.751197
70
0
0
VERTEX
8
ShapeString
10
1295.503207
20
4512.670617
70
0
0
VERTEX
8
ShapeString
10
1290.244999
20
4515.445315
70
0
0
VERTEX
8
ShapeString
10
1279.594082
20
4520.562223
70
0
0
VERTEX
8
ShapeString
10
1268.781095
20
4525.105283
70
0
0
VERTEX
8
ShapeString
10
1257.826755
20
4529.077855
70
0
0
VERTEX
8
ShapeString
10
1246.751779
20
4532.483299
70
0
0
VERTEX
8
ShapeString
10
1235.576885
20
4535.324977
70
0
0
VERTEX
8
ShapeString
10
1224.322790
20
4537.606247
70
0
0
VERTEX
8
ShapeString
10
1213.010212
20
4539.330471
70
0
0
VERTEX
8
ShapeString
10
1201.659868
20
4540.501009
70
0
0
VERTEX
8
ShapeString
10
1190.292475
20
4541.121222
70
0
0
VERTEX
8
ShapeString
10
1178.928751
20
4541.194469
70
0
0
VERTEX
8
ShapeString
10
1167.589413
20
4540.724111
70
0
0
VERTEX
8
ShapeString
10
1156.295179
20
4539.713509
70
0
0
VERTEX
8
ShapeString
10
1145.066766
20
4538.166023
70
0
0
VERTEX
8
ShapeString
10
1133.924891
20
4536.085014
70
0
0
VERTEX
8
ShapeString
10
1122.890272
20
4533.473841
70
0
0
VERTEX
8
ShapeString
10
1111.983626
20
4530.335865
70
0
0
VERTEX
8
ShapeString
10
1101.225670
20
4526.674447
70
0
0
VERTEX
8
ShapeString
10
1090.637123
20
4522.492946
70
0
0
VERTEX
8
ShapeString
10
1080.238701
20
4517.794724
70
0
0
VERTEX
8
ShapeString
10
1070.051121
20
4512.583141
70
0
0
VERTEX
8
ShapeString
10
1060.095102
20
4506.861557
70
0
0
VERTEX
8
ShapeString
10
1050.391360
20
4500.633333
70
0
0
VERTEX
8
ShapeString
10
1040.960613
20
4493.901828
70
0
0
VERTEX
8
ShapeString
10
1031.823579
20
4486.670404
70
0
0
VERTEX
8
ShapeString
10
1023.000974
20
4478.942420
70
0
0
VERTEX
8
ShapeString
10
1014.513516
20
4470.721237
70
0
0
VERTEX
8
ShapeString
10
1010.401942
20
4466.426747
70
0
0
VERTEX
8
ShapeString
10
1006.381923
20
4462.010216
70
0
0
VERTEX
8
ShapeString
10
1002.456050
20
4457.472066
70
0
0
VERTEX
8
ShapeString
10
998.626912
20
4452.812717
70
0
0
VERTEX
8
ShapeString
10
994.897099
20
4448.032588
70
0
0
VERTEX
8
ShapeString
10
991.269200
20
4443.132100
70
0
0
SEQEND
8
ShapeString
0
POLYLINE
8
ShapeString
62
7
70
0
10
0.000000
20
0.000000
66
1
0
VERTEX
8
ShapeString
10
991.269200
20
4443.132100
70
0
0
VERTEX
8
ShapeString
10
965.483047
20
4410.346124
70
0
0
VERTEX
8
ShapeString
10
940.047348
20
4377.329439
70
0
0
VERTEX
8
ShapeString
10
914.963167
20
4344.084934
70
0
0
VERTEX
8
ShapeString
10
890.231567
20
4310.615496
70
0
0
VERTEX
8
ShapeString
10
865.853612
20
4276.924015
70
0
0
VERTEX
8
ShapeString
10
841.830366
20
4243.013379
70
0
0
VERTEX
8
ShapeString
10
818.162891
20
4208.886475
70
0
0
VERTEX
8
ShapeString
10
794.852252
20
4174.546194
70
0
0
VERTEX
8
ShapeString
10
771.899511
20
4139.995422
70
0
0
VERTEX
8
ShapeString
10
749.305732
20
4105.237048
70
0
0
VERTEX
8
ShapeString
10
727.071979
20
4070.273961
70
0
0
VERTEX
8
ShapeString
10
705.199315
20
4035.109050
70
0
0
VERTEX
8
ShapeString
10
683.688804
20
3999.745202
70
0
0
VERTEX
8
ShapeString
10
662.541508
20
3964.185306
70
0
0
VERTEX
8
ShapeString
10
641.758492
20
3928.432250
70
0
0
VERTEX
8
ShapeString
10
621.340818
20
3892.488923
70
0
0
VERTEX
8
ShapeString
10
601.289551
20
3856.358213
70
0
0
VERTEX
8
ShapeString
10
581.605754
20
3820.043009
70
0
0
VERTEX
8
ShapeString
10
562.290489
20
3783.546199
70
0
0
VERTEX
8
ShapeString
10
543.344822
20
3746.870671
70
0
0
VERTEX
8
ShapeString
10
524.769815
20
3710.019315
70
0
0
VERTEX
8
ShapeString
10
506.566531
20
3672.995017
70
0
0
VERTEX
8
ShapeString
10
488.736034
20
3635.800667
70
0
0
VERTEX
8
ShapeString
10
471.279388
20
3598.439153
70
0
0
VERTEX
8
ShapeString
10
454.197655
20
3560.913364
70
0
0
VERTEX
8
ShapeString
10
437.491900
20
3523.226187
70
0
0
VERTEX
8
ShapeString
10
421.163186
20
3485.380512
70
0
0
VERTEX
8
ShapeString
10
405.212577
20
3447.379227
70
0
0
VERTEX
8
ShapeString
10
389.641135
20
3409.225219
70
0
0
VERTEX
8
ShapeString
10
374.449924
20
3370.921378
70
0
0
VERTEX
8
ShapeString
10
359.640008
20
3332.470592
70
0
0
VERTEX
8
ShapeString
10
345.212450
20
3293.875750
70
0
0
VERTEX
8
ShapeString
10
331.168313
20
3255.139739
70
0
0
VERTEX
8
ShapeString
10
317.508662
20
3216.265448
70
0
0
VERTEX
8
ShapeString
10
304.234559
20
3177.255766
70
0
0
VERTEX
8
ShapeString
10
291.347068
20
3138.113581
70
0
0
VERTEX
8
ShapeString
10
278.847253
20
3098.841781
70
0
0
VERTEX
8
ShapeString
10
266.736176
20
3059.443255
70
0
0
VERTEX
8
ShapeString
10
255.014901
20
3019.920891
70
0
0
VERTEX
8
ShapeString
10
243.684493
20
2980.277577
70
0
0
VERTEX
8
ShapeString
10
232.746014
20
2940.516203
70
0
0
VERTEX
8
ShapeString
10
222.200527
20
2900.639656
70
0
0
VERTEX
8
ShapeString
10
212.049096
20
2860.650825
70
0
0
VERTEX
8
ShapeString
10
202.292785
20
2820.552598
70
0
0
VERTEX
8
ShapeString
10
192.932657
20
2780.347864
70
0
0
VERTEX
8
ShapeString
10
183.969776
20
2740.039511
70
0
0
VERTEX
8
ShapeString
10
175.405204
20
2699.630427
70
0
0
VERTEX
8
ShapeString
10
167.240006
20
2659.123502
70
0
0
VERTEX
8
ShapeString
10
159.475245
20
2618.521622
70
0
0
VERTEX
8
ShapeString
10
152.111984
20
2577.827677
70
0
0
VERTEX
8
ShapeString
10
145.151287
20
2537.044556
70
0
0
VERTEX
8
ShapeString
10
138.594217
20
2496.175145
70
0
0
VERTEX
8
ShapeString
10
132.441838
20
2455.222335
70
0
0
VERTEX
8
ShapeString
10
126.695213
20
2414.189013
70
0
0
VERTEX
8
ShapeString
10
121.355406
20
2373.078068
70
0
0
VERTEX
8
ShapeString
10
116.423479
20
2331.892387
70
0
0
VERTEX
8
ShapeString
10
111.900497
20
2290.634861
70
0
0
VERTEX
8
ShapeString
10
107.787523
20
2249.308376
70
0
0
VERTEX
8
ShapeString
10
104.085621
20
2207.915822
70
0
0
VERTEX
8
ShapeString
10
100.795853
20
2166.460086
70
0
0
VERTEX
8
ShapeString
10
97.919284
20
2124.944058
70
0
0
VERTEX
8
ShapeString
10
95.456976
20
2083.370625
70
0
0
VERTEX
8
ShapeString
10
93.409994
20
2041.742676
70
0
0
VERTEX
8
ShapeString
10
91.779400
20
2000.063100
70
0
0
SEQEND
8
ShapeString
0
POLYLINE
8
ShapeString
62
7
70
0
10
0.000000
20
0.000000
66
1
0
VERTEX
8
ShapeString
10
1374.519100
20
4166.871400
70
0
0
VERTEX
8
ShapeString
10
1350.917027
20
4137.207984
70
0
0
VERTEX
8
ShapeString
10
1327.641190
20
4107.328241
70
0
0
VERTEX
8
ShapeString
10
1304.692599
20
4077.234936
70
0
0
VERTEX
8
ShapeString
10
1282.072263
20
4046.930835
70
0
0
VERTEX
8
ShapeString
10
1259.781194
20
4016.418702
70
0
0
VERTEX
8
ShapeString
10
1237.820402
20
3985.701301
70
0
0
VERTEX
8
ShapeString
10
1216.190895
20
3954.781399
70
0
0
VERTEX
8
ShapeString
10
1194.893684
20
3923.661759
70
0
0
VERTEX
8
ShapeString
10
1173.929780
20
3892.345147
70
0
0
VERTEX
8
ShapeString
10
1153.300192
20
3860.834327
70
0
0
VERTEX
8
ShapeString
10
1133.005930
20
3829.132064
70
0
0
VERTEX
8
ShapeString
10
1113.048004
20
3797.241124
70
0
0
VERTEX
8
ShapeString
10
1093.427425
20
3765.164271
70
0
0
VERTEX
8
ShapeString
10
1074.145202
20
3732.904269
70
0
0
VERTEX
8
ShapeString
10
1055.202346
20
3700.463885
70
0
0
VERTEX
8
ShapeString
10
1036.599866
20
3667.845883
70
0
0
VERTEX
8
ShapeString
10
1018.338773
20
3635.053027
70
0
0
VERTEX
8
ShapeString
10
1000.420076
20
3602.088082
70
0
0
VERTEX
8
ShapeString
10
982.844786
20
3568.953814
70
0
0
VERTEX
8
ShapeString
10
965.613913
20
3535.652987
70
0
0
VERTEX
8
ShapeString
10
948.728466
20
3502.188367
70
0
0
VERTEX
8
ShapeString
10
932.189456
20
3468.562717
70
0
0
VERTEX
8
ShapeString
10
915.997892
20
3434.778804
70
0
0
VERTEX
8
ShapeString
10
900.154785
20
3400.839391
70
0
0
VERTEX
8
ShapeString
10
884.661146
20
3366.747244
70
0
0
VERTEX
8
ShapeString
10
869.517983
20
3332.505127
70
0
0
VERTEX
8
ShapeString
10
854.726307
20
3298.115806
70
0
0
VERTEX
8
ShapeString
10
840.287127
20
3263.582046
70
0
0
VERTEX
8
ShapeString
10
826.201455
20
3228.906610
70
0
0
VERTEX
8
ShapeString
10
812.470300
20
3194.092265
70
0
0
VERTEX
8
ShapeString
10
799.094672
20
3159.141774
70
0
0
VERTEX
8
ShapeString
10
786.075581
20
3124.057904
70
0
0
VERTEX
8
ShapeString
10
773.414037
20
3088.843418
70
0
0
VERTEX
8
ShapeString
10
761.111050
20
3053.501082
70
0
0
VERTEX
8
ShapeString
10
749.167630
20
3018.033661
70
0
0
VERTEX
8
ShapeString
10
737.584788
20
2982.443918
70
0
0
VERTEX
8
ShapeString
10
726.363532
20
2946.734621
70
0
0
VERTEX
8
ShapeString
10
715.504875
20
2910.908532
70
0
0
VERTEX
8
ShapeString
10
705.009824
20
2874.968417
70
0
0
VERTEX
8
ShapeString
10
694.879391
20
2838.917042
70
0
0
VERTEX
8
ShapeString
10
685.114585
20
2802.757170
70
0
0
VERTEX
8
ShapeString
10
675.716417
20
2766.491566
70
0
0
VERTEX
8
ShapeString
10
666.685896
20
2730.122997
70
0
0
VERTEX
8
ShapeString
10
658.024032
20
2693.654226
70
0
0
VERTEX
8
ShapeString
10
649.731836
20
2657.088018
70
0
0
VERTEX
8
ShapeString
10
641.810318
20
2620.427138
70
0
0
VERTEX
8
ShapeString
10
634.260488
20
2583.674352
70
0
0
VERTEX
8
ShapeString
10
627.083355
20
2546.832423
70
0
0
VERTEX
8
ShapeString
10
620.279929
20
2509.904118
70
0
0
VERTEX
8
ShapeString
10
613.851222
20
2472.892200
70
0
0
VERTEX
8
ShapeString
10
607.798242
20
2435.799435
70
0
0
VERTEX
8
ShapeString
10
602.122000
20
2398.628587
70
0
0
VERTEX
8
ShapeString
10
596.823506
20
2361.382422
70
0
0
VERTEX
8
ShapeString
10
591.903770
20
2324.063704
70
0
0
VERTEX
8
ShapeString
10
587.363802
20
2286.675198
70
0
0
VERTEX
8
ShapeString
10
583.204611
20
2249.219670
70
0
0
VERTEX
8
ShapeString
10
579.427209
20
2211.699883
70
0
0
VERTEX
8
ShapeString
10
576.032605
20
2174.118603
70
0
0
VERTEX
8
ShapeString
10
573.021809
20
2136.478595
70
0
0
VERTEX
8
ShapeString
10
570.395831
20
2098.782623
70
0
0
VERTEX
8
ShapeString
10
568.155681
20
2061.033453
70
0
0
VERTEX
8
ShapeString
10
566.302369
20
2023.233849
70
0
0
VERTEX
8
ShapeString
10
564.836905
20
1985.386576
70
0
0
VERTEX
8
ShapeString
10
563.760300
20
1947.494400
70
0
0
SEQEND
8
ShapeString
0
POLYLINE
8
ShapeString
62
7
70
0
10
0.000000
20
0.000000
66
1
0
VERTEX
8
ShapeString
10
124.755700
20
1859.666300
70
0
0
VERTEX
8
ShapeString
10
122.734352
20
1860.750406
70
0
0
VERTEX
8
ShapeString
10
120.602758
20
1861.391207
70
0
0
VERTEX
8
ShapeString
10
118.423986
20
1861.600949
70
0
0
VERTEX
8
ShapeString
10
116.261099
20
1861.391879
70
0
0
VERTEX
8
ShapeString
10
114.177165
20
1860.776245
70
0
0
VERTEX
8
ShapeString
10
112.235249
20
1859.766293
70
0
0
VERTEX
8
ShapeString
10
110.498416
20
1858.374270
70
0
0
VERTEX
8
ShapeString
10
109.029733
20
1856.612423
70
0
0
VERTEX
8
ShapeString
10
107.941733
20
1854.593167
70
0
0
VERTEX
8
ShapeString
10
107.296826
20
1852.462813
70
0
0
VERTEX
8
ShapeString
10
107.082886
20
1850.284448
70
0
0
VERTEX
8
ShapeString
10
107.287788
20
1848.121163
70
0
0
VERTEX
8
ShapeString
10
107.899405
20
1846.036047
70
0
0
VERTEX
8
ShapeString
10
108.905613
20
1844.092188
70
0
0
VERTEX
8
ShapeString
10
110.294287
20
1842.352676
70
0
0
VERTEX
8
ShapeString
10
112.053300
20
1840.880600
70
0
0
VERTEX
8
ShapeString
10
114.074648
20
1839.796494
70
0
0
VERTEX
8
ShapeString
10
116.206242
20
1839.155693
70
0
0
VERTEX
8
ShapeString
10
118.385014
20
1838.945951
70
0
0
VERTEX
8
ShapeString
10
120.547901
20
1839.155021
70
0
0
VERTEX
8
ShapeString
10
122.631835
20
1839.770655
70
0
0
VERTEX
8
ShapeString
10
124.573751
20
1840.780607
70
0
0
VERTEX
8
ShapeString
10
126.310584
20
1842.172630
70
0
0
VERTEX
8
ShapeString
10
127.779267
20
1843.934477
70
0
0
VERTEX
8
ShapeString
10
128.867267
20
1845.953733
70
0
0
VERTEX
8
ShapeString
10
129.512174
20
1848.084087
70
0
0
VERTEX
8
ShapeString
10
129.726114
20
1850.262452
70
0
0
VERTEX
8
ShapeString
10
129.521212
20
1852.425737
70
0
0
VERTEX
8
ShapeString
10
128.909595
20
1854.510853
70
0
0
VERTEX
8
ShapeString
10
127.903387
20
1856.454712
70
0
0
VERTEX
8
ShapeString
10
126.514713
20
1858.194224
70
0
0
VERTEX
8
ShapeString
10
124.755700
20
1859.666300
70
0
0
VERTEX
8
ShapeString
10
124.755700
20
1859.666300
70
0
0
SEQEND
8
ShapeString
0
POLYLINE
8
ShapeString
62
7
70
0
10
0.000000
20
0.000000
66
1
0
VERTEX
8
ShapeString
10
540.009400
20
1879.935900
70
0
0
VERTEX
8
ShapeString
10
537.988379
20
1881.017637
70
0
0
VERTEX
8
ShapeString
10
535.857553
20
1881.656529
70
0
0
VERTEX
8
ShapeString
10
533.679875
20
1881.864828
70
0
0
VERTEX
8
ShapeString
10
531.518294
20
1881.654790
70
0
0
VERTEX
8
ShapeString
10
529.435762
20
1881.038668
70
0
0
VERTEX
8
ShapeString
10
527.495229
20
1880.028716
70
0
0
VERTEX
8
ShapeString
10
525.759646
20
1878.637188
70
0
0
VERTEX
8
ShapeString
10
524.291964
20
1876.876338
70
0
0
VERTEX
8
ShapeString
10
523.204507
20
1874.858389
70
0
0
VERTEX
8
ShapeString
10
522.559583
20
1872.729381
70
0
0
VERTEX
8
ShapeString
10
522.345117
20
1870.552302
70
0
0
VERTEX
8
ShapeString
10
522.549033
20
1868.390135
70
0
0
VERTEX
8
ShapeString
10
523.159255
20
1866.305866
70
0
0
VERTEX
8
ShapeString
10
524.163707
20
1864.362480
70
0
0
VERTEX
8
ShapeString
10
525.550314
20
1862.622963
70
0
0
VERTEX
8
ShapeString
10
527.307000
20
1861.150300
70
0
0
VERTEX
8
ShapeString
10
529.328021
20
1860.068563
70
0
0
VERTEX
8
ShapeString
10
531.458847
20
1859.429671
70
0
0
VERTEX
8
ShapeString
10
533.636525
20
1859.221372
70
0
0
VERTEX
8
ShapeString
10
535.798106
20
1859.431410
70
0
0
VERTEX
8
ShapeString
10
537.880638
20
1860.047532
70
0
0
VERTEX
8
ShapeString
10
539.821171
20
1861.057484
70
0
0
VERTEX
8
ShapeString
10
541.556754
20
1862.449012
70
0
0
VERTEX
8
ShapeString
10
543.024436
20
1864.209862
70
0
0
VERTEX
8
ShapeString
10
544.111893
20
1866.227811
70
0
0
VERTEX
8
ShapeString
10
544.756817
20
1868.356819
70
0
0
VERTEX
8
ShapeString
10
544.971283
20
1870.533898
70
0
0
VERTEX
8
ShapeString
10
544.767367
20
1872.696065
70
0
0
VERTEX
8
ShapeString
10
544.157145
20
1874.780334
70
0
0
VERTEX
8
ShapeString
10
543.152693
20
1876.723720
70
0
0
VERTEX
8
ShapeString
10
541.766086
20
1878.463237
70
0
0
VERTEX
8
ShapeString
10
540.009400
20
1879.935900
70
0
0
VERTEX
8
ShapeString
10
540.009400
20
1879.935900
70
0
0
SEQEND
8
ShapeString
0
POLYLINE
8
ShapeString
62
7
70
0
10
0.000000
20
0.000000
66
1
0
VERTEX
8
ShapeString
10
173.059500
20
1450.898100
70
0
0
VERTEX
8
ShapeString
10
171.037524
20
1451.986768
70
0
0
VERTEX
8
ShapeString
10
168.904453
20
1452.631246
70
0
0
VERTEX
8
ShapeString
10
166.723573
20
1452.843769
70
0
0
VERTEX
8
ShapeString
10
164.558171
20
1452.636568
70
0
0
VERTEX
8
ShapeString
10
162.471535
20
1452.021877
70
0
0
VERTEX
8
ShapeString
10
160.526950
20
1451.011929
70
0
0
VERTEX
8
ShapeString
10
158.787705
20
1449.618956
70
0
0
VERTEX
8
ShapeString
10
157.317086
20
1447.855192
70
0
0
VERTEX
8
ShapeString
10
156.228034
20
1445.833424
70
0
0
VERTEX
8
ShapeString
10
155.583150
20
1443.700475
70
0
0
VERTEX
8
ShapeString
10
155.370212
20
1441.519635
70
0
0
VERTEX
8
ShapeString
10
155.577001
20
1439.354194
70
0
0
VERTEX
8
ShapeString
10
156.191295
20
1437.267441
70
0
0
VERTEX
8
ShapeString
10
157.200874
20
1435.322664
70
0
0
VERTEX
8
ShapeString
10
158.593516
20
1433.583154
70
0
0
VERTEX
8
ShapeString
10
160.357000
20
1432.112200
70
0
0
VERTEX
8
ShapeString
10
162.378976
20
1431.023532
70
0
0
VERTEX
8
ShapeString
10
164.512047
20
1430.379054
70
0
0
VERTEX
8
ShapeString
10
166.692927
20
1430.166531
70
0
0
VERTEX
8
ShapeString
10
168.858329
20
1430.373732
70
0
0
VERTEX
8
ShapeString
10
170.944965
20
1430.988423
70
0
0
VERTEX
8
ShapeString
10
172.889550
20
1431.998371
70
0
0
VERTEX
8
ShapeString
10
174.628795
20
1433.391344
70
0
0
VERTEX
8
ShapeString
10
176.099414
20
1435.155108
70
0
0
VERTEX
8
ShapeString
10
177.188466
20
1437.176876
70
0
0
VERTEX
8
ShapeString
10
177.833350
20
1439.309825
70
0
0
VERTEX
8
ShapeString
10
178.046288
20
1441.490665
70
0
0
VERTEX
8
ShapeString
10
177.839499
20
1443.656106
70
0
0
VERTEX
8
ShapeString
10
177.225205
20
1445.742859
70
0
0
VERTEX
8
ShapeString
10
176.215626
20
1447.687636
70
0
0
VERTEX
8
ShapeString
10
174.822984
20
1449.427146
70
0
0
VERTEX
8
ShapeString
10
173.059500
20
1450.898100
70
0
0
VERTEX
8
ShapeString
10
173.059500
20
1450.898100
70
0
0
SEQEND
8
ShapeString
0
POLYLINE
8
ShapeString
62
7
70
0
10
0.000000
20
0.000000
66
1
0
VERTEX
8
ShapeString
10
239.442000
20
1104.759800
70
0
0
VERTEX
8
ShapeString
10
237.420979
20
1105.841537
70
0
0
VERTEX
8
ShapeString
10
235.290153
20
1106.480429
70
0
0
VERTEX
8
ShapeString
10
233.112475
20
1106.688728
70
0
0
VERTEX
8
ShapeString
10
230.950894
20
1106.478690
70
0
0
VERTEX
8
ShapeString
10
228.868362
20
1105.862568
70
0
0
VERTEX
8
ShapeString
10
226.927829
20
1104.852616
70
0
0
VERTEX
8
ShapeString
10
225.192246
20
1103.461088
70
0
0
VERTEX
8
ShapeString
10
223.724564
20
1101.700238
70
0
0
VERTEX
8
ShapeString
10
222.637107
20
1099.682289
70
0
0
VERTEX
8
ShapeString
10
221.992183
20
1097.553281
70
0
0
VERTEX
8
ShapeString
10
221.777717
20
1095.376202
70
0
0
VERTEX
8
ShapeString
10
221.981633
20
1093.214035
70
0
0
VERTEX
8
ShapeString
10
222.591855
20
1091.129766
70
0
0
VERTEX
8
ShapeString
10
223.596307
20
1089.186380
70
0
0
VERTEX
8
ShapeString
10
224.982914
20
1087.446863
70
0
0
VERTEX
8
ShapeString
10
226.739600
20
1085.974200
70
0
0
VERTEX
8
ShapeString
10
228.760621
20
1084.892463
70
0
0
VERTEX
8
ShapeString
10
230.891447
20
1084.253571
70
0
0
VERTEX
8
ShapeString
10
233.069125
20
1084.045272
70
0
0
VERTEX
8
ShapeString
10
235.230706
20
1084.255310
70
0
0
VERTEX
8
ShapeString
10
237.313238
20
1084.871432
70
0
0
VERTEX
8
ShapeString
10
239.253771
20
1085.881384
70
0
0
VERTEX
8
ShapeString
10
240.989354
20
1087.272912
70
0
0
VERTEX
8
ShapeString
10
242.457036
20
1089.033762
70
0
0
VERTEX
8
ShapeString
10
243.544493
20
1091.051711
70
0
0
VERTEX
8
ShapeString
10
244.189417
20
1093.180719
70
0
0
VERTEX
8
ShapeString
10
244.403883
20
1095.357798
70
0
0
VERTEX
8
ShapeString
10
244.199967
20
1097.519965
70
0
0
VERTEX
8
ShapeString
10
243.589745
20
1099.604234
70
0
0
VERTEX
8
ShapeString
10
242.585293
20
1101.547620
70
0
0
VERTEX
8
ShapeString
10
241.198686
20
1103.287137
70
0
0
VERTEX
8
ShapeString
10
239.442000
20
1104.759800
70
0
0
VERTEX
8
ShapeString
10
239.442000
20
1104.759800
70
0
0
SEQEND
8
ShapeString
0
POLYLINE
8
ShapeString
62
7
70
0
10
0.000000
20
0.000000
66
1
0
VERTEX
8
ShapeString
10
630.747700
20
1203.569500
70
0
0
VERTEX
8
ShapeString
10
628.725668
20
1204.658668
70
0
0
VERTEX
8
ShapeString
10
626.592447
20
1205.303552
70
0
0
VERTEX
8
ShapeString
10
624.411347
20
1205.516384
70
0
0
VERTEX
8
ShapeString
10
622.245679
20
1205.309395
70
0
0
VERTEX
8
ShapeString
10
620.158754
20
1204.694816
70
0
0
VERTEX
8
ShapeString
10
618.213884
20
1203.684878
70
0
0
VERTEX
8
ShapeString
10
616.474379
20
1202.291812
70
0
0
VERTEX
8
ShapeString
10
615.003550
20
1200.527850
70
0
0
VERTEX
8
ShapeString
10
613.914382
20
1198.505818
70
0
0
VERTEX
8
ShapeString
10
613.269498
20
1196.372597
70
0
0
VERTEX
8
ShapeString
10
613.056666
20
1194.191497
70
0
0
VERTEX
8
ShapeString
10
613.263655
20
1192.025829
70
0
0
VERTEX
8
ShapeString
10
613.878234
20
1189.938904
70
0
0
VERTEX
8
ShapeString
10
614.888172
20
1187.994034
70
0
0
VERTEX
8
ShapeString
10
616.281238
20
1186.254529
70
0
0
VERTEX
8
ShapeString
10
618.045200
20
1184.783700
70
0
0
VERTEX
8
ShapeString
10
619.345233
20
1184.025019
70
0
0
VERTEX
8
ShapeString
10
620.715825
20
1183.451687
70
0
0
VERTEX
8
ShapeString
10
622.137943
20
1183.065058
70
0
0
VERTEX
8
ShapeString
10
623.592556
20
1182.866486
70
0
0
VERTEX
8
ShapeString
10
625.060632
20
1182.857321
70
0
0
VERTEX
8
ShapeString
10
626.523138
20
1183.038918
70
0
0
VERTEX
8
ShapeString
10
627.961043
20
1183.412629
70
0
0
VERTEX
8
ShapeString
10
629.355315
20
1183.979807
70
0
0
VERTEX
8
ShapeString
10
630.662369
20
1184.726328
70
0
0
VERTEX
8
ShapeString
10
631.844185
20
1185.626629
70
0
0
VERTEX
8
ShapeString
10
632.890074
20
1186.664905
70
0
0
VERTEX
8
ShapeString
10
633.789350
20
1187.825351
70
0
0
VERTEX
8
ShapeString
10
634.531324
20
1189.092159
70
0
0
VERTEX
8
ShapeString
10
635.105310
20
1190.449525
70
0
0
VERTEX
8
ShapeString
10
635.500619
20
1191.881643
70
0
0
VERTEX
8
ShapeString
10
635.706565
20
1193.372706
70
0
0
VERTEX
8
ShapeString
10
635.713586
20
1194.877909
70
0
0
VERTEX
8
ShapeString
10
635.524810
20
1196.351542
70
0
0
VERTEX
8
ShapeString
10
635.148581
20
1197.776447
70
0
0
VERTEX
8
ShapeString
10
634.593244
20
1199.135465
70
0
0
VERTEX
8
ShapeString
10
633.867142
20
1200.411438
70
0
0
VERTEX
8
ShapeString
10
632.978622
20
1201.587207
70
0
0
VERTEX
8
ShapeString
10
631.936026
20
1202.645614
70
0
0
VERTEX
8
ShapeString
10
630.747700
20
1203.569500
70
0
0
VERTEX
8
ShapeString
10
630.747700
20
1203.569500
70
0
0
SEQEND
8
ShapeString
0
POLYLINE
8
ShapeString
62
7
70
0
10
0.000000
20
0.000000
66
1
0
VERTEX
8
ShapeString
10
378.958000
20
1938.682100
70
0
0
VERTEX
8
ShapeString
10
374.861170
20
1941.303849
70
0
0
VERTEX
8
ShapeString
10
370.681699
20
1943.689423
70
0
0
VERTEX
8
ShapeString
10
366.427830
20
1945.840416
70
0
0
VERTEX
8
ShapeString
10
362.107808
20
1947.758419
70
0
0
VERTEX
8
ShapeString
10
357.729874
20
1949.445026
70
0
0
VERTEX
8
ShapeString
10
353.302274
20
1950.901829
70
0
0
VERTEX
8
ShapeString
10
348.833250
20
1952.130421
70
0
0
VERTEX
8
ShapeString
10
344.331047
20
1953.132393
70
0
0
VERTEX
8
ShapeString
10
339.803907
20
1953.909340
70
0
0
VERTEX
8
ShapeString
10
335.260074
20
1954.462853
70
0
0
VERTEX
8
ShapeString
10
330.707793
20
1954.794525
70
0
0
VERTEX
8
ShapeString
10
326.155306
20
1954.905949
70
0
0
VERTEX
8
ShapeString
10
321.610857
20
1954.798717
70
0
0
VERTEX
8
ShapeString
10
317.082689
20
1954.474422
70
0
0
VERTEX
8
ShapeString
10
312.579047
20
1953.934656
70
0
0
VERTEX
8
ShapeString
10
308.108173
20
1953.181013
70
0
0
VERTEX
8
ShapeString
10
303.678312
20
1952.215084
70
0
0
VERTEX
8
ShapeString
10
299.297706
20
1951.038463
70
0
0
VERTEX
8
ShapeString
10
294.974601
20
1949.652742
70
0
0
VERTEX
8
ShapeString
10
290.717238
20
1948.059513
70
0
0
VERTEX
8
ShapeString
10
286.533861
20
1946.260369
70
0
0
VERTEX
8
ShapeString
10
282.432715
20
1944.256904
70
0
0
VERTEX
8
ShapeString
10
278.422043
20
1942.050708
70
0
0
VERTEX
8
ShapeString
10
274.510088
20
1939.643376
70
0
0
VERTEX
8
ShapeString
10
270.705094
20
1937.036499
70
0
0
VERTEX
8
ShapeString
10
267.015304
20
1934.231671
70
0
0
VERTEX
8
ShapeString
10
263.448963
20
1931.230483
70
0
0
VERTEX
8
ShapeString
10
260.014313
20
1928.034529
70
0
0
VERTEX
8
ShapeString
10
256.719598
20
1924.645401
70
0
0
VERTEX
8
ShapeString
10
253.573062
20
1921.064692
70
0
0
VERTEX
8
ShapeString
10
250.582948
20
1917.293994
70
0
0
VERTEX
8
ShapeString
10
247.757500
20
1913.334900
70
0
0
VERTEX
8
ShapeString
10
245.135751
20
1909.238070
70
0
0
VERTEX
8
ShapeString
10
242.750177
20
1905.058599
70
0
0
VERTEX
8
ShapeString
10
240.599184
20
1900.804730
70
0
0
VERTEX
8
ShapeString
10
238.681181
20
1896.484708
70
0
0
VERTEX
8
ShapeString
10
236.994574
20
1892.106774
70
0
0
VERTEX
8
ShapeString
10
235.537771
20
1887.679174
70
0
0
VERTEX
8
ShapeString
10
234.309180
20
1883.210150
70
0
0
VERTEX
8
ShapeString
10
233.307207
20
1878.707947
70
0
0
VERTEX
8
ShapeString
10
232.530260
20
1874.180807
70
0
0
VERTEX
8
ShapeString
10
231.976747
20
1869.636974
70
0
0
VERTEX
8
ShapeString
10
231.645075
20
1865.084693
70
0
0
VERTEX
8
ShapeString
10
231.533651
20
1860.532206
70
0
0
VERTEX
8
ShapeString
10
231.640883
20
1855.987756
70
0
0
VERTEX
8
ShapeString
10
231.965178
20
1851.459589
70
0
0
VERTEX
8
ShapeString
10
232.504944
20
1846.955947
70
0
0
VERTEX
8
ShapeString
10
233.258587
20
1842.485073
70
0
0
VERTEX
8
ShapeString
10
234.224516
20
1838.055212
70
0
0
VERTEX
8
ShapeString
10
235.401137
20
1833.674606
70
0
0
VERTEX
8
ShapeString
10
236.786858
20
1829.351501
70
0
0
VERTEX
8
ShapeString
10
238.380087
20
1825.094138
70
0
0
VERTEX
8
ShapeString
10
240.179231
20
1820.910761
70
0
0
VERTEX
8
ShapeString
10
242.182696
20
1816.809615
70
0
0
VERTEX
8
ShapeString
10
244.388892
20
1812.798943
70
0
0
VERTEX
8
ShapeString
10
246.796224
20
1808.886988
70
0
0
VERTEX
8
ShapeString
10
249.403101
20
1805.081994
70
0
0
VERTEX
8
ShapeString
10
252.207929
20
1801.392204
70
0
0
VERTEX
8
ShapeString
10
255.209117
20
1797.825863
70
0
0
VERTEX
8
ShapeString
10
258.405071
20
1794.391213
70
0
0
VERTEX
8
ShapeString
10
261.794199
20
1791.096498
70
0
0
VERTEX
8
ShapeString
10
265.374908
20
1787.949962
70
0
0
VERTEX
8
ShapeString
10
269.145606
20
1784.959848
70
0
0
VERTEX
8
ShapeString
10
273.104700
20
1782.134400
70
0
0
VERTEX
8
ShapeString
10
278.438072
20
1778.780885
70
0
0
VERTEX
8
ShapeString
10
283.938265
20
1775.812106
70
0
0
VERTEX
8
ShapeString
10
289.585452
20
1773.229471
70
0
0
VERTEX
8
ShapeString
10
295.359811
20
1771.034390
70
0
0
VERTEX
8
ShapeString
10
301.241514
20
1769.228271
70
0
0
VERTEX
8
ShapeString
10
307.210739
20
1767.812525
70
0
0
VERTEX
8
ShapeString
10
313.247660
20
1766.788559
70
0
0
VERTEX
8
ShapeString
10
319.332452
20
1766.157783
70
0
0
VERTEX
8
ShapeString
10
325.445290
20
1765.921606
70
0
0
VERTEX
8
ShapeString
10
331.566350
20
1766.081438
70
0
0
VERTEX
8
ShapeString
10
337.675806
20
1766.638686
70
0
0
VERTEX
8
ShapeString
10
343.753834
20
1767.594761
70
0
0
VERTEX
8
ShapeString
10
349.780609
20
1768.951071
70
0
0
VERTEX
8
ShapeString
10
355.736306
20
1770.709025
70
0
0
VERTEX
8
ShapeString
10
361.601101
20
1772.870032
70
0
0
VERTEX
8
ShapeString
10
367.355168
20
1775.435502
70
0
0
VERTEX
8
ShapeString
10
372.926083
20
1778.377580
70
0
0
VERTEX
8
ShapeString
10
378.247218
20
1781.656497
70
0
0
VERTEX
8
ShapeString
10
383.307439
20
1785.255787
70
0
0
VERTEX
8
ShapeString
10
388.095614
20
1789.158988
70
0
0
VERTEX
8
ShapeString
10
392.600611
20
1793.349633
70
0
0
VERTEX
8
ShapeString
10
396.811295
20
1797.811260
70
0
0
VERTEX
8
ShapeString
10
400.716536
20
1802.527404
70
0
0
VERTEX
8
ShapeString
10
404.305200
20
1807.481601
70
0
0
VERTEX
8
ShapeString
10
407.566154
20
1812.657385
70
0
0
VERTEX
8
ShapeString
10
410.488266
20
1818.038294
70
0
0
VERTEX
8
ShapeString
10
413.060403
20
1823.607863
70
0
0
VERTEX
8
ShapeString
10
415.271432
20
1829.349627
70
0
0
VERTEX
8
ShapeString
10
417.110221
20
1835.247122
70
0
0
VERTEX
8
ShapeString
10
418.565636
20
1841.283884
70
0
0
VERTEX
8
ShapeString
10
419.626546
20
1847.443449
70
0
0
VERTEX
8
ShapeString
10
420.281817
20
1853.709352
70
0
0
VERTEX
8
ShapeString
10
420.519361
20
1860.004945
70
0
0
VERTEX
8
ShapeString
10
420.340303
20
1866.252641
70
0
0
VERTEX
8
ShapeString
10
419.753337
20
1872.434567
70
0
0
VERTEX
8
ShapeString
10
418.767154
20
1878.532848
70
0
0
VERTEX
8
ShapeString
10
417.390446
20
1884.529612
70
0
0
VERTEX
8
ShapeString
10
415.631906
20
1890.406986
70
0
0
VERTEX
8
ShapeString
10
413.500226
20
1896.147095
70
0
0
VERTEX
8
ShapeString
10
411.004098
20
1901.732068
70
0
0
VERTEX
8
ShapeString
10
408.152214
20
1907.144029
70
0
0
VERTEX
8
ShapeString
10
404.953267
20
1912.365107
70
0
0
VERTEX
8
ShapeString
10
401.415947
20
1917.377427
70
0
0
VERTEX
8
ShapeString
10
397.548948
20
1922.163116
70
0
0
VERTEX
8
ShapeString
10
393.360962
20
1926.704302
70
0
0
VERTEX
8
ShapeString
10
388.860680
20
1930.983110
70
0
0
VERTEX
8
ShapeString
10
384.056796
20
1934.981667
70
0
0
VERTEX
8
ShapeString
10
378.958000
20
1938.682100
70
0
0
VERTEX
8
ShapeString
10
378.958000
20
1938.682100
70
0
0
SEQEND
8
ShapeString
0
POLYLINE
8
ShapeString
62
7
70
0
10
0.000000
20
0.000000
66
1
0
VERTEX
8
ShapeString
10
91.779400
20
2000.063100
70
0
0
VERTEX
8
ShapeString
10
91.213283
20
1981.172193
70
0
0
VERTEX
8
ShapeString
10
90.803103
20
1962.279510
70
0
0
VERTEX
8
ShapeString
10
90.548830
20
1943.386015
70
0
0
VERTEX
8
ShapeString
10
90.450433
20
1924.492672
70
0
0
VERTEX
8
ShapeString
10
90.507882
20
1905.600444
70
0
0
VERTEX
8
ShapeString
10
90.721145
20
1886.710296
70
0
0
VERTEX
8
ShapeString
10
91.090191
20
1867.823190
70
0
0
VERTEX
8
ShapeString
10
91.614991
20
1848.940091
70
0
0
VERTEX
8
ShapeString
10
92.295512
20
1830.061963
70
0
0
VERTEX
8
ShapeString
10
93.131725
20
1811.189769
70
0
0
VERTEX
8
ShapeString
10
94.123599
20
1792.324474
70
0
0
VERTEX
8
ShapeString
10
95.271102
20
1773.467040
70
0
0
VERTEX
8
ShapeString
10
96.574205
20
1754.618432
70
0
0
VERTEX
8
ShapeString
10
98.032876
20
1735.779613
70
0
0
VERTEX
8
ShapeString
10
99.647085
20
1716.951548
70
0
0
VERTEX
8
ShapeString
10
101.416800
20
1698.135200
70
0
0
SEQEND
8
ShapeString
0
POLYLINE
8
ShapeString
62
7
70
0
10
0.000000
20
0.000000
66
1
0
VERTEX
8
ShapeString
10
563.760300
20
1947.494400
70
0
0
VERTEX
8
ShapeString
10
563.409583
20
1928.607790
70
0
0
VERTEX
8
ShapeString
10
563.235985
20
1909.719967
70
0
0
VERTEX
8
ShapeString
10
563.239488
20
1890.832177
70
0
0
VERTEX
8
ShapeString
10
563.420075
20
1871.945664
70
0
0
VERTEX
8
ShapeString
10
563.777727
20
1853.061675
70
0
0
VERTEX
8
ShapeString
10
564.312427
20
1834.181454
70
0
0
VERTEX
8
ShapeString
10
565.024157
20
1815.306248
70
0
0
VERTEX
8
ShapeString
10
565.912900
20
1796.437300
70
0
0
SEQEND
8
ShapeString
0
POLYLINE
8
ShapeString
62
7
70
0
10
0.000000
20
0.000000
66
1
0
VERTEX
8
ShapeString
10
565.912900
20
1796.437300
70
0
0
VERTEX
8
ShapeString
10
568.228398
20
1756.470971
70
0
0
VERTEX
8
ShapeString
10
571.031786
20
1716.546413
70
0
0
VERTEX
8
ShapeString
10
574.322395
20
1676.668061
70
0
0
VERTEX
8
ShapeString
10
578.099557
20
1636.840348
70
0
0
VERTEX
8
ShapeString
10
582.362605
20
1597.067708
70
0
0
VERTEX
8
ShapeString
10
587.110870
20
1557.354574
70
0
0
VERTEX
8
ShapeString
10
592.343684
20
1517.705380
70
0
0
VERTEX
8
ShapeString
10
598.060379
20
1478.124560
70
0
0
VERTEX
8
ShapeString
10
604.260288
20
1438.616548
70
0
0
VERTEX
8
ShapeString
10
610.942741
20
1399.185776
70
0
0
VERTEX
8
ShapeString
10
618.107072
20
1359.836680
70
0
0
VERTEX
8
ShapeString
10
625.752612
20
1320.573692
70
0
0
VERTEX
8
ShapeString
10
633.878692
20
1281.401246
70
0
0
VERTEX
8
ShapeString
10
642.484646
20
1242.323777
70
0
0
VERTEX
8
ShapeString
10
651.569805
20
1203.345717
70
0
0
VERTEX
8
ShapeString
10
661.133500
20
1164.471500
70
0
0
SEQEND
8
ShapeString
0
POLYLINE
8
ShapeString
62
7
70
0
10
0.000000
20
0.000000
66
1
0
VERTEX
8
ShapeString
10
214.859000
20
1051.784000
70
0
0
VERTEX
8
ShapeString
10
661.133700
20
1164.475800
70
0
0
SEQEND
8
ShapeString
0
POLYLINE
8
ShapeString
62
7
70
0
10
0.000000
20
0.000000
66
1
0
VERTEX
8
ShapeString
10
101.416800
20
1698.135200
70
0
0
VERTEX
8
ShapeString
10
105.624966
20
1657.281447
70
0
0
VERTEX
8
ShapeString
10
110.219638
20
1616.475864
70
0
0
VERTEX
8
ShapeString
10
115.200339
20
1575.721176
70
0
0
VERTEX
8
ShapeString
10
120.566591
20
1535.020110
70
0
0
VERTEX
8
ShapeString
10
126.317914
20
1494.375391
70
0
0
VERTEX
8
ShapeString
10
132.453831
20
1453.789744
70
0
0
VERTEX
8
ShapeString
10
138.973863
20
1413.265895
70
0
0
VERTEX
8
ShapeString
10
145.877532
20
1372.806570
70
0
0
VERTEX
8
ShapeString
10
153.164360
20
1332.414494
70
0
0
VERTEX
8
ShapeString
10
160.833867
20
1292.092393
70
0
0
VERTEX
8
ShapeString
10
168.885576
20
1251.842993
70
0
0
VERTEX
8
ShapeString
10
177.319008
20
1211.669019
70
0
0
VERTEX
8
ShapeString
10
186.133684
20
1171.573197
70
0
0
VERTEX
8
ShapeString
10
195.329128
20
1131.558253
70
0
0
VERTEX
8
ShapeString
10
204.904859
20
1091.626912
70
0
0
VERTEX
8
ShapeString
10
214.860400
20
1051.781900
70
0
0
SEQEND
8
ShapeString
0
POLYLINE
8
ShapeString
62
7
70
0
10
0.000000
20
0.000000
66
1
0
VERTEX
8
ShapeString
10
0.500100
20
4560.503200
70
0
0
VERTEX
8
ShapeString
10
9120.500100
20
4560.503200
70
0
0
VERTEX
8
ShapeString
10
9120.500100
20
0.503200
70
0
0
VERTEX
8
ShapeString
10
0.500100
20
0.503200
70
0
0
VERTEX
8
ShapeString
10
0.500100
20
4560.503200
70
0
0
SEQEND
8
ShapeString
0
POLYLINE
8
Shape2DView008
62
7
70
0
10
0.000000
20
0.000000
66
1
0
VERTEX
8
Shape2DView008
10
524.070300
20
719.117700
70
0
0
VERTEX
8
Shape2DView008
10
517.974164
20
714.498737
70
0
0
VERTEX
8
Shape2DView008
10
512.106380
20
709.670113
70
0
0
VERTEX
8
Shape2DView008
10
506.469601
20
704.639998
70
0
0
VERTEX
8
Shape2DView008
10
501.066481
20
699.416560
70
0
0
VERTEX
8
Shape2DView008
10
495.899674
20
694.007968
70
0
0
VERTEX
8
Shape2DView008
10
490.971835
20
688.422389
70
0
0
VERTEX
8
Shape2DView008
10
486.285618
20
682.667994
70
0
0
VERTEX
8
Shape2DView008
10
481.843677
20
676.752950
70
0
0
VERTEX
8
Shape2DView008
10
477.648666
20
670.685426
70
0
0
VERTEX
8
Shape2DView008
10
473.703239
20
664.473590
70
0
0
VERTEX
8
Shape2DView008
10
470.010051
20
658.125611
70
0
0
VERTEX
8
Shape2DView008
10
466.571754
20
651.649659
70
0
0
VERTEX
8
Shape2DView008
10
463.391005
20
645.053900
70
0
0
VERTEX
8
Shape2DView008
10
460.470456
20
638.346504
70
0
0
VERTEX
8
Shape2DView008
10
457.812761
20
631.535640
70
0
0
VERTEX
8
Shape2DView008
10
455.420576
20
624.629475
70
0
0
VERTEX
8
Shape2DView008
10
453.296554
20
617.636179
70
0
0
VERTEX
8
Shape2DView008
10
451.443349
20
610.563920
70
0
0
VERTEX
8
Shape2DView008
10
449.863615
20
603.420867
70
0
0
VERTEX
8
Shape2DView008
10
448.560007
20
596.215188
70
0
0
VERTEX
8
Shape2DView008
10
447.535179
20
588.955052
70
0
0
VERTEX
8
Shape2DView008
10
446.791784
20
581.648628
70
0
0
VERTEX
8
Shape2DView008
10
446.332477
20
574.304083
70
0
0
VERTEX
8
Shape2DView008
10
446.159912
20
566.929588
70
0
0
VERTEX
8
Shape2DView008
10
446.276743
20
559.533309
70
0
0
VERTEX
8
Shape2DView008
10
446.685625
20
552.123416
70
0
0
VERTEX
8
Shape2DView008
10
447.389210
20
544.708077
70
0
0
VERTEX
8
Shape2DView008
10
448.390155
20
537.295462
70
0
0
VERTEX
8
Shape2DView008
10
449.691112
20
529.893738
70
0
0
VERTEX
8
Shape2DView008
10
451.294736
20
522.511074
70
0
0
VERTEX
8
Shape2DView008
10
453.203680
20
515.155638
70
0
0
VERTEX
8
Shape2DView008
10
455.420600
20
507.835600
70
0
0
SEQEND
8
Shape2DView008
0
POLYLINE
8
Shape2DView008
62
7
70
0
10
0.000000
20
0.000000
66
1
0
VERTEX
8
Shape2DView008
10
455.420600
20
507.835600
70
0
0
VERTEX
8
Shape2DView008
10
457.929688
20
500.610499
70
0
0
VERTEX
8
Shape2DView008
10
460.708738
20
493.537785
70
0
0
VERTEX
8
Shape2DView008
10
463.750803
20
486.622504
70
0
0
VERTEX
8
Shape2DView008
10
467.048932
20
479.869707
70
0
0
VERTEX
8
Shape2DView008
10
470.596179
20
473.284442
70
0
0
VERTEX
8
Shape2DView008
10
474.385593
20
466.871756
70
0
0
VERTEX
8
Shape2DView008
10
478.410227
20
460.636699
70
0
0
VERTEX
8
Shape2DView008
10
482.663133
20
454.584319
70
0
0
VERTEX
8
Shape2DView008
10
487.137360
20
448.719664
70
0
0
VERTEX
8
Shape2DView008
10
491.825961
20
443.047782
70
0
0
VERTEX
8
Shape2DView008
10
496.721988
20
437.573723
70
0
0
VERTEX
8
Shape2DView008
10
501.818491
20
432.302534
70
0
0
VERTEX
8
Shape2DView008
10
507.108522
20
427.239265
70
0
0
VERTEX
8
Shape2DView008
10
512.585132
20
422.388963
70
0
0
VERTEX
8
Shape2DView008
10
518.241373
20
417.756677
70
0
0
VERTEX
8
Shape2DView008
10
524.070297
20
413.347455
70
0
0
VERTEX
8
Shape2DView008
10
530.064954
20
409.166346
70
0
0
VERTEX
8
Shape2DView008
10
536.218396
20
405.218399
70
0
0
VERTEX
8
Shape2DView008
10
542.523674
20
401.508661
70
0
0
VERTEX
8
Shape2DView008
10
548.973841
20
398.042181
70
0
0
VERTEX
8
Shape2DView008
10
555.561946
20
394.824008
70
0
0
VERTEX
8
Shape2DView008
10
562.281043
20
391.859191
70
0
0
VERTEX
8
Shape2DView008
10
569.124181
20
389.152776
70
0
0
VERTEX
8
Shape2DView008
10
576.084413
20
386.709814
70
0
0
VERTEX
8
Shape2DView008
10
583.154789
20
384.535352
70
0
0
VERTEX
8
Shape2DView008
10
590.328362
20
382.634439
70
0
0
VERTEX
8
Shape2DView008
10
597.598183
20
381.012123
70
0
0
VERTEX
8
Shape2DView008
10
604.957302
20
379.673453
70
0
0
VERTEX
8
Shape2DView008
10
612.398773
20
378.623477
70
0
0
VERTEX
8
Shape2DView008
10
619.915645
20
377.867244
70
0
0
VERTEX
8
Shape2DView008
10
627.500970
20
377.409802
70
0
0
VERTEX
8
Shape2DView008
10
635.147800
20
377.256200
70
0
0
SEQEND
8
Shape2DView008
0
POLYLINE
8
Shape2DView008
62
7
70
0
10
0.000000
20
0.000000
66
1
0
VERTEX
8
Shape2DView008
10
635.147800
20
377.256200
70
0
0
VERTEX
8
Shape2DView008
10
642.794630
20
377.409802
70
0
0
VERTEX
8
Shape2DView008
10
650.379955
20
377.867244
70
0
0
VERTEX
8
Shape2DView008
10
657.896827
20
378.623477
70
0
0
VERTEX
8
Shape2DView008
10
665.338298
20
379.673453
70
0
0
VERTEX
8
Shape2DView008
10
672.697417
20
381.012123
70
0
0
VERTEX
8
Shape2DView008
10
679.967238
20
382.634439
70
0
0
VERTEX
8
Shape2DView008
10
687.140811
20
384.535352
70
0
0
VERTEX
8
Shape2DView008
10
694.211187
20
386.709814
70
0
0
VERTEX
8
Shape2DView008
10
701.171419
20
389.152776
70
0
0
VERTEX
8
Shape2DView008
10
708.014557
20
391.859191
70
0
0
VERTEX
8
Shape2DView008
10
714.733654
20
394.824008
70
0
0
VERTEX
8
Shape2DView008
10
721.321759
20
398.042181
70
0
0
VERTEX
8
Shape2DView008
10
727.771926
20
401.508661
70
0
0
VERTEX
8
Shape2DView008
10
734.077204
20
405.218399
70
0
0
VERTEX
8
Shape2DView008
10
740.230646
20
409.166346
70
0
0
VERTEX
8
Shape2DView008
10
746.225303
20
413.347455
70
0
0
VERTEX
8
Shape2DView008
10
752.054227
20
417.756677
70
0
0
VERTEX
8
Shape2DView008
10
757.710468
20
422.388963
70
0
0
VERTEX
8
Shape2DView008
10
763.187078
20
427.239265
70
0
0
VERTEX
8
Shape2DView008
10
768.477109
20
432.302534
70
0
0
VERTEX
8
Shape2DView008
10
773.573612
20
437.573723
70
0
0
VERTEX
8
Shape2DView008
10
778.469639
20
443.047782
70
0
0
VERTEX
8
Shape2DView008
10
783.158240
20
448.719664
70
0
0
VERTEX
8
Shape2DView008
10
787.632467
20
454.584319
70
0
0
VERTEX
8
Shape2DView008
10
791.885373
20
460.636699
70
0
0
VERTEX
8
Shape2DView008
10
795.910007
20
466.871756
70
0
0
VERTEX
8
Shape2DView008
10
799.699421
20
473.284442
70
0
0
VERTEX
8
Shape2DView008
10
803.246668
20
479.869707
70
0
0
VERTEX
8
Shape2DView008
10
806.544797
20
486.622504
70
0
0
VERTEX
8
Shape2DView008
10
809.586862
20
493.537785
70
0
0
VERTEX
8
Shape2DView008
10
812.365912
20
500.610499
70
0
0
VERTEX
8
Shape2DView008
10
814.875000
20
507.835600
70
0
0
SEQEND
8
Shape2DView008
0
POLYLINE
8
Shape2DView008
62
7
70
0
10
0.000000
20
0.000000
66
1
0
VERTEX
8
Shape2DView008
10
814.875000
20
507.835600
70
0
0
VERTEX
8
Shape2DView008
10
817.091920
20
515.155638
70
0
0
VERTEX
8
Shape2DView008
10
819.000864
20
522.511074
70
0
0
VERTEX
8
Shape2DView008
10
820.604488
20
529.893738
70
0
0
VERTEX
8
Shape2DView008
10
821.905445
20
537.295462
70
0
0
VERTEX
8
Shape2DView008
10
822.906390
20
544.708077
70
0
0
VERTEX
8
Shape2DView008
10
823.609975
20
552.123416
70
0
0
VERTEX
8
Shape2DView008
10
824.018857
20
559.533309
70
0
0
VERTEX
8
Shape2DView008
10
824.135688
20
566.929588
70
0
0
VERTEX
8
Shape2DView008
10
823.963123
20
574.304083
70
0
0
VERTEX
8
Shape2DView008
10
823.503816
20
581.648628
70
0
0
VERTEX
8
Shape2DView008
10
822.760421
20
588.955052
70
0
0
VERTEX
8
Shape2DView008
10
821.735593
20
596.215188
70
0
0
VERTEX
8
Shape2DView008
10
820.431985
20
603.420867
70
0
0
VERTEX
8
Shape2DView008
10
818.852251
20
610.563920
70
0
0
VERTEX
8
Shape2DView008
10
816.999046
20
617.636179
70
0
0
VERTEX
8
Shape2DView008
10
814.875024
20
624.629475
70
0
0
VERTEX
8
Shape2DView008
10
812.482839
20
631.535640
70
0
0
VERTEX
8
Shape2DView008
10
809.825144
20
638.346504
70
0
0
VERTEX
8
Shape2DView008
10
806.904595
20
645.053900
70
0
0
VERTEX
8
Shape2DView008
10
803.723846
20
651.649659
70
0
0
VERTEX
8
Shape2DView008
10
800.285549
20
658.125611
70
0
0
VERTEX
8
Shape2DView008
10
796.592361
20
664.473590
70
0
0
VERTEX
8
Shape2DView008
10
792.646934
20
670.685426
70
0
0
VERTEX
8
Shape2DView008
10
788.451923
20
676.752950
70
0
0
VERTEX
8
Shape2DView008
10
784.009982
20
682.667994
70
0
0
VERTEX
8
Shape2DView008
10
779.323765
20
688.422389
70
0
0
VERTEX
8
Shape2DView008
10
774.395926
20
694.007968
70
0
0
VERTEX
8
Shape2DView008
10
769.229119
20
699.416560
70
0
0
VERTEX
8
Shape2DView008
10
763.825999
20
704.639998
70
0
0
VERTEX
8
Shape2DView008
10
758.189220
20
709.670113
70
0
0
VERTEX
8
Shape2DView008
10
752.321436
20
714.498737
70
0
0
VERTEX
8
Shape2DView008
10
746.225300
20
719.117700
70
0
0
SEQEND
8
Shape2DView008
0
POLYLINE
8
Shape2DView008
62
7
70
0
10
0.000000
20
0.000000
66
1
0
VERTEX
8
Shape2DView008
10
746.225300
20
719.117700
70
0
0
VERTEX
8
Shape2DView008
10
739.948599
20
723.488126
70
0
0
VERTEX
8
Shape2DView008
10
733.543063
20
727.576588
70
0
0
VERTEX
8
Shape2DView008
10
727.017283
20
731.383088
70
0
0
VERTEX
8
Shape2DView008
10
720.379846
20
734.907624
70
0
0
VERTEX
8
Shape2DView008
10
713.639342
20
738.150198
70
0
0
VERTEX
8
Shape2DView008
10
706.804360
20
741.110809
70
0
0
VERTEX
8
Shape2DView008
10
699.883489
20
743.789457
70
0
0
VERTEX
8
Shape2DView008
10
692.885317
20
746.186142
70
0
0
VERTEX
8
Shape2DView008
10
685.818433
20
748.300864
70
0
0
VERTEX
8
Shape2DView008
10
678.691428
20
750.133623
70
0
0
VERTEX
8
Shape2DView008
10
671.512888
20
751.684419
70
0
0
VERTEX
8
Shape2DView008
10
664.291404
20
752.953252
70
0
0
VERTEX
8
Shape2DView008
10
657.035564
20
753.940123
70
0
0
VERTEX
8
Shape2DView008
10
649.753958
20
754.645030
70
0
0
VERTEX
8
Shape2DView008
10
642.455173
20
755.067974
70
0
0
VERTEX
8
Shape2DView008
10
635.147800
20
755.208956
70
0
0
VERTEX
8
Shape2DView008
10
627.840427
20
755.067974
70
0
0
VERTEX
8
Shape2DView008
10
620.541642
20
754.645030
70
0
0
VERTEX
8
Shape2DView008
10
613.260036
20
753.940123
70
0
0
VERTEX
8
Shape2DView008
10
606.004196
20
752.953252
70
0
0
VERTEX
8
Shape2DView008
10
598.782712
20
751.684419
70
0
0
VERTEX
8
Shape2DView008
10
591.604172
20
750.133623
70
0
0
VERTEX
8
Shape2DView008
10
584.477167
20
748.300864
70
0
0
VERTEX
8
Shape2DView008
10
577.410283
20
746.186142
70
0
0
VERTEX
8
Shape2DView008
10
570.412111
20
743.789457
70
0
0
VERTEX
8
Shape2DView008
10
563.491240
20
741.110809
70
0
0
VERTEX
8
Shape2DView008
10
556.656258
20
738.150198
70
0
0
VERTEX
8
Shape2DView008
10
549.915754
20
734.907624
70
0
0
VERTEX
8
Shape2DView008
10
543.278317
20
731.383088
70
0
0
VERTEX
8
Shape2DView008
10
536.752537
20
727.576588
70
0
0
VERTEX
8
Shape2DView008
10
530.347001
20
723.488126
70
0
0
VERTEX
8
Shape2DView008
10
524.070300
20
719.117700
70
0
0
SEQEND
8
Shape2DView008
0
POLYLINE
8
Shape2DView008
62
7
70
0
10
0.000000
20
0.000000
66
1
0
VERTEX
8
Shape2DView008
10
1084.465800
20
420.240300
70
0
0
VERTEX
8
Shape2DView008
10
1087.333602
20
429.378006
70
0
0
VERTEX
8
Shape2DView008
10
1090.008090
20
438.540387
70
0
0
VERTEX
8
Shape2DView008
10
1092.490094
20
447.724892
70
0
0
VERTEX
8
Shape2DView008
10
1094.780443
20
456.928967
70
0
0
VERTEX
8
Shape2DView008
10
1096.879966
20
466.150061
70
0
0
VERTEX
8
Shape2DView008
10
1098.789494
20
475.385619
70
0
0
VERTEX
8
Shape2DView008
10
1100.509855
20
484.633090
70
0
0
VERTEX
8
Shape2DView008
10
1102.041879
20
493.889920
70
0
0
VERTEX
8
Shape2DView008
10
1103.386396
20
503.153558
70
0
0
VERTEX
8
Shape2DView008
10
1104.544234
20
512.421450
70
0
0
VERTEX
8
Shape2DView008
10
1105.516223
20
521.691044
70
0
0
VERTEX
8
Shape2DView008
10
1106.303193
20
530.959787
70
0
0
VERTEX
8
Shape2DView008
10
1106.905972
20
540.225127
70
0
0
VERTEX
8
Shape2DView008
10
1107.325391
20
549.484510
70
0
0
VERTEX
8
Shape2DView008
10
1107.562279
20
558.735385
70
0
0
VERTEX
8
Shape2DView008
10
1107.617465
20
567.975197
70
0
0
VERTEX
8
Shape2DView008
10
1107.491779
20
577.201396
70
0
0
VERTEX
8
Shape2DView008
10
1107.186049
20
586.411427
70
0
0
VERTEX
8
Shape2DView008
10
1106.701107
20
595.602739
70
0
0
VERTEX
8
Shape2DView008
10
1106.037779
20
604.772779
70
0
0
VERTEX
8
Shape2DView008
10
1105.196898
20
613.918993
70
0
0
VERTEX
8
Shape2DView008
10
1104.179290
20
623.038830
70
0
0
VERTEX
8
Shape2DView008
10
1102.985787
20
632.129737
70
0
0
VERTEX
8
Shape2DView008
10
1101.617218
20
641.189161
70
0
0
VERTEX
8
Shape2DView008
10
1100.074411
20
650.214548
70
0
0
VERTEX
8
Shape2DView008
10
1098.358197
20
659.203348
70
0
0
VERTEX
8
Shape2DView008
10
1096.469405
20
668.153006
70
0
0
VERTEX
8
Shape2DView008
10
1094.408863
20
677.060971
70
0
0
VERTEX
8
Shape2DView008
10
1092.177402
20
685.924690
70
0
0
VERTEX
8
Shape2DView008
10
1089.775852
20
694.741609
70
0
0
VERTEX
8
Shape2DView008
10
1087.205040
20
703.509176
70
0
0
VERTEX
8
Shape2DView008
10
1084.465798
20
712.224839
70
0
0
VERTEX
8
Shape2DView008
10
1081.558954
20
720.886045
70
0
0
VERTEX
8
Shape2DView008
10
1078.485337
20
729.490242
70
0
0
VERTEX
8
Shape2DView008
10
1075.245777
20
738.034875
70
0
0
VERTEX
8
Shape2DView008
10
1071.841104
20
746.517394
70
0
0
VERTEX
8
Shape2DView008
10
1068.272147
20
754.935245
70
0
0
VERTEX
8
Shape2DView008
10
1064.539736
20
763.285875
70
0
0
VERTEX
8
Shape2DView008
10
1060.644698
20
771.566732
70
0
0
VERTEX
8
Shape2DView008
10
1056.587866
20
779.775263
70
0
0
VERTEX
8
Shape2DView008
10
1052.370066
20
787.908916
70
0
0
VERTEX
8
Shape2DView008
10
1047.992130
20
795.965138
70
0
0
VERTEX
8
Shape2DView008
10
1043.454886
20
803.941375
70
0
0
VERTEX
8
Shape2DView008
10
1038.759164
20
811.835076
70
0
0
VERTEX
8
Shape2DView008
10
1033.905793
20
819.643688
70
0
0
VERTEX
8
Shape2DView008
10
1028.895603
20
827.364658
70
0
0
VERTEX
8
Shape2DView008
10
1023.729422
20
834.995434
70
0
0
VERTEX
8
Shape2DView008
10
1018.408082
20
842.533462
70
0
0
VERTEX
8
Shape2DView008
10
1012.932410
20
849.976190
70
0
0
VERTEX
8
Shape2DView008
10
1007.303236
20
857.321066
70
0
0
VERTEX
8
Shape2DView008
10
1001.521390
20
864.565536
70
0
0
VERTEX
8
Shape2DView008
10
995.587702
20
871.707048
70
0
0
VERTEX
8
Shape2DView008
10
989.502999
20
878.743050
70
0
0
VERTEX
8
Shape2DView008
10
983.268113
20
885.670988
70
0
0
VERTEX
8
Shape2DView008
10
976.883872
20
892.488311
70
0
0
VERTEX
8
Shape2DView008
10
970.351106
20
899.192464
70
0
0
VERTEX
8
Shape2DView008
10
963.670644
20
905.780897
70
0
0
VERTEX
8
Shape2DView008
10
956.843316
20
912.251055
70
0
0
VERTEX
8
Shape2DView008
10
949.869951
20
918.600386
70
0
0
VERTEX
8
Shape2DView008
10
942.751378
20
924.826339
70
0
0
VERTEX
8
Shape2DView008
10
935.488427
20
930.926359
70
0
0
VERTEX
8
Shape2DView008
10
928.081928
20
936.897894
70
0
0
VERTEX
8
Shape2DView008
10
920.532709
20
942.738392
70
0
0
VERTEX
8
Shape2DView008
10
912.841600
20
948.445300
70
0
0
SEQEND
8
Shape2DView008
0
POLYLINE
8
Shape2DView008
62
7
70
0
10
0.000000
20
0.000000
66
1
0
VERTEX
8
Shape2DView008
10
635.147800
20
93.791600
70
0
0
VERTEX
8
Shape2DView008
10
644.724475
20
93.887866
70
0
0
VERTEX
8
Shape2DView008
10
654.264880
20
94.175609
70
0
0
VERTEX
8
Shape2DView008
10
663.766845
20
94.653251
70
0
0
VERTEX
8
Shape2DView008
10
673.228198
20
95.319216
70
0
0
VERTEX
8
Shape2DView008
10
682.646768
20
96.171926
70
0
0
VERTEX
8
Shape2DView008
10
692.020383
20
97.209803
70
0
0
VERTEX
8
Shape2DView008
10
701.346872
20
98.431268
70
0
0
VERTEX
8
Shape2DView008
10
710.624063
20
99.834746
70
0
0
VERTEX
8
Shape2DView008
10
719.849784
20
101.418657
70
0
0
VERTEX
8
Shape2DView008
10
729.021866
20
103.181424
70
0
0
VERTEX
8
Shape2DView008
10
738.138135
20
105.121471
70
0
0
VERTEX
8
Shape2DView008
10
747.196421
20
107.237218
70
0
0
VERTEX
8
Shape2DView008
10
756.194552
20
109.527089
70
0
0
VERTEX
8
Shape2DView008
10
765.130357
20
111.989505
70
0
0
VERTEX
8
Shape2DView008
10
774.001664
20
114.622890
70
0
0
VERTEX
8
Shape2DView008
10
782.806302
20
117.425665
70
0
0
VERTEX
8
Shape2DView008
10
791.542099
20
120.396253
70
0
0
VERTEX
8
Shape2DView008
10
800.206884
20
123.533076
70
0
0
VERTEX
8
Shape2DView008
10
808.798485
20
126.834557
70
0
0
VERTEX
8
Shape2DView008
10
817.314732
20
130.299118
70
0
0
VERTEX
8
Shape2DView008
10
825.753453
20
133.925181
70
0
0
VERTEX
8
Shape2DView008
10
834.112475
20
137.711168
70
0
0
VERTEX
8
Shape2DView008
10
842.389628
20
141.655503
70
0
0
VERTEX
8
Shape2DView008
10
850.582741
20
145.756606
70
0
0
VERTEX
8
Shape2DView008
10
858.689642
20
150.012902
70
0
0
VERTEX
8
Shape2DView008
10
866.708159
20
154.422812
70
0
0
VERTEX
8
Shape2DView008
10
874.636121
20
158.984758
70
0
0
VERTEX
8
Shape2DView008
10
882.471356
20
163.697162
70
0
0
VERTEX
8
Shape2DView008
10
890.211694
20
168.558448
70
0
0
VERTEX
8
Shape2DView008
10
897.854962
20
173.567038
70
0
0
VERTEX
8
Shape2DView008
10
905.398990
20
178.721353
70
0
0
VERTEX
8
Shape2DView008
10
912.841606
20
184.019817
70
0
0
VERTEX
8
Shape2DView008
10
920.180638
20
189.460851
70
0
0
VERTEX
8
Shape2DView008
10
927.413914
20
195.042878
70
0
0
VERTEX
8
Shape2DView008
10
934.539265
20
200.764320
70
0
0
VERTEX
8
Shape2DView008
10
941.554517
20
206.623600
70
0
0
VERTEX
8
Shape2DView008
10
948.457501
20
212.619140
70
0
0
VERTEX
8
Shape2DView008
10
955.246043
20
218.749363
70
0
0
VERTEX
8
Shape2DView008
10
961.917973
20
225.012690
70
0
0
VERTEX
8
Shape2DView008
10
968.471119
20
231.407544
70
0
0
VERTEX
8
Shape2DView008
10
974.903311
20
237.932347
70
0
0
VERTEX
8
Shape2DView008
10
981.212376
20
244.585523
70
0
0
VERTEX
8
Shape2DView008
10
987.396143
20
251.365492
70
0
0
VERTEX
8
Shape2DView008
10
993.452440
20
258.270678
70
0
0
VERTEX
8
Shape2DView008
10
999.379097
20
265.299503
70
0
0
VERTEX
8
Shape2DView008
10
1005.173941
20
272.450389
70
0
0
VERTEX
8
Shape2DView008
10
1010.834802
20
279.721759
70
0
0
VERTEX
8
Shape2DView008
10
1016.359507
20
287.112035
70
0
0
VERTEX
8
Shape2DView008
10
1021.745886
20
294.619639
70
0
0
VERTEX
8
Shape2DView008
10
1026.991767
20
302.242994
70
0
0
VERTEX
8
Shape2DView008
10
1032.094978
20
309.980521
70
0
0
VERTEX
8
Shape2DView008
10
1037.053348
20
317.830644
70
0
0
VERTEX
8
Shape2DView008
10
1041.864706
20
325.791785
70
0
0
VERTEX
8
Shape2DView008
10
1046.526881
20
333.862366
70
0
0
VERTEX
8
Shape2DView008
10
1051.037700
20
342.040810
70
0
0
VERTEX
8
Shape2DView008
10
1055.394992
20
350.325538
70
0
0
VERTEX
8
Shape2DView008
10
1059.596587
20
358.714973
70
0
0
VERTEX
8
Shape2DView008
10
1063.640312
20
367.207538
70
0
0
VERTEX
8
Shape2DView008
10
1067.523995
20
375.801655
70
0
0
VERTEX
8
Shape2DView008
10
1071.245467
20
384.495746
70
0
0
VERTEX
8
Shape2DView008
10
1074.802555
20
393.288234
70
0
0
VERTEX
8
Shape2DView008
10
1078.193087
20
402.177540
70
0
0
VERTEX
8
Shape2DView008
10
1081.414893
20
411.162088
70
0
0
VERTEX
8
Shape2DView008
10
1084.465800
20
420.240300
70
0
0
SEQEND
8
Shape2DView008
0
POLYLINE
8
Shape2DView008
62
7
70
0
10
0.000000
20
0.000000
66
1
0
VERTEX
8
Shape2DView008
10
185.829800
20
420.240300
70
0
0
VERTEX
8
Shape2DView008
10
188.880707
20
411.162088
70
0
0
VERTEX
8
Shape2DView008
10
192.102513
20
402.177540
70
0
0
VERTEX
8
Shape2DView008
10
195.493045
20
393.288234
70
0
0
VERTEX
8
Shape2DView008
10
199.050133
20
384.495746
70
0
0
VERTEX
8
Shape2DView008
10
202.771605
20
375.801655
70
0
0
VERTEX
8
Shape2DView008
10
206.655288
20
367.207538
70
0
0
VERTEX
8
Shape2DView008
10
210.699013
20
358.714973
70
0
0
VERTEX
8
Shape2DView008
10
214.900608
20
350.325538
70
0
0
VERTEX
8
Shape2DView008
10
219.257900
20
342.040810
70
0
0
VERTEX
8
Shape2DView008
10
223.768719
20
333.862366
70
0
0
VERTEX
8
Shape2DView008
10
228.430894
20
325.791785
70
0
0
VERTEX
8
Shape2DView008
10
233.242252
20
317.830644
70
0
0
VERTEX
8
Shape2DView008
10
238.200622
20
309.980521
70
0
0
VERTEX
8
Shape2DView008
10
243.303833
20
302.242994
70
0
0
VERTEX
8
Shape2DView008
10
248.549714
20
294.619639
70
0
0
VERTEX
8
Shape2DView008
10
253.936093
20
287.112035
70
0
0
VERTEX
8
Shape2DView008
10
259.460798
20
279.721759
70
0
0
VERTEX
8
Shape2DView008
10
265.121659
20
272.450389
70
0
0
VERTEX
8
Shape2DView008
10
270.916503
20
265.299503
70
0
0
VERTEX
8
Shape2DView008
10
276.843160
20
258.270678
70
0
0
VERTEX
8
Shape2DView008
10
282.899457
20
251.365492
70
0
0
VERTEX
8
Shape2DView008
10
289.083224
20
244.585523
70
0
0
VERTEX
8
Shape2DView008
10
295.392289
20
237.932347
70
0
0
VERTEX
8
Shape2DView008
10
301.824481
20
231.407544
70
0
0
VERTEX
8
Shape2DView008
10
308.377627
20
225.012690
70
0
0
VERTEX
8
Shape2DView008
10
315.049557
20
218.749363
70
0
0
VERTEX
8
Shape2DView008
10
321.838099
20
212.619140
70
0
0
VERTEX
8
Shape2DView008
10
328.741083
20
206.623600
70
0
0
VERTEX
8
Shape2DView008
10
335.756335
20
200.764320
70
0
0
VERTEX
8
Shape2DView008
10
342.881686
20
195.042878
70
0
0
VERTEX
8
Shape2DView008
10
350.114962
20
189.460851
70
0
0
VERTEX
8
Shape2DView008
10
357.453994
20
184.019817
70
0
0
VERTEX
8
Shape2DView008
10
364.896610
20
178.721353
70
0
0
VERTEX
8
Shape2DView008
10
372.440638
20
173.567038
70
0
0
VERTEX
8
Shape2DView008
10
380.083906
20
168.558448
70
0
0
VERTEX
8
Shape2DView008
10
387.824244
20
163.697162
70
0
0
VERTEX
8
Shape2DView008
10
395.659479
20
158.984758
70
0
0
VERTEX
8
Shape2DView008
10
403.587441
20
154.422812
70
0
0
VERTEX
8
Shape2DView008
10
411.605958
20
150.012902
70
0
0
VERTEX
8
Shape2DView008
10
419.712859
20
145.756606
70
0
0
VERTEX
8
Shape2DView008
10
427.905972
20
141.655503
70
0
0
VERTEX
8
Shape2DView008
10
436.183125
20
137.711168
70
0
0
VERTEX
8
Shape2DView008
10
444.542147
20
133.925181
70
0
0
VERTEX
8
Shape2DView008
10
452.980868
20
130.299118
70
0
0
VERTEX
8
Shape2DView008
10
461.497115
20
126.834557
70
0
0
VERTEX
8
Shape2DView008
10
470.088716
20
123.533076
70
0
0
VERTEX
8
Shape2DView008
10
478.753501
20
120.396253
70
0
0
VERTEX
8
Shape2DView008
10
487.489298
20
117.425665
70
0
0
VERTEX
8
Shape2DView008
10
496.293936
20
114.622890
70
0
0
VERTEX
8
Shape2DView008
10
505.165243
20
111.989505
70
0
0
VERTEX
8
Shape2DView008
10
514.101048
20
109.527089
70
0
0
VERTEX
8
Shape2DView008
10
523.099179
20
107.237218
70
0
0
VERTEX
8
Shape2DView008
10
532.157465
20
105.121471
70
0
0
VERTEX
8
Shape2DView008
10
541.273734
20
103.181424
70
0
0
VERTEX
8
Shape2DView008
10
550.445816
20
101.418657
70
0
0
VERTEX
8
Shape2DView008
10
559.671537
20
99.834746
70
0
0
VERTEX
8
Shape2DView008
10
568.948728
20
98.431268
70
0
0
VERTEX
8
Shape2DView008
10
578.275217
20
97.209803
70
0
0
VERTEX
8
Shape2DView008
10
587.648832
20
96.171926
70
0
0
VERTEX
8
Shape2DView008
10
597.067402
20
95.319216
70
0
0
VERTEX
8
Shape2DView008
10
606.528755
20
94.653251
70
0
0
VERTEX
8
Shape2DView008
10
616.030720
20
94.175609
70
0
0
VERTEX
8
Shape2DView008
10
625.571125
20
93.887866
70
0
0
VERTEX
8
Shape2DView008
10
635.147800
20
93.791600
70
0
0
SEQEND
8
Shape2DView008
0
POLYLINE
8
Shape2DView008
62
7
70
0
10
0.000000
20
0.000000
66
1
0
VERTEX
8
Shape2DView008
10
357.454000
20
948.445300
70
0
0
VERTEX
8
Shape2DView008
10
349.762891
20
942.738392
70
0
0
VERTEX
8
Shape2DView008
10
342.213672
20
936.897894
70
0
0
VERTEX
8
Shape2DView008
10
334.807173
20
930.926359
70
0
0
VERTEX
8
Shape2DView008
10
327.544222
20
924.826339
70
0
0
VERTEX
8
Shape2DView008
10
320.425649
20
918.600386
70
0
0
VERTEX
8
Shape2DView008
10
313.452284
20
912.251055
70
0
0
VERTEX
8
Shape2DView008
10
306.624956
20
905.780897
70
0
0
VERTEX
8
Shape2DView008
10
299.944494
20
899.192464
70
0
0
VERTEX
8
Shape2DView008
10
293.411728
20
892.488311
70
0
0
VERTEX
8
Shape2DView008
10
287.027487
20
885.670988
70
0
0
VERTEX
8
Shape2DView008
10
280.792601
20
878.743050
70
0
0
VERTEX
8
Shape2DView008
10
274.707898
20
871.707048
70
0
0
VERTEX
8
Shape2DView008
10
268.774210
20
864.565536
70
0
0
VERTEX
8
Shape2DView008
10
262.992364
20
857.321066
70
0
0
VERTEX
8
Shape2DView008
10
257.363190
20
849.976190
70
0
0
VERTEX
8
Shape2DView008
10
251.887518
20
842.533462
70
0
0
VERTEX
8
Shape2DView008
10
246.566178
20
834.995434
70
0
0
VERTEX
8
Shape2DView008
10
241.399997
20
827.364658
70
0
0
VERTEX
8
Shape2DView008
10
236.389807
20
819.643688
70
0
0
VERTEX
8
Shape2DView008
10
231.536436
20
811.835076
70
0
0
VERTEX
8
Shape2DView008
10
226.840714
20
803.941375
70
0
0
VERTEX
8
Shape2DView008
10
222.303470
20
795.965138
70
0
0
VERTEX
8
Shape2DView008
10
217.925534
20
787.908916
70
0
0
VERTEX
8
Shape2DView008
10
213.707734
20
779.775263
70
0
0
VERTEX
8
Shape2DView008
10
209.650902
20
771.566732
70
0
0
VERTEX
8
Shape2DView008
10
205.755864
20
763.285875
70
0
0
VERTEX
8
Shape2DView008
10
202.023453
20
754.935245
70
0
0
VERTEX
8
Shape2DView008
10
198.454496
20
746.517394
70
0
0
VERTEX
8
Shape2DView008
10
195.049823
20
738.034875
70
0
0
VERTEX
8
Shape2DView008
10
191.810263
20
729.490242
70
0
0
VERTEX
8
Shape2DView008
10
188.736646
20
720.886045
70
0
0
VERTEX
8
Shape2DView008
10
185.829802
20
712.224839
70
0
0
VERTEX
8
Shape2DView008
10
183.090560
20
703.509176
70
0
0
VERTEX
8
Shape2DView008
10
180.519748
20
694.741609
70
0
0
VERTEX
8
Shape2DView008
10
178.118198
20
685.924690
70
0
0
VERTEX
8
Shape2DView008
10
175.886737
20
677.060971
70
0
0
VERTEX
8
Shape2DView008
10
173.826195
20
668.153006
70
0
0
VERTEX
8
Shape2DView008
10
171.937403
20
659.203348
70
0
0
VERTEX
8
Shape2DView008
10
170.221189
20
650.214548
70
0
0
VERTEX
8
Shape2DView008
10
168.678382
20
641.189161
70
0
0
VERTEX
8
Shape2DView008
10
167.309813
20
632.129737
70
0
0
VERTEX
8
Shape2DView008
10
166.116310
20
623.038830
70
0
0
VERTEX
8
Shape2DView008
10
165.098702
20
613.918993
70
0
0
VERTEX
8
Shape2DView008
10
164.257821
20
604.772779
70
0
0
VERTEX
8
Shape2DView008
10
163.594493
20
595.602739
70
0
0
VERTEX
8
Shape2DView008
10
163.109551
20
586.411427
70
0
0
VERTEX
8
Shape2DView008
10
162.803821
20
577.201396
70
0
0
VERTEX
8
Shape2DView008
10
162.678135
20
567.975197
70
0
0
VERTEX
8
Shape2DView008
10
162.733321
20
558.735385
70
0
0
VERTEX
8
Shape2DView008
10
162.970209
20
549.484510
70
0
0
VERTEX
8
Shape2DView008
10
163.389628
20
540.225127
70
0
0
VERTEX
8
Shape2DView008
10
163.992407
20
530.959787
70
0
0
VERTEX
8
Shape2DView008
10
164.779377
20
521.691044
70
0
0
VERTEX
8
Shape2DView008
10
165.751366
20
512.421450
70
0
0
VERTEX
8
Shape2DView008
10
166.909204
20
503.153558
70
0
0
VERTEX
8
Shape2DView008
10
168.253721
20
493.889920
70
0
0
VERTEX
8
Shape2DView008
10
169.785745
20
484.633090
70
0
0
VERTEX
8
Shape2DView008
10
171.506106
20
475.385619
70
0
0
VERTEX
8
Shape2DView008
10
173.415634
20
466.150061
70
0
0
VERTEX
8
Shape2DView008
10
175.515157
20
456.928967
70
0
0
VERTEX
8
Shape2DView008
10
177.805506
20
447.724892
70
0
0
VERTEX
8
Shape2DView008
10
180.287510
20
438.540387
70
0
0
VERTEX
8
Shape2DView008
10
182.961998
20
429.378006
70
0
0
VERTEX
8
Shape2DView008
10
185.829800
20
420.240300
70
0
0
SEQEND
8
Shape2DView008
0
POLYLINE
8
Shape2DView008
62
7
70
0
10
0.000000
20
0.000000
66
1
0
VERTEX
8
Shape2DView008
10
912.841600
20
948.445300
70
0
0
VERTEX
8
Shape2DView008
10
905.037325
20
953.996448
70
0
0
VERTEX
8
Shape2DView008
10
897.149844
20
959.371368
70
0
0
VERTEX
8
Shape2DView008
10
889.181843
20
964.570062
70
0
0
VERTEX
8
Shape2DView008
10
881.136003
20
969.592529
70
0
0
VERTEX
8
Shape2DView008
10
873.015011
20
974.438769
70
0
0
VERTEX
8
Shape2DView008
10
864.821550
20
979.108782
70
0
0
VERTEX
8
Shape2DView008
10
856.558303
20
983.602569
70
0
0
VERTEX
8
Shape2DView008
10
848.227956
20
987.920128
70
0
0
VERTEX
8
Shape2DView008
10
839.833191
20
992.061460
70
0
0
VERTEX
8
Shape2DView008
10
831.376693
20
996.026566
70
0
0
VERTEX
8
Shape2DView008
10
822.861147
20
999.815444
70
0
0
VERTEX
8
Shape2DView008
10
814.289235
20
1003.428096
70
0
0
VERTEX
8
Shape2DView008
10
805.663643
20
1006.864521
70
0
0
VERTEX
8
Shape2DView008
10
796.987053
20
1010.124719
70
0
0
VERTEX
8
Shape2DView008
10
788.262151
20
1013.208690
70
0
0
VERTEX
8
Shape2DView008
10
779.491621
20
1016.116434
70
0
0
VERTEX
8
Shape2DView008
10
770.678145
20
1018.847951
70
0
0
VERTEX
8
Shape2DView008
10
761.824409
20
1021.403241
70
0
0
VERTEX
8
Shape2DView008
10
752.933096
20
1023.782304
70
0
0
VERTEX
8
Shape2DView008
10
744.006891
20
1025.985141
70
0
0
VERTEX
8
Shape2DView008
10
735.048477
20
1028.011750
70
0
0
VERTEX
8
Shape2DView008
10
726.060539
20
1029.862133
70
0
0
VERTEX
8
Shape2DView008
10
717.045760
20
1031.536288
70
0
0
VERTEX
8
Shape2DView008
10
708.006825
20
1033.034217
70
0
0
VERTEX
8
Shape2DView008
10
698.946418
20
1034.355919
70
0
0
VERTEX
8
Shape2DView008
10
689.867222
20
1035.501394
70
0
0
VERTEX
8
Shape2DView008
10
680.771922
20
1036.470642
70
0
0
VERTEX
8
Shape2DView008
10
671.663202
20
1037.263663
70
0
0
VERTEX
8
Shape2DView008
10
662.543746
20
1037.880457
70
0
0
VERTEX
8
Shape2DView008
10
653.416237
20
1038.321024
70
0
0
VERTEX
8
Shape2DView008
10
644.283361
20
1038.585365
70
0
0
VERTEX
8
Shape2DView008
10
635.147800
20
1038.673478
70
0
0
VERTEX
8
Shape2DView008
10
626.012239
20
1038.585365
70
0
0
VERTEX
8
Shape2DView008
10
616.879363
20
1038.321024
70
0
0
VERTEX
8
Shape2DView008
10
607.751854
20
1037.880457
70
0
0
VERTEX
8
Shape2DView008
10
598.632398
20
1037.263663
70
0
0
VERTEX
8
Shape2DView008
10
589.523678
20
1036.470642
70
0
0
VERTEX
8
Shape2DView008
10
580.428378
20
1035.501394
70
0
0
VERTEX
8
Shape2DView008
10
571.349182
20
1034.355919
70
0
0
VERTEX
8
Shape2DView008
10
562.288775
20
1033.034217
70
0
0
VERTEX
8
Shape2DView008
10
553.249840
20
1031.536288
70
0
0
VERTEX
8
Shape2DView008
10
544.235061
20
1029.862133
70
0
0
VERTEX
8
Shape2DView008
10
535.247123
20
1028.011750
70
0
0
VERTEX
8
Shape2DView008
10
526.288709
20
1025.985141
70
0
0
VERTEX
8
Shape2DView008
10
517.362504
20
1023.782304
70
0
0
VERTEX
8
Shape2DView008
10
508.471191
20
1021.403241
70
0
0
VERTEX
8
Shape2DView008
10
499.617455
20
1018.847951
70
0
0
VERTEX
8
Shape2DView008
10
490.803979
20
1016.116434
70
0
0
VERTEX
8
Shape2DView008
10
482.033449
20
1013.208690
70
0
0
VERTEX
8
Shape2DView008
10
473.308547
20
1010.124719
70
0
0
VERTEX
8
Shape2DView008
10
464.631957
20
1006.864521
70
0
0
VERTEX
8
Shape2DView008
10
456.006365
20
1003.428096
70
0
0
VERTEX
8
Shape2DView008
10
447.434453
20
999.815444
70
0
0
VERTEX
8
Shape2DView008
10
438.918907
20
996.026566
70
0
0
VERTEX
8
Shape2DView008
10
430.462409
20
992.061460
70
0
0
VERTEX
8
Shape2DView008
10
422.067644
20
987.920128
70
0
0
VERTEX
8
Shape2DView008
10
413.737297
20
983.602569
70
0
0
VERTEX
8
Shape2DView008
10
405.474050
20
979.108782
70
0
0
VERTEX
8
Shape2DView008
10
397.280589
20
974.438769
70
0
0
VERTEX
8
Shape2DView008
10
389.159597
20
969.592529
70
0
0
VERTEX
8
Shape2DView008
10
381.113757
20
964.570062
70
0
0
VERTEX
8
Shape2DView008
10
373.145756
20
959.371368
70
0
0
VERTEX
8
Shape2DView008
10
365.258275
20
953.996448
70
0
0
VERTEX
8
Shape2DView008
10
357.454000
20
948.445300
70
0
0
SEQEND
8
Shape2DView008
0
POLYLINE
8
Shape2DView008
62
7
70
0
10
0.000000
20
0.000000
66
1
0
VERTEX
8
Shape2DView008
10
274.220900
20
500.912600
70
0
0
VERTEX
8
Shape2DView008
10
274.121187
20
502.414506
70
0
0
VERTEX
8
Shape2DView008
10
273.828409
20
503.871041
70
0
0
VERTEX
8
Shape2DView008
10
273.352105
20
505.265680
70
0
0
VERTEX
8
Shape2DView008
10
272.701816
20
506.581900
70
0
0
VERTEX
8
Shape2DView008
10
271.887080
20
507.803177
70
0
0
VERTEX
8
Shape2DView008
10
270.917439
20
508.912988
70
0
0
VERTEX
8
Shape2DView008
10
269.802433
20
509.894809
70
0
0
VERTEX
8
Shape2DView008
10
268.551600
20
510.732116
70
0
0
VERTEX
8
Shape2DView008
10
267.201055
20
511.396715
70
0
0
VERTEX
8
Shape2DView008
10
265.793270
20
511.871429
70
0
0
VERTEX
8
Shape2DView008
10
264.347325
20
512.156257
70
0
0
VERTEX
8
Shape2DView008
10
262.882300
20
512.251200
70
0
0
VERTEX
8
Shape2DView008
10
261.417275
20
512.156257
70
0
0
VERTEX
8
Shape2DView008
10
259.971330
20
511.871429
70
0
0
VERTEX
8
Shape2DView008
10
258.563545
20
511.396715
70
0
0
VERTEX
8
Shape2DView008
10
257.213000
20
510.732116
70
0
0
VERTEX
8
Shape2DView008
10
255.962167
20
509.894809
70
0
0
VERTEX
8
Shape2DView008
10
254.847161
20
508.912988
70
0
0
VERTEX
8
Shape2DView008
10
253.877520
20
507.803177
70
0
0
VERTEX
8
Shape2DView008
10
253.062784
20
506.581900
70
0
0
VERTEX
8
Shape2DView008
10
252.412495
20
505.265680
70
0
0
VERTEX
8
Shape2DView008
10
251.936191
20
503.871041
70
0
0
VERTEX
8
Shape2DView008
10
251.643413
20
502.414506
70
0
0
VERTEX
8
Shape2DView008
10
251.543700
20
500.912600
70
0
0
VERTEX
8
Shape2DView008
10
251.643413
20
499.410694
70
0
0
VERTEX
8
Shape2DView008
10
251.936191
20
497.954159
70
0
0
VERTEX
8
Shape2DView008
10
252.412495
20
496.559520
70
0
0
VERTEX
8
Shape2DView008
10
253.062784
20
495.243300
70
0
0
VERTEX
8
Shape2DView008
10
253.877520
20
494.022023
70
0
0
VERTEX
8
Shape2DView008
10
254.847161
20
492.912212
70
0
0
VERTEX
8
Shape2DView008
10
255.962167
20
491.930391
70
0
0
VERTEX
8
Shape2DView008
10
257.213000
20
491.093084
70
0
0
VERTEX
8
Shape2DView008
10
258.563545
20
490.428485
70
0
0
VERTEX
8
Shape2DView008
10
259.971330
20
489.953771
70
0
0
VERTEX
8
Shape2DView008
10
261.417275
20
489.668943
70
0
0
VERTEX
8
Shape2DView008
10
262.882300
20
489.574000
70
0
0
VERTEX
8
Shape2DView008
10
264.347325
20
489.668943
70
0
0
VERTEX
8
Shape2DView008
10
265.793270
20
489.953771
70
0
0
VERTEX
8
Shape2DView008
10
267.201055
20
490.428485
70
0
0
VERTEX
8
Shape2DView008
10
268.551600
20
491.093084
70
0
0
VERTEX
8
Shape2DView008
10
269.802433
20
491.930391
70
0
0
VERTEX
8
Shape2DView008
10
270.917439
20
492.912212
70
0
0
VERTEX
8
Shape2DView008
10
271.887080
20
494.022023
70
0
0
VERTEX
8
Shape2DView008
10
272.701816
20
495.243300
70
0
0
VERTEX
8
Shape2DView008
10
273.352105
20
496.559520
70
0
0
VERTEX
8
Shape2DView008
10
273.828409
20
497.954159
70
0
0
VERTEX
8
Shape2DView008
10
274.121187
20
499.410694
70
0
0
VERTEX
8
Shape2DView008
10
274.220900
20
500.912600
70
0
0
VERTEX
8
Shape2DView008
10
274.220900
20
500.912600
70
0
0
SEQEND
8
Shape2DView008
0
POLYLINE
8
Shape2DView008
62
7
70
0
10
0.000000
20
0.000000
66
1
0
VERTEX
8
Shape2DView008
10
383.711400
20
837.889700
70
0
0
VERTEX
8
Shape2DView008
10
383.611687
20
839.391606
70
0
0
VERTEX
8
Shape2DView008
10
383.318909
20
840.848141
70
0
0
VERTEX
8
Shape2DView008
10
382.842605
20
842.242780
70
0
0
VERTEX
8
Shape2DView008
10
382.192316
20
843.559000
70
0
0
VERTEX
8
Shape2DView008
10
381.377580
20
844.780277
70
0
0
VERTEX
8
Shape2DView008
10
380.407939
20
845.890088
70
0
0
VERTEX
8
Shape2DView008
10
379.292933
20
846.871909
70
0
0
VERTEX
8
Shape2DView008
10
378.042100
20
847.709216
70
0
0
VERTEX
8
Shape2DView008
10
376.691555
20
848.373815
70
0
0
VERTEX
8
Shape2DView008
10
375.283770
20
848.848529
70
0
0
VERTEX
8
Shape2DView008
10
373.837825
20
849.133357
70
0
0
VERTEX
8
Shape2DView008
10
372.372800
20
849.228300
70
0
0
VERTEX
8
Shape2DView008
10
370.907775
20
849.133357
70
0
0
VERTEX
8
Shape2DView008
10
369.461830
20
848.848529
70
0
0
VERTEX
8
Shape2DView008
10
368.054045
20
848.373815
70
0
0
VERTEX
8
Shape2DView008
10
366.703500
20
847.709216
70
0
0
VERTEX
8
Shape2DView008
10
365.452667
20
846.871909
70
0
0
VERTEX
8
Shape2DView008
10
364.337661
20
845.890088
70
0
0
VERTEX
8
Shape2DView008
10
363.368020
20
844.780277
70
0
0
VERTEX
8
Shape2DView008
10
362.553284
20
843.559000
70
0
0
VERTEX
8
Shape2DView008
10
361.902995
20
842.242780
70
0
0
VERTEX
8
Shape2DView008
10
361.426691
20
840.848141
70
0
0
VERTEX
8
Shape2DView008
10
361.133913
20
839.391606
70
0
0
VERTEX
8
Shape2DView008
10
361.034200
20
837.889700
70
0
0
VERTEX
8
Shape2DView008
10
361.133913
20
836.387794
70
0
0
VERTEX
8
Shape2DView008
10
361.426691
20
834.931259
70
0
0
VERTEX
8
Shape2DView008
10
361.902995
20
833.536620
70
0
0
VERTEX
8
Shape2DView008
10
362.553284
20
832.220400
70
0
0
VERTEX
8
Shape2DView008
10
363.368020
20
830.999123
70
0
0
VERTEX
8
Shape2DView008
10
364.337661
20
829.889312
70
0
0
VERTEX
8
Shape2DView008
10
365.452667
20
828.907491
70
0
0
VERTEX
8
Shape2DView008
10
366.703500
20
828.070184
70
0
0
VERTEX
8
Shape2DView008
10
368.054045
20
827.405585
70
0
0
VERTEX
8
Shape2DView008
10
369.461830
20
826.930871
70
0
0
VERTEX
8
Shape2DView008
10
370.907775
20
826.646043
70
0
0
VERTEX
8
Shape2DView008
10
372.372800
20
826.551100
70
0
0
VERTEX
8
Shape2DView008
10
373.837825
20
826.646043
70
0
0
VERTEX
8
Shape2DView008
10
375.283770
20
826.930871
70
0
0
VERTEX
8
Shape2DView008
10
376.691555
20
827.405585
70
0
0
VERTEX
8
Shape2DView008
10
378.042100
20
828.070184
70
0
0
VERTEX
8
Shape2DView008
10
379.292933
20
828.907491
70
0
0
VERTEX
8
Shape2DView008
10
380.407939
20
829.889312
70
0
0
VERTEX
8
Shape2DView008
10
381.377580
20
830.999123
70
0
0
VERTEX
8
Shape2DView008
10
382.192316
20
832.220400
70
0
0
VERTEX
8
Shape2DView008
10
382.842605
20
833.536620
70
0
0
VERTEX
8
Shape2DView008
10
383.318909
20
834.931259
70
0
0
VERTEX
8
Shape2DView008
10
383.611687
20
836.387794
70
0
0
VERTEX
8
Shape2DView008
10
383.711400
20
837.889700
70
0
0
VERTEX
8
Shape2DView008
10
383.711400
20
837.889700
70
0
0
SEQEND
8
Shape2DView008
0
POLYLINE
8
Shape2DView008
62
7
70
0
10
0.000000
20
0.000000
66
1
0
VERTEX
8
Shape2DView008
10
593.573000
20
192.002100
70
0
0
VERTEX
8
Shape2DView008
10
593.473287
20
193.504006
70
0
0
VERTEX
8
Shape2DView008
10
593.180509
20
194.960541
70
0
0
VERTEX
8
Shape2DView008
10
592.704205
20
196.355180
70
0
0
VERTEX
8
Shape2DView008
10
592.053916
20
197.671400
70
0
0
VERTEX
8
Shape2DView008
10
591.239180
20
198.892677
70
0
0
VERTEX
8
Shape2DView008
10
590.269539
20
200.002488
70
0
0
VERTEX
8
Shape2DView008
10
589.154533
20
200.984309
70
0
0
VERTEX
8
Shape2DView008
10
587.903700
20
201.821616
70
0
0
VERTEX
8
Shape2DView008
10
586.553155
20
202.486215
70
0
0
VERTEX
8
Shape2DView008
10
585.145370
20
202.960929
70
0
0
VERTEX
8
Shape2DView008
10
583.699425
20
203.245757
70
0
0
VERTEX
8
Shape2DView008
10
582.234400
20
203.340700
70
0
0
VERTEX
8
Shape2DView008
10
580.769375
20
203.245757
70
0
0
VERTEX
8
Shape2DView008
10
579.323430
20
202.960929
70
0
0
VERTEX
8
Shape2DView008
10
577.915645
20
202.486215
70
0
0
VERTEX
8
Shape2DView008
10
576.565100
20
201.821616
70
0
0
VERTEX
8
Shape2DView008
10
575.314267
20
200.984309
70
0
0
VERTEX
8
Shape2DView008
10
574.199261
20
200.002488
70
0
0
VERTEX
8
Shape2DView008
10
573.229620
20
198.892677
70
0
0
VERTEX
8
Shape2DView008
10
572.414884
20
197.671400
70
0
0
VERTEX
8
Shape2DView008
10
571.764595
20
196.355180
70
0
0
VERTEX
8
Shape2DView008
10
571.288291
20
194.960541
70
0
0
VERTEX
8
Shape2DView008
10
570.995513
20
193.504006
70
0
0
VERTEX
8
Shape2DView008
10
570.895800
20
192.002100
70
0
0
VERTEX
8
Shape2DView008
10
570.995513
20
190.500194
70
0
0
VERTEX
8
Shape2DView008
10
571.288291
20
189.043659
70
0
0
VERTEX
8
Shape2DView008
10
571.764595
20
187.649020
70
0
0
VERTEX
8
Shape2DView008
10
572.414884
20
186.332800
70
0
0
VERTEX
8
Shape2DView008
10
573.229620
20
185.111523
70
0
0
VERTEX
8
Shape2DView008
10
574.199261
20
184.001712
70
0
0
VERTEX
8
Shape2DView008
10
575.314267
20
183.019891
70
0
0
VERTEX
8
Shape2DView008
10
576.565100
20
182.182584
70
0
0
VERTEX
8
Shape2DView008
10
577.915645
20
181.517985
70
0
0
VERTEX
8
Shape2DView008
10
579.323430
20
181.043271
70
0
0
VERTEX
8
Shape2DView008
10
580.769375
20
180.758443
70
0
0
VERTEX
8
Shape2DView008
10
582.234400
20
180.663500
70
0
0
VERTEX
8
Shape2DView008
10
583.699425
20
180.758443
70
0
0
VERTEX
8
Shape2DView008
10
585.145370
20
181.043271
70
0
0
VERTEX
8
Shape2DView008
10
586.553155
20
181.517985
70
0
0
VERTEX
8
Shape2DView008
10
587.903700
20
182.182584
70
0
0
VERTEX
8
Shape2DView008
10
589.154533
20
183.019891
70
0
0
VERTEX
8
Shape2DView008
10
590.269539
20
184.001712
70
0
0
VERTEX
8
Shape2DView008
10
591.239180
20
185.111523
70
0
0
VERTEX
8
Shape2DView008
10
592.053916
20
186.332800
70
0
0
VERTEX
8
Shape2DView008
10
592.704205
20
187.649020
70
0
0
VERTEX
8
Shape2DView008
10
593.180509
20
189.043659
70
0
0
VERTEX
8
Shape2DView008
10
593.473287
20
190.500194
70
0
0
VERTEX
8
Shape2DView008
10
593.573000
20
192.002100
70
0
0
VERTEX
8
Shape2DView008
10
593.573000
20
192.002100
70
0
0
SEQEND
8
Shape2DView008
0
POLYLINE
8
Shape2DView008
62
7
70
0
10
0.000000
20
0.000000
66
1
0
VERTEX
8
Shape2DView008
10
306.923200
20
400.265400
70
0
0
VERTEX
8
Shape2DView008
10
306.823487
20
401.767306
70
0
0
VERTEX
8
Shape2DView008
10
306.530709
20
403.223841
70
0
0
VERTEX
8
Shape2DView008
10
306.054405
20
404.618480
70
0
0
VERTEX
8
Shape2DView008
10
305.404116
20
405.934700
70
0
0
VERTEX
8
Shape2DView008
10
304.589380
20
407.155977
70
0
0
VERTEX
8
Shape2DView008
10
303.619739
20
408.265788
70
0
0
VERTEX
8
Shape2DView008
10
302.504733
20
409.247609
70
0
0
VERTEX
8
Shape2DView008
10
301.253900
20
410.084916
70
0
0
VERTEX
8
Shape2DView008
10
299.903355
20
410.749515
70
0
0
VERTEX
8
Shape2DView008
10
298.495570
20
411.224229
70
0
0
VERTEX
8
Shape2DView008
10
297.049625
20
411.509057
70
0
0
VERTEX
8
Shape2DView008
10
295.584600
20
411.604000
70
0
0
VERTEX
8
Shape2DView008
10
294.119575
20
411.509057
70
0
0
VERTEX
8
Shape2DView008
10
292.673630
20
411.224229
70
0
0
VERTEX
8
Shape2DView008
10
291.265845
20
410.749515
70
0
0
VERTEX
8
Shape2DView008
10
289.915300
20
410.084916
70
0
0
VERTEX
8
Shape2DView008
10
288.664467
20
409.247609
70
0
0
VERTEX
8
Shape2DView008
10
287.549461
20
408.265788
70
0
0
VERTEX
8
Shape2DView008
10
286.579820
20
407.155977
70
0
0
VERTEX
8
Shape2DView008
10
285.765084
20
405.934700
70
0
0
VERTEX
8
Shape2DView008
10
285.114795
20
404.618480
70
0
0
VERTEX
8
Shape2DView008
10
284.638491
20
403.223841
70
0
0
VERTEX
8
Shape2DView008
10
284.345713
20
401.767306
70
0
0
VERTEX
8
Shape2DView008
10
284.246000
20
400.265400
70
0
0
VERTEX
8
Shape2DView008
10
284.345713
20
398.763494
70
0
0
VERTEX
8
Shape2DView008
10
284.638491
20
397.306959
70
0
0
VERTEX
8
Shape2DView008
10
285.114795
20
395.912320
70
0
0
VERTEX
8
Shape2DView008
10
285.765084
20
394.596100
70
0
0
VERTEX
8
Shape2DView008
10
286.579820
20
393.374823
70
0
0
VERTEX
8
Shape2DView008
10
287.549461
20
392.265012
70
0
0
VERTEX
8
Shape2DView008
10
288.664467
20
391.283191
70
0
0
VERTEX
8
Shape2DView008
10
289.915300
20
390.445884
70
0
0
VERTEX
8
Shape2DView008
10
291.265845
20
389.781285
70
0
0
VERTEX
8
Shape2DView008
10
292.673630
20
389.306571
70
0
0
VERTEX
8
Shape2DView008
10
294.119575
20
389.021743
70
0
0
VERTEX
8
Shape2DView008
10
295.584600
20
388.926800
70
0
0
VERTEX
8
Shape2DView008
10
297.049625
20
389.021743
70
0
0
VERTEX
8
Shape2DView008
10
298.495570
20
389.306571
70
0
0
VERTEX
8
Shape2DView008
10
299.903355
20
389.781285
70
0
0
VERTEX
8
Shape2DView008
10
301.253900
20
390.445884
70
0
0
VERTEX
8
Shape2DView008
10
302.504733
20
391.283191
70
0
0
VERTEX
8
Shape2DView008
10
303.619739
20
392.265012
70
0
0
VERTEX
8
Shape2DView008
10
304.589380
20
393.374823
70
0
0
VERTEX
8
Shape2DView008
10
305.404116
20
394.596100
70
0
0
VERTEX
8
Shape2DView008
10
306.054405
20
395.912320
70
0
0
VERTEX
8
Shape2DView008
10
306.530709
20
397.306959
70
0
0
VERTEX
8
Shape2DView008
10
306.823487
20
398.763494
70
0
0
VERTEX
8
Shape2DView008
10
306.923200
20
400.265400
70
0
0
VERTEX
8
Shape2DView008
10
306.923200
20
400.265400
70
0
0
SEQEND
8
Shape2DView008
0
POLYLINE
8
Shape2DView008
62
7
70
0
10
0.000000
20
0.000000
66
1
0
VERTEX
8
Shape2DView008
10
986.049600
20
400.265400
70
0
0
VERTEX
8
Shape2DView008
10
985.949887
20
401.767306
70
0
0
VERTEX
8
Shape2DView008
10
985.657109
20
403.223841
70
0
0
VERTEX
8
Shape2DView008
10
985.180805
20
404.618480
70
0
0
VERTEX
8
Shape2DView008
10
984.530516
20
405.934700
70
0
0
VERTEX
8
Shape2DView008
10
983.715780
20
407.155977
70
0
0
VERTEX
8
Shape2DView008
10
982.746139
20
408.265788
70
0
0
VERTEX
8
Shape2DView008
10
981.631133
20
409.247609
70
0
0
VERTEX
8
Shape2DView008
10
980.380300
20
410.084916
70
0
0
VERTEX
8
Shape2DView008
10
979.029755
20
410.749515
70
0
0
VERTEX
8
Shape2DView008
10
977.621970
20
411.224229
70
0
0
VERTEX
8
Shape2DView008
10
976.176025
20
411.509057
70
0
0
VERTEX
8
Shape2DView008
10
974.711000
20
411.604000
70
0
0
VERTEX
8
Shape2DView008
10
973.245975
20
411.509057
70
0
0
VERTEX
8
Shape2DView008
10
971.800030
20
411.224229
70
0
0
VERTEX
8
Shape2DView008
10
970.392245
20
410.749515
70
0
0
VERTEX
8
Shape2DView008
10
969.041700
20
410.084916
70
0
0
VERTEX
8
Shape2DView008
10
967.790867
20
409.247609
70
0
0
VERTEX
8
Shape2DView008
10
966.675861
20
408.265788
70
0
0
VERTEX
8
Shape2DView008
10
965.706220
20
407.155977
70
0
0
VERTEX
8
Shape2DView008
10
964.891484
20
405.934700
70
0
0
VERTEX
8
Shape2DView008
10
964.241195
20
404.618480
70
0
0
VERTEX
8
Shape2DView008
10
963.764891
20
403.223841
70
0
0
VERTEX
8
Shape2DView008
10
963.472113
20
401.767306
70
0
0
VERTEX
8
Shape2DView008
10
963.372400
20
400.265400
70
0
0
VERTEX
8
Shape2DView008
10
963.472113
20
398.763494
70
0
0
VERTEX
8
Shape2DView008
10
963.764891
20
397.306959
70
0
0
VERTEX
8
Shape2DView008
10
964.241195
20
395.912320
70
0
0
VERTEX
8
Shape2DView008
10
964.891484
20
394.596100
70
0
0
VERTEX
8
Shape2DView008
10
965.706220
20
393.374823
70
0
0
VERTEX
8
Shape2DView008
10
966.675861
20
392.265012
70
0
0
VERTEX
8
Shape2DView008
10
967.790867
20
391.283191
70
0
0
VERTEX
8
Shape2DView008
10
969.041700
20
390.445884
70
0
0
VERTEX
8
Shape2DView008
10
970.392245
20
389.781285
70
0
0
VERTEX
8
Shape2DView008
10
971.800030
20
389.306571
70
0
0
VERTEX
8
Shape2DView008
10
973.245975
20
389.021743
70
0
0
VERTEX
8
Shape2DView008
10
974.711000
20
388.926800
70
0
0
VERTEX
8
Shape2DView008
10
976.176025
20
389.021743
70
0
0
VERTEX
8
Shape2DView008
10
977.621970
20
389.306571
70
0
0
VERTEX
8
Shape2DView008
10
979.029755
20
389.781285
70
0
0
VERTEX
8
Shape2DView008
10
980.380300
20
390.445884
70
0
0
VERTEX
8
Shape2DView008
10
981.631133
20
391.283191
70
0
0
VERTEX
8
Shape2DView008
10
982.746139
20
392.265012
70
0
0
VERTEX
8
Shape2DView008
10
983.715780
20
393.374823
70
0
0
VERTEX
8
Shape2DView008
10
984.530516
20
394.596100
70
0
0
VERTEX
8
Shape2DView008
10
985.180805
20
395.912320
70
0
0
VERTEX
8
Shape2DView008
10
985.657109
20
397.306959
70
0
0
VERTEX
8
Shape2DView008
10
985.949887
20
398.763494
70
0
0
VERTEX
8
Shape2DView008
10
986.049600
20
400.265400
70
0
0
VERTEX
8
Shape2DView008
10
986.049600
20
400.265400
70
0
0
SEQEND
8
Shape2DView008
0
POLYLINE
8
Shape2DView008
62
7
70
0
10
0.000000
20
0.000000
66
1
0
VERTEX
8
Shape2DView008
10
699.399800
20
192.002100
70
0
0
VERTEX
8
Shape2DView008
10
699.300087
20
193.504006
70
0
0
VERTEX
8
Shape2DView008
10
699.007309
20
194.960541
70
0
0
VERTEX
8
Shape2DView008
10
698.531005
20
196.355180
70
0
0
VERTEX
8
Shape2DView008
10
697.880716
20
197.671400
70
0
0
VERTEX
8
Shape2DView008
10
697.065980
20
198.892677
70
0
0
VERTEX
8
Shape2DView008
10
696.096339
20
200.002488
70
0
0
VERTEX
8
Shape2DView008
10
694.981333
20
200.984309
70
0
0
VERTEX
8
Shape2DView008
10
693.730500
20
201.821616
70
0
0
VERTEX
8
Shape2DView008
10
692.379955
20
202.486215
70
0
0
VERTEX
8
Shape2DView008
10
690.972170
20
202.960929
70
0
0
VERTEX
8
Shape2DView008
10
689.526225
20
203.245757
70
0
0
VERTEX
8
Shape2DView008
10
688.061200
20
203.340700
70
0
0
VERTEX
8
Shape2DView008
10
686.596175
20
203.245757
70
0
0
VERTEX
8
Shape2DView008
10
685.150230
20
202.960929
70
0
0
VERTEX
8
Shape2DView008
10
683.742445
20
202.486215
70
0
0
VERTEX
8
Shape2DView008
10
682.391900
20
201.821616
70
0
0
VERTEX
8
Shape2DView008
10
681.141067
20
200.984309
70
0
0
VERTEX
8
Shape2DView008
10
680.026061
20
200.002488
70
0
0
VERTEX
8
Shape2DView008
10
679.056420
20
198.892677
70
0
0
VERTEX
8
Shape2DView008
10
678.241684
20
197.671400
70
0
0
VERTEX
8
Shape2DView008
10
677.591395
20
196.355180
70
0
0
VERTEX
8
Shape2DView008
10
677.115091
20
194.960541
70
0
0
VERTEX
8
Shape2DView008
10
676.822313
20
193.504006
70
0
0
VERTEX
8
Shape2DView008
10
676.722600
20
192.002100
70
0
0
VERTEX
8
Shape2DView008
10
676.822313
20
190.500194
70
0
0
VERTEX
8
Shape2DView008
10
677.115091
20
189.043659
70
0
0
VERTEX
8
Shape2DView008
10
677.591395
20
187.649020
70
0
0
VERTEX
8
Shape2DView008
10
678.241684
20
186.332800
70
0
0
VERTEX
8
Shape2DView008
10
679.056420
20
185.111523
70
0
0
VERTEX
8
Shape2DView008
10
680.026061
20
184.001712
70
0
0
VERTEX
8
Shape2DView008
10
681.141067
20
183.019891
70
0
0
VERTEX
8
Shape2DView008
10
682.391900
20
182.182584
70
0
0
VERTEX
8
Shape2DView008
10
683.742445
20
181.517985
70
0
0
VERTEX
8
Shape2DView008
10
685.150230
20
181.043271
70
0
0
VERTEX
8
Shape2DView008
10
686.596175
20
180.758443
70
0
0
VERTEX
8
Shape2DView008
10
688.061200
20
180.663500
70
0
0
VERTEX
8
Shape2DView008
10
689.526225
20
180.758443
70
0
0
VERTEX
8
Shape2DView008
10
690.972170
20
181.043271
70
0
0
VERTEX
8
Shape2DView008
10
692.379955
20
181.517985
70
0
0
VERTEX
8
Shape2DView008
10
693.730500
20
182.182584
70
0
0
VERTEX
8
Shape2DView008
10
694.981333
20
183.019891
70
0
0
VERTEX
8
Shape2DView008
10
696.096339
20
184.001712
70
0
0
VERTEX
8
Shape2DView008
10
697.065980
20
185.111523
70
0
0
VERTEX
8
Shape2DView008
10
697.880716
20
186.332800
70
0
0
VERTEX
8
Shape2DView008
10
698.531005
20
187.649020
70
0
0
VERTEX
8
Shape2DView008
10
699.007309
20
189.043659
70
0
0
VERTEX
8
Shape2DView008
10
699.300087
20
190.500194
70
0
0
VERTEX
8
Shape2DView008
10
699.399800
20
192.002100
70
0
0
VERTEX
8
Shape2DView008
10
699.399800
20
192.002100
70
0
0
SEQEND
8
Shape2DView008
0
POLYLINE
8
Shape2DView008
62
7
70
0
10
0.000000
20
0.000000
66
1
0
VERTEX
8
Shape2DView008
10
909.261400
20
837.889700
70
0
0
VERTEX
8
Shape2DView008
10
909.161687
20
839.391606
70
0
0
VERTEX
8
Shape2DView008
10
908.868909
20
840.848141
70
0
0
VERTEX
8
Shape2DView008
10
908.392605
20
842.242780
70
0
0
VERTEX
8
Shape2DView008
10
907.742316
20
843.559000
70
0
0
VERTEX
8
Shape2DView008
10
906.927580
20
844.780277
70
0
0
VERTEX
8
Shape2DView008
10
905.957939
20
845.890088
70
0
0
VERTEX
8
Shape2DView008
10
904.842933
20
846.871909
70
0
0
VERTEX
8
Shape2DView008
10
903.592100
20
847.709216
70
0
0
VERTEX
8
Shape2DView008
10
902.241555
20
848.373815
70
0
0
VERTEX
8
Shape2DView008
10
900.833770
20
848.848529
70
0
0
VERTEX
8
Shape2DView008
10
899.387825
20
849.133357
70
0
0
VERTEX
8
Shape2DView008
10
897.922800
20
849.228300
70
0
0
VERTEX
8
Shape2DView008
10
896.457775
20
849.133357
70
0
0
VERTEX
8
Shape2DView008
10
895.011830
20
848.848529
70
0
0
VERTEX
8
Shape2DView008
10
893.604045
20
848.373815
70
0
0
VERTEX
8
Shape2DView008
10
892.253500
20
847.709216
70
0
0
VERTEX
8
Shape2DView008
10
891.002667
20
846.871909
70
0
0
VERTEX
8
Shape2DView008
10
889.887661
20
845.890088
70
0
0
VERTEX
8
Shape2DView008
10
888.918020
20
844.780277
70
0
0
VERTEX
8
Shape2DView008
10
888.103284
20
843.559000
70
0
0
VERTEX
8
Shape2DView008
10
887.452995
20
842.242780
70
0
0
VERTEX
8
Shape2DView008
10
886.976691
20
840.848141
70
0
0
VERTEX
8
Shape2DView008
10
886.683913
20
839.391606
70
0
0
VERTEX
8
Shape2DView008
10
886.584200
20
837.889700
70
0
0
VERTEX
8
Shape2DView008
10
886.683913
20
836.387794
70
0
0
VERTEX
8
Shape2DView008
10
886.976691
20
834.931259
70
0
0
VERTEX
8
Shape2DView008
10
887.452995
20
833.536620
70
0
0
VERTEX
8
Shape2DView008
10
888.103284
20
832.220400
70
0
0
VERTEX
8
Shape2DView008
10
888.918020
20
830.999123
70
0
0
VERTEX
8
Shape2DView008
10
889.887661
20
829.889312
70
0
0
VERTEX
8
Shape2DView008
10
891.002667
20
828.907491
70
0
0
VERTEX
8
Shape2DView008
10
892.253500
20
828.070184
70
0
0
VERTEX
8
Shape2DView008
10
893.604045
20
827.405585
70
0
0
VERTEX
8
Shape2DView008
10
895.011830
20
826.930871
70
0
0
VERTEX
8
Shape2DView008
10
896.457775
20
826.646043
70
0
0
VERTEX
8
Shape2DView008
10
897.922800
20
826.551100
70
0
0
VERTEX
8
Shape2DView008
10
899.387825
20
826.646043
70
0
0
VERTEX
8
Shape2DView008
10
900.833770
20
826.930871
70
0
0
VERTEX
8
Shape2DView008
10
902.241555
20
827.405585
70
0
0
VERTEX
8
Shape2DView008
10
903.592100
20
828.070184
70
0
0
VERTEX
8
Shape2DView008
10
904.842933
20
828.907491
70
0
0
VERTEX
8
Shape2DView008
10
905.957939
20
829.889312
70
0
0
VERTEX
8
Shape2DView008
10
906.927580
20
830.999123
70
0
0
VERTEX
8
Shape2DView008
10
907.742316
20
832.220400
70
0
0
VERTEX
8
Shape2DView008
10
908.392605
20
833.536620
70
0
0
VERTEX
8
Shape2DView008
10
908.868909
20
834.931259
70
0
0
VERTEX
8
Shape2DView008
10
909.161687
20
836.387794
70
0
0
VERTEX
8
Shape2DView008
10
909.261400
20
837.889700
70
0
0
VERTEX
8
Shape2DView008
10
909.261400
20
837.889700
70
0
0
SEQEND
8
Shape2DView008
0
POLYLINE
8
Shape2DView008
62
7
70
0
10
0.000000
20
0.000000
66
1
0
VERTEX
8
Shape2DView008
10
1018.751900
20
500.912600
70
0
0
VERTEX
8
Shape2DView008
10
1018.652187
20
502.414506
70
0
0
VERTEX
8
Shape2DView008
10
1018.359409
20
503.871041
70
0
0
VERTEX
8
Shape2DView008
10
1017.883105
20
505.265680
70
0
0
VERTEX
8
Shape2DView008
10
1017.232816
20
506.581900
70
0
0
VERTEX
8
Shape2DView008
10
1016.418080
20
507.803177
70
0
0
VERTEX
8
Shape2DView008
10
1015.448439
20
508.912988
70
0
0
VERTEX
8
Shape2DView008
10
1014.333433
20
509.894809
70
0
0
VERTEX
8
Shape2DView008
10
1013.082600
20
510.732116
70
0
0
VERTEX
8
Shape2DView008
10
1011.732055
20
511.396715
70
0
0
VERTEX
8
Shape2DView008
10
1010.324270
20
511.871429
70
0
0
VERTEX
8
Shape2DView008
10
1008.878325
20
512.156257
70
0
0
VERTEX
8
Shape2DView008
10
1007.413300
20
512.251200
70
0
0
VERTEX
8
Shape2DView008
10
1005.948275
20
512.156257
70
0
0
VERTEX
8
Shape2DView008
10
1004.502330
20
511.871429
70
0
0
VERTEX
8
Shape2DView008
10
1003.094545
20
511.396715
70
0
0
VERTEX
8
Shape2DView008
10
1001.744000
20
510.732116
70
0
0
VERTEX
8
Shape2DView008
10
1000.493167
20
509.894809
70
0
0
VERTEX
8
Shape2DView008
10
999.378161
20
508.912988
70
0
0
VERTEX
8
Shape2DView008
10
998.408520
20
507.803177
70
0
0
VERTEX
8
Shape2DView008
10
997.593784
20
506.581900
70
0
0
VERTEX
8
Shape2DView008
10
996.943495
20
505.265680
70
0
0
VERTEX
8
Shape2DView008
10
996.467191
20
503.871041
70
0
0
VERTEX
8
Shape2DView008
10
996.174413
20
502.414506
70
0
0
VERTEX
8
Shape2DView008
10
996.074700
20
500.912600
70
0
0
VERTEX
8
Shape2DView008
10
996.174413
20
499.410694
70
0
0
VERTEX
8
Shape2DView008
10
996.467191
20
497.954159
70
0
0
VERTEX
8
Shape2DView008
10
996.943495
20
496.559520
70
0
0
VERTEX
8
Shape2DView008
10
997.593784
20
495.243300
70
0
0
VERTEX
8
Shape2DView008
10
998.408520
20
494.022023
70
0
0
VERTEX
8
Shape2DView008
10
999.378161
20
492.912212
70
0
0
VERTEX
8
Shape2DView008
10
1000.493167
20
491.930391
70
0
0
VERTEX
8
Shape2DView008
10
1001.744000
20
491.093084
70
0
0
VERTEX
8
Shape2DView008
10
1003.094545
20
490.428485
70
0
0
VERTEX
8
Shape2DView008
10
1004.502330
20
489.953771
70
0
0
VERTEX
8
Shape2DView008
10
1005.948275
20
489.668943
70
0
0
VERTEX
8
Shape2DView008
10
1007.413300
20
489.574000
70
0
0
VERTEX
8
Shape2DView008
10
1008.878325
20
489.668943
70
0
0
VERTEX
8
Shape2DView008
10
1010.324270
20
489.953771
70
0
0
VERTEX
8
Shape2DView008
10
1011.732055
20
490.428485
70
0
0
VERTEX
8
Shape2DView008
10
1013.082600
20
491.093084
70
0
0
VERTEX
8
Shape2DView008
10
1014.333433
20
491.930391
70
0
0
VERTEX
8
Shape2DView008
10
1015.448439
20
492.912212
70
0
0
VERTEX
8
Shape2DView008
10
1016.418080
20
494.022023
70
0
0
VERTEX
8
Shape2DView008
10
1017.232816
20
495.243300
70
0
0
VERTEX
8
Shape2DView008
10
1017.883105
20
496.559520
70
0
0
VERTEX
8
Shape2DView008
10
1018.359409
20
497.954159
70
0
0
VERTEX
8
Shape2DView008
10
1018.652187
20
499.410694
70
0
0
VERTEX
8
Shape2DView008
10
1018.751900
20
500.912600
70
0
0
VERTEX
8
Shape2DView008
10
1018.751900
20
500.912600
70
0
0
SEQEND
8
Shape2DView008
0
POLYLINE
8
Shape2DView008
62
7
70
0
10
0.000000
20
0.000000
66
1
0
VERTEX
8
Shape2DView008
10
469.327000
20
900.093100
70
0
0
VERTEX
8
Shape2DView008
10
469.091873
20
902.373973
70
0
0
VERTEX
8
Shape2DView008
10
468.428098
20
904.497800
70
0
0
VERTEX
8
Shape2DView008
10
467.381114
20
906.419252
70
0
0
VERTEX
8
Shape2DView008
10
465.996361
20
908.092999
70
0
0
VERTEX
8
Shape2DView008
10
464.319279
20
909.473710
70
0
0
VERTEX
8
Shape2DView008
10
462.395306
20
910.516055
70
0
0
VERTEX
8
Shape2DView008
10
460.269883
20
911.174704
70
0
0
VERTEX
8
Shape2DView008
10
457.988450
20
911.404327
70
0
0
VERTEX
8
Shape2DView008
10
455.707017
20
911.174704
70
0
0
VERTEX
8
Shape2DView008
10
453.581594
20
910.516055
70
0
0
VERTEX
8
Shape2DView008
10
451.657621
20
909.473710
70
0
0
VERTEX
8
Shape2DView008
10
449.980539
20
908.092999
70
0
0
VERTEX
8
Shape2DView008
10
448.595786
20
906.419252
70
0
0
VERTEX
8
Shape2DView008
10
447.548802
20
904.497800
70
0
0
VERTEX
8
Shape2DView008
10
446.885027
20
902.373973
70
0
0
VERTEX
8
Shape2DView008
10
446.649900
20
900.093100
70
0
0
VERTEX
8
Shape2DView008
10
446.885027
20
897.812227
70
0
0
VERTEX
8
Shape2DView008
10
447.548802
20
895.688400
70
0
0
VERTEX
8
Shape2DView008
10
448.595786
20
893.766948
70
0
0
VERTEX
8
Shape2DView008
10
449.980539
20
892.093201
70
0
0
VERTEX
8
Shape2DView008
10
451.657621
20
890.712490
70
0
0
VERTEX
8
Shape2DView008
10
453.581594
20
889.670145
70
0
0
VERTEX
8
Shape2DView008
10
455.707017
20
889.011496
70
0
0
VERTEX
8
Shape2DView008
10
457.988450
20
888.781873
70
0
0
VERTEX
8
Shape2DView008
10
460.269883
20
889.011496
70
0
0
VERTEX
8
Shape2DView008
10
462.395306
20
889.670145
70
0
0
VERTEX
8
Shape2DView008
10
464.319279
20
890.712490
70
0
0
VERTEX
8
Shape2DView008
10
465.996361
20
892.093201
70
0
0
VERTEX
8
Shape2DView008
10
467.381114
20
893.766948
70
0
0
VERTEX
8
Shape2DView008
10
468.428098
20
895.688400
70
0
0
VERTEX
8
Shape2DView008
10
469.091873
20
897.812227
70
0
0
VERTEX
8
Shape2DView008
10
469.327000
20
900.093100
70
0
0
VERTEX
8
Shape2DView008
10
469.327000
20
900.093100
70
0
0
SEQEND
8
Shape2DView008
0
POLYLINE
8
Shape2DView008
62
7
70
0
10
0.000000
20
0.000000
66
1
0
VERTEX
8
Shape2DView008
10
823.645700
20
900.093100
70
0
0
VERTEX
8
Shape2DView008
10
823.545987
20
901.595006
70
0
0
VERTEX
8
Shape2DView008
10
823.253209
20
903.051541
70
0
0
VERTEX
8
Shape2DView008
10
822.776905
20
904.446180
70
0
0
VERTEX
8
Shape2DView008
10
822.126616
20
905.762400
70
0
0
VERTEX
8
Shape2DView008
10
821.311880
20
906.983677
70
0
0
VERTEX
8
Shape2DView008
10
820.342239
20
908.093488
70
0
0
VERTEX
8
Shape2DView008
10
819.227233
20
909.075309
70
0
0
VERTEX
8
Shape2DView008
10
817.976400
20
909.912616
70
0
0
VERTEX
8
Shape2DView008
10
816.625855
20
910.577215
70
0
0
VERTEX
8
Shape2DView008
10
815.218070
20
911.051929
70
0
0
VERTEX
8
Shape2DView008
10
813.772125
20
911.336757
70
0
0
VERTEX
8
Shape2DView008
10
812.307100
20
911.431700
70
0
0
VERTEX
8
Shape2DView008
10
810.842075
20
911.336757
70
0
0
VERTEX
8
Shape2DView008
10
809.396130
20
911.051929
70
0
0
VERTEX
8
Shape2DView008
10
807.988345
20
910.577215
70
0
0
VERTEX
8
Shape2DView008
10
806.637800
20
909.912616
70
0
0
VERTEX
8
Shape2DView008
10
805.386967
20
909.075309
70
0
0
VERTEX
8
Shape2DView008
10
804.271961
20
908.093488
70
0
0
VERTEX
8
Shape2DView008
10
803.302320
20
906.983677
70
0
0
VERTEX
8
Shape2DView008
10
802.487584
20
905.762400
70
0
0
VERTEX
8
Shape2DView008
10
801.837295
20
904.446180
70
0
0
VERTEX
8
Shape2DView008
10
801.360991
20
903.051541
70
0
0
VERTEX
8
Shape2DView008
10
801.068213
20
901.595006
70
0
0
VERTEX
8
Shape2DView008
10
800.968500
20
900.093100
70
0
0
VERTEX
8
Shape2DView008
10
801.068213
20
898.591194
70
0
0
VERTEX
8
Shape2DView008
10
801.360991
20
897.134659
70
0
0
VERTEX
8
Shape2DView008
10
801.837295
20
895.740020
70
0
0
VERTEX
8
Shape2DView008
10
802.487584
20
894.423800
70
0
0
VERTEX
8
Shape2DView008
10
803.302320
20
893.202523
70
0
0
VERTEX
8
Shape2DView008
10
804.271961
20
892.092712
70
0
0
VERTEX
8
Shape2DView008
10
805.386967
20
891.110891
70
0
0
VERTEX
8
Shape2DView008
10
806.637800
20
890.273584
70
0
0
VERTEX
8
Shape2DView008
10
807.988345
20
889.608985
70
0
0
VERTEX
8
Shape2DView008
10
809.396130
20
889.134271
70
0
0
VERTEX
8
Shape2DView008
10
810.842075
20
888.849443
70
0
0
VERTEX
8
Shape2DView008
10
812.307100
20
888.754500
70
0
0
VERTEX
8
Shape2DView008
10
813.772125
20
888.849443
70
0
0
VERTEX
8
Shape2DView008
10
815.218070
20
889.134271
70
0
0
VERTEX
8
Shape2DView008
10
816.625855
20
889.608985
70
0
0
VERTEX
8
Shape2DView008
10
817.976400
20
890.273584
70
0
0
VERTEX
8
Shape2DView008
10
819.227233
20
891.110891
70
0
0
VERTEX
8
Shape2DView008
10
820.342239
20
892.092712
70
0
0
VERTEX
8
Shape2DView008
10
821.311880
20
893.202523
70
0
0
VERTEX
8
Shape2DView008
10
822.126616
20
894.423800
70
0
0
VERTEX
8
Shape2DView008
10
822.776905
20
895.740020
70
0
0
VERTEX
8
Shape2DView008
10
823.253209
20
897.134659
70
0
0
VERTEX
8
Shape2DView008
10
823.545987
20
898.591194
70
0
0
VERTEX
8
Shape2DView008
10
823.645700
20
900.093100
70
0
0
VERTEX
8
Shape2DView008
10
823.645700
20
900.093100
70
0
0
SEQEND
8
Shape2DView008
0
POLYLINE
8
Shape2DView
62
7
70
0
10
0.000000
20
0.000000
66
1
0
VERTEX
8
Shape2DView
10
3229.123300
20
1466.082500
70
0
0
VERTEX
8
Shape2DView
10
3228.888173
20
1468.363373
70
0
0
VERTEX
8
Shape2DView
10
3228.224398
20
1470.487200
70
0
0
VERTEX
8
Shape2DView
10
3227.177414
20
1472.408652
70
0
0
VERTEX
8
Shape2DView
10
3225.792661
20
1474.082399
70
0
0
VERTEX
8
Shape2DView
10
3224.115579
20
1475.463110
70
0
0
VERTEX
8
Shape2DView
10
3222.191606
20
1476.505455
70
0
0
VERTEX
8
Shape2DView
10
3220.066183
20
1477.164104
70
0
0
VERTEX
8
Shape2DView
10
3217.784750
20
1477.393727
70
0
0
VERTEX
8
Shape2DView
10
3215.503317
20
1477.164104
70
0
0
VERTEX
8
Shape2DView
10
3213.377894
20
1476.505455
70
0
0
VERTEX
8
Shape2DView
10
3211.453921
20
1475.463110
70
0
0
VERTEX
8
Shape2DView
10
3209.776839
20
1474.082399
70
0
0
VERTEX
8
Shape2DView
10
3208.392086
20
1472.408652
70
0
0
VERTEX
8
Shape2DView
10
3207.345102
20
1470.487200
70
0
0
VERTEX
8
Shape2DView
10
3206.681327
20
1468.363373
70
0
0
VERTEX
8
Shape2DView
10
3206.446200
20
1466.082500
70
0
0
VERTEX
8
Shape2DView
10
3206.681327
20
1463.801627
70
0
0
VERTEX
8
Shape2DView
10
3207.345102
20
1461.677800
70
0
0
VERTEX
8
Shape2DView
10
3208.392086
20
1459.756348
70
0
0
VERTEX
8
Shape2DView
10
3209.776839
20
1458.082601
70
0
0
VERTEX
8
Shape2DView
10
3211.453921
20
1456.701890
70
0
0
VERTEX
8
Shape2DView
10
3213.377894
20
1455.659545
70
0
0
VERTEX
8
Shape2DView
10
3215.503317
20
1455.000896
70
0
0
VERTEX
8
Shape2DView
10
3217.784750
20
1454.771273
70
0
0
VERTEX
8
Shape2DView
10
3220.066183
20
1455.000896
70
0
0
VERTEX
8
Shape2DView
10
3222.191606
20
1455.659545
70
0
0
VERTEX
8
Shape2DView
10
3224.115579
20
1456.701890
70
0
0
VERTEX
8
Shape2DView
10
3225.792661
20
1458.082601
70
0
0
VERTEX
8
Shape2DView
10
3227.177414
20
1459.756348
70
0
0
VERTEX
8
Shape2DView
10
3228.224398
20
1461.677800
70
0
0
VERTEX
8
Shape2DView
10
3228.888173
20
1463.801627
70
0
0
VERTEX
8
Shape2DView
10
3229.123300
20
1466.082500
70
0
0
VERTEX
8
Shape2DView
10
3229.123300
20
1466.082500
70
0
0
SEQEND
8
Shape2DView
0
POLYLINE
8
Shape2DView
62
7
70
0
10
0.000000
20
0.000000
66
1
0
VERTEX
8
Shape2DView
10
3583.442000
20
1466.082500
70
0
0
VERTEX
8
Shape2DView
10
3583.342287
20
1467.584406
70
0
0
VERTEX
8
Shape2DView
10
3583.049509
20
1469.040941
70
0
0
VERTEX
8
Shape2DView
10
3582.573205
20
1470.435580
70
0
0
VERTEX
8
Shape2DView
10
3581.922916
20
1471.751800
70
0
0
VERTEX
8
Shape2DView
10
3581.108180
20
1472.973077
70
0
0
VERTEX
8
Shape2DView
10
3580.138539
20
1474.082888
70
0
0
VERTEX
8
Shape2DView
10
3579.023533
20
1475.064709
70
0
0
VERTEX
8
Shape2DView
10
3577.772700
20
1475.902016
70
0
0
VERTEX
8
Shape2DView
10
3576.422155
20
1476.566615
70
0
0
VERTEX
8
Shape2DView
10
3575.014370
20
1477.041329
70
0
0
VERTEX
8
Shape2DView
10
3573.568425
20
1477.326157
70
0
0
VERTEX
8
Shape2DView
10
3572.103400
20
1477.421100
70
0
0
VERTEX
8
Shape2DView
10
3570.638375
20
1477.326157
70
0
0
VERTEX
8
Shape2DView
10
3569.192430
20
1477.041329
70
0
0
VERTEX
8
Shape2DView
10
3567.784645
20
1476.566615
70
0
0
VERTEX
8
Shape2DView
10
3566.434100
20
1475.902016
70
0
0
VERTEX
8
Shape2DView
10
3565.183267
20
1475.064709
70
0
0
VERTEX
8
Shape2DView
10
3564.068261
20
1474.082888
70
0
0
VERTEX
8
Shape2DView
10
3563.098620
20
1472.973077
70
0
0
VERTEX
8
Shape2DView
10
3562.283884
20
1471.751800
70
0
0
VERTEX
8
Shape2DView
10
3561.633595
20
1470.435580
70
0
0
VERTEX
8
Shape2DView
10
3561.157291
20
1469.040941
70
0
0
VERTEX
8
Shape2DView
10
3560.864513
20
1467.584406
70
0
0
VERTEX
8
Shape2DView
10
3560.764800
20
1466.082500
70
0
0
VERTEX
8
Shape2DView
10
3560.864513
20
1464.580594
70
0
0
VERTEX
8
Shape2DView
10
3561.157291
20
1463.124059
70
0
0
VERTEX
8
Shape2DView
10
3561.633595
20
1461.729420
70
0
0
VERTEX
8
Shape2DView
10
3562.283884
20
1460.413200
70
0
0
VERTEX
8
Shape2DView
10
3563.098620
20
1459.191923
70
0
0
VERTEX
8
Shape2DView
10
3564.068261
20
1458.082112
70
0
0
VERTEX
8
Shape2DView
10
3565.183267
20
1457.100291
70
0
0
VERTEX
8
Shape2DView
10
3566.434100
20
1456.262984
70
0
0
VERTEX
8
Shape2DView
10
3567.784645
20
1455.598385
70
0
0
VERTEX
8
Shape2DView
10
3569.192430
20
1455.123671
70
0
0
VERTEX
8
Shape2DView
10
3570.638375
20
1454.838843
70
0
0
VERTEX
8
Shape2DView
10
3572.103400
20
1454.743900
70
0
0
VERTEX
8
Shape2DView
10
3573.568425
20
1454.838843
70
0
0
VERTEX
8
Shape2DView
10
3575.014370
20
1455.123671
70
0
0
VERTEX
8
Shape2DView
10
3576.422155
20
1455.598385
70
0
0
VERTEX
8
Shape2DView
10
3577.772700
20
1456.262984
70
0
0
VERTEX
8
Shape2DView
10
3579.023533
20
1457.100291
70
0
0
VERTEX
8
Shape2DView
10
3580.138539
20
1458.082112
70
0
0
VERTEX
8
Shape2DView
10
3581.108180
20
1459.191923
70
0
0
VERTEX
8
Shape2DView
10
3581.922916
20
1460.413200
70
0
0
VERTEX
8
Shape2DView
10
3582.573205
20
1461.729420
70
0
0
VERTEX
8
Shape2DView
10
3583.049509
20
1463.124059
70
0
0
VERTEX
8
Shape2DView
10
3583.342287
20
1464.580594
70
0
0
VERTEX
8
Shape2DView
10
3583.442000
20
1466.082500
70
0
0
VERTEX
8
Shape2DView
10
3583.442000
20
1466.082500
70
0
0
SEQEND
8
Shape2DView
0
POLYLINE
8
Shape2DView
62
7
70
0
10
0.000000
20
0.000000
66
1
0
VERTEX
8
Shape2DView
10
3739.546900
20
2094.354400
70
0
0
VERTEX
8
Shape2DView
10
3739.316539
20
2096.639523
70
0
0
VERTEX
8
Shape2DView
10
3738.655856
20
2098.767894
70
0
0
VERTEX
8
Shape2DView
10
3737.610444
20
2100.693918
70
0
0
VERTEX
8
Shape2DView
10
3736.225900
20
2102.371999
70
0
0
VERTEX
8
Shape2DView
10
3734.547818
20
2103.756543
70
0
0
VERTEX
8
Shape2DView
10
3732.621794
20
2104.801954
70
0
0
VERTEX
8
Shape2DView
10
3730.493423
20
2105.462637
70
0
0
VERTEX
8
Shape2DView
10
3728.208300
20
2105.692997
70
0
0
VERTEX
8
Shape2DView
10
3725.923177
20
2105.462637
70
0
0
VERTEX
8
Shape2DView
10
3723.794806
20
2104.801954
70
0
0
VERTEX
8
Shape2DView
10
3721.868782
20
2103.756543
70
0
0
VERTEX
8
Shape2DView
10
3720.190700
20
2102.371999
70
0
0
VERTEX
8
Shape2DView
10
3718.806156
20
2100.693918
70
0
0
VERTEX
8
Shape2DView
10
3717.760744
20
2098.767894
70
0
0
VERTEX
8
Shape2DView
10
3717.100061
20
2096.639523
70
0
0
VERTEX
8
Shape2DView
10
3716.869700
20
2094.354400
70
0
0
VERTEX
8
Shape2DView
10
3716.969413
20
2092.852494
70
0
0
VERTEX
8
Shape2DView
10
3717.262191
20
2091.395959
70
0
0
VERTEX
8
Shape2DView
10
3717.738495
20
2090.001320
70
0
0
VERTEX
8
Shape2DView
10
3718.388784
20
2088.685100
70
0
0
VERTEX
8
Shape2DView
10
3719.203520
20
2087.463823
70
0
0
VERTEX
8
Shape2DView
10
3720.173161
20
2086.354012
70
0
0
VERTEX
8
Shape2DView
10
3721.288167
20
2085.372191
70
0
0
VERTEX
8
Shape2DView
10
3722.539000
20
2084.534884
70
0
0
VERTEX
8
Shape2DView
10
3723.889545
20
2083.870285
70
0
0
VERTEX
8
Shape2DView
10
3725.297330
20
2083.395571
70
0
0
VERTEX
8
Shape2DView
10
3726.743275
20
2083.110743
70
0
0
VERTEX
8
Shape2DView
10
3728.208300
20
2083.015800
70
0
0
VERTEX
8
Shape2DView
10
3729.673325
20
2083.110743
70
0
0
VERTEX
8
Shape2DView
10
3731.119270
20
2083.395571
70
0
0
VERTEX
8
Shape2DView
10
3732.527055
20
2083.870285
70
0
0
VERTEX
8
Shape2DView
10
3733.877600
20
2084.534884
70
0
0
VERTEX
8
Shape2DView
10
3735.128433
20
2085.372191
70
0
0
VERTEX
8
Shape2DView
10
3736.243439
20
2086.354012
70
0
0
VERTEX
8
Shape2DView
10
3737.213080
20
2087.463823
70
0
0
VERTEX
8
Shape2DView
10
3738.027816
20
2088.685100
70
0
0
VERTEX
8
Shape2DView
10
3738.678105
20
2090.001320
70
0
0
VERTEX
8
Shape2DView
10
3739.154409
20
2091.395959
70
0
0
VERTEX
8
Shape2DView
10
3739.447187
20
2092.852494
70
0
0
VERTEX
8
Shape2DView
10
3739.546900
20
2094.354400
70
0
0
VERTEX
8
Shape2DView
10
3739.546900
20
2094.354400
70
0
0
SEQEND
8
Shape2DView
0
POLYLINE
8
Shape2DView
62
7
70
0
10
0.000000
20
0.000000
66
1
0
VERTEX
8
Shape2DView
10
3104.253400
20
2136.685000
70
0
0
VERTEX
8
Shape2DView
10
3104.018131
20
2138.965746
70
0
0
VERTEX
8
Shape2DView
10
3103.354264
20
2141.089439
70
0
0
VERTEX
8
Shape2DView
10
3102.307233
20
2143.010755
70
0
0
VERTEX
8
Shape2DView
10
3100.922474
20
2144.684372
70
0
0
VERTEX
8
Shape2DView
10
3099.245421
20
2146.064969
70
0
0
VERTEX
8
Shape2DView
10
3097.321509
20
2147.107223
70
0
0
VERTEX
8
Shape2DView
10
3095.196174
20
2147.765811
70
0
0
VERTEX
8
Shape2DView
10
3092.914850
20
2147.995412
70
0
0
VERTEX
8
Shape2DView
10
3090.633526
20
2147.765811
70
0
0
VERTEX
8
Shape2DView
10
3088.508191
20
2147.107223
70
0
0
VERTEX
8
Shape2DView
10
3086.584279
20
2146.064969
70
0
0
VERTEX
8
Shape2DView
10
3084.907226
20
2144.684372
70
0
0
VERTEX
8
Shape2DView
10
3083.522467
20
2143.010755
70
0
0
VERTEX
8
Shape2DView
10
3082.475436
20
2141.089439
70
0
0
VERTEX
8
Shape2DView
10
3081.811569
20
2138.965746
70
0
0
VERTEX
8
Shape2DView
10
3081.576300
20
2136.685000
70
0
0
VERTEX
8
Shape2DView
10
3081.811569
20
2134.404254
70
0
0
VERTEX
8
Shape2DView
10
3082.475436
20
2132.280561
70
0
0
VERTEX
8
Shape2DView
10
3083.522467
20
2130.359245
70
0
0
VERTEX
8
Shape2DView
10
3084.907226
20
2128.685628
70
0
0
VERTEX
8
Shape2DView
10
3086.584279
20
2127.305031
70
0
0
VERTEX
8
Shape2DView
10
3088.508191
20
2126.262777
70
0
0
VERTEX
8
Shape2DView
10
3090.633526
20
2125.604189
70
0
0
VERTEX
8
Shape2DView
10
3092.914850
20
2125.374588
70
0
0
VERTEX
8
Shape2DView
10
3095.196174
20
2125.604189
70
0
0
VERTEX
8
Shape2DView
10
3097.321509
20
2126.262777
70
0
0
VERTEX
8
Shape2DView
10
3099.245421
20
2127.305031
70
0
0
VERTEX
8
Shape2DView
10
3100.922474
20
2128.685628
70
0
0
VERTEX
8
Shape2DView
10
3102.307233
20
2130.359245
70
0
0
VERTEX
8
Shape2DView
10
3103.354264
20
2132.280561
70
0
0
VERTEX
8
Shape2DView
10
3104.018131
20
2134.404254
70
0
0
VERTEX
8
Shape2DView
10
3104.253400
20
2136.685000
70
0
0
VERTEX
8
Shape2DView
10
3104.253400
20
2136.685000
70
0
0
SEQEND
8
Shape2DView
0
POLYLINE
8
Shape2DView
62
7
70
0
10
0.000000
20
0.000000
66
1
0
VERTEX
8
Shape2DView
10
3669.057600
20
1403.879100
70
0
0
VERTEX
8
Shape2DView
10
3668.822331
20
1406.159846
70
0
0
VERTEX
8
Shape2DView
10
3668.158464
20
1408.283539
70
0
0
VERTEX
8
Shape2DView
10
3667.111433
20
1410.204855
70
0
0
VERTEX
8
Shape2DView
10
3665.726674
20
1411.878472
70
0
0
VERTEX
8
Shape2DView
10
3664.049621
20
1413.259069
70
0
0
VERTEX
8
Shape2DView
10
3662.125709
20
1414.301323
70
0
0
VERTEX
8
Shape2DView
10
3660.000374
20
1414.959911
70
0
0
VERTEX
8
Shape2DView
10
3657.719050
20
1415.189512
70
0
0
VERTEX
8
Shape2DView
10
3655.437726
20
1414.959911
70
0
0
VERTEX
8
Shape2DView
10
3653.312391
20
1414.301323
70
0
0
VERTEX
8
Shape2DView
10
3651.388479
20
1413.259069
70
0
0
VERTEX
8
Shape2DView
10
3649.711426
20
1411.878472
70
0
0
VERTEX
8
Shape2DView
10
3648.326667
20
1410.204855
70
0
0
VERTEX
8
Shape2DView
10
3647.279636
20
1408.283539
70
0
0
VERTEX
8
Shape2DView
10
3646.615769
20
1406.159846
70
0
0
VERTEX
8
Shape2DView
10
3646.380500
20
1403.879100
70
0
0
VERTEX
8
Shape2DView
10
3646.615769
20
1401.598354
70
0
0
VERTEX
8
Shape2DView
10
3647.279636
20
1399.474661
70
0
0
VERTEX
8
Shape2DView
10
3648.326667
20
1397.553345
70
0
0
VERTEX
8
Shape2DView
10
3649.711426
20
1395.879728
70
0
0
VERTEX
8
Shape2DView
10
3651.388479
20
1394.499131
70
0
0
VERTEX
8
Shape2DView
10
3653.312391
20
1393.456877
70
0
0
VERTEX
8
Shape2DView
10
3655.437726
20
1392.798289
70
0
0
VERTEX
8
Shape2DView
10
3657.719050
20
1392.568688
70
0
0
VERTEX
8
Shape2DView
10
3660.000374
20
1392.798289
70
0
0
VERTEX
8
Shape2DView
10
3662.125709
20
1393.456877
70
0
0
VERTEX
8
Shape2DView
10
3664.049621
20
1394.499131
70
0
0
VERTEX
8
Shape2DView
10
3665.726674
20
1395.879728
70
0
0
VERTEX
8
Shape2DView
10
3667.111433
20
1397.553345
70
0
0
VERTEX
8
Shape2DView
10
3668.158464
20
1399.474661
70
0
0
VERTEX
8
Shape2DView
10
3668.822331
20
1401.598354
70
0
0
VERTEX
8
Shape2DView
10
3669.057600
20
1403.879100
70
0
0
VERTEX
8
Shape2DView
10
3669.057600
20
1403.879100
70
0
0
SEQEND
8
Shape2DView
0
POLYLINE
8
Shape2DView
62
7
70
0
10
0.000000
20
0.000000
66
1
0
VERTEX
8
Shape2DView
10
3778.548100
20
1066.902000
70
0
0
VERTEX
8
Shape2DView
10
3778.312831
20
1069.182746
70
0
0
VERTEX
8
Shape2DView
10
3777.648964
20
1071.306439
70
0
0
VERTEX
8
Shape2DView
10
3776.601933
20
1073.227755
70
0
0
VERTEX
8
Shape2DView
10
3775.217174
20
1074.901372
70
0
0
VERTEX
8
Shape2DView
10
3773.540121
20
1076.281969
70
0
0
VERTEX
8
Shape2DView
10
3771.616209
20
1077.324223
70
0
0
VERTEX
8
Shape2DView
10
3769.490874
20
1077.982811
70
0
0
VERTEX
8
Shape2DView
10
3767.209550
20
1078.212412
70
0
0
VERTEX
8
Shape2DView
10
3764.928226
20
1077.982811
70
0
0
VERTEX
8
Shape2DView
10
3762.802891
20
1077.324223
70
0
0
VERTEX
8
Shape2DView
10
3760.878979
20
1076.281969
70
0
0
VERTEX
8
Shape2DView
10
3759.201926
20
1074.901372
70
0
0
VERTEX
8
Shape2DView
10
3757.817167
20
1073.227755
70
0
0
VERTEX
8
Shape2DView
10
3756.770136
20
1071.306439
70
0
0
VERTEX
8
Shape2DView
10
3756.106269
20
1069.182746
70
0
0
VERTEX
8
Shape2DView
10
3755.871000
20
1066.902000
70
0
0
VERTEX
8
Shape2DView
10
3756.106269
20
1064.621254
70
0
0
VERTEX
8
Shape2DView
10
3756.770136
20
1062.497561
70
0
0
VERTEX
8
Shape2DView
10
3757.817167
20
1060.576245
70
0
0
VERTEX
8
Shape2DView
10
3759.201926
20
1058.902628
70
0
0
VERTEX
8
Shape2DView
10
3760.878979
20
1057.522031
70
0
0
VERTEX
8
Shape2DView
10
3762.802891
20
1056.479777
70
0
0
VERTEX
8
Shape2DView
10
3764.928226
20
1055.821189
70
0
0
VERTEX
8
Shape2DView
10
3767.209550
20
1055.591588
70
0
0
VERTEX
8
Shape2DView
10
3769.490874
20
1055.821189
70
0
0
VERTEX
8
Shape2DView
10
3771.616209
20
1056.479777
70
0
0
VERTEX
8
Shape2DView
10
3773.540121
20
1057.522031
70
0
0
VERTEX
8
Shape2DView
10
3775.217174
20
1058.902628
70
0
0
VERTEX
8
Shape2DView
10
3776.601933
20
1060.576245
70
0
0
VERTEX
8
Shape2DView
10
3777.648964
20
1062.497561
70
0
0
VERTEX
8
Shape2DView
10
3778.312831
20
1064.621254
70
0
0
VERTEX
8
Shape2DView
10
3778.548100
20
1066.902000
70
0
0
VERTEX
8
Shape2DView
10
3778.548100
20
1066.902000
70
0
0
SEQEND
8
Shape2DView
0
POLYLINE
8
Shape2DView
62
7
70
0
10
0.000000
20
0.000000
66
1
0
VERTEX
8
Shape2DView
10
4424.309200
20
1112.584100
70
0
0
VERTEX
8
Shape2DView
10
4424.073931
20
1114.864846
70
0
0
VERTEX
8
Shape2DView
10
4423.410064
20
1116.988539
70
0
0
VERTEX
8
Shape2DView
10
4422.363033
20
1118.909855
70
0
0
VERTEX
8
Shape2DView
10
4420.978274
20
1120.583472
70
0
0
VERTEX
8
Shape2DView
10
4419.301221
20
1121.964069
70
0
0
VERTEX
8
Shape2DView
10
4417.377309
20
1123.006323
70
0
0
VERTEX
8
Shape2DView
10
4415.251974
20
1123.664911
70
0
0
VERTEX
8
Shape2DView
10
4412.970650
20
1123.894512
70
0
0
VERTEX
8
Shape2DView
10
4410.689326
20
1123.664911
70
0
0
VERTEX
8
Shape2DView
10
4408.563991
20
1123.006323
70
0
0
VERTEX
8
Shape2DView
10
4406.640079
20
1121.964069
70
0
0
VERTEX
8
Shape2DView
10
4404.963026
20
1120.583472
70
0
0
VERTEX
8
Shape2DView
10
4403.578267
20
1118.909855
70
0
0
VERTEX
8
Shape2DView
10
4402.531236
20
1116.988539
70
0
0
VERTEX
8
Shape2DView
10
4401.867369
20
1114.864846
70
0
0
VERTEX
8
Shape2DView
10
4401.632100
20
1112.584100
70
0
0
VERTEX
8
Shape2DView
10
4401.867369
20
1110.303354
70
0
0
VERTEX
8
Shape2DView
10
4402.531236
20
1108.179661
70
0
0
VERTEX
8
Shape2DView
10
4403.578267
20
1106.258345
70
0
0
VERTEX
8
Shape2DView
10
4404.963026
20
1104.584728
70
0
0
VERTEX
8
Shape2DView
10
4406.640079
20
1103.204131
70
0
0
VERTEX
8
Shape2DView
10
4408.563991
20
1102.161877
70
0
0
VERTEX
8
Shape2DView
10
4410.689326
20
1101.503289
70
0
0
VERTEX
8
Shape2DView
10
4412.970650
20
1101.273688
70
0
0
VERTEX
8
Shape2DView
10
4415.251974
20
1101.503289
70
0
0
VERTEX
8
Shape2DView
10
4417.377309
20
1102.161877
70
0
0
VERTEX
8
Shape2DView
10
4419.301221
20
1103.204131
70
0
0
VERTEX
8
Shape2DView
10
4420.978274
20
1104.584728
70
0
0
VERTEX
8
Shape2DView
10
4422.363033
20
1106.258345
70
0
0
VERTEX
8
Shape2DView
10
4423.410064
20
1108.179661
70
0
0
VERTEX
8
Shape2DView
10
4424.073931
20
1110.303354
70
0
0
VERTEX
8
Shape2DView
10
4424.309200
20
1112.584100
70
0
0
VERTEX
8
Shape2DView
10
4424.309200
20
1112.584100
70
0
0
SEQEND
8
Shape2DView
0
POLYLINE
8
Shape2DView
62
7
70
0
10
0.000000
20
0.000000
66
1
0
VERTEX
8
Shape2DView
10
4268.251600
20
1729.865000
70
0
0
VERTEX
8
Shape2DView
10
4268.151887
20
1731.366906
70
0
0
VERTEX
8
Shape2DView
10
4267.859109
20
1732.823441
70
0
0
VERTEX
8
Shape2DView
10
4267.382805
20
1734.218080
70
0
0
VERTEX
8
Shape2DView
10
4266.732516
20
1735.534300
70
0
0
VERTEX
8
Shape2DView
10
4265.917780
20
1736.755577
70
0
0
VERTEX
8
Shape2DView
10
4264.948139
20
1737.865388
70
0
0
VERTEX
8
Shape2DView
10
4263.833133
20
1738.847209
70
0
0
VERTEX
8
Shape2DView
10
4262.582300
20
1739.684516
70
0
0
VERTEX
8
Shape2DView
10
4261.231755
20
1740.349115
70
0
0
VERTEX
8
Shape2DView
10
4259.823970
20
1740.823829
70
0
0
VERTEX
8
Shape2DView
10
4258.378025
20
1741.108657
70
0
0
VERTEX
8
Shape2DView
10
4256.913000
20
1741.203600
70
0
0
VERTEX
8
Shape2DView
10
4255.447975
20
1741.108657
70
0
0
VERTEX
8
Shape2DView
10
4254.002030
20
1740.823829
70
0
0
VERTEX
8
Shape2DView
10
4252.594245
20
1740.349115
70
0
0
VERTEX
8
Shape2DView
10
4251.243700
20
1739.684516
70
0
0
VERTEX
8
Shape2DView
10
4249.992867
20
1738.847209
70
0
0
VERTEX
8
Shape2DView
10
4248.877861
20
1737.865388
70
0
0
VERTEX
8
Shape2DView
10
4247.908220
20
1736.755577
70
0
0
VERTEX
8
Shape2DView
10
4247.093484
20
1735.534300
70
0
0
VERTEX
8
Shape2DView
10
4246.443195
20
1734.218080
70
0
0
VERTEX
8
Shape2DView
10
4245.966891
20
1732.823441
70
0
0
VERTEX
8
Shape2DView
10
4245.674113
20
1731.366906
70
0
0
VERTEX
8
Shape2DView
10
4245.574400
20
1729.865000
70
0
0
VERTEX
8
Shape2DView
10
4245.674113
20
1728.363094
70
0
0
VERTEX
8
Shape2DView
10
4245.966891
20
1726.906559
70
0
0
VERTEX
8
Shape2DView
10
4246.443195
20
1725.511920
70
0
0
VERTEX
8
Shape2DView
10
4247.093484
20
1724.195700
70
0
0
VERTEX
8
Shape2DView
10
4247.908220
20
1722.974423
70
0
0
VERTEX
8
Shape2DView
10
4248.877861
20
1721.864612
70
0
0
VERTEX
8
Shape2DView
10
4249.992867
20
1720.882791
70
0
0
VERTEX
8
Shape2DView
10
4251.243700
20
1720.045484
70
0
0
VERTEX
8
Shape2DView
10
4252.594245
20
1719.380885
70
0
0
VERTEX
8
Shape2DView
10
4254.002030
20
1718.906171
70
0
0
VERTEX
8
Shape2DView
10
4255.447975
20
1718.621343
70
0
0
VERTEX
8
Shape2DView
10
4256.913000
20
1718.526400
70
0
0
VERTEX
8
Shape2DView
10
4258.378025
20
1718.621343
70
0
0
VERTEX
8
Shape2DView
10
4259.823970
20
1718.906171
70
0
0
VERTEX
8
Shape2DView
10
4261.231755
20
1719.380885
70
0
0
VERTEX
8
Shape2DView
10
4262.582300
20
1720.045484
70
0
0
VERTEX
8
Shape2DView
10
4263.833133
20
1720.882791
70
0
0
VERTEX
8
Shape2DView
10
4264.948139
20
1721.864612
70
0
0
VERTEX
8
Shape2DView
10
4265.917780
20
1722.974423
70
0
0
VERTEX
8
Shape2DView
10
4266.732516
20
1724.195700
70
0
0
VERTEX
8
Shape2DView
10
4267.382805
20
1725.511920
70
0
0
VERTEX
8
Shape2DView
10
4267.859109
20
1726.906559
70
0
0
VERTEX
8
Shape2DView
10
4268.151887
20
1728.363094
70
0
0
VERTEX
8
Shape2DView
10
4268.251600
20
1729.865000
70
0
0
VERTEX
8
Shape2DView
10
4268.251600
20
1729.865000
70
0
0
SEQEND
8
Shape2DView
0
POLYLINE
8
Shape2DView
62
7
70
0
10
0.000000
20
0.000000
66
1
0
VERTEX
8
Shape2DView
10
3745.845900
20
966.254800
70
0
0
VERTEX
8
Shape2DView
10
3745.746187
20
967.756706
70
0
0
VERTEX
8
Shape2DView
10
3745.453409
20
969.213241
70
0
0
VERTEX
8
Shape2DView
10
3744.977105
20
970.607880
70
0
0
VERTEX
8
Shape2DView
10
3744.326816
20
971.924100
70
0
0
VERTEX
8
Shape2DView
10
3743.512080
20
973.145377
70
0
0
VERTEX
8
Shape2DView
10
3742.542439
20
974.255188
70
0
0
VERTEX
8
Shape2DView
10
3741.427433
20
975.237009
70
0
0
VERTEX
8
Shape2DView
10
3740.176600
20
976.074316
70
0
0
VERTEX
8
Shape2DView
10
3738.826055
20
976.738915
70
0
0
VERTEX
8
Shape2DView
10
3737.418270
20
977.213629
70
0
0
VERTEX
8
Shape2DView
10
3735.972325
20
977.498457
70
0
0
VERTEX
8
Shape2DView
10
3734.507300
20
977.593400
70
0
0
VERTEX
8
Shape2DView
10
3733.042275
20
977.498457
70
0
0
VERTEX
8
Shape2DView
10
3731.596330
20
977.213629
70
0
0
VERTEX
8
Shape2DView
10
3730.188545
20
976.738915
70
0
0
VERTEX
8
Shape2DView
10
3728.838000
20
976.074316
70
0
0
VERTEX
8
Shape2DView
10
3727.587167
20
975.237009
70
0
0
VERTEX
8
Shape2DView
10
3726.472161
20
974.255188
70
0
0
VERTEX
8
Shape2DView
10
3725.502520
20
973.145377
70
0
0
VERTEX
8
Shape2DView
10
3724.687784
20
971.924100
70
0
0
VERTEX
8
Shape2DView
10
3724.037495
20
970.607880
70
0
0
VERTEX
8
Shape2DView
10
3723.561191
20
969.213241
70
0
0
VERTEX
8
Shape2DView
10
3723.268413
20
967.756706
70
0
0
VERTEX
8
Shape2DView
10
3723.168700
20
966.254800
70
0
0
VERTEX
8
Shape2DView
10
3723.268413
20
964.752894
70
0
0
VERTEX
8
Shape2DView
10
3723.561191
20
963.296359
70
0
0
VERTEX
8
Shape2DView
10
3724.037495
20
961.901720
70
0
0
VERTEX
8
Shape2DView
10
3724.687784
20
960.585500
70
0
0
VERTEX
8
Shape2DView
10
3725.502520
20
959.364223
70
0
0
VERTEX
8
Shape2DView
10
3726.472161
20
958.254412
70
0
0
VERTEX
8
Shape2DView
10
3727.587167
20
957.272591
70
0
0
VERTEX
8
Shape2DView
10
3728.838000
20
956.435284
70
0
0
VERTEX
8
Shape2DView
10
3730.188545
20
955.770685
70
0
0
VERTEX
8
Shape2DView
10
3731.596330
20
955.295971
70
0
0
VERTEX
8
Shape2DView
10
3733.042275
20
955.011143
70
0
0
VERTEX
8
Shape2DView
10
3734.507300
20
954.916200
70
0
0
VERTEX
8
Shape2DView
10
3735.972325
20
955.011143
70
0
0
VERTEX
8
Shape2DView
10
3737.418270
20
955.295971
70
0
0
VERTEX
8
Shape2DView
10
3738.826055
20
955.770685
70
0
0
VERTEX
8
Shape2DView
10
3740.176600
20
956.435284
70
0
0
VERTEX
8
Shape2DView
10
3741.427433
20
957.272591
70
0
0
VERTEX
8
Shape2DView
10
3742.542439
20
958.254412
70
0
0
VERTEX
8
Shape2DView
10
3743.512080
20
959.364223
70
0
0
VERTEX
8
Shape2DView
10
3744.326816
20
960.585500
70
0
0
VERTEX
8
Shape2DView
10
3744.977105
20
961.901720
70
0
0
VERTEX
8
Shape2DView
10
3745.453409
20
963.296359
70
0
0
VERTEX
8
Shape2DView
10
3745.746187
20
964.752894
70
0
0
VERTEX
8
Shape2DView
10
3745.845900
20
966.254800
70
0
0
VERTEX
8
Shape2DView
10
3745.845900
20
966.254800
70
0
0
SEQEND
8
Shape2DView
0
POLYLINE
8
Shape2DView
62
7
70
0
10
0.000000
20
0.000000
66
1
0
VERTEX
8
Shape2DView
10
3702.193400
20
157.952700
70
0
0
VERTEX
8
Shape2DView
10
3701.958273
20
160.233573
70
0
0
VERTEX
8
Shape2DView
10
3701.294498
20
162.357400
70
0
0
VERTEX
8
Shape2DView
10
3700.247514
20
164.278852
70
0
0
VERTEX
8
Shape2DView
10
3698.862761
20
165.952599
70
0
0
VERTEX
8
Shape2DView
10
3697.185679
20
167.333310
70
0
0
VERTEX
8
Shape2DView
10
3695.261706
20
168.375655
70
0
0
VERTEX
8
Shape2DView
10
3693.136283
20
169.034304
70
0
0
VERTEX
8
Shape2DView
10
3690.854850
20
169.263927
70
0
0
VERTEX
8
Shape2DView
10
3688.573417
20
169.034304
70
0
0
VERTEX
8
Shape2DView
10
3686.447994
20
168.375655
70
0
0
VERTEX
8
Shape2DView
10
3684.524021
20
167.333310
70
0
0
VERTEX
8
Shape2DView
10
3682.846939
20
165.952599
70
0
0
VERTEX
8
Shape2DView
10
3681.462186
20
164.278852
70
0
0
VERTEX
8
Shape2DView
10
3680.415202
20
162.357400
70
0
0
VERTEX
8
Shape2DView
10
3679.751427
20
160.233573
70
0
0
VERTEX
8
Shape2DView
10
3679.516300
20
157.952700
70
0
0
VERTEX
8
Shape2DView
10
3679.751427
20
155.671827
70
0
0
VERTEX
8
Shape2DView
10
3680.415202
20
153.548000
70
0
0
VERTEX
8
Shape2DView
10
3681.462186
20
151.626548
70
0
0
VERTEX
8
Shape2DView
10
3682.846939
20
149.952801
70
0
0
VERTEX
8
Shape2DView
10
3684.524021
20
148.572090
70
0
0
VERTEX
8
Shape2DView
10
3686.447994
20
147.529745
70
0
0
VERTEX
8
Shape2DView
10
3688.573417
20
146.871096
70
0
0
VERTEX
8
Shape2DView
10
3690.854850
20
146.641473
70
0
0
VERTEX
8
Shape2DView
10
3693.136283
20
146.871096
70
0
0
VERTEX
8
Shape2DView
10
3695.261706
20
147.529745
70
0
0
VERTEX
8
Shape2DView
10
3697.185679
20
148.572090
70
0
0
VERTEX
8
Shape2DView
10
3698.862761
20
149.952801
70
0
0
VERTEX
8
Shape2DView
10
3700.247514
20
151.626548
70
0
0
VERTEX
8
Shape2DView
10
3701.294498
20
153.548000
70
0
0
VERTEX
8
Shape2DView
10
3701.958273
20
155.671827
70
0
0
VERTEX
8
Shape2DView
10
3702.193400
20
157.952700
70
0
0
VERTEX
8
Shape2DView
10
3702.193400
20
157.952700
70
0
0
SEQEND
8
Shape2DView
0
POLYLINE
8
Shape2DView
62
7
70
0
10
0.000000
20
0.000000
66
1
0
VERTEX
8
Shape2DView
10
4241.038000
20
497.122600
70
0
0
VERTEX
8
Shape2DView
10
4240.938287
20
498.624506
70
0
0
VERTEX
8
Shape2DView
10
4240.645509
20
500.081041
70
0
0
VERTEX
8
Shape2DView
10
4240.169205
20
501.475680
70
0
0
VERTEX
8
Shape2DView
10
4239.518916
20
502.791900
70
0
0
VERTEX
8
Shape2DView
10
4238.704180
20
504.013177
70
0
0
VERTEX
8
Shape2DView
10
4237.734539
20
505.122988
70
0
0
VERTEX
8
Shape2DView
10
4236.619533
20
506.104809
70
0
0
VERTEX
8
Shape2DView
10
4235.368700
20
506.942116
70
0
0
VERTEX
8
Shape2DView
10
4234.018155
20
507.606715
70
0
0
VERTEX
8
Shape2DView
10
4232.610370
20
508.081429
70
0
0
VERTEX
8
Shape2DView
10
4231.164425
20
508.366257
70
0
0
VERTEX
8
Shape2DView
10
4229.699400
20
508.461200
70
0
0
VERTEX
8
Shape2DView
10
4228.234375
20
508.366257
70
0
0
VERTEX
8
Shape2DView
10
4226.788430
20
508.081429
70
0
0
VERTEX
8
Shape2DView
10
4225.380645
20
507.606715
70
0
0
VERTEX
8
Shape2DView
10
4224.030100
20
506.942116
70
0
0
VERTEX
8
Shape2DView
10
4222.779267
20
506.104809
70
0
0
VERTEX
8
Shape2DView
10
4221.664261
20
505.122988
70
0
0
VERTEX
8
Shape2DView
10
4220.694620
20
504.013177
70
0
0
VERTEX
8
Shape2DView
10
4219.879884
20
502.791900
70
0
0
VERTEX
8
Shape2DView
10
4219.229595
20
501.475680
70
0
0
VERTEX
8
Shape2DView
10
4218.753291
20
500.081041
70
0
0
VERTEX
8
Shape2DView
10
4218.460513
20
498.624506
70
0
0
VERTEX
8
Shape2DView
10
4218.360800
20
497.122600
70
0
0
VERTEX
8
Shape2DView
10
4218.460513
20
495.620694
70
0
0
VERTEX
8
Shape2DView
10
4218.753291
20
494.164159
70
0
0
VERTEX
8
Shape2DView
10
4219.229595
20
492.769520
70
0
0
VERTEX
8
Shape2DView
10
4219.879884
20
491.453300
70
0
0
VERTEX
8
Shape2DView
10
4220.694620
20
490.232023
70
0
0
VERTEX
8
Shape2DView
10
4221.664261
20
489.122212
70
0
0
VERTEX
8
Shape2DView
10
4222.779267
20
488.140391
70
0
0
VERTEX
8
Shape2DView
10
4224.030100
20
487.303084
70
0
0
VERTEX
8
Shape2DView
10
4225.380645
20
486.638485
70
0
0
VERTEX
8
Shape2DView
10
4226.788430
20
486.163771
70
0
0
VERTEX
8
Shape2DView
10
4228.234375
20
485.878943
70
0
0
VERTEX
8
Shape2DView
10
4229.699400
20
485.784000
70
0
0
VERTEX
8
Shape2DView
10
4231.164425
20
485.878943
70
0
0
VERTEX
8
Shape2DView
10
4232.610370
20
486.163771
70
0
0
VERTEX
8
Shape2DView
10
4234.018155
20
486.638485
70
0
0
VERTEX
8
Shape2DView
10
4235.368700
20
487.303084
70
0
0
VERTEX
8
Shape2DView
10
4236.619533
20
488.140391
70
0
0
VERTEX
8
Shape2DView
10
4237.734539
20
489.122212
70
0
0
VERTEX
8
Shape2DView
10
4238.704180
20
490.232023
70
0
0
VERTEX
8
Shape2DView
10
4239.518916
20
491.453300
70
0
0
VERTEX
8
Shape2DView
10
4240.169205
20
492.769520
70
0
0
VERTEX
8
Shape2DView
10
4240.645509
20
494.164159
70
0
0
VERTEX
8
Shape2DView
10
4240.938287
20
495.620694
70
0
0
VERTEX
8
Shape2DView
10
4241.038000
20
497.122600
70
0
0
VERTEX
8
Shape2DView
10
4241.038000
20
497.122600
70
0
0
SEQEND
8
Shape2DView
0
POLYLINE
8
Shape2DView
62
7
70
0
10
0.000000
20
0.000000
66
1
0
VERTEX
8
Shape2DView
10
3353.369300
20
757.991500
70
0
0
VERTEX
8
Shape2DView
10
3353.269587
20
759.493406
70
0
0
VERTEX
8
Shape2DView
10
3352.976809
20
760.949941
70
0
0
VERTEX
8
Shape2DView
10
3352.500505
20
762.344580
70
0
0
VERTEX
8
Shape2DView
10
3351.850216
20
763.660800
70
0
0
VERTEX
8
Shape2DView
10
3351.035480
20
764.882077
70
0
0
VERTEX
8
Shape2DView
10
3350.065839
20
765.991888
70
0
0
VERTEX
8
Shape2DView
10
3348.950833
20
766.973709
70
0
0
VERTEX
8
Shape2DView
10
3347.700000
20
767.811016
70
0
0
VERTEX
8
Shape2DView
10
3346.349455
20
768.475615
70
0
0
VERTEX
8
Shape2DView
10
3344.941670
20
768.950329
70
0
0
VERTEX
8
Shape2DView
10
3343.495725
20
769.235157
70
0
0
VERTEX
8
Shape2DView
10
3342.030700
20
769.330100
70
0
0
VERTEX
8
Shape2DView
10
3340.565675
20
769.235157
70
0
0
VERTEX
8
Shape2DView
10
3339.119730
20
768.950329
70
0
0
VERTEX
8
Shape2DView
10
3337.711945
20
768.475615
70
0
0
VERTEX
8
Shape2DView
10
3336.361400
20
767.811016
70
0
0
VERTEX
8
Shape2DView
10
3335.110567
20
766.973709
70
0
0
VERTEX
8
Shape2DView
10
3333.995561
20
765.991888
70
0
0
VERTEX
8
Shape2DView
10
3333.025920
20
764.882077
70
0
0
VERTEX
8
Shape2DView
10
3332.211184
20
763.660800
70
0
0
VERTEX
8
Shape2DView
10
3331.560895
20
762.344580
70
0
0
VERTEX
8
Shape2DView
10
3331.084591
20
760.949941
70
0
0
VERTEX
8
Shape2DView
10
3330.791813
20
759.493406
70
0
0
VERTEX
8
Shape2DView
10
3330.692100
20
757.991500
70
0
0
VERTEX
8
Shape2DView
10
3330.791813
20
756.489594
70
0
0
VERTEX
8
Shape2DView
10
3331.084591
20
755.033059
70
0
0
VERTEX
8
Shape2DView
10
3331.560895
20
753.638420
70
0
0
VERTEX
8
Shape2DView
10
3332.211184
20
752.322200
70
0
0
VERTEX
8
Shape2DView
10
3333.025920
20
751.100923
70
0
0
VERTEX
8
Shape2DView
10
3333.995561
20
749.991112
70
0
0
VERTEX
8
Shape2DView
10
3335.110567
20
749.009291
70
0
0
VERTEX
8
Shape2DView
10
3336.361400
20
748.171984
70
0
0
VERTEX
8
Shape2DView
10
3337.711945
20
747.507385
70
0
0
VERTEX
8
Shape2DView
10
3339.119730
20
747.032671
70
0
0
VERTEX
8
Shape2DView
10
3340.565675
20
746.747843
70
0
0
VERTEX
8
Shape2DView
10
3342.030700
20
746.652900
70
0
0
VERTEX
8
Shape2DView
10
3343.495725
20
746.747843
70
0
0
VERTEX
8
Shape2DView
10
3344.941670
20
747.032671
70
0
0
VERTEX
8
Shape2DView
10
3346.349455
20
747.507385
70
0
0
VERTEX
8
Shape2DView
10
3347.700000
20
748.171984
70
0
0
VERTEX
8
Shape2DView
10
3348.950833
20
749.009291
70
0
0
VERTEX
8
Shape2DView
10
3350.065839
20
749.991112
70
0
0
VERTEX
8
Shape2DView
10
3351.035480
20
751.100923
70
0
0
VERTEX
8
Shape2DView
10
3351.850216
20
752.322200
70
0
0
VERTEX
8
Shape2DView
10
3352.500505
20
753.638420
70
0
0
VERTEX
8
Shape2DView
10
3352.976809
20
755.033059
70
0
0
VERTEX
8
Shape2DView
10
3353.269587
20
756.489594
70
0
0
VERTEX
8
Shape2DView
10
3353.369300
20
757.991500
70
0
0
VERTEX
8
Shape2DView
10
3353.369300
20
757.991500
70
0
0
SEQEND
8
Shape2DView
0
POLYLINE
8
Shape2DView
62
7
70
0
10
0.000000
20
0.000000
66
1
0
VERTEX
8
Shape2DView
10
3066.719500
20
966.254800
70
0
0
VERTEX
8
Shape2DView
10
3066.619787
20
967.756706
70
0
0
VERTEX
8
Shape2DView
10
3066.327009
20
969.213241
70
0
0
VERTEX
8
Shape2DView
10
3065.850705
20
970.607880
70
0
0
VERTEX
8
Shape2DView
10
3065.200416
20
971.924100
70
0
0
VERTEX
8
Shape2DView
10
3064.385680
20
973.145377
70
0
0
VERTEX
8
Shape2DView
10
3063.416039
20
974.255188
70
0
0
VERTEX
8
Shape2DView
10
3062.301033
20
975.237009
70
0
0
VERTEX
8
Shape2DView
10
3061.050200
20
976.074316
70
0
0
VERTEX
8
Shape2DView
10
3059.699655
20
976.738915
70
0
0
VERTEX
8
Shape2DView
10
3058.291870
20
977.213629
70
0
0
VERTEX
8
Shape2DView
10
3056.845925
20
977.498457
70
0
0
VERTEX
8
Shape2DView
10
3055.380900
20
977.593400
70
0
0
VERTEX
8
Shape2DView
10
3053.915875
20
977.498457
70
0
0
VERTEX
8
Shape2DView
10
3052.469930
20
977.213629
70
0
0
VERTEX
8
Shape2DView
10
3051.062145
20
976.738915
70
0
0
VERTEX
8
Shape2DView
10
3049.711600
20
976.074316
70
0
0
VERTEX
8
Shape2DView
10
3048.460767
20
975.237009
70
0
0
VERTEX
8
Shape2DView
10
3047.345761
20
974.255188
70
0
0
VERTEX
8
Shape2DView
10
3046.376120
20
973.145377
70
0
0
VERTEX
8
Shape2DView
10
3045.561384
20
971.924100
70
0
0
VERTEX
8
Shape2DView
10
3044.911095
20
970.607880
70
0
0
VERTEX
8
Shape2DView
10
3044.434791
20
969.213241
70
0
0
VERTEX
8
Shape2DView
10
3044.142013
20
967.756706
70
0
0
VERTEX
8
Shape2DView
10
3044.042300
20
966.254800
70
0
0
VERTEX
8
Shape2DView
10
3044.142013
20
964.752894
70
0
0
VERTEX
8
Shape2DView
10
3044.434791
20
963.296359
70
0
0
VERTEX
8
Shape2DView
10
3044.911095
20
961.901720
70
0
0
VERTEX
8
Shape2DView
10
3045.561384
20
960.585500
70
0
0
VERTEX
8
Shape2DView
10
3046.376120
20
959.364223
70
0
0
VERTEX
8
Shape2DView
10
3047.345761
20
958.254412
70
0
0
VERTEX
8
Shape2DView
10
3048.460767
20
957.272591
70
0
0
VERTEX
8
Shape2DView
10
3049.711600
20
956.435284
70
0
0
VERTEX
8
Shape2DView
10
3051.062145
20
955.770685
70
0
0
VERTEX
8
Shape2DView
10
3052.469930
20
955.295971
70
0
0
VERTEX
8
Shape2DView
10
3053.915875
20
955.011143
70
0
0
VERTEX
8
Shape2DView
10
3055.380900
20
954.916200
70
0
0
VERTEX
8
Shape2DView
10
3056.845925
20
955.011143
70
0
0
VERTEX
8
Shape2DView
10
3058.291870
20
955.295971
70
0
0
VERTEX
8
Shape2DView
10
3059.699655
20
955.770685
70
0
0
VERTEX
8
Shape2DView
10
3061.050200
20
956.435284
70
0
0
VERTEX
8
Shape2DView
10
3062.301033
20
957.272591
70
0
0
VERTEX
8
Shape2DView
10
3063.416039
20
958.254412
70
0
0
VERTEX
8
Shape2DView
10
3064.385680
20
959.364223
70
0
0
VERTEX
8
Shape2DView
10
3065.200416
20
960.585500
70
0
0
VERTEX
8
Shape2DView
10
3065.850705
20
961.901720
70
0
0
VERTEX
8
Shape2DView
10
3066.327009
20
963.296359
70
0
0
VERTEX
8
Shape2DView
10
3066.619787
20
964.752894
70
0
0
VERTEX
8
Shape2DView
10
3066.719500
20
966.254800
70
0
0
VERTEX
8
Shape2DView
10
3066.719500
20
966.254800
70
0
0
SEQEND
8
Shape2DView
0
POLYLINE
8
Shape2DView
62
7
70
0
10
0.000000
20
0.000000
66
1
0
VERTEX
8
Shape2DView
10
2571.139000
20
549.728300
70
0
0
VERTEX
8
Shape2DView
10
2570.903873
20
552.009173
70
0
0
VERTEX
8
Shape2DView
10
2570.240098
20
554.133000
70
0
0
VERTEX
8
Shape2DView
10
2569.193114
20
556.054452
70
0
0
VERTEX
8
Shape2DView
10
2567.808361
20
557.728199
70
0
0
VERTEX
8
Shape2DView
10
2566.131279
20
559.108910
70
0
0
VERTEX
8
Shape2DView
10
2564.207306
20
560.151255
70
0
0
VERTEX
8
Shape2DView
10
2562.081883
20
560.809904
70
0
0
VERTEX
8
Shape2DView
10
2559.800450
20
561.039527
70
0
0
VERTEX
8
Shape2DView
10
2557.519017
20
560.809904
70
0
0
VERTEX
8
Shape2DView
10
2555.393594
20
560.151255
70
0
0
VERTEX
8
Shape2DView
10
2553.469621
20
559.108910
70
0
0
VERTEX
8
Shape2DView
10
2551.792539
20
557.728199
70
0
0
VERTEX
8
Shape2DView
10
2550.407786
20
556.054452
70
0
0
VERTEX
8
Shape2DView
10
2549.360802
20
554.133000
70
0
0
VERTEX
8
Shape2DView
10
2548.697027
20
552.009173
70
0
0
VERTEX
8
Shape2DView
10
2548.461900
20
549.728300
70
0
0
VERTEX
8
Shape2DView
10
2548.697027
20
547.447427
70
0
0
VERTEX
8
Shape2DView
10
2549.360802
20
545.323600
70
0
0
VERTEX
8
Shape2DView
10
2550.407786
20
543.402148
70
0
0
VERTEX
8
Shape2DView
10
2551.792539
20
541.728401
70
0
0
VERTEX
8
Shape2DView
10
2553.469621
20
540.347690
70
0
0
VERTEX
8
Shape2DView
10
2555.393594
20
539.305345
70
0
0
VERTEX
8
Shape2DView
10
2557.519017
20
538.646696
70
0
0
VERTEX
8
Shape2DView
10
2559.800450
20
538.417073
70
0
0
VERTEX
8
Shape2DView
10
2562.081883
20
538.646696
70
0
0
VERTEX
8
Shape2DView
10
2564.207306
20
539.305345
70
0
0
VERTEX
8
Shape2DView
10
2566.131279
20
540.347690
70
0
0
VERTEX
8
Shape2DView
10
2567.808361
20
541.728401
70
0
0
VERTEX
8
Shape2DView
10
2569.193114
20
543.402148
70
0
0
VERTEX
8
Shape2DView
10
2570.240098
20
545.323600
70
0
0
VERTEX
8
Shape2DView
10
2570.903873
20
547.447427
70
0
0
VERTEX
8
Shape2DView
10
2571.139000
20
549.728300
70
0
0
VERTEX
8
Shape2DView
10
2571.139000
20
549.728300
70
0
0
SEQEND
8
Shape2DView
0
POLYLINE
8
Shape2DView
62
7
70
0
10
0.000000
20
0.000000
66
1
0
VERTEX
8
Shape2DView
10
3060.220900
20
142.066000
70
0
0
VERTEX
8
Shape2DView
10
3060.121187
20
143.567906
70
0
0
VERTEX
8
Shape2DView
10
3059.828409
20
145.024441
70
0
0
VERTEX
8
Shape2DView
10
3059.352105
20
146.419080
70
0
0
VERTEX
8
Shape2DView
10
3058.701816
20
147.735300
70
0
0
VERTEX
8
Shape2DView
10
3057.887080
20
148.956577
70
0
0
VERTEX
8
Shape2DView
10
3056.917439
20
150.066388
70
0
0
VERTEX
8
Shape2DView
10
3055.802433
20
151.048209
70
0
0
VERTEX
8
Shape2DView
10
3054.551600
20
151.885516
70
0
0
VERTEX
8
Shape2DView
10
3053.201055
20
152.550115
70
0
0
VERTEX
8
Shape2DView
10
3051.793270
20
153.024829
70
0
0
VERTEX
8
Shape2DView
10
3050.347325
20
153.309657
70
0
0
VERTEX
8
Shape2DView
10
3048.882300
20
153.404600
70
0
0
VERTEX
8
Shape2DView
10
3047.417275
20
153.309657
70
0
0
VERTEX
8
Shape2DView
10
3045.971330
20
153.024829
70
0
0
VERTEX
8
Shape2DView
10
3044.563545
20
152.550115
70
0
0
VERTEX
8
Shape2DView
10
3043.213000
20
151.885516
70
0
0
VERTEX
8
Shape2DView
10
3041.962167
20
151.048209
70
0
0
VERTEX
8
Shape2DView
10
3040.847161
20
150.066388
70
0
0
VERTEX
8
Shape2DView
10
3039.877520
20
148.956577
70
0
0
VERTEX
8
Shape2DView
10
3039.062784
20
147.735300
70
0
0
VERTEX
8
Shape2DView
10
3038.412495
20
146.419080
70
0
0
VERTEX
8
Shape2DView
10
3037.936191
20
145.024441
70
0
0
VERTEX
8
Shape2DView
10
3037.643413
20
143.567906
70
0
0
VERTEX
8
Shape2DView
10
3037.543700
20
142.066000
70
0
0
VERTEX
8
Shape2DView
10
3037.643413
20
140.564094
70
0
0
VERTEX
8
Shape2DView
10
3037.936191
20
139.107559
70
0
0
VERTEX
8
Shape2DView
10
3038.412495
20
137.712920
70
0
0
VERTEX
8
Shape2DView
10
3039.062784
20
136.396700
70
0
0
VERTEX
8
Shape2DView
10
3039.877520
20
135.175423
70
0
0
VERTEX
8
Shape2DView
10
3040.847161
20
134.065612
70
0
0
VERTEX
8
Shape2DView
10
3041.962167
20
133.083791
70
0
0
VERTEX
8
Shape2DView
10
3043.213000
20
132.246484
70
0
0
VERTEX
8
Shape2DView
10
3044.563545
20
131.581885
70
0
0
VERTEX
8
Shape2DView
10
3045.971330
20
131.107171
70
0
0
VERTEX
8
Shape2DView
10
3047.417275
20
130.822343
70
0
0
VERTEX
8
Shape2DView
10
3048.882300
20
130.727400
70
0
0
VERTEX
8
Shape2DView
10
3050.347325
20
130.822343
70
0
0
VERTEX
8
Shape2DView
10
3051.793270
20
131.107171
70
0
0
VERTEX
8
Shape2DView
10
3053.201055
20
131.581885
70
0
0
VERTEX
8
Shape2DView
10
3054.551600
20
132.246484
70
0
0
VERTEX
8
Shape2DView
10
3055.802433
20
133.083791
70
0
0
VERTEX
8
Shape2DView
10
3056.917439
20
134.065612
70
0
0
VERTEX
8
Shape2DView
10
3057.887080
20
135.175423
70
0
0
VERTEX
8
Shape2DView
10
3058.701816
20
136.396700
70
0
0
VERTEX
8
Shape2DView
10
3059.352105
20
137.712920
70
0
0
VERTEX
8
Shape2DView
10
3059.828409
20
139.107559
70
0
0
VERTEX
8
Shape2DView
10
3060.121187
20
140.564094
70
0
0
VERTEX
8
Shape2DView
10
3060.220900
20
142.066000
70
0
0
VERTEX
8
Shape2DView
10
3060.220900
20
142.066000
70
0
0
SEQEND
8
Shape2DView
0
POLYLINE
8
Shape2DView
62
7
70
0
10
0.000000
20
0.000000
66
1
0
VERTEX
8
Shape2DView
10
3034.017200
20
1066.902000
70
0
0
VERTEX
8
Shape2DView
10
3033.917487
20
1068.403906
70
0
0
VERTEX
8
Shape2DView
10
3033.624709
20
1069.860441
70
0
0
VERTEX
8
Shape2DView
10
3033.148405
20
1071.255080
70
0
0
VERTEX
8
Shape2DView
10
3032.498116
20
1072.571300
70
0
0
VERTEX
8
Shape2DView
10
3031.683380
20
1073.792577
70
0
0
VERTEX
8
Shape2DView
10
3030.713739
20
1074.902388
70
0
0
VERTEX
8
Shape2DView
10
3029.598733
20
1075.884209
70
0
0
VERTEX
8
Shape2DView
10
3028.347900
20
1076.721516
70
0
0
VERTEX
8
Shape2DView
10
3026.997355
20
1077.386115
70
0
0
VERTEX
8
Shape2DView
10
3025.589570
20
1077.860829
70
0
0
VERTEX
8
Shape2DView
10
3024.143625
20
1078.145657
70
0
0
VERTEX
8
Shape2DView
10
3022.678600
20
1078.240600
70
0
0
VERTEX
8
Shape2DView
10
3021.213575
20
1078.145657
70
0
0
VERTEX
8
Shape2DView
10
3019.767630
20
1077.860829
70
0
0
VERTEX
8
Shape2DView
10
3018.359845
20
1077.386115
70
0
0
VERTEX
8
Shape2DView
10
3017.009300
20
1076.721516
70
0
0
VERTEX
8
Shape2DView
10
3015.758467
20
1075.884209
70
0
0
VERTEX
8
Shape2DView
10
3014.643461
20
1074.902388
70
0
0
VERTEX
8
Shape2DView
10
3013.673820
20
1073.792577
70
0
0
VERTEX
8
Shape2DView
10
3012.859084
20
1072.571300
70
0
0
VERTEX
8
Shape2DView
10
3012.208795
20
1071.255080
70
0
0
VERTEX
8
Shape2DView
10
3011.732491
20
1069.860441
70
0
0
VERTEX
8
Shape2DView
10
3011.439713
20
1068.403906
70
0
0
VERTEX
8
Shape2DView
10
3011.340000
20
1066.902000
70
0
0
VERTEX
8
Shape2DView
10
3011.439713
20
1065.400094
70
0
0
VERTEX
8
Shape2DView
10
3011.732491
20
1063.943559
70
0
0
VERTEX
8
Shape2DView
10
3012.208795
20
1062.548920
70
0
0
VERTEX
8
Shape2DView
10
3012.859084
20
1061.232700
70
0
0
VERTEX
8
Shape2DView
10
3013.673820
20
1060.011423
70
0
0
VERTEX
8
Shape2DView
10
3014.643461
20
1058.901612
70
0
0
VERTEX
8
Shape2DView
10
3015.758467
20
1057.919791
70
0
0
VERTEX
8
Shape2DView
10
3017.009300
20
1057.082484
70
0
0
VERTEX
8
Shape2DView
10
3018.359845
20
1056.417885
70
0
0
VERTEX
8
Shape2DView
10
3019.767630
20
1055.943171
70
0
0
VERTEX
8
Shape2DView
10
3021.213575
20
1055.658343
70
0
0
VERTEX
8
Shape2DView
10
3022.678600
20
1055.563400
70
0
0
VERTEX
8
Shape2DView
10
3024.143625
20
1055.658343
70
0
0
VERTEX
8
Shape2DView
10
3025.589570
20
1055.943171
70
0
0
VERTEX
8
Shape2DView
10
3026.997355
20
1056.417885
70
0
0
VERTEX
8
Shape2DView
10
3028.347900
20
1057.082484
70
0
0
VERTEX
8
Shape2DView
10
3029.598733
20
1057.919791
70
0
0
VERTEX
8
Shape2DView
10
3030.713739
20
1058.901612
70
0
0
VERTEX
8
Shape2DView
10
3031.683380
20
1060.011423
70
0
0
VERTEX
8
Shape2DView
10
3032.498116
20
1061.232700
70
0
0
VERTEX
8
Shape2DView
10
3033.148405
20
1062.548920
70
0
0
VERTEX
8
Shape2DView
10
3033.624709
20
1063.943559
70
0
0
VERTEX
8
Shape2DView
10
3033.917487
20
1065.400094
70
0
0
VERTEX
8
Shape2DView
10
3034.017200
20
1066.902000
70
0
0
VERTEX
8
Shape2DView
10
3034.017200
20
1066.902000
70
0
0
SEQEND
8
Shape2DView
0
POLYLINE
8
Shape2DView
62
7
70
0
10
0.000000
20
0.000000
66
1
0
VERTEX
8
Shape2DView
10
3143.507700
20
1403.879100
70
0
0
VERTEX
8
Shape2DView
10
3143.407987
20
1405.381006
70
0
0
VERTEX
8
Shape2DView
10
3143.115209
20
1406.837541
70
0
0
VERTEX
8
Shape2DView
10
3142.638905
20
1408.232180
70
0
0
VERTEX
8
Shape2DView
10
3141.988616
20
1409.548400
70
0
0
VERTEX
8
Shape2DView
10
3141.173880
20
1410.769677
70
0
0
VERTEX
8
Shape2DView
10
3140.204239
20
1411.879488
70
0
0
VERTEX
8
Shape2DView
10
3139.089233
20
1412.861309
70
0
0
VERTEX
8
Shape2DView
10
3137.838400
20
1413.698616
70
0
0
VERTEX
8
Shape2DView
10
3136.487855
20
1414.363215
70
0
0
VERTEX
8
Shape2DView
10
3135.080070
20
1414.837929
70
0
0
VERTEX
8
Shape2DView
10
3133.634125
20
1415.122757
70
0
0
VERTEX
8
Shape2DView
10
3132.169100
20
1415.217700
70
0
0
VERTEX
8
Shape2DView
10
3130.704075
20
1415.122757
70
0
0
VERTEX
8
Shape2DView
10
3129.258130
20
1414.837929
70
0
0
VERTEX
8
Shape2DView
10
3127.850345
20
1414.363215
70
0
0
VERTEX
8
Shape2DView
10
3126.499800
20
1413.698616
70
0
0
VERTEX
8
Shape2DView
10
3125.248967
20
1412.861309
70
0
0
VERTEX
8
Shape2DView
10
3124.133961
20
1411.879488
70
0
0
VERTEX
8
Shape2DView
10
3123.164320
20
1410.769677
70
0
0
VERTEX
8
Shape2DView
10
3122.349584
20
1409.548400
70
0
0
VERTEX
8
Shape2DView
10
3121.699295
20
1408.232180
70
0
0
VERTEX
8
Shape2DView
10
3121.222991
20
1406.837541
70
0
0
VERTEX
8
Shape2DView
10
3120.930213
20
1405.381006
70
0
0
VERTEX
8
Shape2DView
10
3120.830500
20
1403.879100
70
0
0
VERTEX
8
Shape2DView
10
3120.930213
20
1402.377194
70
0
0
VERTEX
8
Shape2DView
10
3121.222991
20
1400.920659
70
0
0
VERTEX
8
Shape2DView
10
3121.699295
20
1399.526020
70
0
0
VERTEX
8
Shape2DView
10
3122.349584
20
1398.209800
70
0
0
VERTEX
8
Shape2DView
10
3123.164320
20
1396.988523
70
0
0
VERTEX
8
Shape2DView
10
3124.133961
20
1395.878712
70
0
0
VERTEX
8
Shape2DView
10
3125.248967
20
1394.896891
70
0
0
VERTEX
8
Shape2DView
10
3126.499800
20
1394.059584
70
0
0
VERTEX
8
Shape2DView
10
3127.850345
20
1393.394985
70
0
0
VERTEX
8
Shape2DView
10
3129.258130
20
1392.920271
70
0
0
VERTEX
8
Shape2DView
10
3130.704075
20
1392.635443
70
0
0
VERTEX
8
Shape2DView
10
3132.169100
20
1392.540500
70
0
0
VERTEX
8
Shape2DView
10
3133.634125
20
1392.635443
70
0
0
VERTEX
8
Shape2DView
10
3135.080070
20
1392.920271
70
0
0
VERTEX
8
Shape2DView
10
3136.487855
20
1393.394985
70
0
0
VERTEX
8
Shape2DView
10
3137.838400
20
1394.059584
70
0
0
VERTEX
8
Shape2DView
10
3139.089233
20
1394.896891
70
0
0
VERTEX
8
Shape2DView
10
3140.204239
20
1395.878712
70
0
0
VERTEX
8
Shape2DView
10
3141.173880
20
1396.988523
70
0
0
VERTEX
8
Shape2DView
10
3141.988616
20
1398.209800
70
0
0
VERTEX
8
Shape2DView
10
3142.638905
20
1399.526020
70
0
0
VERTEX
8
Shape2DView
10
3143.115209
20
1400.920659
70
0
0
VERTEX
8
Shape2DView
10
3143.407987
20
1402.377194
70
0
0
VERTEX
8
Shape2DView
10
3143.507700
20
1403.879100
70
0
0
VERTEX
8
Shape2DView
10
3143.507700
20
1403.879100
70
0
0
SEQEND
8
Shape2DView
0
POLYLINE
8
Shape2DView
62
7
70
0
10
0.000000
20
0.000000
66
1
0
VERTEX
8
Shape2DView
10
2594.224700
20
1746.490400
70
0
0
VERTEX
8
Shape2DView
10
2593.989573
20
1748.771273
70
0
0
VERTEX
8
Shape2DView
10
2593.325798
20
1750.895100
70
0
0
VERTEX
8
Shape2DView
10
2592.278814
20
1752.816552
70
0
0
VERTEX
8
Shape2DView
10
2590.894061
20
1754.490299
70
0
0
VERTEX
8
Shape2DView
10
2589.216979
20
1755.871010
70
0
0
VERTEX
8
Shape2DView
10
2587.293006
20
1756.913355
70
0
0
VERTEX
8
Shape2DView
10
2585.167583
20
1757.572004
70
0
0
VERTEX
8
Shape2DView
10
2582.886150
20
1757.801627
70
0
0
VERTEX
8
Shape2DView
10
2580.604717
20
1757.572004
70
0
0
VERTEX
8
Shape2DView
10
2578.479294
20
1756.913355
70
0
0
VERTEX
8
Shape2DView
10
2576.555321
20
1755.871010
70
0
0
VERTEX
8
Shape2DView
10
2574.878239
20
1754.490299
70
0
0
VERTEX
8
Shape2DView
10
2573.493486
20
1752.816552
70
0
0
VERTEX
8
Shape2DView
10
2572.446502
20
1750.895100
70
0
0
VERTEX
8
Shape2DView
10
2571.782727
20
1748.771273
70
0
0
VERTEX
8
Shape2DView
10
2571.547600
20
1746.490400
70
0
0
VERTEX
8
Shape2DView
10
2571.782727
20
1744.209527
70
0
0
VERTEX
8
Shape2DView
10
2572.446502
20
1742.085700
70
0
0
VERTEX
8
Shape2DView
10
2573.493486
20
1740.164248
70
0
0
VERTEX
8
Shape2DView
10
2574.878239
20
1738.490501
70
0
0
VERTEX
8
Shape2DView
10
2576.555321
20
1737.109790
70
0
0
VERTEX
8
Shape2DView
10
2578.479294
20
1736.067445
70
0
0
VERTEX
8
Shape2DView
10
2580.604717
20
1735.408796
70
0
0
VERTEX
8
Shape2DView
10
2582.886150
20
1735.179173
70
0
0
VERTEX
8
Shape2DView
10
2585.167583
20
1735.408796
70
0
0
VERTEX
8
Shape2DView
10
2587.293006
20
1736.067445
70
0
0
VERTEX
8
Shape2DView
10
2589.216979
20
1737.109790
70
0
0
VERTEX
8
Shape2DView
10
2590.894061
20
1738.490501
70
0
0
VERTEX
8
Shape2DView
10
2592.278814
20
1740.164248
70
0
0
VERTEX
8
Shape2DView
10
2593.325798
20
1742.085700
70
0
0
VERTEX
8
Shape2DView
10
2593.989573
20
1744.209527
70
0
0
VERTEX
8
Shape2DView
10
2594.224700
20
1746.490400
70
0
0
VERTEX
8
Shape2DView
10
2594.224700
20
1746.490400
70
0
0
SEQEND
8
Shape2DView
0
POLYLINE
8
Shape2DView
62
7
70
0
10
0.000000
20
0.000000
66
1
0
VERTEX
8
Shape2DView
10
2357.649400
20
1155.371200
70
0
0
VERTEX
8
Shape2DView
10
2357.549687
20
1156.873106
70
0
0
VERTEX
8
Shape2DView
10
2357.256909
20
1158.329641
70
0
0
VERTEX
8
Shape2DView
10
2356.780605
20
1159.724280
70
0
0
VERTEX
8
Shape2DView
10
2356.130316
20
1161.040500
70
0
0
VERTEX
8
Shape2DView
10
2355.315580
20
1162.261777
70
0
0
VERTEX
8
Shape2DView
10
2354.345939
20
1163.371588
70
0
0
VERTEX
8
Shape2DView
10
2353.230933
20
1164.353409
70
0
0
VERTEX
8
Shape2DView
10
2351.980100
20
1165.190716
70
0
0
VERTEX
8
Shape2DView
10
2350.629555
20
1165.855315
70
0
0
VERTEX
8
Shape2DView
10
2349.221770
20
1166.330029
70
0
0
VERTEX
8
Shape2DView
10
2347.775825
20
1166.614857
70
0
0
VERTEX
8
Shape2DView
10
2346.310800
20
1166.709800
70
0
0
VERTEX
8
Shape2DView
10
2344.845775
20
1166.614857
70
0
0
VERTEX
8
Shape2DView
10
2343.399830
20
1166.330029
70
0
0
VERTEX
8
Shape2DView
10
2341.992045
20
1165.855315
70
0
0
VERTEX
8
Shape2DView
10
2340.641500
20
1165.190716
70
0
0
VERTEX
8
Shape2DView
10
2339.390667
20
1164.353409
70
0
0
VERTEX
8
Shape2DView
10
2338.275661
20
1163.371588
70
0
0
VERTEX
8
Shape2DView
10
2337.306020
20
1162.261777
70
0
0
VERTEX
8
Shape2DView
10
2336.491284
20
1161.040500
70
0
0
VERTEX
8
Shape2DView
10
2335.840995
20
1159.724280
70
0
0
VERTEX
8
Shape2DView
10
2335.364691
20
1158.329641
70
0
0
VERTEX
8
Shape2DView
10
2335.071913
20
1156.873106
70
0
0
VERTEX
8
Shape2DView
10
2334.972200
20
1155.371200
70
0
0
VERTEX
8
Shape2DView
10
2335.071913
20
1153.869294
70
0
0
VERTEX
8
Shape2DView
10
2335.364691
20
1152.412759
70
0
0
VERTEX
8
Shape2DView
10
2335.840995
20
1151.018120
70
0
0
VERTEX
8
Shape2DView
10
2336.491284
20
1149.701900
70
0
0
VERTEX
8
Shape2DView
10
2337.306020
20
1148.480623
70
0
0
VERTEX
8
Shape2DView
10
2338.275661
20
1147.370812
70
0
0
VERTEX
8
Shape2DView
10
2339.390667
20
1146.388991
70
0
0
VERTEX
8
Shape2DView
10
2340.641500
20
1145.551684
70
0
0
VERTEX
8
Shape2DView
10
2341.992045
20
1144.887085
70
0
0
VERTEX
8
Shape2DView
10
2343.399830
20
1144.412371
70
0
0
VERTEX
8
Shape2DView
10
2344.845775
20
1144.127543
70
0
0
VERTEX
8
Shape2DView
10
2346.310800
20
1144.032600
70
0
0
VERTEX
8
Shape2DView
10
2347.775825
20
1144.127543
70
0
0
VERTEX
8
Shape2DView
10
2349.221770
20
1144.412371
70
0
0
VERTEX
8
Shape2DView
10
2350.629555
20
1144.887085
70
0
0
VERTEX
8
Shape2DView
10
2351.980100
20
1145.551684
70
0
0
VERTEX
8
Shape2DView
10
2353.230933
20
1146.388991
70
0
0
VERTEX
8
Shape2DView
10
2354.345939
20
1147.370812
70
0
0
VERTEX
8
Shape2DView
10
2355.315580
20
1148.480623
70
0
0
VERTEX
8
Shape2DView
10
2356.130316
20
1149.701900
70
0
0
VERTEX
8
Shape2DView
10
2356.780605
20
1151.018120
70
0
0
VERTEX
8
Shape2DView
10
2357.256909
20
1152.412759
70
0
0
VERTEX
8
Shape2DView
10
2357.549687
20
1153.869294
70
0
0
VERTEX
8
Shape2DView
10
2357.649400
20
1155.371200
70
0
0
VERTEX
8
Shape2DView
10
2357.649400
20
1155.371200
70
0
0
SEQEND
8
Shape2DView
0
POLYLINE
8
Shape2DView
62
7
70
0
10
0.000000
20
0.000000
66
1
0
VERTEX
8
Shape2DView
10
3459.196000
20
757.991500
70
0
0
VERTEX
8
Shape2DView
10
3458.960873
20
760.272373
70
0
0
VERTEX
8
Shape2DView
10
3458.297098
20
762.396200
70
0
0
VERTEX
8
Shape2DView
10
3457.250114
20
764.317652
70
0
0
VERTEX
8
Shape2DView
10
3455.865361
20
765.991399
70
0
0
VERTEX
8
Shape2DView
10
3454.188279
20
767.372110
70
0
0
VERTEX
8
Shape2DView
10
3452.264306
20
768.414455
70
0
0
VERTEX
8
Shape2DView
10
3450.138883
20
769.073104
70
0
0
VERTEX
8
Shape2DView
10
3447.857450
20
769.302727
70
0
0
VERTEX
8
Shape2DView
10
3445.576017
20
769.073104
70
0
0
VERTEX
8
Shape2DView
10
3443.450594
20
768.414455
70
0
0
VERTEX
8
Shape2DView
10
3441.526621
20
767.372110
70
0
0
VERTEX
8
Shape2DView
10
3439.849539
20
765.991399
70
0
0
VERTEX
8
Shape2DView
10
3438.464786
20
764.317652
70
0
0
VERTEX
8
Shape2DView
10
3437.417802
20
762.396200
70
0
0
VERTEX
8
Shape2DView
10
3436.754027
20
760.272373
70
0
0
VERTEX
8
Shape2DView
10
3436.518900
20
757.991500
70
0
0
VERTEX
8
Shape2DView
10
3436.754027
20
755.710627
70
0
0
VERTEX
8
Shape2DView
10
3437.417802
20
753.586800
70
0
0
VERTEX
8
Shape2DView
10
3438.464786
20
751.665348
70
0
0
VERTEX
8
Shape2DView
10
3439.849539
20
749.991601
70
0
0
VERTEX
8
Shape2DView
10
3441.526621
20
748.610890
70
0
0
VERTEX
8
Shape2DView
10
3443.450594
20
747.568545
70
0
0
VERTEX
8
Shape2DView
10
3445.576017
20
746.909896
70
0
0
VERTEX
8
Shape2DView
10
3447.857450
20
746.680273
70
0
0
VERTEX
8
Shape2DView
10
3450.138883
20
746.909896
70
0
0
VERTEX
8
Shape2DView
10
3452.264306
20
747.568545
70
0
0
VERTEX
8
Shape2DView
10
3454.188279
20
748.610890
70
0
0
VERTEX
8
Shape2DView
10
3455.865361
20
749.991601
70
0
0
VERTEX
8
Shape2DView
10
3457.250114
20
751.665348
70
0
0
VERTEX
8
Shape2DView
10
3458.297098
20
753.586800
70
0
0
VERTEX
8
Shape2DView
10
3458.960873
20
755.710627
70
0
0
VERTEX
8
Shape2DView
10
3459.196000
20
757.991500
70
0
0
VERTEX
8
Shape2DView
10
3459.196000
20
757.991500
70
0
0
SEQEND
8
Shape2DView
0
POLYLINE
8
Shape2DView
62
7
70
0
10
0.000000
20
0.000000
66
1
0
VERTEX
8
Shape2DView
10
3737.259600
20
67.511500
70
0
0
VERTEX
8
Shape2DView
10
3728.076126
20
74.508261
70
0
0
VERTEX
8
Shape2DView
10
3718.749935
20
81.271575
70
0
0
VERTEX
8
Shape2DView
10
3709.285530
20
87.800106
70
0
0
VERTEX
8
Shape2DView
10
3699.687418
20
94.092518
70
0
0
VERTEX
8
Shape2DView
10
3689.960102
20
100.147476
70
0
0
VERTEX
8
Shape2DView
10
3680.108088
20
105.963644
70
0
0
VERTEX
8
Shape2DView
10
3670.135880
20
111.539688
70
0
0
VERTEX
8
Shape2DView
10
3660.047983
20
116.874271
70
0
0
VERTEX
8
Shape2DView
10
3649.848902
20
121.966058
70
0
0
VERTEX
8
Shape2DView
10
3639.543141
20
126.813714
70
0
0
VERTEX
8
Shape2DView
10
3629.135205
20
131.415903
70
0
0
VERTEX
8
Shape2DView
10
3618.629599
20
135.771290
70
0
0
VERTEX
8
Shape2DView
10
3608.030828
20
139.878538
70
0
0
VERTEX
8
Shape2DView
10
3597.343397
20
143.736314
70
0
0
VERTEX
8
Shape2DView
10
3586.571810
20
147.343281
70
0
0
VERTEX
8
Shape2DView
10
3575.720571
20
150.698103
70
0
0
VERTEX
8
Shape2DView
10
3564.794187
20
153.799446
70
0
0
VERTEX
8
Shape2DView
10
3553.797161
20
156.645974
70
0
0
VERTEX
8
Shape2DView
10
3542.733998
20
159.236350
70
0
0
VERTEX
8
Shape2DView
10
3531.609203
20
161.569241
70
0
0
VERTEX
8
Shape2DView
10
3520.427281
20
163.643310
70
0
0
VERTEX
8
Shape2DView
10
3509.192736
20
165.457222
70
0
0
VERTEX
8
Shape2DView
10
3497.910074
20
167.009642
70
0
0
VERTEX
8
Shape2DView
10
3486.583799
20
168.299234
70
0
0
VERTEX
8
Shape2DView
10
3475.218415
20
169.324662
70
0
0
VERTEX
8
Shape2DView
10
3463.818428
20
170.084591
70
0
0
VERTEX
8
Shape2DView
10
3452.388343
20
170.577685
70
0
0
VERTEX
8
Shape2DView
10
3440.932663
20
170.802610
70
0
0
VERTEX
8
Shape2DView
10
3429.455894
20
170.758029
70
0
0
VERTEX
8
Shape2DView
10
3417.962541
20
170.442608
70
0
0
VERTEX
8
Shape2DView
10
3406.457108
20
169.855010
70
0
0
VERTEX
8
Shape2DView
10
3394.944100
20
168.993900
70
0
0
SEQEND
8
Shape2DView
0
POLYLINE
8
Shape2DView
62
7
70
0
10
0.000000
20
0.000000
66
1
0
VERTEX
8
Shape2DView
10
4301.598300
20
410.465000
70
0
0
VERTEX
8
Shape2DView
10
4290.342803
20
416.608486
70
0
0
VERTEX
8
Shape2DView
10
4278.937598
20
422.342679
70
0
0
VERTEX
8
Shape2DView
10
4267.393067
20
427.667734
70
0
0
VERTEX
8
Shape2DView
10
4255.719590
20
432.583803
70
0
0
VERTEX
8
Shape2DView
10
4243.927550
20
437.091040
70
0
0
VERTEX
8
Shape2DView
10
4232.027328
20
441.189599
70
0
0
VERTEX
8
Shape2DView
10
4220.029304
20
444.879632
70
0
0
VERTEX
8
Shape2DView
10
4207.943860
20
448.161293
70
0
0
VERTEX
8
Shape2DView
10
4195.781378
20
451.034735
70
0
0
VERTEX
8
Shape2DView
10
4183.552239
20
453.500112
70
0
0
VERTEX
8
Shape2DView
10
4171.266824
20
455.557577
70
0
0
VERTEX
8
Shape2DView
10
4158.935515
20
457.207284
70
0
0
VERTEX
8
Shape2DView
10
4146.568692
20
458.449385
70
0
0
VERTEX
8
Shape2DView
10
4134.176737
20
459.284035
70
0
0
VERTEX
8
Shape2DView
10
4121.770032
20
459.711385
70
0
0
VERTEX
8
Shape2DView
10
4109.358957
20
459.731591
70
0
0
VERTEX
8
Shape2DView
10
4096.953895
20
459.344805
70
0
0
VERTEX
8
Shape2DView
10
4084.565225
20
458.551180
70
0
0
VERTEX
8
Shape2DView
10
4072.203331
20
457.350870
70
0
0
VERTEX
8
Shape2DView
10
4059.878592
20
455.744028
70
0
0
VERTEX
8
Shape2DView
10
4047.601391
20
453.730808
70
0
0
VERTEX
8
Shape2DView
10
4035.382108
20
451.311363
70
0
0
VERTEX
8
Shape2DView
10
4023.231125
20
448.485846
70
0
0
VERTEX
8
Shape2DView
10
4011.158824
20
445.254411
70
0
0
VERTEX
8
Shape2DView
10
3999.175585
20
441.617210
70
0
0
VERTEX
8
Shape2DView
10
3987.291790
20
437.574398
70
0
0
VERTEX
8
Shape2DView
10
3975.517820
20
433.126128
70
0
0
VERTEX
8
Shape2DView
10
3963.864056
20
428.272552
70
0
0
VERTEX
8
Shape2DView
10
3952.340881
20
423.013825
70
0
0
VERTEX
8
Shape2DView
10
3940.958674
20
417.350100
70
0
0
VERTEX
8
Shape2DView
10
3929.727818
20
411.281529
70
0
0
VERTEX
8
Shape2DView
10
3918.658694
20
404.808267
70
0
0
VERTEX
8
Shape2DView
10
3907.814615
20
397.964687
70
0
0
VERTEX
8
Shape2DView
10
3897.255255
20
390.791154
70
0
0
VERTEX
8
Shape2DView
10
3886.985529
20
383.296813
70
0
0
VERTEX
8
Shape2DView
10
3877.010356
20
375.490809
70
0
0
VERTEX
8
Shape2DView
10
3867.334653
20
367.382283
70
0
0
VERTEX
8
Shape2DView
10
3857.963339
20
358.980382
70
0
0
VERTEX
8
Shape2DView
10
3848.901331
20
350.294248
70
0
0
VERTEX
8
Shape2DView
10
3840.153545
20
341.333027
70
0
0
VERTEX
8
Shape2DView
10
3831.724901
20
332.105860
70
0
0
VERTEX
8
Shape2DView
10
3823.620316
20
322.621894
70
0
0
VERTEX
8
Shape2DView
10
3815.844707
20
312.890270
70
0
0
VERTEX
8
Shape2DView
10
3808.402992
20
302.920135
70
0
0
VERTEX
8
Shape2DView
10
3801.300088
20
292.720631
70
0
0
VERTEX
8
Shape2DView
10
3794.540914
20
282.300902
70
0
0
VERTEX
8
Shape2DView
10
3788.130387
20
271.670093
70
0
0
VERTEX
8
Shape2DView
10
3782.073424
20
260.837347
70
0
0
VERTEX
8
Shape2DView
10
3776.374943
20
249.811808
70
0
0
VERTEX
8
Shape2DView
10
3771.039863
20
238.602621
70
0
0
VERTEX
8
Shape2DView
10
3766.073100
20
227.218929
70
0
0
VERTEX
8
Shape2DView
10
3761.479572
20
215.669876
70
0
0
VERTEX
8
Shape2DView
10
3757.264196
20
203.964606
70
0
0
VERTEX
8
Shape2DView
10
3753.431892
20
192.112264
70
0
0
VERTEX
8
Shape2DView
10
3749.987575
20
180.121992
70
0
0
VERTEX
8
Shape2DView
10
3746.936164
20
168.002936
70
0
0
VERTEX
8
Shape2DView
10
3744.282576
20
155.764238
70
0
0
VERTEX
8
Shape2DView
10
3742.031730
20
143.415044
70
0
0
VERTEX
8
Shape2DView
10
3740.188542
20
130.964496
70
0
0
VERTEX
8
Shape2DView
10
3738.757930
20
118.421739
70
0
0
VERTEX
8
Shape2DView
10
3737.744813
20
105.795917
70
0
0
VERTEX
8
Shape2DView
10
3737.154107
20
93.096174
70
0
0
VERTEX
8
Shape2DView
10
3736.990730
20
80.331654
70
0
0
VERTEX
8
Shape2DView
10
3737.259600
20
67.511500
70
0
0
SEQEND
8
Shape2DView
0
POLYLINE
8
Shape2DView
62
7
70
0
10
0.000000
20
0.000000
66
1
0
VERTEX
8
Shape2DView
10
4311.028400
20
834.568100
70
0
0
VERTEX
8
Shape2DView
10
4306.964570
20
821.658947
70
0
0
VERTEX
8
Shape2DView
10
4303.143164
20
808.694031
70
0
0
VERTEX
8
Shape2DView
10
4299.564257
20
795.676708
70
0
0
VERTEX
8
Shape2DView
10
4296.227923
20
782.610335
70
0
0
VERTEX
8
Shape2DView
10
4293.134237
20
769.498268
70
0
0
VERTEX
8
Shape2DView
10
4290.283273
20
756.343863
70
0
0
VERTEX
8
Shape2DView
10
4287.675106
20
743.150478
70
0
0
VERTEX
8
Shape2DView
10
4285.309812
20
729.921468
70
0
0
VERTEX
8
Shape2DView
10
4283.187463
20
716.660191
70
0
0
VERTEX
8
Shape2DView
10
4281.308135
20
703.370003
70
0
0
VERTEX
8
Shape2DView
10
4279.671903
20
690.054260
70
0
0
VERTEX
8
Shape2DView
10
4278.278842
20
676.716319
70
0
0
VERTEX
8
Shape2DView
10
4277.129025
20
663.359537
70
0
0
VERTEX
8
Shape2DView
10
4276.222528
20
649.987269
70
0
0
VERTEX
8
Shape2DView
10
4275.559425
20
636.602874
70
0
0
VERTEX
8
Shape2DView
10
4275.139790
20
623.209706
70
0
0
VERTEX
8
Shape2DView
10
4274.963699
20
609.811124
70
0
0
VERTEX
8
Shape2DView
10
4275.031227
20
596.410482
70
0
0
VERTEX
8
Shape2DView
10
4275.342447
20
583.011139
70
0
0
VERTEX
8
Shape2DView
10
4275.897434
20
569.616449
70
0
0
VERTEX
8
Shape2DView
10
4276.696263
20
556.229771
70
0
0
VERTEX
8
Shape2DView
10
4277.739009
20
542.854460
70
0
0
VERTEX
8
Shape2DView
10
4279.025746
20
529.493873
70
0
0
VERTEX
8
Shape2DView
10
4280.556549
20
516.151366
70
0
0
VERTEX
8
Shape2DView
10
4282.331492
20
502.830297
70
0
0
VERTEX
8
Shape2DView
10
4284.350651
20
489.534021
70
0
0
VERTEX
8
Shape2DView
10
4286.614099
20
476.265896
70
0
0
VERTEX
8
Shape2DView
10
4289.121912
20
463.029277
70
0
0
VERTEX
8
Shape2DView
10
4291.874164
20
449.827522
70
0
0
VERTEX
8
Shape2DView
10
4294.870929
20
436.663986
70
0
0
VERTEX
8
Shape2DView
10
4298.112283
20
423.542026
70
0
0
VERTEX
8
Shape2DView
10
4301.598300
20
410.465000
70
0
0
SEQEND
8
Shape2DView
0
POLYLINE
8
Shape2DView
62
7
70
0
10
0.000000
20
0.000000
66
1
0
VERTEX
8
Shape2DView
10
2488.125600
20
477.646900
70
0
0
VERTEX
8
Shape2DView
10
2491.942067
20
488.543022
70
0
0
VERTEX
8
Shape2DView
10
2495.492410
20
499.502736
70
0
0
VERTEX
8
Shape2DView
10
2498.776750
20
510.521347
70
0
0
VERTEX
8
Shape2DView
10
2501.795211
20
521.594158
70
0
0
VERTEX
8
Shape2DView
10
2504.547913
20
532.716470
70
0
0
VERTEX
8
Shape2DView
10
2507.034979
20
543.883588
70
0
0
VERTEX
8
Shape2DView
10
2509.256531
20
555.090815
70
0
0
VERTEX
8
Shape2DView
10
2511.212690
20
566.333452
70
0
0
VERTEX
8
Shape2DView
10
2512.903578
20
577.606805
70
0
0
VERTEX
8
Shape2DView
10
2514.329318
20
588.906175
70
0
0
VERTEX
8
Shape2DView
10
2515.490031
20
600.226865
70
0
0
VERTEX
8
Shape2DView
10
2516.385840
20
611.564179
70
0
0
VERTEX
8
Shape2DView
10
2517.016866
20
622.913420
70
0
0
VERTEX
8
Shape2DView
10
2517.383231
20
634.269891
70
0
0
VERTEX
8
Shape2DView
10
2517.485057
20
645.628894
70
0
0
VERTEX
8
Shape2DView
10
2517.322466
20
656.985733
70
0
0
VERTEX
8
Shape2DView
10
2516.895580
20
668.335710
70
0
0
VERTEX
8
Shape2DView
10
2516.204521
20
679.674130
70
0
0
VERTEX
8
Shape2DView
10
2515.249410
20
690.996294
70
0
0
VERTEX
8
Shape2DView
10
2514.030371
20
702.297507
70
0
0
VERTEX
8
Shape2DView
10
2512.547524
20
713.573070
70
0
0
VERTEX
8
Shape2DView
10
2510.800992
20
724.818288
70
0
0
VERTEX
8
Shape2DView
10
2508.790896
20
736.028462
70
0
0
VERTEX
8
Shape2DView
10
2506.517359
20
747.198896
70
0
0
VERTEX
8
Shape2DView
10
2503.980502
20
758.324894
70
0
0
VERTEX
8
Shape2DView
10
2501.180448
20
769.401758
70
0
0
VERTEX
8
Shape2DView
10
2498.117318
20
780.424791
70
0
0
VERTEX
8
Shape2DView
10
2494.791234
20
791.389296
70
0
0
VERTEX
8
Shape2DView
10
2491.202318
20
802.290576
70
0
0
VERTEX
8
Shape2DView
10
2487.350693
20
813.123935
70
0
0
VERTEX
8
Shape2DView
10
2483.236479
20
823.884675
70
0
0
VERTEX
8
Shape2DView
10
2478.859800
20
834.568100
70
0
0
SEQEND
8
Shape2DView
0
POLYLINE
8
Shape2DView
62
7
70
0
10
0.000000
20
0.000000
66
1
0
VERTEX
8
Shape2DView
10
4513.325200
20
1128.769800
70
0
0
VERTEX
8
Shape2DView
10
4503.833033
20
1122.197913
70
0
0
VERTEX
8
Shape2DView
10
4494.518786
20
1115.418154
70
0
0
VERTEX
8
Shape2DView
10
4485.385122
20
1108.434395
70
0
0
VERTEX
8
Shape2DView
10
4476.434701
20
1101.250508
70
0
0
VERTEX
8
Shape2DView
10
4467.670186
20
1093.870363
70
0
0
VERTEX
8
Shape2DView
10
4459.094240
20
1086.297833
70
0
0
VERTEX
8
Shape2DView
10
4450.709525
20
1078.536789
70
0
0
VERTEX
8
Shape2DView
10
4442.518702
20
1070.591103
70
0
0
VERTEX
8
Shape2DView
10
4434.524435
20
1062.464646
70
0
0
VERTEX
8
Shape2DView
10
4426.729384
20
1054.161290
70
0
0
VERTEX
8
Shape2DView
10
4419.136213
20
1045.684906
70
0
0
VERTEX
8
Shape2DView
10
4411.747583
20
1037.039367
70
0
0
VERTEX
8
Shape2DView
10
4404.566156
20
1028.228543
70
0
0
VERTEX
8
Shape2DView
10
4397.594596
20
1019.256307
70
0
0
VERTEX
8
Shape2DView
10
4390.835563
20
1010.126530
70
0
0
VERTEX
8
Shape2DView
10
4384.291720
20
1000.843083
70
0
0
VERTEX
8
Shape2DView
10
4377.965730
20
991.409838
70
0
0
VERTEX
8
Shape2DView
10
4371.860253
20
981.830667
70
0
0
VERTEX
8
Shape2DView
10
4365.977954
20
972.109441
70
0
0
VERTEX
8
Shape2DView
10
4360.321492
20
962.250032
70
0
0
VERTEX
8
Shape2DView
10
4354.893532
20
952.256311
70
0
0
VERTEX
8
Shape2DView
10
4349.696735
20
942.132151
70
0
0
VERTEX
8
Shape2DView
10
4344.733763
20
931.881422
70
0
0
VERTEX
8
Shape2DView
10
4340.007278
20
921.507996
70
0
0
VERTEX
8
Shape2DView
10
4335.519942
20
911.015745
70
0
0
VERTEX
8
Shape2DView
10
4331.274419
20
900.408541
70
0
0
VERTEX
8
Shape2DView
10
4327.273368
20
889.690255
70
0
0
VERTEX
8
Shape2DView
10
4323.519454
20
878.864758
70
0
0
VERTEX
8
Shape2DView
10
4320.015338
20
867.935923
70
0
0
VERTEX
8
Shape2DView
10
4316.763682
20
856.907620
70
0
0
VERTEX
8
Shape2DView
10
4313.767149
20
845.783722
70
0
0
VERTEX
8
Shape2DView
10
4311.028400
20
834.568100
70
0
0
SEQEND
8
Shape2DView
0
POLYLINE
8
Shape2DView
62
7
70
0
10
0.000000
20
0.000000
66
1
0
VERTEX
8
Shape2DView
10
4361.547300
20
1771.466200
70
0
0
VERTEX
8
Shape2DView
10
4352.226361
20
1762.660027
70
0
0
VERTEX
8
Shape2DView
10
4343.248420
20
1753.584996
70
0
0
VERTEX
8
Shape2DView
10
4334.616538
20
1744.251027
70
0
0
VERTEX
8
Shape2DView
10
4326.333778
20
1734.668040
70
0
0
VERTEX
8
Shape2DView
10
4318.403203
20
1724.845957
70
0
0
VERTEX
8
Shape2DView
10
4310.827874
20
1714.794698
70
0
0
VERTEX
8
Shape2DView
10
4303.610853
20
1704.524183
70
0
0
VERTEX
8
Shape2DView
10
4296.755203
20
1694.044333
70
0
0
VERTEX
8
Shape2DView
10
4290.263985
20
1683.365068
70
0
0
VERTEX
8
Shape2DView
10
4284.140262
20
1672.496310
70
0
0
VERTEX
8
Shape2DView
10
4278.387097
20
1661.447979
70
0
0
VERTEX
8
Shape2DView
10
4273.007550
20
1650.229995
70
0
0
VERTEX
8
Shape2DView
10
4268.004685
20
1638.852279
70
0
0
VERTEX
8
Shape2DView
10
4263.381564
20
1627.324752
70
0
0
VERTEX
8
Shape2DView
10
4259.141248
20
1615.657334
70
0
0
VERTEX
8
Shape2DView
10
4255.286800
20
1603.859946
70
0
0
VERTEX
8
Shape2DView
10
4251.821282
20
1591.942508
70
0
0
VERTEX
8
Shape2DView
10
4248.747756
20
1579.914942
70
0
0
VERTEX
8
Shape2DView
10
4246.069284
20
1567.787167
70
0
0
VERTEX
8
Shape2DView
10
4243.788929
20
1555.569104
70
0
0
VERTEX
8
Shape2DView
10
4241.909752
20
1543.270674
70
0
0
VERTEX
8
Shape2DView
10
4240.434816
20
1530.901798
70
0
0
VERTEX
8
Shape2DView
10
4239.367183
20
1518.472395
70
0
0
VERTEX
8
Shape2DView
10
4238.709915
20
1505.992388
70
0
0
VERTEX
8
Shape2DView
10
4238.466074
20
1493.471695
70
0
0
VERTEX
8
Shape2DView
10
4238.638723
20
1480.920239
70
0
0
VERTEX
8
Shape2DView
10
4239.230923
20
1468.347939
70
0
0
VERTEX
8
Shape2DView
10
4240.245737
20
1455.764716
70
0
0
VERTEX
8
Shape2DView
10
4241.686227
20
1443.180490
70
0
0
VERTEX
8
Shape2DView
10
4243.555454
20
1430.605183
70
0
0
VERTEX
8
Shape2DView
10
4245.856482
20
1418.048715
70
0
0
VERTEX
8
Shape2DView
10
4248.592372
20
1405.521006
70
0
0
VERTEX
8
Shape2DView
10
4251.749999
20
1393.092894
70
0
0
VERTEX
8
Shape2DView
10
4255.309411
20
1380.833604
70
0
0
VERTEX
8
Shape2DView
10
4259.263432
20
1368.750637
70
0
0
VERTEX
8
Shape2DView
10
4263.604885
20
1356.851498
70
0
0
VERTEX
8
Shape2DView
10
4268.326593
20
1345.143687
70
0
0
VERTEX
8
Shape2DView
10
4273.421380
20
1333.634709
70
0
0
VERTEX
8
Shape2DView
10
4278.882068
20
1322.332065
70
0
0
VERTEX
8
Shape2DView
10
4284.701481
20
1311.243259
70
0
0
VERTEX
8
Shape2DView
10
4290.872442
20
1300.375792
70
0
0
VERTEX
8
Shape2DView
10
4297.387774
20
1289.737168
70
0
0
VERTEX
8
Shape2DView
10
4304.240301
20
1279.334888
70
0
0
VERTEX
8
Shape2DView
10
4311.422845
20
1269.176457
70
0
0
VERTEX
8
Shape2DView
10
4318.928231
20
1259.269375
70
0
0
VERTEX
8
Shape2DView
10
4326.749280
20
1249.621146
70
0
0
VERTEX
8
Shape2DView
10
4334.878817
20
1240.239272
70
0
0
VERTEX
8
Shape2DView
10
4343.309664
20
1231.131256
70
0
0
VERTEX
8
Shape2DView
10
4352.034645
20
1222.304601
70
0
0
VERTEX
8
Shape2DView
10
4361.046583
20
1213.766809
70
0
0
VERTEX
8
Shape2DView
10
4370.338301
20
1205.525383
70
0
0
VERTEX
8
Shape2DView
10
4379.902623
20
1197.587825
70
0
0
VERTEX
8
Shape2DView
10
4389.732371
20
1189.961637
70
0
0
VERTEX
8
Shape2DView
10
4399.820369
20
1182.654324
70
0
0
VERTEX
8
Shape2DView
10
4410.159440
20
1175.673386
70
0
0
VERTEX
8
Shape2DView
10
4420.742408
20
1169.026327
70
0
0
VERTEX
8
Shape2DView
10
4431.562095
20
1162.720650
70
0
0
VERTEX
8
Shape2DView
10
4442.611324
20
1156.763856
70
0
0
VERTEX
8
Shape2DView
10
4453.882920
20
1151.163449
70
0
0
VERTEX
8
Shape2DView
10
4465.369705
20
1145.926930
70
0
0
VERTEX
8
Shape2DView
10
4477.064502
20
1141.061804
70
0
0
VERTEX
8
Shape2DView
10
4488.960135
20
1136.575571
70
0
0
VERTEX
8
Shape2DView
10
4501.049426
20
1132.475736
70
0
0
VERTEX
8
Shape2DView
10
4513.325200
20
1128.769800
70
0
0
SEQEND
8
Shape2DView
0
POLYLINE
8
Shape2DView
62
7
70
0
10
0.000000
20
0.000000
66
1
0
VERTEX
8
Shape2DView
10
3961.115300
20
1911.489800
70
0
0
VERTEX
8
Shape2DView
10
3972.136843
20
1903.635721
70
0
0
VERTEX
8
Shape2DView
10
3983.286333
20
1895.994969
70
0
0
VERTEX
8
Shape2DView
10
3994.560601
20
1888.568652
70
0
0
VERTEX
8
Shape2DView
10
4005.956478
20
1881.357878
70
0
0
VERTEX
8
Shape2DView
10
4017.470795
20
1874.363756
70
0
0
VERTEX
8
Shape2DView
10
4029.100382
20
1867.587394
70
0
0
VERTEX
8
Shape2DView
10
4040.842071
20
1861.029900
70
0
0
VERTEX
8
Shape2DView
10
4052.692692
20
1854.692383
70
0
0
VERTEX
8
Shape2DView
10
4064.649075
20
1848.575950
70
0
0
VERTEX
8
Shape2DView
10
4076.708053
20
1842.681709
70
0
0
VERTEX
8
Shape2DView
10
4088.866455
20
1837.010770
70
0
0
VERTEX
8
Shape2DView
10
4101.121112
20
1831.564240
70
0
0
VERTEX
8
Shape2DView
10
4113.468855
20
1826.343227
70
0
0
VERTEX
8
Shape2DView
10
4125.906516
20
1821.348839
70
0
0
VERTEX
8
Shape2DView
10
4138.430924
20
1816.582186
70
0
0
VERTEX
8
Shape2DView
10
4151.038910
20
1812.044374
70
0
0
VERTEX
8
Shape2DView
10
4163.727306
20
1807.736513
70
0
0
VERTEX
8
Shape2DView
10
4176.492942
20
1803.659710
70
0
0
VERTEX
8
Shape2DView
10
4189.332649
20
1799.815074
70
0
0
VERTEX
8
Shape2DView
10
4202.243257
20
1796.203712
70
0
0
VERTEX
8
Shape2DView
10
4215.221598
20
1792.826734
70
0
0
VERTEX
8
Shape2DView
10
4228.264502
20
1789.685246
70
0
0
VERTEX
8
Shape2DView
10
4241.368800
20
1786.780359
70
0
0
VERTEX
8
Shape2DView
10
4254.531324
20
1784.113179
70
0
0
VERTEX
8
Shape2DView
10
4267.748902
20
1781.684814
70
0
0
VERTEX
8
Shape2DView
10
4281.018368
20
1779.496374
70
0
0
VERTEX
8
Shape2DView
10
4294.336550
20
1777.548967
70
0
0
VERTEX
8
Shape2DView
10
4307.700281
20
1775.843699
70
0
0
VERTEX
8
Shape2DView
10
4321.106390
20
1774.381681
70
0
0
VERTEX
8
Shape2DView
10
4334.551710
20
1773.164019
70
0
0
VERTEX
8
Shape2DView
10
4348.033069
20
1772.191823
70
0
0
VERTEX
8
Shape2DView
10
4361.547300
20
1771.466200
70
0
0
SEQEND
8
Shape2DView
0
POLYLINE
8
Shape2DView
62
7
70
0
10
0.000000
20
0.000000
66
1
0
VERTEX
8
Shape2DView
10
2478.859800
20
834.568100
70
0
0
VERTEX
8
Shape2DView
10
2474.559696
20
847.400484
70
0
0
VERTEX
8
Shape2DView
10
2470.030691
20
860.135489
70
0
0
VERTEX
8
Shape2DView
10
2465.274695
20
872.770354
70
0
0
VERTEX
8
Shape2DView
10
2460.293623
20
885.302321
70
0
0
VERTEX
8
Shape2DView
10
2455.089386
20
897.728630
70
0
0
VERTEX
8
Shape2DView
10
2449.663898
20
910.046523
70
0
0
VERTEX
8
Shape2DView
10
2444.019070
20
922.253238
70
0
0
VERTEX
8
Shape2DView
10
2438.156815
20
934.346018
70
0
0
VERTEX
8
Shape2DView
10
2432.079047
20
946.322103
70
0
0
VERTEX
8
Shape2DView
10
2425.787676
20
958.178733
70
0
0
VERTEX
8
Shape2DView
10
2419.284616
20
969.913148
70
0
0
VERTEX
8
Shape2DView
10
2412.571780
20
981.522591
70
0
0
VERTEX
8
Shape2DView
10
2405.651080
20
993.004301
70
0
0
VERTEX
8
Shape2DView
10
2398.524428
20
1004.355519
70
0
0
VERTEX
8
Shape2DView
10
2391.193737
20
1015.573485
70
0
0
VERTEX
8
Shape2DView
10
2383.660920
20
1026.655440
70
0
0
VERTEX
8
Shape2DView
10
2375.927890
20
1037.598625
70
0
0
VERTEX
8
Shape2DView
10
2367.996557
20
1048.400281
70
0
0
VERTEX
8
Shape2DView
10
2359.868836
20
1059.057647
70
0
0
VERTEX
8
Shape2DView
10
2351.546639
20
1069.567965
70
0
0
VERTEX
8
Shape2DView
10
2343.031879
20
1079.928476
70
0
0
VERTEX
8
Shape2DView
10
2334.326467
20
1090.136419
70
0
0
VERTEX
8
Shape2DView
10
2325.432317
20
1100.189036
70
0
0
VERTEX
8
Shape2DView
10
2316.351340
20
1110.083567
70
0
0
VERTEX
8
Shape2DView
10
2307.085450
20
1119.817253
70
0
0
VERTEX
8
Shape2DView
10
2297.636560
20
1129.387334
70
0
0
VERTEX
8
Shape2DView
10
2288.006581
20
1138.791051
70
0
0
VERTEX
8
Shape2DView
10
2278.197426
20
1148.025645
70
0
0
VERTEX
8
Shape2DView
10
2268.211008
20
1157.088356
70
0
0
VERTEX
8
Shape2DView
10
2258.049239
20
1165.976425
70
0
0
VERTEX
8
Shape2DView
10
2247.714032
20
1174.687093
70
0
0
VERTEX
8
Shape2DView
10
2237.207300
20
1183.217600
70
0
0
SEQEND
8
Shape2DView
0
POLYLINE
8
Shape2DView
62
7
70
0
10
0.000000
20
0.000000
66
1
0
VERTEX
8
Shape2DView
10
3743.826100
20
2194.798900
70
0
0
VERTEX
8
Shape2DView
10
3747.143091
20
2183.740487
70
0
0
VERTEX
8
Shape2DView
10
3750.712760
20
2172.787049
70
0
0
VERTEX
8
Shape2DView
10
3754.532248
20
2161.942316
70
0
0
VERTEX
8
Shape2DView
10
3758.598696
20
2151.210015
70
0
0
VERTEX
8
Shape2DView
10
3762.909243
20
2140.593874
70
0
0
VERTEX
8
Shape2DView
10
3767.461030
20
2130.097622
70
0
0
VERTEX
8
Shape2DView
10
3772.251198
20
2119.724988
70
0
0
VERTEX
8
Shape2DView
10
3777.276888
20
2109.479698
70
0
0
VERTEX
8
Shape2DView
10
3782.535240
20
2099.365482
70
0
0
VERTEX
8
Shape2DView
10
3788.023394
20
2089.386068
70
0
0
VERTEX
8
Shape2DView
10
3793.738491
20
2079.545184
70
0
0
VERTEX
8
Shape2DView
10
3799.677672
20
2069.846559
70
0
0
VERTEX
8
Shape2DView
10
3805.838078
20
2060.293920
70
0
0
VERTEX
8
Shape2DView
10
3812.216848
20
2050.890995
70
0
0
VERTEX
8
Shape2DView
10
3818.811123
20
2041.641514
70
0
0
VERTEX
8
Shape2DView
10
3825.618044
20
2032.549204
70
0
0
VERTEX
8
Shape2DView
10
3832.634751
20
2023.617794
70
0
0
VERTEX
8
Shape2DView
10
3839.858386
20
2014.851012
70
0
0
VERTEX
8
Shape2DView
10
3847.286087
20
2006.252585
70
0
0
VERTEX
8
Shape2DView
10
3854.914997
20
1997.826243
70
0
0
VERTEX
8
Shape2DView
10
3862.742256
20
1989.575714
70
0
0
VERTEX
8
Shape2DView
10
3870.765003
20
1981.504725
70
0
0
VERTEX
8
Shape2DView
10
3878.980380
20
1973.617005
70
0
0
VERTEX
8
Shape2DView
10
3887.385528
20
1965.916283
70
0
0
VERTEX
8
Shape2DView
10
3895.977586
20
1958.406287
70
0
0
VERTEX
8
Shape2DView
10
3904.753695
20
1951.090744
70
0
0
VERTEX
8
Shape2DView
10
3913.710997
20
1943.973383
70
0
0
VERTEX
8
Shape2DView
10
3922.846630
20
1937.057933
70
0
0
VERTEX
8
Shape2DView
10
3932.157737
20
1930.348121
70
0
0
VERTEX
8
Shape2DView
10
3941.641457
20
1923.847676
70
0
0
VERTEX
8
Shape2DView
10
3951.294931
20
1917.560326
70
0
0
VERTEX
8
Shape2DView
10
3961.115300
20
1911.489800
70
0
0
SEQEND
8
Shape2DView
0
POLYLINE
8
Shape2DView
62
7
70
0
10
0.000000
20
0.000000
66
1
0
VERTEX
8
Shape2DView
10
2237.207300
20
1183.217600
70
0
0
VERTEX
8
Shape2DView
10
2249.924240
20
1184.863230
70
0
0
VERTEX
8
Shape2DView
10
2262.521720
20
1186.927981
70
0
0
VERTEX
8
Shape2DView
10
2274.991431
20
1189.405626
70
0
0
VERTEX
8
Shape2DView
10
2287.325066
20
1192.289939
70
0
0
VERTEX
8
Shape2DView
10
2299.514316
20
1195.574694
70
0
0
VERTEX
8
Shape2DView
10
2311.550871
20
1199.253665
70
0
0
VERTEX
8
Shape2DView
10
2323.426424
20
1203.320627
70
0
0
VERTEX
8
Shape2DView
10
2335.132667
20
1207.769352
70
0
0
VERTEX
8
Shape2DView
10
2346.661289
20
1212.593616
70
0
0
VERTEX
8
Shape2DView
10
2358.003984
20
1217.787191
70
0
0
VERTEX
8
Shape2DView
10
2369.152442
20
1223.343853
70
0
0
VERTEX
8
Shape2DView
10
2380.098356
20
1229.257374
70
0
0
VERTEX
8
Shape2DView
10
2390.833415
20
1235.521529
70
0
0
VERTEX
8
Shape2DView
10
2401.349313
20
1242.130091
70
0
0
VERTEX
8
Shape2DView
10
2411.637740
20
1249.076836
70
0
0
VERTEX
8
Shape2DView
10
2421.690388
20
1256.355536
70
0
0
VERTEX
8
Shape2DView
10
2431.498948
20
1263.959966
70
0
0
VERTEX
8
Shape2DView
10
2441.055112
20
1271.883899
70
0
0
VERTEX
8
Shape2DView
10
2450.350571
20
1280.121110
70
0
0
VERTEX
8
Shape2DView
10
2459.377017
20
1288.665372
70
0
0
VERTEX
8
Shape2DView
10
2468.126141
20
1297.510459
70
0
0
VERTEX
8
Shape2DView
10
2476.589635
20
1306.650146
70
0
0
VERTEX
8
Shape2DView
10
2484.759190
20
1316.078206
70
0
0
VERTEX
8
Shape2DView
10
2492.626498
20
1325.788414
70
0
0
VERTEX
8
Shape2DView
10
2500.183250
20
1335.774542
70
0
0
VERTEX
8
Shape2DView
10
2507.421137
20
1346.030366
70
0
0
VERTEX
8
Shape2DView
10
2514.331852
20
1356.549659
70
0
0
VERTEX
8
Shape2DView
10
2520.907085
20
1367.326195
70
0
0
VERTEX
8
Shape2DView
10
2527.138528
20
1378.353748
70
0
0
VERTEX
8
Shape2DView
10
2533.017873
20
1389.626092
70
0
0
VERTEX
8
Shape2DView
10
2538.536811
20
1401.137001
70
0
0
VERTEX
8
Shape2DView
10
2543.687033
20
1412.880249
70
0
0
VERTEX
8
Shape2DView
10
2548.437521
20
1424.790812
70
0
0
VERTEX
8
Shape2DView
10
2552.763727
20
1436.800959
70
0
0
VERTEX
8
Shape2DView
10
2556.667047
20
1448.900403
70
0
0
VERTEX
8
Shape2DView
10
2560.148877
20
1461.078854
70
0
0
VERTEX
8
Shape2DView
10
2563.210614
20
1473.326024
70
0
0
VERTEX
8
Shape2DView
10
2565.853652
20
1485.631627
70
0
0
VERTEX
8
Shape2DView
10
2568.079390
20
1497.985372
70
0
0
VERTEX
8
Shape2DView
10
2569.889223
20
1510.376973
70
0
0
VERTEX
8
Shape2DView
10
2571.284547
20
1522.796141
70
0
0
VERTEX
8
Shape2DView
10
2572.266758
20
1535.232588
70
0
0
VERTEX
8
Shape2DView
10
2572.837253
20
1547.676026
70
0
0
VERTEX
8
Shape2DView
10
2572.997428
20
1560.116166
70
0
0
VERTEX
8
Shape2DView
10
2572.748679
20
1572.542721
70
0
0
VERTEX
8
Shape2DView
10
2572.092403
20
1584.945402
70
0
0
VERTEX
8
Shape2DView
10
2571.029995
20
1597.313922
70
0
0
VERTEX
8
Shape2DView
10
2569.562852
20
1609.637991
70
0
0
VERTEX
8
Shape2DView
10
2567.692370
20
1621.907323
70
0
0
VERTEX
8
Shape2DView
10
2565.419945
20
1634.111629
70
0
0
VERTEX
8
Shape2DView
10
2562.746974
20
1646.240620
70
0
0
VERTEX
8
Shape2DView
10
2559.674852
20
1658.284009
70
0
0
VERTEX
8
Shape2DView
10
2556.204977
20
1670.231507
70
0
0
VERTEX
8
Shape2DView
10
2552.338744
20
1682.072826
70
0
0
VERTEX
8
Shape2DView
10
2548.077549
20
1693.797679
70
0
0
VERTEX
8
Shape2DView
10
2543.422788
20
1705.395776
70
0
0
VERTEX
8
Shape2DView
10
2538.375859
20
1716.856831
70
0
0
VERTEX
8
Shape2DView
10
2532.938157
20
1728.170554
70
0
0
VERTEX
8
Shape2DView
10
2527.111078
20
1739.326658
70
0
0
VERTEX
8
Shape2DView
10
2520.896018
20
1750.314854
70
0
0
VERTEX
8
Shape2DView
10
2514.294374
20
1761.124854
70
0
0
VERTEX
8
Shape2DView
10
2507.307543
20
1771.746371
70
0
0
VERTEX
8
Shape2DView
10
2499.936919
20
1782.169115
70
0
0
VERTEX
8
Shape2DView
10
2492.183900
20
1792.382800
70
0
0
SEQEND
8
Shape2DView
0
POLYLINE
8
Shape2DView
62
7
70
0
10
0.000000
20
0.000000
66
1
0
VERTEX
8
Shape2DView
10
3085.683500
20
2249.053600
70
0
0
VERTEX
8
Shape2DView
10
3091.178339
20
2237.467602
70
0
0
VERTEX
8
Shape2DView
10
3097.034871
20
2226.124731
70
0
0
VERTEX
8
Shape2DView
10
3103.244605
20
2215.030968
70
0
0
VERTEX
8
Shape2DView
10
3109.799054
20
2204.192288
70
0
0
VERTEX
8
Shape2DView
10
3116.689728
20
2193.614670
70
0
0
VERTEX
8
Shape2DView
10
3123.908139
20
2183.304093
70
0
0
VERTEX
8
Shape2DView
10
3131.445798
20
2173.266533
70
0
0
VERTEX
8
Shape2DView
10
3139.294216
20
2163.507969
70
0
0
VERTEX
8
Shape2DView
10
3147.444904
20
2154.034379
70
0
0
VERTEX
8
Shape2DView
10
3155.889374
20
2144.851741
70
0
0
VERTEX
8
Shape2DView
10
3164.619137
20
2135.966032
70
0
0
VERTEX
8
Shape2DView
10
3173.625703
20
2127.383230
70
0
0
VERTEX
8
Shape2DView
10
3182.900585
20
2119.109315
70
0
0
VERTEX
8
Shape2DView
10
3192.435293
20
2111.150262
70
0
0
VERTEX
8
Shape2DView
10
3202.221338
20
2103.512051
70
0
0
VERTEX
8
Shape2DView
10
3212.250232
20
2096.200659
70
0
0
VERTEX
8
Shape2DView
10
3222.513486
20
2089.222064
70
0
0
VERTEX
8
Shape2DView
10
3233.002612
20
2082.582244
70
0
0
VERTEX
8
Shape2DView
10
3243.709119
20
2076.287177
70
0
0
VERTEX
8
Shape2DView
10
3254.624520
20
2070.342841
70
0
0
VERTEX
8
Shape2DView
10
3265.740326
20
2064.755214
70
0
0
VERTEX
8
Shape2DView
10
3277.048048
20
2059.530273
70
0
0
VERTEX
8
Shape2DView
10
3288.539196
20
2054.673997
70
0
0
VERTEX
8
Shape2DView
10
3300.205284
20
2050.192363
70
0
0
VERTEX
8
Shape2DView
10
3312.037820
20
2046.091350
70
0
0
VERTEX
8
Shape2DView
10
3324.028318
20
2042.376936
70
0
0
VERTEX
8
Shape2DView
10
3336.168287
20
2039.055098
70
0
0
VERTEX
8
Shape2DView
10
3348.449240
20
2036.131813
70
0
0
VERTEX
8
Shape2DView
10
3360.862687
20
2033.613062
70
0
0
VERTEX
8
Shape2DView
10
3373.400139
20
2031.504820
70
0
0
VERTEX
8
Shape2DView
10
3386.053109
20
2029.813066
70
0
0
VERTEX
8
Shape2DView
10
3398.813106
20
2028.543778
70
0
0
VERTEX
8
Shape2DView
10
3411.608705
20
2027.706362
70
0
0
VERTEX
8
Shape2DView
10
3424.367904
20
2027.303237
70
0
0
VERTEX
8
Shape2DView
10
3437.081349
20
2027.329893
70
0
0
VERTEX
8
Shape2DView
10
3449.739687
20
2027.781825
70
0
0
VERTEX
8
Shape2DView
10
3462.333566
20
2028.654526
70
0
0
VERTEX
8
Shape2DView
10
3474.853632
20
2029.943487
70
0
0
VERTEX
8
Shape2DView
10
3487.290531
20
2031.644203
70
0
0
VERTEX
8
Shape2DView
10
3499.634912
20
2033.752165
70
0
0
VERTEX
8
Shape2DView
10
3511.877420
20
2036.262868
70
0
0
VERTEX
8
Shape2DView
10
3524.008702
20
2039.171803
70
0
0
VERTEX
8
Shape2DView
10
3536.019406
20
2042.474464
70
0
0
VERTEX
8
Shape2DView
10
3547.900178
20
2046.166343
70
0
0
VERTEX
8
Shape2DView
10
3559.641665
20
2050.242934
70
0
0
VERTEX
8
Shape2DView
10
3571.234514
20
2054.699730
70
0
0
VERTEX
8
Shape2DView
10
3582.669372
20
2059.532222
70
0
0
VERTEX
8
Shape2DView
10
3593.936885
20
2064.735905
70
0
0
VERTEX
8
Shape2DView
10
3605.027701
20
2070.306271
70
0
0
VERTEX
8
Shape2DView
10
3615.932466
20
2076.238813
70
0
0
VERTEX
8
Shape2DView
10
3626.641828
20
2082.529023
70
0
0
VERTEX
8
Shape2DView
10
3637.146432
20
2089.172396
70
0
0
VERTEX
8
Shape2DView
10
3647.436926
20
2096.164423
70
0
0
VERTEX
8
Shape2DView
10
3657.503958
20
2103.500598
70
0
0
VERTEX
8
Shape2DView
10
3667.338172
20
2111.176413
70
0
0
VERTEX
8
Shape2DView
10
3676.930218
20
2119.187361
70
0
0
VERTEX
8
Shape2DView
10
3686.270740
20
2127.528936
70
0
0
VERTEX
8
Shape2DView
10
3695.350387
20
2136.196630
70
0
0
VERTEX
8
Shape2DView
10
3704.159805
20
2145.185936
70
0
0
VERTEX
8
Shape2DView
10
3712.689641
20
2154.492348
70
0
0
VERTEX
8
Shape2DView
10
3720.930541
20
2164.111357
70
0
0
VERTEX
8
Shape2DView
10
3728.873153
20
2174.038456
70
0
0
VERTEX
8
Shape2DView
10
3736.508124
20
2184.269140
70
0
0
VERTEX
8
Shape2DView
10
3743.826100
20
2194.798900
70
0
0
SEQEND
8
Shape2DView
0
POLYLINE
8
Shape2DView
62
7
70
0
10
0.000000
20
0.000000
66
1
0
VERTEX
8
Shape2DView
10
2492.183900
20
1792.382800
70
0
0
VERTEX
8
Shape2DView
10
2503.726082
20
1792.120209
70
0
0
VERTEX
8
Shape2DView
10
2515.246508
20
1792.130369
70
0
0
VERTEX
8
Shape2DView
10
2526.740749
20
1792.411712
70
0
0
VERTEX
8
Shape2DView
10
2538.204374
20
1792.962671
70
0
0
VERTEX
8
Shape2DView
10
2549.632956
20
1793.781677
70
0
0
VERTEX
8
Shape2DView
10
2561.022064
20
1794.867165
70
0
0
VERTEX
8
Shape2DView
10
2572.367268
20
1796.217566
70
0
0
VERTEX
8
Shape2DView
10
2583.664140
20
1797.831313
70
0
0
VERTEX
8
Shape2DView
10
2594.908251
20
1799.706839
70
0
0
VERTEX
8
Shape2DView
10
2606.095170
20
1801.842576
70
0
0
VERTEX
8
Shape2DView
10
2617.220468
20
1804.236957
70
0
0
VERTEX
8
Shape2DView
10
2628.279717
20
1806.888414
70
0
0
VERTEX
8
Shape2DView
10
2639.268485
20
1809.795381
70
0
0
VERTEX
8
Shape2DView
10
2650.182346
20
1812.956289
70
0
0
VERTEX
8
Shape2DView
10
2661.016867
20
1816.369571
70
0
0
VERTEX
8
Shape2DView
10
2671.767622
20
1820.033660
70
0
0
VERTEX
8
Shape2DView
10
2682.430179
20
1823.946988
70
0
0
VERTEX
8
Shape2DView
10
2693.000109
20
1828.107988
70
0
0
VERTEX
8
Shape2DView
10
2703.472984
20
1832.515093
70
0
0
VERTEX
8
Shape2DView
10
2713.844374
20
1837.166735
70
0
0
VERTEX
8
Shape2DView
10
2724.109849
20
1842.061347
70
0
0
VERTEX
8
Shape2DView
10
2734.264980
20
1847.197361
70
0
0
VERTEX
8
Shape2DView
10
2744.305337
20
1852.573210
70
0
0
VERTEX
8
Shape2DView
10
2754.226492
20
1858.187326
70
0
0
VERTEX
8
Shape2DView
10
2764.024014
20
1864.038143
70
0
0
VERTEX
8
Shape2DView
10
2773.693475
20
1870.124092
70
0
0
VERTEX
8
Shape2DView
10
2783.230445
20
1876.443607
70
0
0
VERTEX
8
Shape2DView
10
2792.630494
20
1882.995119
70
0
0
VERTEX
8
Shape2DView
10
2801.889194
20
1889.777062
70
0
0
VERTEX
8
Shape2DView
10
2811.002114
20
1896.787868
70
0
0
VERTEX
8
Shape2DView
10
2819.964826
20
1904.025970
70
0
0
VERTEX
8
Shape2DView
10
2828.772900
20
1911.489800
70
0
0
SEQEND
8
Shape2DView
0
POLYLINE
8
Shape2DView
62
7
70
0
10
0.000000
20
0.000000
66
1
0
VERTEX
8
Shape2DView
10
2828.772900
20
1911.489800
70
0
0
VERTEX
8
Shape2DView
10
2839.648416
20
1919.544867
70
0
0
VERTEX
8
Shape2DView
10
2850.360583
20
1927.787541
70
0
0
VERTEX
8
Shape2DView
10
2860.907369
20
1936.215149
70
0
0
VERTEX
8
Shape2DView
10
2871.286740
20
1944.825022
70
0
0
VERTEX
8
Shape2DView
10
2881.496663
20
1953.614486
70
0
0
VERTEX
8
Shape2DView
10
2891.535105
20
1962.580871
70
0
0
VERTEX
8
Shape2DView
10
2901.400032
20
1971.721504
70
0
0
VERTEX
8
Shape2DView
10
2911.089411
20
1981.033714
70
0
0
VERTEX
8
Shape2DView
10
2920.601209
20
1990.514829
70
0
0
VERTEX
8
Shape2DView
10
2929.933392
20
2000.162178
70
0
0
VERTEX
8
Shape2DView
10
2939.083927
20
2009.973090
70
0
0
VERTEX
8
Shape2DView
10
2948.050781
20
2019.944891
70
0
0
VERTEX
8
Shape2DView
10
2956.831920
20
2030.074912
70
0
0
VERTEX
8
Shape2DView
10
2965.425311
20
2040.360480
70
0
0
VERTEX
8
Shape2DView
10
2973.828922
20
2050.798923
70
0
0
VERTEX
8
Shape2DView
10
2982.040717
20
2061.387570
70
0
0
VERTEX
8
Shape2DView
10
2990.058665
20
2072.123749
70
0
0
VERTEX
8
Shape2DView
10
2997.880732
20
2083.004789
70
0
0
VERTEX
8
Shape2DView
10
3005.504885
20
2094.028018
70
0
0
VERTEX
8
Shape2DView
10
3012.929089
20
2105.190765
70
0
0
VERTEX
8
Shape2DView
10
3020.151313
20
2116.490357
70
0
0
VERTEX
8
Shape2DView
10
3027.169523
20
2127.924123
70
0
0
VERTEX
8
Shape2DView
10
3033.981684
20
2139.489391
70
0
0
VERTEX
8
Shape2DView
10
3040.585765
20
2151.183491
70
0
0
VERTEX
8
Shape2DView
10
3046.979732
20
2163.003750
70
0
0
VERTEX
8
Shape2DView
10
3053.161551
20
2174.947496
70
0
0
VERTEX
8
Shape2DView
10
3059.129189
20
2187.012058
70
0
0
VERTEX
8
Shape2DView
10
3064.880612
20
2199.194764
70
0
0
VERTEX
8
Shape2DView
10
3070.413789
20
2211.492943
70
0
0
VERTEX
8
Shape2DView
10
3075.726684
20
2223.903923
70
0
0
VERTEX
8
Shape2DView
10
3080.817266
20
2236.425033
70
0
0
VERTEX
8
Shape2DView
10
3085.683500
20
2249.053600
70
0
0
SEQEND
8
Shape2DView
0
POLYLINE
8
Shape2DView
62
7
70
0
10
0.000000
20
0.000000
66
1
0
VERTEX
8
Shape2DView
10
2988.684000
20
46.907300
70
0
0
VERTEX
8
Shape2DView
10
2991.048664
20
59.510356
70
0
0
VERTEX
8
Shape2DView
10
2992.977807
20
72.129315
70
0
0
VERTEX
8
Shape2DView
10
2994.474780
20
84.754349
70
0
0
VERTEX
8
Shape2DView
10
2995.542940
20
97.375635
70
0
0
VERTEX
8
Shape2DView
10
2996.185638
20
109.983346
70
0
0
VERTEX
8
Shape2DView
10
2996.406230
20
122.567655
70
0
0
VERTEX
8
Shape2DView
10
2996.208068
20
135.118738
70
0
0
VERTEX
8
Shape2DView
10
2995.594508
20
147.626768
70
0
0
VERTEX
8
Shape2DView
10
2994.568902
20
160.081919
70
0
0
VERTEX
8
Shape2DView
10
2993.134605
20
172.474366
70
0
0
VERTEX
8
Shape2DView
10
2991.294970
20
184.794283
70
0
0
VERTEX
8
Shape2DView
10
2989.053352
20
197.031844
70
0
0
VERTEX
8
Shape2DView
10
2986.413103
20
209.177223
70
0
0
VERTEX
8
Shape2DView
10
2983.377579
20
221.220595
70
0
0
VERTEX
8
Shape2DView
10
2979.950132
20
233.152133
70
0
0
VERTEX
8
Shape2DView
10
2976.134117
20
244.962012
70
0
0
VERTEX
8
Shape2DView
10
2971.932887
20
256.640405
70
0
0
VERTEX
8
Shape2DView
10
2967.349797
20
268.177488
70
0
0
VERTEX
8
Shape2DView
10
2962.388200
20
279.563434
70
0
0
VERTEX
8
Shape2DView
10
2957.051449
20
290.788417
70
0
0
VERTEX
8
Shape2DView
10
2951.342900
20
301.842611
70
0
0
VERTEX
8
Shape2DView
10
2945.265906
20
312.716192
70
0
0
VERTEX
8
Shape2DView
10
2938.823820
20
323.399332
70
0
0
VERTEX
8
Shape2DView
10
2932.019996
20
333.882206
70
0
0
VERTEX
8
Shape2DView
10
2924.857789
20
344.154988
70
0
0
VERTEX
8
Shape2DView
10
2917.340552
20
354.207853
70
0
0
VERTEX
8
Shape2DView
10
2909.471639
20
364.030974
70
0
0
VERTEX
8
Shape2DView
10
2901.254404
20
373.614526
70
0
0
VERTEX
8
Shape2DView
10
2892.692200
20
382.948683
70
0
0
VERTEX
8
Shape2DView
10
2883.788382
20
392.023619
70
0
0
VERTEX
8
Shape2DView
10
2874.546303
20
400.829508
70
0
0
VERTEX
8
Shape2DView
10
2864.969318
20
409.356524
70
0
0
VERTEX
8
Shape2DView
10
2855.109681
20
417.555075
70
0
0
VERTEX
8
Shape2DView
10
2845.024224
20
425.380881
70
0
0
VERTEX
8
Shape2DView
10
2834.723162
20
432.832094
70
0
0
VERTEX
8
Shape2DView
10
2824.216712
20
439.906860
70
0
0
VERTEX
8
Shape2DView
10
2813.515089
20
446.603329
70
0
0
VERTEX
8
Shape2DView
10
2802.628510
20
452.919650
70
0
0
VERTEX
8
Shape2DView
10
2791.567191
20
458.853970
70
0
0
VERTEX
8
Shape2DView
10
2780.341348
20
464.404440
70
0
0
VERTEX
8
Shape2DView
10
2768.961196
20
469.569206
70
0
0
VERTEX
8
Shape2DView
10
2757.436952
20
474.346419
70
0
0
VERTEX
8
Shape2DView
10
2745.778833
20
478.734227
70
0
0
VERTEX
8
Shape2DView
10
2733.997053
20
482.730778
70
0
0
VERTEX
8
Shape2DView
10
2722.101830
20
486.334222
70
0
0
VERTEX
8
Shape2DView
10
2710.103378
20
489.542706
70
0
0
VERTEX
8
Shape2DView
10
2698.011915
20
492.354380
70
0
0
VERTEX
8
Shape2DView
10
2685.837656
20
494.767392
70
0
0
VERTEX
8
Shape2DView
10
2673.590818
20
496.779890
70
0
0
VERTEX
8
Shape2DView
10
2661.281615
20
498.390025
70
0
0
VERTEX
8
Shape2DView
10
2648.920266
20
499.595943
70
0
0
VERTEX
8
Shape2DView
10
2636.516984
20
500.395795
70
0
0
VERTEX
8
Shape2DView
10
2624.081988
20
500.787728
70
0
0
VERTEX
8
Shape2DView
10
2611.625492
20
500.769891
70
0
0
VERTEX
8
Shape2DView
10
2599.157712
20
500.340434
70
0
0
VERTEX
8
Shape2DView
10
2586.688866
20
499.497504
70
0
0
VERTEX
8
Shape2DView
10
2574.229168
20
498.239250
70
0
0
VERTEX
8
Shape2DView
10
2561.788835
20
496.563821
70
0
0
VERTEX
8
Shape2DView
10
2549.378083
20
494.469366
70
0
0
VERTEX
8
Shape2DView
10
2537.007128
20
491.954034
70
0
0
VERTEX
8
Shape2DView
10
2524.686187
20
489.015972
70
0
0
VERTEX
8
Shape2DView
10
2512.425474
20
485.653330
70
0
0
VERTEX
8
Shape2DView
10
2500.235206
20
481.864256
70
0
0
VERTEX
8
Shape2DView
10
2488.125600
20
477.646900
70
0
0
SEQEND
8
Shape2DView
0
POLYLINE
8
Shape2DView
62
7
70
0
10
0.000000
20
0.000000
66
1
0
VERTEX
8
Shape2DView
10
3394.944100
20
168.993900
70
0
0
VERTEX
8
Shape2DView
10
3381.410972
20
168.869682
70
0
0
VERTEX
8
Shape2DView
10
3367.899723
20
168.497673
70
0
0
VERTEX
8
Shape2DView
10
3354.413569
20
167.878840
70
0
0
VERTEX
8
Shape2DView
10
3340.955724
20
167.014148
70
0
0
VERTEX
8
Shape2DView
10
3327.529404
20
165.904565
70
0
0
VERTEX
8
Shape2DView
10
3314.137824
20
164.551055
70
0
0
VERTEX
8
Shape2DView
10
3300.784200
20
162.954587
70
0
0
VERTEX
8
Shape2DView
10
3287.471747
20
161.116124
70
0
0
VERTEX
8
Shape2DView
10
3274.203680
20
159.036635
70
0
0
VERTEX
8
Shape2DView
10
3260.983214
20
156.717085
70
0
0
VERTEX
8
Shape2DView
10
3247.813566
20
154.158441
70
0
0
VERTEX
8
Shape2DView
10
3234.697950
20
151.361668
70
0
0
VERTEX
8
Shape2DView
10
3221.639581
20
148.327733
70
0
0
VERTEX
8
Shape2DView
10
3208.641675
20
145.057603
70
0
0
VERTEX
8
Shape2DView
10
3195.707447
20
141.552243
70
0
0
VERTEX
8
Shape2DView
10
3182.840113
20
137.812619
70
0
0
VERTEX
8
Shape2DView
10
3170.042888
20
133.839699
70
0
0
VERTEX
8
Shape2DView
10
3157.318987
20
129.634448
70
0
0
VERTEX
8
Shape2DView
10
3144.671626
20
125.197832
70
0
0
VERTEX
8
Shape2DView
10
3132.104019
20
120.530818
70
0
0
VERTEX
8
Shape2DView
10
3119.619383
20
115.634372
70
0
0
VERTEX
8
Shape2DView
10
3107.220932
20
110.509461
70
0
0
VERTEX
8
Shape2DView
10
3094.911882
20
105.157049
70
0
0
VERTEX
8
Shape2DView
10
3082.695448
20
99.578105
70
0
0
VERTEX
8
Shape2DView
10
3070.574846
20
93.773593
70
0
0
VERTEX
8
Shape2DView
10
3058.553290
20
87.744481
70
0
0
VERTEX
8
Shape2DView
10
3046.633997
20
81.491734
70
0
0
VERTEX
8
Shape2DView
10
3034.820181
20
75.016319
70
0
0
VERTEX
8
Shape2DView
10
3023.115058
20
68.319201
70
0
0
VERTEX
8
Shape2DView
10
3011.521844
20
61.401348
70
0
0
VERTEX
8
Shape2DView
10
3000.043752
20
54.263726
70
0
0
VERTEX
8
Shape2DView
10
2988.684000
20
46.907300
70
0
0
SEQEND
8
Shape2DView
 0 
ENDSEC
 0 
EOF