999
"DXF R12 Output" (www.mydxf.blogspot.com)
 0 
SECTION
 2 
HEADER
 9 
$ACADVER
 1 
AC1009
 9 
$EXTMIN
 10 
 0 
 20 
 0 
 9 
$EXTMAX
 10 
 8.5 
 20 
 11 
 0 
ENDSEC
 0 
SECTION
 2 
ENTITIES
0
POLYLINE
8
Layer 1
62
7
70
0
10
0.000000
20
0.000000
66
1
0
VERTEX
8
Layer 1
10
129.366900
20
4325.764000
70
0
0
VERTEX
8
Layer 1
10
129.366900
20
3947.812000
70
0
0
SEQEND
8
Layer 1
0
POLYLINE
8
Layer 1
62
7
70
0
10
0.000000
20
0.000000
66
1
0
VERTEX
8
Layer 1
10
507.318900
20
4325.764000
70
0
0
VERTEX
8
Layer 1
10
129.366900
20
4325.764000
70
0
0
SEQEND
8
Layer 1
0
POLYLINE
8
Layer 1
62
7
70
0
10
0.000000
20
0.000000
66
1
0
VERTEX
8
Layer 1
10
507.318900
20
3947.812000
70
0
0
VERTEX
8
Layer 1
10
507.318900
20
4325.764000
70
0
0
SEQEND
8
Layer 1
0
POLYLINE
8
Layer 1
62
7
70
0
10
0.000000
20
0.000000
66
1
0
VERTEX
8
Layer 1
10
129.366900
20
3947.812000
70
0
0
VERTEX
8
Layer 1
10
507.318900
20
3947.812000
70
0
0
SEQEND
8
Layer 1
0
POLYLINE
8
Layer 1
62
7
70
0
10
0.000000
20
0.000000
66
1
0
VERTEX
8
Layer 1
10
544.313900
20
4413.622000
70
0
0
VERTEX
8
Layer 1
10
544.313900
20
4395.130000
70
0
0
SEQEND
8
Layer 1
0
POLYLINE
8
Layer 1
62
7
70
0
10
0.000000
20
0.000000
66
1
0
VERTEX
8
Layer 1
10
547.567900
20
4413.622000
70
0
0
VERTEX
8
Layer 1
10
544.313900
20
4413.622000
70
0
0
SEQEND
8
Layer 1
0
POLYLINE
8
Layer 1
62
7
70
0
10
0.000000
20
0.000000
66
1
0
VERTEX
8
Layer 1
10
547.567900
20
4405.890000
70
0
0
VERTEX
8
Layer 1
10
547.567900
20
4413.622000
70
0
0
SEQEND
8
Layer 1
0
POLYLINE
8
Layer 1
62
7
70
0
10
0.000000
20
0.000000
66
1
0
VERTEX
8
Layer 1
10
567.270900
20
4405.890000
70
0
0
VERTEX
8
Layer 1
10
547.567900
20
4405.890000
70
0
0
SEQEND
8
Layer 1
0
POLYLINE
8
Layer 1
62
7
70
0
10
0.000000
20
0.000000
66
1
0
VERTEX
8
Layer 1
10
567.270900
20
4413.711000
70
0
0
VERTEX
8
Layer 1
10
567.270900
20
4405.890000
70
0
0
SEQEND
8
Layer 1
0
POLYLINE
8
Layer 1
62
7
70
0
10
0.000000
20
0.000000
66
1
0
VERTEX
8
Layer 1
10
570.216900
20
4413.711000
70
0
0
VERTEX
8
Layer 1
10
567.270900
20
4413.711000
70
0
0
SEQEND
8
Layer 1
0
POLYLINE
8
Layer 1
62
7
70
0
10
0.000000
20
0.000000
66
1
0
VERTEX
8
Layer 1
10
574.550200
20
4404.805700
70
0
0
VERTEX
8
Layer 1
10
573.301683
20
4405.340391
70
0
0
VERTEX
8
Layer 1
10
572.312189
20
4406.006431
70
0
0
VERTEX
8
Layer 1
10
571.553191
20
4406.820793
70
0
0
VERTEX
8
Layer 1
10
570.996163
20
4407.800450
70
0
0
VERTEX
8
Layer 1
10
570.612576
20
4408.962376
70
0
0
VERTEX
8
Layer 1
10
570.373905
20
4410.323544
70
0
0
VERTEX
8
Layer 1
10
570.217200
20
4413.711500
70
0
0
SEQEND
8
Layer 1
0
POLYLINE
8
Layer 1
62
7
70
0
10
0.000000
20
0.000000
66
1
0
VERTEX
8
Layer 1
10
574.549900
20
4402.092000
70
0
0
VERTEX
8
Layer 1
10
574.549900
20
4404.806000
70
0
0
SEQEND
8
Layer 1
0
POLYLINE
8
Layer 1
62
7
70
0
10
0.000000
20
0.000000
66
1
0
VERTEX
8
Layer 1
10
547.567900
20
4402.092000
70
0
0
VERTEX
8
Layer 1
10
574.549900
20
4402.092000
70
0
0
SEQEND
8
Layer 1
0
POLYLINE
8
Layer 1
62
7
70
0
10
0.000000
20
0.000000
66
1
0
VERTEX
8
Layer 1
10
547.567900
20
4395.130000
70
0
0
VERTEX
8
Layer 1
10
547.567900
20
4402.092000
70
0
0
SEQEND
8
Layer 1
0
POLYLINE
8
Layer 1
62
7
70
0
10
0.000000
20
0.000000
66
1
0
VERTEX
8
Layer 1
10
544.313900
20
4395.130000
70
0
0
VERTEX
8
Layer 1
10
547.567900
20
4395.130000
70
0
0
SEQEND
8
Layer 1
0
POLYLINE
8
Layer 1
62
7
70
0
10
0.000000
20
0.000000
66
1
0
VERTEX
8
Layer 1
10
543.748800
20
4376.038300
70
0
0
VERTEX
8
Layer 1
10
544.009166
20
4373.398526
70
0
0
VERTEX
8
Layer 1
10
544.781709
20
4371.052306
70
0
0
VERTEX
8
Layer 1
10
546.053598
20
4369.017646
70
0
0
VERTEX
8
Layer 1
10
547.812000
20
4367.312550
70
0
0
VERTEX
8
Layer 1
10
550.044083
20
4365.955023
70
0
0
VERTEX
8
Layer 1
10
552.737016
20
4364.963069
70
0
0
VERTEX
8
Layer 1
10
555.877965
20
4364.354693
70
0
0
VERTEX
8
Layer 1
10
559.454100
20
4364.147900
70
0
0
SEQEND
8
Layer 1
0
POLYLINE
8
Layer 1
62
7
70
0
10
0.000000
20
0.000000
66
1
0
VERTEX
8
Layer 1
10
559.454100
20
4387.928900
70
0
0
VERTEX
8
Layer 1
10
555.877965
20
4387.722103
70
0
0
VERTEX
8
Layer 1
10
552.737016
20
4387.113716
70
0
0
VERTEX
8
Layer 1
10
550.044083
20
4386.121746
70
0
0
VERTEX
8
Layer 1
10
547.812000
20
4384.764200
70
0
0
VERTEX
8
Layer 1
10
546.053598
20
4383.059086
70
0
0
VERTEX
8
Layer 1
10
544.781709
20
4381.024409
70
0
0
VERTEX
8
Layer 1
10
544.009166
20
4378.678179
70
0
0
VERTEX
8
Layer 1
10
543.748800
20
4376.038400
70
0
0
SEQEND
8
Layer 1
0
POLYLINE
8
Layer 1
62
7
70
0
10
0.000000
20
0.000000
66
1
0
VERTEX
8
Layer 1
10
575.115300
20
4376.038300
70
0
0
VERTEX
8
Layer 1
10
574.856833
20
4378.678112
70
0
0
VERTEX
8
Layer 1
10
574.089295
20
4381.024367
70
0
0
VERTEX
8
Layer 1
10
572.824482
20
4383.059061
70
0
0
VERTEX
8
Layer 1
10
571.074188
20
4384.764187
70
0
0
VERTEX
8
Layer 1
10
568.850207
20
4386.121740
70
0
0
VERTEX
8
Layer 1
10
566.164336
20
4387.113714
70
0
0
VERTEX
8
Layer 1
10
563.028369
20
4387.722103
70
0
0
VERTEX
8
Layer 1
10
559.454100
20
4387.928900
70
0
0
SEQEND
8
Layer 1
0
POLYLINE
8
Layer 1
62
7
70
0
10
0.000000
20
0.000000
66
1
0
VERTEX
8
Layer 1
10
559.454100
20
4364.147900
70
0
0
VERTEX
8
Layer 1
10
563.028369
20
4364.354693
70
0
0
VERTEX
8
Layer 1
10
566.164336
20
4364.963069
70
0
0
VERTEX
8
Layer 1
10
568.850207
20
4365.955023
70
0
0
VERTEX
8
Layer 1
10
571.074188
20
4367.312550
70
0
0
VERTEX
8
Layer 1
10
572.824482
20
4369.017646
70
0
0
VERTEX
8
Layer 1
10
574.089295
20
4371.052306
70
0
0
VERTEX
8
Layer 1
10
574.856833
20
4373.398526
70
0
0
VERTEX
8
Layer 1
10
575.115300
20
4376.038300
70
0
0
SEQEND
8
Layer 1
0
POLYLINE
8
Layer 1
62
7
70
0
10
0.000000
20
0.000000
66
1
0
VERTEX
8
Layer 1
10
546.867500
20
4376.038300
70
0
0
VERTEX
8
Layer 1
10
547.036417
20
4377.706030
70
0
0
VERTEX
8
Layer 1
10
547.559025
20
4379.233936
70
0
0
VERTEX
8
Layer 1
10
548.459108
20
4380.596577
70
0
0
VERTEX
8
Layer 1
10
549.760450
20
4381.768513
70
0
0
VERTEX
8
Layer 1
10
551.486836
20
4382.724303
70
0
0
VERTEX
8
Layer 1
10
553.662050
20
4383.438508
70
0
0
VERTEX
8
Layer 1
10
556.309877
20
4383.885687
70
0
0
VERTEX
8
Layer 1
10
559.454100
20
4384.040400
70
0
0
SEQEND
8
Layer 1
0
POLYLINE
8
Layer 1
62
7
70
0
10
0.000000
20
0.000000
66
1
0
VERTEX
8
Layer 1
10
549.348900
20
4370.613400
70
0
0
VERTEX
8
Layer 1
10
548.219188
20
4371.727820
70
0
0
VERTEX
8
Layer 1
10
547.448650
20
4373.020638
70
0
0
VERTEX
8
Layer 1
10
547.007888
20
4374.466061
70
0
0
VERTEX
8
Layer 1
10
546.867500
20
4376.038300
70
0
0
SEQEND
8
Layer 1
0
POLYLINE
8
Layer 1
62
7
70
0
10
0.000000
20
0.000000
66
1
0
VERTEX
8
Layer 1
10
567.031900
20
4382.775000
70
0
0
VERTEX
8
Layer 1
10
549.348900
20
4370.613000
70
0
0
SEQEND
8
Layer 1
0
POLYLINE
8
Layer 1
62
7
70
0
10
0.000000
20
0.000000
66
1
0
VERTEX
8
Layer 1
10
559.454100
20
4384.040400
70
0
0
VERTEX
8
Layer 1
10
561.703813
20
4383.965794
70
0
0
VERTEX
8
Layer 1
10
563.716750
20
4383.729975
70
0
0
VERTEX
8
Layer 1
10
565.492913
20
4383.332944
70
0
0
VERTEX
8
Layer 1
10
567.032300
20
4382.774700
70
0
0
SEQEND
8
Layer 1
0
POLYLINE
8
Layer 1
62
7
70
0
10
0.000000
20
0.000000
66
1
0
VERTEX
8
Layer 1
10
551.965900
20
4369.256000
70
0
0
VERTEX
8
Layer 1
10
569.603900
20
4381.419000
70
0
0
SEQEND
8
Layer 1
0
POLYLINE
8
Layer 1
62
7
70
0
10
0.000000
20
0.000000
66
1
0
VERTEX
8
Layer 1
10
559.454100
20
4368.036300
70
0
0
VERTEX
8
Layer 1
10
557.192900
20
4368.112486
70
0
0
VERTEX
8
Layer 1
10
555.202150
20
4368.341137
70
0
0
VERTEX
8
Layer 1
10
553.465275
20
4368.722395
70
0
0
VERTEX
8
Layer 1
10
551.965700
20
4369.256400
70
0
0
SEQEND
8
Layer 1
0
POLYLINE
8
Layer 1
62
7
70
0
10
0.000000
20
0.000000
66
1
0
VERTEX
8
Layer 1
10
572.040800
20
4376.038300
70
0
0
VERTEX
8
Layer 1
10
571.834878
20
4374.266640
70
0
0
VERTEX
8
Layer 1
10
571.222402
20
4372.689961
70
0
0
VERTEX
8
Layer 1
10
570.211302
20
4371.320973
70
0
0
VERTEX
8
Layer 1
10
568.809513
20
4370.172388
70
0
0
VERTEX
8
Layer 1
10
567.024965
20
4369.256916
70
0
0
VERTEX
8
Layer 1
10
564.865592
20
4368.587270
70
0
0
VERTEX
8
Layer 1
10
562.339326
20
4368.176161
70
0
0
VERTEX
8
Layer 1
10
559.454100
20
4368.036300
70
0
0
SEQEND
8
Layer 1
0
POLYLINE
8
Layer 1
62
7
70
0
10
0.000000
20
0.000000
66
1
0
VERTEX
8
Layer 1
10
569.603500
20
4381.419200
70
0
0
VERTEX
8
Layer 1
10
570.689070
20
4380.291997
70
0
0
VERTEX
8
Layer 1
10
571.448588
20
4379.016875
70
0
0
VERTEX
8
Layer 1
10
571.894886
20
4377.597716
70
0
0
VERTEX
8
Layer 1
10
572.040800
20
4376.038400
70
0
0
SEQEND
8
Layer 1
0
POLYLINE
8
Layer 1
62
7
70
0
10
0.000000
20
0.000000
66
1
0
VERTEX
8
Layer 1
10
543.748800
20
4347.497600
70
0
0
VERTEX
8
Layer 1
10
544.009166
20
4344.857821
70
0
0
VERTEX
8
Layer 1
10
544.781709
20
4342.511591
70
0
0
VERTEX
8
Layer 1
10
546.053598
20
4340.476914
70
0
0
VERTEX
8
Layer 1
10
547.812000
20
4338.771800
70
0
0
VERTEX
8
Layer 1
10
550.044083
20
4337.414254
70
0
0
VERTEX
8
Layer 1
10
552.737016
20
4336.422284
70
0
0
VERTEX
8
Layer 1
10
555.877965
20
4335.813897
70
0
0
VERTEX
8
Layer 1
10
559.454100
20
4335.607100
70
0
0
SEQEND
8
Layer 1
0
POLYLINE
8
Layer 1
62
7
70
0
10
0.000000
20
0.000000
66
1
0
VERTEX
8
Layer 1
10
559.454100
20
4359.388100
70
0
0
VERTEX
8
Layer 1
10
555.877965
20
4359.181303
70
0
0
VERTEX
8
Layer 1
10
552.737016
20
4358.572916
70
0
0
VERTEX
8
Layer 1
10
550.044083
20
4357.580946
70
0
0
VERTEX
8
Layer 1
10
547.812000
20
4356.223400
70
0
0
VERTEX
8
Layer 1
10
546.053598
20
4354.518286
70
0
0
VERTEX
8
Layer 1
10
544.781709
20
4352.483609
70
0
0
VERTEX
8
Layer 1
10
544.009166
20
4350.137379
70
0
0
VERTEX
8
Layer 1
10
543.748800
20
4347.497600
70
0
0
SEQEND
8
Layer 1
0
POLYLINE
8
Layer 1
62
7
70
0
10
0.000000
20
0.000000
66
1
0
VERTEX
8
Layer 1
10
575.115300
20
4347.497600
70
0
0
VERTEX
8
Layer 1
10
574.856833
20
4350.137379
70
0
0
VERTEX
8
Layer 1
10
574.089295
20
4352.483609
70
0
0
VERTEX
8
Layer 1
10
572.824482
20
4354.518286
70
0
0
VERTEX
8
Layer 1
10
571.074188
20
4356.223400
70
0
0
VERTEX
8
Layer 1
10
568.850207
20
4357.580946
70
0
0
VERTEX
8
Layer 1
10
566.164336
20
4358.572916
70
0
0
VERTEX
8
Layer 1
10
563.028369
20
4359.181303
70
0
0
VERTEX
8
Layer 1
10
559.454100
20
4359.388100
70
0
0
SEQEND
8
Layer 1
0
POLYLINE
8
Layer 1
62
7
70
0
10
0.000000
20
0.000000
66
1
0
VERTEX
8
Layer 1
10
559.454100
20
4335.607100
70
0
0
VERTEX
8
Layer 1
10
563.028369
20
4335.813897
70
0
0
VERTEX
8
Layer 1
10
566.164336
20
4336.422284
70
0
0
VERTEX
8
Layer 1
10
568.850207
20
4337.414254
70
0
0
VERTEX
8
Layer 1
10
571.074188
20
4338.771800
70
0
0
VERTEX
8
Layer 1
10
572.824482
20
4340.476914
70
0
0
VERTEX
8
Layer 1
10
574.089295
20
4342.511591
70
0
0
VERTEX
8
Layer 1
10
574.856833
20
4344.857821
70
0
0
VERTEX
8
Layer 1
10
575.115300
20
4347.497600
70
0
0
SEQEND
8
Layer 1
0
POLYLINE
8
Layer 1
62
7
70
0
10
0.000000
20
0.000000
66
1
0
VERTEX
8
Layer 1
10
546.867500
20
4347.497600
70
0
0
VERTEX
8
Layer 1
10
547.036417
20
4349.165330
70
0
0
VERTEX
8
Layer 1
10
547.559025
20
4350.693236
70
0
0
VERTEX
8
Layer 1
10
548.459108
20
4352.055877
70
0
0
VERTEX
8
Layer 1
10
549.760450
20
4353.227812
70
0
0
VERTEX
8
Layer 1
10
551.486836
20
4354.183603
70
0
0
VERTEX
8
Layer 1
10
553.662050
20
4354.897808
70
0
0
VERTEX
8
Layer 1
10
556.309877
20
4355.344987
70
0
0
VERTEX
8
Layer 1
10
559.454100
20
4355.499700
70
0
0
SEQEND
8
Layer 1
0
POLYLINE
8
Layer 1
62
7
70
0
10
0.000000
20
0.000000
66
1
0
VERTEX
8
Layer 1
10
549.348900
20
4342.072600
70
0
0
VERTEX
8
Layer 1
10
548.219188
20
4343.187036
70
0
0
VERTEX
8
Layer 1
10
547.448650
20
4344.479887
70
0
0
VERTEX
8
Layer 1
10
547.007888
20
4345.925345
70
0
0
VERTEX
8
Layer 1
10
546.867500
20
4347.497600
70
0
0
SEQEND
8
Layer 1
0
POLYLINE
8
Layer 1
62
7
70
0
10
0.000000
20
0.000000
66
1
0
VERTEX
8
Layer 1
10
567.031900
20
4354.234000
70
0
0
VERTEX
8
Layer 1
10
549.348900
20
4342.073000
70
0
0
SEQEND
8
Layer 1
0
POLYLINE
8
Layer 1
62
7
70
0
10
0.000000
20
0.000000
66
1
0
VERTEX
8
Layer 1
10
559.454100
20
4355.499700
70
0
0
VERTEX
8
Layer 1
10
561.703813
20
4355.425087
70
0
0
VERTEX
8
Layer 1
10
563.716750
20
4355.189250
70
0
0
VERTEX
8
Layer 1
10
565.492913
20
4354.792187
70
0
0
VERTEX
8
Layer 1
10
567.032300
20
4354.233900
70
0
0
SEQEND
8
Layer 1
0
POLYLINE
8
Layer 1
62
7
70
0
10
0.000000
20
0.000000
66
1
0
VERTEX
8
Layer 1
10
551.965900
20
4340.716000
70
0
0
VERTEX
8
Layer 1
10
569.603900
20
4352.878000
70
0
0
SEQEND
8
Layer 1
0
POLYLINE
8
Layer 1
62
7
70
0
10
0.000000
20
0.000000
66
1
0
VERTEX
8
Layer 1
10
559.454100
20
4339.495600
70
0
0
VERTEX
8
Layer 1
10
557.192900
20
4339.571786
70
0
0
VERTEX
8
Layer 1
10
555.202150
20
4339.800438
70
0
0
VERTEX
8
Layer 1
10
553.465275
20
4340.181695
70
0
0
VERTEX
8
Layer 1
10
551.965700
20
4340.715700
70
0
0
SEQEND
8
Layer 1
0
POLYLINE
8
Layer 1
62
7
70
0
10
0.000000
20
0.000000
66
1
0
VERTEX
8
Layer 1
10
572.040800
20
4347.497600
70
0
0
VERTEX
8
Layer 1
10
571.834878
20
4345.725940
70
0
0
VERTEX
8
Layer 1
10
571.222402
20
4344.149261
70
0
0
VERTEX
8
Layer 1
10
570.211302
20
4342.780273
70
0
0
VERTEX
8
Layer 1
10
568.809513
20
4341.631687
70
0
0
VERTEX
8
Layer 1
10
567.024965
20
4340.716216
70
0
0
VERTEX
8
Layer 1
10
564.865592
20
4340.046570
70
0
0
VERTEX
8
Layer 1
10
562.339326
20
4339.635461
70
0
0
VERTEX
8
Layer 1
10
559.454100
20
4339.495600
70
0
0
SEQEND
8
Layer 1
0
POLYLINE
8
Layer 1
62
7
70
0
10
0.000000
20
0.000000
66
1
0
VERTEX
8
Layer 1
10
569.603500
20
4352.878400
70
0
0
VERTEX
8
Layer 1
10
570.689070
20
4351.751211
70
0
0
VERTEX
8
Layer 1
10
571.448588
20
4350.476112
70
0
0
VERTEX
8
Layer 1
10
571.894886
20
4349.056958
70
0
0
VERTEX
8
Layer 1
10
572.040800
20
4347.497600
70
0
0
SEQEND
8
Layer 1
0
POLYLINE
8
Layer 1
62
7
70
0
10
0.000000
20
0.000000
66
1
0
VERTEX
8
Layer 1
10
544.313900
20
4330.396000
70
0
0
VERTEX
8
Layer 1
10
544.313900
20
4326.959000
70
0
0
SEQEND
8
Layer 1
0
POLYLINE
8
Layer 1
62
7
70
0
10
0.000000
20
0.000000
66
1
0
VERTEX
8
Layer 1
10
566.731900
20
4330.396000
70
0
0
VERTEX
8
Layer 1
10
544.313900
20
4330.396000
70
0
0
SEQEND
8
Layer 1
0
POLYLINE
8
Layer 1
62
7
70
0
10
0.000000
20
0.000000
66
1
0
VERTEX
8
Layer 1
10
566.731900
20
4327.637000
70
0
0
VERTEX
8
Layer 1
10
566.731900
20
4330.396000
70
0
0
SEQEND
8
Layer 1
0
POLYLINE
8
Layer 1
62
7
70
0
10
0.000000
20
0.000000
66
1
0
VERTEX
8
Layer 1
10
564.353900
20
4327.186000
70
0
0
VERTEX
8
Layer 1
10
566.731900
20
4327.637000
70
0
0
SEQEND
8
Layer 1
0
POLYLINE
8
Layer 1
62
7
70
0
10
0.000000
20
0.000000
66
1
0
VERTEX
8
Layer 1
10
567.203000
20
4322.347900
70
0
0
VERTEX
8
Layer 1
10
566.967666
20
4324.000148
70
0
0
VERTEX
8
Layer 1
10
566.338000
20
4325.360037
70
0
0
VERTEX
8
Layer 1
10
565.428509
20
4326.423283
70
0
0
VERTEX
8
Layer 1
10
564.353700
20
4327.185600
70
0
0
SEQEND
8
Layer 1
0
POLYLINE
8
Layer 1
62
7
70
0
10
0.000000
20
0.000000
66
1
0
VERTEX
8
Layer 1
10
564.308100
20
4317.691200
70
0
0
VERTEX
8
Layer 1
10
565.523516
20
4318.380292
70
0
0
VERTEX
8
Layer 1
10
566.433850
20
4319.374888
70
0
0
VERTEX
8
Layer 1
10
567.005034
20
4320.691814
70
0
0
VERTEX
8
Layer 1
10
567.203000
20
4322.347900
70
0
0
SEQEND
8
Layer 1
0
POLYLINE
8
Layer 1
62
7
70
0
10
0.000000
20
0.000000
66
1
0
VERTEX
8
Layer 1
10
567.203000
20
4312.672400
70
0
0
VERTEX
8
Layer 1
10
566.960527
20
4314.416480
70
0
0
VERTEX
8
Layer 1
10
566.315163
20
4315.842962
70
0
0
VERTEX
8
Layer 1
10
565.389992
20
4316.938864
70
0
0
VERTEX
8
Layer 1
10
564.308100
20
4317.691200
70
0
0
SEQEND
8
Layer 1
0
POLYLINE
8
Layer 1
62
7
70
0
10
0.000000
20
0.000000
66
1
0
VERTEX
8
Layer 1
10
561.239400
20
4307.428400
70
0
0
VERTEX
8
Layer 1
10
562.506848
20
4307.503537
70
0
0
VERTEX
8
Layer 1
10
563.657056
20
4307.732834
70
0
0
VERTEX
8
Layer 1
10
564.674074
20
4308.122121
70
0
0
VERTEX
8
Layer 1
10
565.541950
20
4308.677225
70
0
0
VERTEX
8
Layer 1
10
566.244732
20
4309.403976
70
0
0
VERTEX
8
Layer 1
10
566.766469
20
4310.308203
70
0
0
VERTEX
8
Layer 1
10
567.091209
20
4311.395735
70
0
0
VERTEX
8
Layer 1
10
567.203000
20
4312.672400
70
0
0
SEQEND
8
Layer 1
0
POLYLINE
8
Layer 1
62
7
70
0
10
0.000000
20
0.000000
66
1
0
VERTEX
8
Layer 1
10
544.313900
20
4307.428000
70
0
0
VERTEX
8
Layer 1
10
561.238900
20
4307.428000
70
0
0
SEQEND
8
Layer 1
0
POLYLINE
8
Layer 1
62
7
70
0
10
0.000000
20
0.000000
66
1
0
VERTEX
8
Layer 1
10
544.313900
20
4310.864000
70
0
0
VERTEX
8
Layer 1
10
544.313900
20
4307.428000
70
0
0
SEQEND
8
Layer 1
0
POLYLINE
8
Layer 1
62
7
70
0
10
0.000000
20
0.000000
66
1
0
VERTEX
8
Layer 1
10
560.064900
20
4310.864000
70
0
0
VERTEX
8
Layer 1
10
544.313900
20
4310.864000
70
0
0
SEQEND
8
Layer 1
0
POLYLINE
8
Layer 1
62
7
70
0
10
0.000000
20
0.000000
66
1
0
VERTEX
8
Layer 1
10
564.037200
20
4313.712900
70
0
0
VERTEX
8
Layer 1
10
563.968353
20
4313.006087
70
0
0
VERTEX
8
Layer 1
10
563.765686
20
4312.409013
70
0
0
VERTEX
8
Layer 1
10
563.435010
20
4311.916901
70
0
0
VERTEX
8
Layer 1
10
562.982138
20
4311.524975
70
0
0
VERTEX
8
Layer 1
10
561.733045
20
4311.022575
70
0
0
VERTEX
8
Layer 1
10
560.064900
20
4310.863600
70
0
0
SEQEND
8
Layer 1
0
POLYLINE
8
Layer 1
62
7
70
0
10
0.000000
20
0.000000
66
1
0
VERTEX
8
Layer 1
10
559.162700
20
4317.193700
70
0
0
VERTEX
8
Layer 1
10
561.295308
20
4316.935856
70
0
0
VERTEX
8
Layer 1
10
562.133113
20
4316.628662
70
0
0
VERTEX
8
Layer 1
10
562.818588
20
4316.216050
70
0
0
VERTEX
8
Layer 1
10
563.351732
20
4315.708095
70
0
0
VERTEX
8
Layer 1
10
563.732548
20
4315.114869
70
0
0
VERTEX
8
Layer 1
10
563.961037
20
4314.446446
70
0
0
VERTEX
8
Layer 1
10
564.037200
20
4313.712900
70
0
0
SEQEND
8
Layer 1
0
POLYLINE
8
Layer 1
62
7
70
0
10
0.000000
20
0.000000
66
1
0
VERTEX
8
Layer 1
10
544.313900
20
4317.194000
70
0
0
VERTEX
8
Layer 1
10
559.162900
20
4317.194000
70
0
0
SEQEND
8
Layer 1
0
POLYLINE
8
Layer 1
62
7
70
0
10
0.000000
20
0.000000
66
1
0
VERTEX
8
Layer 1
10
544.313900
20
4320.630000
70
0
0
VERTEX
8
Layer 1
10
544.313900
20
4317.194000
70
0
0
SEQEND
8
Layer 1
0
POLYLINE
8
Layer 1
62
7
70
0
10
0.000000
20
0.000000
66
1
0
VERTEX
8
Layer 1
10
560.110900
20
4320.630000
70
0
0
VERTEX
8
Layer 1
10
544.313900
20
4320.630000
70
0
0
SEQEND
8
Layer 1
0
POLYLINE
8
Layer 1
62
7
70
0
10
0.000000
20
0.000000
66
1
0
VERTEX
8
Layer 1
10
564.037200
20
4323.432600
70
0
0
VERTEX
8
Layer 1
10
563.968442
20
4322.728208
70
0
0
VERTEX
8
Layer 1
10
563.766398
20
4322.136647
70
0
0
VERTEX
8
Layer 1
10
563.437415
20
4321.652087
70
0
0
VERTEX
8
Layer 1
10
562.987838
20
4321.268700
70
0
0
VERTEX
8
Layer 1
10
561.752283
20
4320.782128
70
0
0
VERTEX
8
Layer 1
10
560.110500
20
4320.630300
70
0
0
SEQEND
8
Layer 1
0
POLYLINE
8
Layer 1
62
7
70
0
10
0.000000
20
0.000000
66
1
0
VERTEX
8
Layer 1
10
559.117100
20
4326.959000
70
0
0
VERTEX
8
Layer 1
10
561.256833
20
4326.694228
70
0
0
VERTEX
8
Layer 1
10
562.101941
20
4326.379903
70
0
0
VERTEX
8
Layer 1
10
562.795788
20
4325.959075
70
0
0
VERTEX
8
Layer 1
10
563.337304
20
4325.442838
70
0
0
VERTEX
8
Layer 1
10
563.725423
20
4324.842284
70
0
0
VERTEX
8
Layer 1
10
563.959078
20
4324.168507
70
0
0
VERTEX
8
Layer 1
10
564.037200
20
4323.432600
70
0
0
SEQEND
8
Layer 1
0
POLYLINE
8
Layer 1
62
7
70
0
10
0.000000
20
0.000000
66
1
0
VERTEX
8
Layer 1
10
544.313900
20
4326.959000
70
0
0
VERTEX
8
Layer 1
10
559.116900
20
4326.959000
70
0
0
SEQEND
8
Layer 1
0
POLYLINE
8
Layer 1
62
7
70
0
10
0.000000
20
0.000000
66
1
0
VERTEX
8
Layer 1
10
544.313900
20
4301.855000
70
0
0
VERTEX
8
Layer 1
10
544.313900
20
4298.418000
70
0
0
SEQEND
8
Layer 1
0
POLYLINE
8
Layer 1
62
7
70
0
10
0.000000
20
0.000000
66
1
0
VERTEX
8
Layer 1
10
566.731900
20
4301.855000
70
0
0
VERTEX
8
Layer 1
10
544.313900
20
4301.855000
70
0
0
SEQEND
8
Layer 1
0
POLYLINE
8
Layer 1
62
7
70
0
10
0.000000
20
0.000000
66
1
0
VERTEX
8
Layer 1
10
566.731900
20
4299.097000
70
0
0
VERTEX
8
Layer 1
10
566.731900
20
4301.855000
70
0
0
SEQEND
8
Layer 1
0
POLYLINE
8
Layer 1
62
7
70
0
10
0.000000
20
0.000000
66
1
0
VERTEX
8
Layer 1
10
564.353900
20
4298.645000
70
0
0
VERTEX
8
Layer 1
10
566.731900
20
4299.097000
70
0
0
SEQEND
8
Layer 1
0
POLYLINE
8
Layer 1
62
7
70
0
10
0.000000
20
0.000000
66
1
0
VERTEX
8
Layer 1
10
567.203000
20
4293.807100
70
0
0
VERTEX
8
Layer 1
10
566.967666
20
4295.459406
70
0
0
VERTEX
8
Layer 1
10
566.338000
20
4296.819325
70
0
0
VERTEX
8
Layer 1
10
565.428509
20
4297.882581
70
0
0
VERTEX
8
Layer 1
10
564.353700
20
4298.644900
70
0
0
SEQEND
8
Layer 1
0
POLYLINE
8
Layer 1
62
7
70
0
10
0.000000
20
0.000000
66
1
0
VERTEX
8
Layer 1
10
564.308100
20
4289.150400
70
0
0
VERTEX
8
Layer 1
10
565.523516
20
4289.839548
70
0
0
VERTEX
8
Layer 1
10
566.433850
20
4290.834162
70
0
0
VERTEX
8
Layer 1
10
567.005034
20
4292.151070
70
0
0
VERTEX
8
Layer 1
10
567.203000
20
4293.807100
70
0
0
SEQEND
8
Layer 1
0
POLYLINE
8
Layer 1
62
7
70
0
10
0.000000
20
0.000000
66
1
0
VERTEX
8
Layer 1
10
567.203000
20
4284.131700
70
0
0
VERTEX
8
Layer 1
10
566.960527
20
4285.875778
70
0
0
VERTEX
8
Layer 1
10
566.315163
20
4287.302250
70
0
0
VERTEX
8
Layer 1
10
565.389992
20
4288.398122
70
0
0
VERTEX
8
Layer 1
10
564.308100
20
4289.150400
70
0
0
SEQEND
8
Layer 1
0
POLYLINE
8
Layer 1
62
7
70
0
10
0.000000
20
0.000000
66
1
0
VERTEX
8
Layer 1
10
561.239400
20
4278.887700
70
0
0
VERTEX
8
Layer 1
10
562.506848
20
4278.962837
70
0
0
VERTEX
8
Layer 1
10
563.657056
20
4279.192134
70
0
0
VERTEX
8
Layer 1
10
564.674074
20
4279.581421
70
0
0
VERTEX
8
Layer 1
10
565.541950
20
4280.136525
70
0
0
VERTEX
8
Layer 1
10
566.244732
20
4280.863276
70
0
0
VERTEX
8
Layer 1
10
566.766469
20
4281.767503
70
0
0
VERTEX
8
Layer 1
10
567.091209
20
4282.855035
70
0
0
VERTEX
8
Layer 1
10
567.203000
20
4284.131700
70
0
0
SEQEND
8
Layer 1
0
POLYLINE
8
Layer 1
62
7
70
0
10
0.000000
20
0.000000
66
1
0
VERTEX
8
Layer 1
10
544.313900
20
4278.888000
70
0
0
VERTEX
8
Layer 1
10
561.238900
20
4278.888000
70
0
0
SEQEND
8
Layer 1
0
POLYLINE
8
Layer 1
62
7
70
0
10
0.000000
20
0.000000
66
1
0
VERTEX
8
Layer 1
10
544.313900
20
4282.323000
70
0
0
VERTEX
8
Layer 1
10
544.313900
20
4278.888000
70
0
0
SEQEND
8
Layer 1
0
POLYLINE
8
Layer 1
62
7
70
0
10
0.000000
20
0.000000
66
1
0
VERTEX
8
Layer 1
10
560.064900
20
4282.323000
70
0
0
VERTEX
8
Layer 1
10
544.313900
20
4282.323000
70
0
0
SEQEND
8
Layer 1
0
POLYLINE
8
Layer 1
62
7
70
0
10
0.000000
20
0.000000
66
1
0
VERTEX
8
Layer 1
10
564.037200
20
4285.172200
70
0
0
VERTEX
8
Layer 1
10
563.968353
20
4284.465354
70
0
0
VERTEX
8
Layer 1
10
563.765686
20
4283.868255
70
0
0
VERTEX
8
Layer 1
10
563.435010
20
4283.376125
70
0
0
VERTEX
8
Layer 1
10
562.982138
20
4282.984188
70
0
0
VERTEX
8
Layer 1
10
561.733045
20
4282.481777
70
0
0
VERTEX
8
Layer 1
10
560.064900
20
4282.322800
70
0
0
SEQEND
8
Layer 1
0
POLYLINE
8
Layer 1
62
7
70
0
10
0.000000
20
0.000000
66
1
0
VERTEX
8
Layer 1
10
559.162700
20
4288.653000
70
0
0
VERTEX
8
Layer 1
10
561.295308
20
4288.395156
70
0
0
VERTEX
8
Layer 1
10
562.133113
20
4288.087962
70
0
0
VERTEX
8
Layer 1
10
562.818588
20
4287.675350
70
0
0
VERTEX
8
Layer 1
10
563.351732
20
4287.167395
70
0
0
VERTEX
8
Layer 1
10
563.732548
20
4286.574169
70
0
0
VERTEX
8
Layer 1
10
563.961037
20
4285.905746
70
0
0
VERTEX
8
Layer 1
10
564.037200
20
4285.172200
70
0
0
SEQEND
8
Layer 1
0
POLYLINE
8
Layer 1
62
7
70
0
10
0.000000
20
0.000000
66
1
0
VERTEX
8
Layer 1
10
544.313900
20
4288.653000
70
0
0
VERTEX
8
Layer 1
10
559.162900
20
4288.653000
70
0
0
SEQEND
8
Layer 1
0
POLYLINE
8
Layer 1
62
7
70
0
10
0.000000
20
0.000000
66
1
0
VERTEX
8
Layer 1
10
544.313900
20
4292.090000
70
0
0
VERTEX
8
Layer 1
10
544.313900
20
4288.653000
70
0
0
SEQEND
8
Layer 1
0
POLYLINE
8
Layer 1
62
7
70
0
10
0.000000
20
0.000000
66
1
0
VERTEX
8
Layer 1
10
560.110900
20
4292.090000
70
0
0
VERTEX
8
Layer 1
10
544.313900
20
4292.090000
70
0
0
SEQEND
8
Layer 1
0
POLYLINE
8
Layer 1
62
7
70
0
10
0.000000
20
0.000000
66
1
0
VERTEX
8
Layer 1
10
564.037200
20
4294.891800
70
0
0
VERTEX
8
Layer 1
10
563.968442
20
4294.187412
70
0
0
VERTEX
8
Layer 1
10
563.766398
20
4293.595862
70
0
0
VERTEX
8
Layer 1
10
563.437415
20
4293.111319
70
0
0
VERTEX
8
Layer 1
10
562.987838
20
4292.727950
70
0
0
VERTEX
8
Layer 1
10
561.752283
20
4292.241412
70
0
0
VERTEX
8
Layer 1
10
560.110500
20
4292.089600
70
0
0
SEQEND
8
Layer 1
0
POLYLINE
8
Layer 1
62
7
70
0
10
0.000000
20
0.000000
66
1
0
VERTEX
8
Layer 1
10
559.117100
20
4298.418200
70
0
0
VERTEX
8
Layer 1
10
561.256833
20
4298.153442
70
0
0
VERTEX
8
Layer 1
10
562.101941
20
4297.839129
70
0
0
VERTEX
8
Layer 1
10
562.795788
20
4297.418312
70
0
0
VERTEX
8
Layer 1
10
563.337304
20
4296.902082
70
0
0
VERTEX
8
Layer 1
10
563.725423
20
4296.301527
70
0
0
VERTEX
8
Layer 1
10
563.959078
20
4295.627736
70
0
0
VERTEX
8
Layer 1
10
564.037200
20
4294.891800
70
0
0
SEQEND
8
Layer 1
0
POLYLINE
8
Layer 1
62
7
70
0
10
0.000000
20
0.000000
66
1
0
VERTEX
8
Layer 1
10
544.313900
20
4298.418000
70
0
0
VERTEX
8
Layer 1
10
559.116900
20
4298.418000
70
0
0
SEQEND
8
Layer 1
0
POLYLINE
8
Layer 1
62
7
70
0
10
0.000000
20
0.000000
66
1
0
VERTEX
8
Layer 1
10
559.172900
20
4236.952000
70
0
0
VERTEX
8
Layer 1
10
564.145900
20
4233.335000
70
0
0
SEQEND
8
Layer 1
0
POLYLINE
8
Layer 1
62
7
70
0
10
0.000000
20
0.000000
66
1
0
VERTEX
8
Layer 1
10
560.665900
20
4239.076000
70
0
0
VERTEX
8
Layer 1
10
559.172900
20
4236.952000
70
0
0
SEQEND
8
Layer 1
0
POLYLINE
8
Layer 1
62
7
70
0
10
0.000000
20
0.000000
66
1
0
VERTEX
8
Layer 1
10
565.773900
20
4235.369000
70
0
0
VERTEX
8
Layer 1
10
560.665900
20
4239.076000
70
0
0
SEQEND
8
Layer 1
0
POLYLINE
8
Layer 1
62
7
70
0
10
0.000000
20
0.000000
66
1
0
VERTEX
8
Layer 1
10
567.627900
20
4241.382000
70
0
0
VERTEX
8
Layer 1
10
565.773900
20
4235.369000
70
0
0
SEQEND
8
Layer 1
0
POLYLINE
8
Layer 1
62
7
70
0
10
0.000000
20
0.000000
66
1
0
VERTEX
8
Layer 1
10
570.113900
20
4240.614000
70
0
0
VERTEX
8
Layer 1
10
567.627900
20
4241.382000
70
0
0
SEQEND
8
Layer 1
0
POLYLINE
8
Layer 1
62
7
70
0
10
0.000000
20
0.000000
66
1
0
VERTEX
8
Layer 1
10
568.169900
20
4234.600000
70
0
0
VERTEX
8
Layer 1
10
570.113900
20
4240.614000
70
0
0
SEQEND
8
Layer 1
0
POLYLINE
8
Layer 1
62
7
70
0
10
0.000000
20
0.000000
66
1
0
VERTEX
8
Layer 1
10
574.455900
20
4234.600000
70
0
0
VERTEX
8
Layer 1
10
568.169900
20
4234.600000
70
0
0
SEQEND
8
Layer 1
0
POLYLINE
8
Layer 1
62
7
70
0
10
0.000000
20
0.000000
66
1
0
VERTEX
8
Layer 1
10
574.455900
20
4232.023000
70
0
0
VERTEX
8
Layer 1
10
574.455900
20
4234.600000
70
0
0
SEQEND
8
Layer 1
0
POLYLINE
8
Layer 1
62
7
70
0
10
0.000000
20
0.000000
66
1
0
VERTEX
8
Layer 1
10
568.169900
20
4232.023000
70
0
0
VERTEX
8
Layer 1
10
574.455900
20
4232.023000
70
0
0
SEQEND
8
Layer 1
0
POLYLINE
8
Layer 1
62
7
70
0
10
0.000000
20
0.000000
66
1
0
VERTEX
8
Layer 1
10
570.113900
20
4226.055000
70
0
0
VERTEX
8
Layer 1
10
568.169900
20
4232.023000
70
0
0
SEQEND
8
Layer 1
0
POLYLINE
8
Layer 1
62
7
70
0
10
0.000000
20
0.000000
66
1
0
VERTEX
8
Layer 1
10
567.627900
20
4225.241000
70
0
0
VERTEX
8
Layer 1
10
570.113900
20
4226.055000
70
0
0
SEQEND
8
Layer 1
0
POLYLINE
8
Layer 1
62
7
70
0
10
0.000000
20
0.000000
66
1
0
VERTEX
8
Layer 1
10
565.773900
20
4231.255000
70
0
0
VERTEX
8
Layer 1
10
567.627900
20
4225.241000
70
0
0
SEQEND
8
Layer 1
0
POLYLINE
8
Layer 1
62
7
70
0
10
0.000000
20
0.000000
66
1
0
VERTEX
8
Layer 1
10
560.665900
20
4227.502000
70
0
0
VERTEX
8
Layer 1
10
565.773900
20
4231.255000
70
0
0
SEQEND
8
Layer 1
0
POLYLINE
8
Layer 1
62
7
70
0
10
0.000000
20
0.000000
66
1
0
VERTEX
8
Layer 1
10
559.128900
20
4229.582000
70
0
0
VERTEX
8
Layer 1
10
560.665900
20
4227.502000
70
0
0
SEQEND
8
Layer 1
0
POLYLINE
8
Layer 1
62
7
70
0
10
0.000000
20
0.000000
66
1
0
VERTEX
8
Layer 1
10
564.145900
20
4233.335000
70
0
0
VERTEX
8
Layer 1
10
559.128900
20
4229.582000
70
0
0
SEQEND
8
Layer 1
0
POLYLINE
8
Layer 1
62
7
70
0
10
0.000000
20
0.000000
66
1
0
VERTEX
8
Layer 1
10
544.313900
20
4185.296000
70
0
0
VERTEX
8
Layer 1
10
544.313900
20
4166.804000
70
0
0
SEQEND
8
Layer 1
0
POLYLINE
8
Layer 1
62
7
70
0
10
0.000000
20
0.000000
66
1
0
VERTEX
8
Layer 1
10
547.567900
20
4185.296000
70
0
0
VERTEX
8
Layer 1
10
544.313900
20
4185.296000
70
0
0
SEQEND
8
Layer 1
0
POLYLINE
8
Layer 1
62
7
70
0
10
0.000000
20
0.000000
66
1
0
VERTEX
8
Layer 1
10
547.567900
20
4177.565000
70
0
0
VERTEX
8
Layer 1
10
547.567900
20
4185.296000
70
0
0
SEQEND
8
Layer 1
0
POLYLINE
8
Layer 1
62
7
70
0
10
0.000000
20
0.000000
66
1
0
VERTEX
8
Layer 1
10
567.270900
20
4177.565000
70
0
0
VERTEX
8
Layer 1
10
547.567900
20
4177.565000
70
0
0
SEQEND
8
Layer 1
0
POLYLINE
8
Layer 1
62
7
70
0
10
0.000000
20
0.000000
66
1
0
VERTEX
8
Layer 1
10
567.270900
20
4185.386000
70
0
0
VERTEX
8
Layer 1
10
567.270900
20
4177.565000
70
0
0
SEQEND
8
Layer 1
0
POLYLINE
8
Layer 1
62
7
70
0
10
0.000000
20
0.000000
66
1
0
VERTEX
8
Layer 1
10
570.216900
20
4185.386000
70
0
0
VERTEX
8
Layer 1
10
567.270900
20
4185.386000
70
0
0
SEQEND
8
Layer 1
0
POLYLINE
8
Layer 1
62
7
70
0
10
0.000000
20
0.000000
66
1
0
VERTEX
8
Layer 1
10
574.550200
20
4176.479900
70
0
0
VERTEX
8
Layer 1
10
573.301683
20
4177.014562
70
0
0
VERTEX
8
Layer 1
10
572.312189
20
4177.680587
70
0
0
VERTEX
8
Layer 1
10
571.553191
20
4178.494944
70
0
0
VERTEX
8
Layer 1
10
570.996163
20
4179.474600
70
0
0
VERTEX
8
Layer 1
10
570.612576
20
4180.636525
70
0
0
VERTEX
8
Layer 1
10
570.373905
20
4181.997687
70
0
0
VERTEX
8
Layer 1
10
570.217200
20
4185.385600
70
0
0
SEQEND
8
Layer 1
0
POLYLINE
8
Layer 1
62
7
70
0
10
0.000000
20
0.000000
66
1
0
VERTEX
8
Layer 1
10
574.549900
20
4173.766000
70
0
0
VERTEX
8
Layer 1
10
574.549900
20
4176.480000
70
0
0
SEQEND
8
Layer 1
0
POLYLINE
8
Layer 1
62
7
70
0
10
0.000000
20
0.000000
66
1
0
VERTEX
8
Layer 1
10
547.567900
20
4173.766000
70
0
0
VERTEX
8
Layer 1
10
574.549900
20
4173.766000
70
0
0
SEQEND
8
Layer 1
0
POLYLINE
8
Layer 1
62
7
70
0
10
0.000000
20
0.000000
66
1
0
VERTEX
8
Layer 1
10
547.567900
20
4166.804000
70
0
0
VERTEX
8
Layer 1
10
547.567900
20
4173.766000
70
0
0
SEQEND
8
Layer 1
0
POLYLINE
8
Layer 1
62
7
70
0
10
0.000000
20
0.000000
66
1
0
VERTEX
8
Layer 1
10
544.313900
20
4166.804000
70
0
0
VERTEX
8
Layer 1
10
547.567900
20
4166.804000
70
0
0
SEQEND
8
Layer 1
0
POLYLINE
8
Layer 1
62
7
70
0
10
0.000000
20
0.000000
66
1
0
VERTEX
8
Layer 1
10
543.748800
20
4147.712500
70
0
0
VERTEX
8
Layer 1
10
544.009166
20
4145.072721
70
0
0
VERTEX
8
Layer 1
10
544.781709
20
4142.726491
70
0
0
VERTEX
8
Layer 1
10
546.053598
20
4140.691814
70
0
0
VERTEX
8
Layer 1
10
547.812000
20
4138.986700
70
0
0
VERTEX
8
Layer 1
10
550.044083
20
4137.629154
70
0
0
VERTEX
8
Layer 1
10
552.737016
20
4136.637184
70
0
0
VERTEX
8
Layer 1
10
555.877965
20
4136.028797
70
0
0
VERTEX
8
Layer 1
10
559.454100
20
4135.822000
70
0
0
SEQEND
8
Layer 1
0
POLYLINE
8
Layer 1
62
7
70
0
10
0.000000
20
0.000000
66
1
0
VERTEX
8
Layer 1
10
559.454100
20
4159.603000
70
0
0
VERTEX
8
Layer 1
10
555.877965
20
4159.396203
70
0
0
VERTEX
8
Layer 1
10
552.737016
20
4158.787816
70
0
0
VERTEX
8
Layer 1
10
550.044083
20
4157.795846
70
0
0
VERTEX
8
Layer 1
10
547.812000
20
4156.438300
70
0
0
VERTEX
8
Layer 1
10
546.053598
20
4154.733186
70
0
0
VERTEX
8
Layer 1
10
544.781709
20
4152.698509
70
0
0
VERTEX
8
Layer 1
10
544.009166
20
4150.352279
70
0
0
VERTEX
8
Layer 1
10
543.748800
20
4147.712500
70
0
0
SEQEND
8
Layer 1
0
POLYLINE
8
Layer 1
62
7
70
0
10
0.000000
20
0.000000
66
1
0
VERTEX
8
Layer 1
10
575.115300
20
4147.712500
70
0
0
VERTEX
8
Layer 1
10
574.856833
20
4150.352279
70
0
0
VERTEX
8
Layer 1
10
574.089295
20
4152.698509
70
0
0
VERTEX
8
Layer 1
10
572.824482
20
4154.733186
70
0
0
VERTEX
8
Layer 1
10
571.074188
20
4156.438300
70
0
0
VERTEX
8
Layer 1
10
568.850207
20
4157.795846
70
0
0
VERTEX
8
Layer 1
10
566.164336
20
4158.787816
70
0
0
VERTEX
8
Layer 1
10
563.028369
20
4159.396203
70
0
0
VERTEX
8
Layer 1
10
559.454100
20
4159.603000
70
0
0
SEQEND
8
Layer 1
0
POLYLINE
8
Layer 1
62
7
70
0
10
0.000000
20
0.000000
66
1
0
VERTEX
8
Layer 1
10
559.454100
20
4135.822000
70
0
0
VERTEX
8
Layer 1
10
563.028369
20
4136.028797
70
0
0
VERTEX
8
Layer 1
10
566.164336
20
4136.637184
70
0
0
VERTEX
8
Layer 1
10
568.850207
20
4137.629154
70
0
0
VERTEX
8
Layer 1
10
571.074188
20
4138.986700
70
0
0
VERTEX
8
Layer 1
10
572.824482
20
4140.691814
70
0
0
VERTEX
8
Layer 1
10
574.089295
20
4142.726491
70
0
0
VERTEX
8
Layer 1
10
574.856833
20
4145.072721
70
0
0
VERTEX
8
Layer 1
10
575.115300
20
4147.712500
70
0
0
SEQEND
8
Layer 1
0
POLYLINE
8
Layer 1
62
7
70
0
10
0.000000
20
0.000000
66
1
0
VERTEX
8
Layer 1
10
546.867500
20
4147.712500
70
0
0
VERTEX
8
Layer 1
10
547.036417
20
4149.380230
70
0
0
VERTEX
8
Layer 1
10
547.559025
20
4150.908136
70
0
0
VERTEX
8
Layer 1
10
548.459108
20
4152.270777
70
0
0
VERTEX
8
Layer 1
10
549.760450
20
4153.442713
70
0
0
VERTEX
8
Layer 1
10
551.486836
20
4154.398503
70
0
0
VERTEX
8
Layer 1
10
553.662050
20
4155.112708
70
0
0
VERTEX
8
Layer 1
10
556.309877
20
4155.559887
70
0
0
VERTEX
8
Layer 1
10
559.454100
20
4155.714600
70
0
0
SEQEND
8
Layer 1
0
POLYLINE
8
Layer 1
62
7
70
0
10
0.000000
20
0.000000
66
1
0
VERTEX
8
Layer 1
10
549.348900
20
4142.287500
70
0
0
VERTEX
8
Layer 1
10
548.219188
20
4143.401936
70
0
0
VERTEX
8
Layer 1
10
547.448650
20
4144.694787
70
0
0
VERTEX
8
Layer 1
10
547.007888
20
4146.140245
70
0
0
VERTEX
8
Layer 1
10
546.867500
20
4147.712500
70
0
0
SEQEND
8
Layer 1
0
POLYLINE
8
Layer 1
62
7
70
0
10
0.000000
20
0.000000
66
1
0
VERTEX
8
Layer 1
10
567.031900
20
4154.449000
70
0
0
VERTEX
8
Layer 1
10
549.348900
20
4142.288000
70
0
0
SEQEND
8
Layer 1
0
POLYLINE
8
Layer 1
62
7
70
0
10
0.000000
20
0.000000
66
1
0
VERTEX
8
Layer 1
10
559.454100
20
4155.714600
70
0
0
VERTEX
8
Layer 1
10
561.703813
20
4155.639987
70
0
0
VERTEX
8
Layer 1
10
563.716750
20
4155.404150
70
0
0
VERTEX
8
Layer 1
10
565.492913
20
4155.007087
70
0
0
VERTEX
8
Layer 1
10
567.032300
20
4154.448800
70
0
0
SEQEND
8
Layer 1
0
POLYLINE
8
Layer 1
62
7
70
0
10
0.000000
20
0.000000
66
1
0
VERTEX
8
Layer 1
10
551.965900
20
4140.931000
70
0
0
VERTEX
8
Layer 1
10
569.603900
20
4153.093000
70
0
0
SEQEND
8
Layer 1
0
POLYLINE
8
Layer 1
62
7
70
0
10
0.000000
20
0.000000
66
1
0
VERTEX
8
Layer 1
10
559.454100
20
4139.710400
70
0
0
VERTEX
8
Layer 1
10
557.192900
20
4139.786586
70
0
0
VERTEX
8
Layer 1
10
555.202150
20
4140.015237
70
0
0
VERTEX
8
Layer 1
10
553.465275
20
4140.396495
70
0
0
VERTEX
8
Layer 1
10
551.965700
20
4140.930500
70
0
0
SEQEND
8
Layer 1
0
POLYLINE
8
Layer 1
62
7
70
0
10
0.000000
20
0.000000
66
1
0
VERTEX
8
Layer 1
10
572.040800
20
4147.712500
70
0
0
VERTEX
8
Layer 1
10
571.834878
20
4145.940836
70
0
0
VERTEX
8
Layer 1
10
571.222402
20
4144.364145
70
0
0
VERTEX
8
Layer 1
10
570.211302
20
4142.995141
70
0
0
VERTEX
8
Layer 1
10
568.809513
20
4141.846537
70
0
0
VERTEX
8
Layer 1
10
567.024965
20
4140.931048
70
0
0
VERTEX
8
Layer 1
10
564.865592
20
4140.261386
70
0
0
VERTEX
8
Layer 1
10
562.339326
20
4139.850265
70
0
0
VERTEX
8
Layer 1
10
559.454100
20
4139.710400
70
0
0
SEQEND
8
Layer 1
0
POLYLINE
8
Layer 1
62
7
70
0
10
0.000000
20
0.000000
66
1
0
VERTEX
8
Layer 1
10
569.603500
20
4153.093300
70
0
0
VERTEX
8
Layer 1
10
570.689070
20
4151.966111
70
0
0
VERTEX
8
Layer 1
10
571.448588
20
4150.691012
70
0
0
VERTEX
8
Layer 1
10
571.894886
20
4149.271858
70
0
0
VERTEX
8
Layer 1
10
572.040800
20
4147.712500
70
0
0
SEQEND
8
Layer 1
0
POLYLINE
8
Layer 1
62
7
70
0
10
0.000000
20
0.000000
66
1
0
VERTEX
8
Layer 1
10
543.748800
20
4119.171800
70
0
0
VERTEX
8
Layer 1
10
544.009166
20
4116.531993
70
0
0
VERTEX
8
Layer 1
10
544.781709
20
4114.185748
70
0
0
VERTEX
8
Layer 1
10
546.053598
20
4112.151071
70
0
0
VERTEX
8
Layer 1
10
547.812000
20
4110.445962
70
0
0
VERTEX
8
Layer 1
10
550.044083
20
4109.088428
70
0
0
VERTEX
8
Layer 1
10
552.737016
20
4108.096470
70
0
0
VERTEX
8
Layer 1
10
555.877965
20
4107.488093
70
0
0
VERTEX
8
Layer 1
10
559.454100
20
4107.281300
70
0
0
SEQEND
8
Layer 1
0
POLYLINE
8
Layer 1
62
7
70
0
10
0.000000
20
0.000000
66
1
0
VERTEX
8
Layer 1
10
559.454100
20
4131.062300
70
0
0
VERTEX
8
Layer 1
10
555.877965
20
4130.855503
70
0
0
VERTEX
8
Layer 1
10
552.737016
20
4130.247116
70
0
0
VERTEX
8
Layer 1
10
550.044083
20
4129.255146
70
0
0
VERTEX
8
Layer 1
10
547.812000
20
4127.897600
70
0
0
VERTEX
8
Layer 1
10
546.053598
20
4126.192486
70
0
0
VERTEX
8
Layer 1
10
544.781709
20
4124.157809
70
0
0
VERTEX
8
Layer 1
10
544.009166
20
4121.811579
70
0
0
VERTEX
8
Layer 1
10
543.748800
20
4119.171800
70
0
0
SEQEND
8
Layer 1
0
POLYLINE
8
Layer 1
62
7
70
0
10
0.000000
20
0.000000
66
1
0
VERTEX
8
Layer 1
10
575.115300
20
4119.171800
70
0
0
VERTEX
8
Layer 1
10
574.856833
20
4121.811579
70
0
0
VERTEX
8
Layer 1
10
574.089295
20
4124.157809
70
0
0
VERTEX
8
Layer 1
10
572.824482
20
4126.192486
70
0
0
VERTEX
8
Layer 1
10
571.074188
20
4127.897600
70
0
0
VERTEX
8
Layer 1
10
568.850207
20
4129.255146
70
0
0
VERTEX
8
Layer 1
10
566.164336
20
4130.247116
70
0
0
VERTEX
8
Layer 1
10
563.028369
20
4130.855503
70
0
0
VERTEX
8
Layer 1
10
559.454100
20
4131.062300
70
0
0
SEQEND
8
Layer 1
0
POLYLINE
8
Layer 1
62
7
70
0
10
0.000000
20
0.000000
66
1
0
VERTEX
8
Layer 1
10
559.454100
20
4107.281300
70
0
0
VERTEX
8
Layer 1
10
563.028369
20
4107.488093
70
0
0
VERTEX
8
Layer 1
10
566.164336
20
4108.096470
70
0
0
VERTEX
8
Layer 1
10
568.850207
20
4109.088428
70
0
0
VERTEX
8
Layer 1
10
571.074188
20
4110.445962
70
0
0
VERTEX
8
Layer 1
10
572.824482
20
4112.151071
70
0
0
VERTEX
8
Layer 1
10
574.089295
20
4114.185748
70
0
0
VERTEX
8
Layer 1
10
574.856833
20
4116.531993
70
0
0
VERTEX
8
Layer 1
10
575.115300
20
4119.171800
70
0
0
SEQEND
8
Layer 1
0
POLYLINE
8
Layer 1
62
7
70
0
10
0.000000
20
0.000000
66
1
0
VERTEX
8
Layer 1
10
546.867500
20
4119.171800
70
0
0
VERTEX
8
Layer 1
10
547.036417
20
4120.839526
70
0
0
VERTEX
8
Layer 1
10
547.559025
20
4122.367420
70
0
0
VERTEX
8
Layer 1
10
548.459108
20
4123.730045
70
0
0
VERTEX
8
Layer 1
10
549.760450
20
4124.901963
70
0
0
VERTEX
8
Layer 1
10
551.486836
20
4125.857735
70
0
0
VERTEX
8
Layer 1
10
553.662050
20
4126.571923
70
0
0
VERTEX
8
Layer 1
10
556.309877
20
4127.019091
70
0
0
VERTEX
8
Layer 1
10
559.454100
20
4127.173800
70
0
0
SEQEND
8
Layer 1
0
POLYLINE
8
Layer 1
62
7
70
0
10
0.000000
20
0.000000
66
1
0
VERTEX
8
Layer 1
10
549.348900
20
4113.746800
70
0
0
VERTEX
8
Layer 1
10
548.219188
20
4114.861236
70
0
0
VERTEX
8
Layer 1
10
547.448650
20
4116.154088
70
0
0
VERTEX
8
Layer 1
10
547.007888
20
4117.599545
70
0
0
VERTEX
8
Layer 1
10
546.867500
20
4119.171800
70
0
0
SEQEND
8
Layer 1
0
POLYLINE
8
Layer 1
62
7
70
0
10
0.000000
20
0.000000
66
1
0
VERTEX
8
Layer 1
10
567.031900
20
4125.908000
70
0
0
VERTEX
8
Layer 1
10
549.348900
20
4113.747000
70
0
0
SEQEND
8
Layer 1
0
POLYLINE
8
Layer 1
62
7
70
0
10
0.000000
20
0.000000
66
1
0
VERTEX
8
Layer 1
10
559.454100
20
4127.173800
70
0
0
VERTEX
8
Layer 1
10
561.703813
20
4127.099194
70
0
0
VERTEX
8
Layer 1
10
563.716750
20
4126.863375
70
0
0
VERTEX
8
Layer 1
10
565.492913
20
4126.466344
70
0
0
VERTEX
8
Layer 1
10
567.032300
20
4125.908100
70
0
0
SEQEND
8
Layer 1
0
POLYLINE
8
Layer 1
62
7
70
0
10
0.000000
20
0.000000
66
1
0
VERTEX
8
Layer 1
10
551.965900
20
4112.390000
70
0
0
VERTEX
8
Layer 1
10
569.603900
20
4124.553000
70
0
0
SEQEND
8
Layer 1
0
POLYLINE
8
Layer 1
62
7
70
0
10
0.000000
20
0.000000
66
1
0
VERTEX
8
Layer 1
10
559.454100
20
4111.169700
70
0
0
VERTEX
8
Layer 1
10
557.192900
20
4111.245886
70
0
0
VERTEX
8
Layer 1
10
555.202150
20
4111.474537
70
0
0
VERTEX
8
Layer 1
10
553.465275
20
4111.855795
70
0
0
VERTEX
8
Layer 1
10
551.965700
20
4112.389800
70
0
0
SEQEND
8
Layer 1
0
POLYLINE
8
Layer 1
62
7
70
0
10
0.000000
20
0.000000
66
1
0
VERTEX
8
Layer 1
10
572.040800
20
4119.171800
70
0
0
VERTEX
8
Layer 1
10
571.834878
20
4117.400107
70
0
0
VERTEX
8
Layer 1
10
571.222402
20
4115.823403
70
0
0
VERTEX
8
Layer 1
10
570.211302
20
4114.454397
70
0
0
VERTEX
8
Layer 1
10
568.809513
20
4113.305800
70
0
0
VERTEX
8
Layer 1
10
567.024965
20
4112.390321
70
0
0
VERTEX
8
Layer 1
10
564.865592
20
4111.720672
70
0
0
VERTEX
8
Layer 1
10
562.339326
20
4111.309561
70
0
0
VERTEX
8
Layer 1
10
559.454100
20
4111.169700
70
0
0
SEQEND
8
Layer 1
0
POLYLINE
8
Layer 1
62
7
70
0
10
0.000000
20
0.000000
66
1
0
VERTEX
8
Layer 1
10
569.603500
20
4124.552600
70
0
0
VERTEX
8
Layer 1
10
570.689070
20
4123.425397
70
0
0
VERTEX
8
Layer 1
10
571.448588
20
4122.150275
70
0
0
VERTEX
8
Layer 1
10
571.894886
20
4120.731116
70
0
0
VERTEX
8
Layer 1
10
572.040800
20
4119.171800
70
0
0
SEQEND
8
Layer 1
0
POLYLINE
8
Layer 1
62
7
70
0
10
0.000000
20
0.000000
66
1
0
VERTEX
8
Layer 1
10
544.313900
20
4102.070000
70
0
0
VERTEX
8
Layer 1
10
544.313900
20
4098.633000
70
0
0
SEQEND
8
Layer 1
0
POLYLINE
8
Layer 1
62
7
70
0
10
0.000000
20
0.000000
66
1
0
VERTEX
8
Layer 1
10
566.731900
20
4102.070000
70
0
0
VERTEX
8
Layer 1
10
544.313900
20
4102.070000
70
0
0
SEQEND
8
Layer 1
0
POLYLINE
8
Layer 1
62
7
70
0
10
0.000000
20
0.000000
66
1
0
VERTEX
8
Layer 1
10
566.731900
20
4099.312000
70
0
0
VERTEX
8
Layer 1
10
566.731900
20
4102.070000
70
0
0
SEQEND
8
Layer 1
0
POLYLINE
8
Layer 1
62
7
70
0
10
0.000000
20
0.000000
66
1
0
VERTEX
8
Layer 1
10
564.353900
20
4098.860000
70
0
0
VERTEX
8
Layer 1
10
566.731900
20
4099.312000
70
0
0
SEQEND
8
Layer 1
0
POLYLINE
8
Layer 1
62
7
70
0
10
0.000000
20
0.000000
66
1
0
VERTEX
8
Layer 1
10
567.203000
20
4094.022000
70
0
0
VERTEX
8
Layer 1
10
566.967666
20
4095.674306
70
0
0
VERTEX
8
Layer 1
10
566.338000
20
4097.034225
70
0
0
VERTEX
8
Layer 1
10
565.428509
20
4098.097481
70
0
0
VERTEX
8
Layer 1
10
564.353700
20
4098.859800
70
0
0
SEQEND
8
Layer 1
0
POLYLINE
8
Layer 1
62
7
70
0
10
0.000000
20
0.000000
66
1
0
VERTEX
8
Layer 1
10
564.308100
20
4089.365300
70
0
0
VERTEX
8
Layer 1
10
565.523516
20
4090.054392
70
0
0
VERTEX
8
Layer 1
10
566.433850
20
4091.048987
70
0
0
VERTEX
8
Layer 1
10
567.005034
20
4092.365914
70
0
0
VERTEX
8
Layer 1
10
567.203000
20
4094.022000
70
0
0
SEQEND
8
Layer 1
0
POLYLINE
8
Layer 1
62
7
70
0
10
0.000000
20
0.000000
66
1
0
VERTEX
8
Layer 1
10
567.203000
20
4084.346500
70
0
0
VERTEX
8
Layer 1
10
566.960527
20
4086.090622
70
0
0
VERTEX
8
Layer 1
10
566.315163
20
4087.517100
70
0
0
VERTEX
8
Layer 1
10
565.389992
20
4088.612978
70
0
0
VERTEX
8
Layer 1
10
564.308100
20
4089.365300
70
0
0
SEQEND
8
Layer 1
0
POLYLINE
8
Layer 1
62
7
70
0
10
0.000000
20
0.000000
66
1
0
VERTEX
8
Layer 1
10
561.239400
20
4079.102600
70
0
0
VERTEX
8
Layer 1
10
562.506848
20
4079.177737
70
0
0
VERTEX
8
Layer 1
10
563.657056
20
4079.407033
70
0
0
VERTEX
8
Layer 1
10
564.674074
20
4079.796315
70
0
0
VERTEX
8
Layer 1
10
565.541950
20
4080.351413
70
0
0
VERTEX
8
Layer 1
10
566.244732
20
4081.078152
70
0
0
VERTEX
8
Layer 1
10
566.766469
20
4081.982361
70
0
0
VERTEX
8
Layer 1
10
567.091209
20
4083.069868
70
0
0
VERTEX
8
Layer 1
10
567.203000
20
4084.346500
70
0
0
SEQEND
8
Layer 1
0
POLYLINE
8
Layer 1
62
7
70
0
10
0.000000
20
0.000000
66
1
0
VERTEX
8
Layer 1
10
544.313900
20
4079.103000
70
0
0
VERTEX
8
Layer 1
10
561.238900
20
4079.103000
70
0
0
SEQEND
8
Layer 1
0
POLYLINE
8
Layer 1
62
7
70
0
10
0.000000
20
0.000000
66
1
0
VERTEX
8
Layer 1
10
544.313900
20
4082.538000
70
0
0
VERTEX
8
Layer 1
10
544.313900
20
4079.103000
70
0
0
SEQEND
8
Layer 1
0
POLYLINE
8
Layer 1
62
7
70
0
10
0.000000
20
0.000000
66
1
0
VERTEX
8
Layer 1
10
560.064900
20
4082.538000
70
0
0
VERTEX
8
Layer 1
10
544.313900
20
4082.538000
70
0
0
SEQEND
8
Layer 1
0
POLYLINE
8
Layer 1
62
7
70
0
10
0.000000
20
0.000000
66
1
0
VERTEX
8
Layer 1
10
564.037200
20
4085.387100
70
0
0
VERTEX
8
Layer 1
10
563.968353
20
4084.680254
70
0
0
VERTEX
8
Layer 1
10
563.765686
20
4084.083155
70
0
0
VERTEX
8
Layer 1
10
563.435010
20
4083.591025
70
0
0
VERTEX
8
Layer 1
10
562.982138
20
4083.199088
70
0
0
VERTEX
8
Layer 1
10
561.733045
20
4082.696677
70
0
0
VERTEX
8
Layer 1
10
560.064900
20
4082.537700
70
0
0
SEQEND
8
Layer 1
0
POLYLINE
8
Layer 1
62
7
70
0
10
0.000000
20
0.000000
66
1
0
VERTEX
8
Layer 1
10
559.162700
20
4088.867800
70
0
0
VERTEX
8
Layer 1
10
561.295308
20
4088.609972
70
0
0
VERTEX
8
Layer 1
10
562.133113
20
4088.302793
70
0
0
VERTEX
8
Layer 1
10
562.818588
20
4087.890200
70
0
0
VERTEX
8
Layer 1
10
563.351732
20
4087.382263
70
0
0
VERTEX
8
Layer 1
10
563.732548
20
4086.789053
70
0
0
VERTEX
8
Layer 1
10
563.961037
20
4086.120642
70
0
0
VERTEX
8
Layer 1
10
564.037200
20
4085.387100
70
0
0
SEQEND
8
Layer 1
0
POLYLINE
8
Layer 1
62
7
70
0
10
0.000000
20
0.000000
66
1
0
VERTEX
8
Layer 1
10
544.313900
20
4088.868000
70
0
0
VERTEX
8
Layer 1
10
559.162900
20
4088.868000
70
0
0
SEQEND
8
Layer 1
0
POLYLINE
8
Layer 1
62
7
70
0
10
0.000000
20
0.000000
66
1
0
VERTEX
8
Layer 1
10
544.313900
20
4092.304000
70
0
0
VERTEX
8
Layer 1
10
544.313900
20
4088.868000
70
0
0
SEQEND
8
Layer 1
0
POLYLINE
8
Layer 1
62
7
70
0
10
0.000000
20
0.000000
66
1
0
VERTEX
8
Layer 1
10
560.110900
20
4092.304000
70
0
0
VERTEX
8
Layer 1
10
544.313900
20
4092.304000
70
0
0
SEQEND
8
Layer 1
0
POLYLINE
8
Layer 1
62
7
70
0
10
0.000000
20
0.000000
66
1
0
VERTEX
8
Layer 1
10
564.037200
20
4095.106700
70
0
0
VERTEX
8
Layer 1
10
563.968442
20
4094.402312
70
0
0
VERTEX
8
Layer 1
10
563.766398
20
4093.810762
70
0
0
VERTEX
8
Layer 1
10
563.437415
20
4093.326219
70
0
0
VERTEX
8
Layer 1
10
562.987838
20
4092.942850
70
0
0
VERTEX
8
Layer 1
10
561.752283
20
4092.456312
70
0
0
VERTEX
8
Layer 1
10
560.110500
20
4092.304500
70
0
0
SEQEND
8
Layer 1
0
POLYLINE
8
Layer 1
62
7
70
0
10
0.000000
20
0.000000
66
1
0
VERTEX
8
Layer 1
10
559.117100
20
4098.633100
70
0
0
VERTEX
8
Layer 1
10
561.256833
20
4098.368342
70
0
0
VERTEX
8
Layer 1
10
562.101941
20
4098.054029
70
0
0
VERTEX
8
Layer 1
10
562.795788
20
4097.633212
70
0
0
VERTEX
8
Layer 1
10
563.337304
20
4097.116982
70
0
0
VERTEX
8
Layer 1
10
563.725423
20
4096.516427
70
0
0
VERTEX
8
Layer 1
10
563.959078
20
4095.842636
70
0
0
VERTEX
8
Layer 1
10
564.037200
20
4095.106700
70
0
0
SEQEND
8
Layer 1
0
POLYLINE
8
Layer 1
62
7
70
0
10
0.000000
20
0.000000
66
1
0
VERTEX
8
Layer 1
10
544.313900
20
4098.633000
70
0
0
VERTEX
8
Layer 1
10
559.116900
20
4098.633000
70
0
0
SEQEND
8
Layer 1
0
POLYLINE
8
Layer 1
62
7
70
0
10
0.000000
20
0.000000
66
1
0
VERTEX
8
Layer 1
10
544.313900
20
4073.529000
70
0
0
VERTEX
8
Layer 1
10
544.313900
20
4070.092000
70
0
0
SEQEND
8
Layer 1
0
POLYLINE
8
Layer 1
62
7
70
0
10
0.000000
20
0.000000
66
1
0
VERTEX
8
Layer 1
10
566.731900
20
4073.529000
70
0
0
VERTEX
8
Layer 1
10
544.313900
20
4073.529000
70
0
0
SEQEND
8
Layer 1
0
POLYLINE
8
Layer 1
62
7
70
0
10
0.000000
20
0.000000
66
1
0
VERTEX
8
Layer 1
10
566.731900
20
4070.771000
70
0
0
VERTEX
8
Layer 1
10
566.731900
20
4073.529000
70
0
0
SEQEND
8
Layer 1
0
POLYLINE
8
Layer 1
62
7
70
0
10
0.000000
20
0.000000
66
1
0
VERTEX
8
Layer 1
10
564.353900
20
4070.319000
70
0
0
VERTEX
8
Layer 1
10
566.731900
20
4070.771000
70
0
0
SEQEND
8
Layer 1
0
POLYLINE
8
Layer 1
62
7
70
0
10
0.000000
20
0.000000
66
1
0
VERTEX
8
Layer 1
10
567.203000
20
4065.481300
70
0
0
VERTEX
8
Layer 1
10
566.967666
20
4067.133548
70
0
0
VERTEX
8
Layer 1
10
566.338000
20
4068.493437
70
0
0
VERTEX
8
Layer 1
10
565.428509
20
4069.556683
70
0
0
VERTEX
8
Layer 1
10
564.353700
20
4070.319000
70
0
0
SEQEND
8
Layer 1
0
POLYLINE
8
Layer 1
62
7
70
0
10
0.000000
20
0.000000
66
1
0
VERTEX
8
Layer 1
10
564.308100
20
4060.824600
70
0
0
VERTEX
8
Layer 1
10
565.523516
20
4061.513692
70
0
0
VERTEX
8
Layer 1
10
566.433850
20
4062.508287
70
0
0
VERTEX
8
Layer 1
10
567.005034
20
4063.825214
70
0
0
VERTEX
8
Layer 1
10
567.203000
20
4065.481300
70
0
0
SEQEND
8
Layer 1
0
POLYLINE
8
Layer 1
62
7
70
0
10
0.000000
20
0.000000
66
1
0
VERTEX
8
Layer 1
10
567.203000
20
4055.805800
70
0
0
VERTEX
8
Layer 1
10
566.960527
20
4057.549922
70
0
0
VERTEX
8
Layer 1
10
566.315163
20
4058.976400
70
0
0
VERTEX
8
Layer 1
10
565.389992
20
4060.072278
70
0
0
VERTEX
8
Layer 1
10
564.308100
20
4060.824600
70
0
0
SEQEND
8
Layer 1
0
POLYLINE
8
Layer 1
62
7
70
0
10
0.000000
20
0.000000
66
1
0
VERTEX
8
Layer 1
10
561.239400
20
4050.561900
70
0
0
VERTEX
8
Layer 1
10
562.506848
20
4050.637033
70
0
0
VERTEX
8
Layer 1
10
563.657056
20
4050.866319
70
0
0
VERTEX
8
Layer 1
10
564.674074
20
4051.255589
70
0
0
VERTEX
8
Layer 1
10
565.541950
20
4051.810675
70
0
0
VERTEX
8
Layer 1
10
566.244732
20
4052.537408
70
0
0
VERTEX
8
Layer 1
10
566.766469
20
4053.441619
70
0
0
VERTEX
8
Layer 1
10
567.091209
20
4054.529139
70
0
0
VERTEX
8
Layer 1
10
567.203000
20
4055.805800
70
0
0
SEQEND
8
Layer 1
0
POLYLINE
8
Layer 1
62
7
70
0
10
0.000000
20
0.000000
66
1
0
VERTEX
8
Layer 1
10
544.313900
20
4050.562000
70
0
0
VERTEX
8
Layer 1
10
561.238900
20
4050.562000
70
0
0
SEQEND
8
Layer 1
0
POLYLINE
8
Layer 1
62
7
70
0
10
0.000000
20
0.000000
66
1
0
VERTEX
8
Layer 1
10
544.313900
20
4053.997000
70
0
0
VERTEX
8
Layer 1
10
544.313900
20
4050.562000
70
0
0
SEQEND
8
Layer 1
0
POLYLINE
8
Layer 1
62
7
70
0
10
0.000000
20
0.000000
66
1
0
VERTEX
8
Layer 1
10
560.064900
20
4053.997000
70
0
0
VERTEX
8
Layer 1
10
544.313900
20
4053.997000
70
0
0
SEQEND
8
Layer 1
0
POLYLINE
8
Layer 1
62
7
70
0
10
0.000000
20
0.000000
66
1
0
VERTEX
8
Layer 1
10
564.037200
20
4056.846400
70
0
0
VERTEX
8
Layer 1
10
563.968353
20
4056.139554
70
0
0
VERTEX
8
Layer 1
10
563.765686
20
4055.542455
70
0
0
VERTEX
8
Layer 1
10
563.435010
20
4055.050325
70
0
0
VERTEX
8
Layer 1
10
562.982138
20
4054.658387
70
0
0
VERTEX
8
Layer 1
10
561.733045
20
4054.155977
70
0
0
VERTEX
8
Layer 1
10
560.064900
20
4053.997000
70
0
0
SEQEND
8
Layer 1
0
POLYLINE
8
Layer 1
62
7
70
0
10
0.000000
20
0.000000
66
1
0
VERTEX
8
Layer 1
10
559.162700
20
4060.327100
70
0
0
VERTEX
8
Layer 1
10
561.295308
20
4060.069272
70
0
0
VERTEX
8
Layer 1
10
562.133113
20
4059.762093
70
0
0
VERTEX
8
Layer 1
10
562.818588
20
4059.349500
70
0
0
VERTEX
8
Layer 1
10
563.351732
20
4058.841563
70
0
0
VERTEX
8
Layer 1
10
563.732548
20
4058.248353
70
0
0
VERTEX
8
Layer 1
10
563.961037
20
4057.579942
70
0
0
VERTEX
8
Layer 1
10
564.037200
20
4056.846400
70
0
0
SEQEND
8
Layer 1
0
POLYLINE
8
Layer 1
62
7
70
0
10
0.000000
20
0.000000
66
1
0
VERTEX
8
Layer 1
10
544.313900
20
4060.327000
70
0
0
VERTEX
8
Layer 1
10
559.162900
20
4060.327000
70
0
0
SEQEND
8
Layer 1
0
POLYLINE
8
Layer 1
62
7
70
0
10
0.000000
20
0.000000
66
1
0
VERTEX
8
Layer 1
10
544.313900
20
4063.764000
70
0
0
VERTEX
8
Layer 1
10
544.313900
20
4060.327000
70
0
0
SEQEND
8
Layer 1
0
POLYLINE
8
Layer 1
62
7
70
0
10
0.000000
20
0.000000
66
1
0
VERTEX
8
Layer 1
10
560.110900
20
4063.764000
70
0
0
VERTEX
8
Layer 1
10
544.313900
20
4063.764000
70
0
0
SEQEND
8
Layer 1
0
POLYLINE
8
Layer 1
62
7
70
0
10
0.000000
20
0.000000
66
1
0
VERTEX
8
Layer 1
10
564.037200
20
4066.566000
70
0
0
VERTEX
8
Layer 1
10
563.968442
20
4065.861608
70
0
0
VERTEX
8
Layer 1
10
563.766398
20
4065.270047
70
0
0
VERTEX
8
Layer 1
10
563.437415
20
4064.785487
70
0
0
VERTEX
8
Layer 1
10
562.987838
20
4064.402100
70
0
0
VERTEX
8
Layer 1
10
561.752283
20
4063.915528
70
0
0
VERTEX
8
Layer 1
10
560.110500
20
4063.763700
70
0
0
SEQEND
8
Layer 1
0
POLYLINE
8
Layer 1
62
7
70
0
10
0.000000
20
0.000000
66
1
0
VERTEX
8
Layer 1
10
559.117100
20
4070.092400
70
0
0
VERTEX
8
Layer 1
10
561.256833
20
4069.827628
70
0
0
VERTEX
8
Layer 1
10
562.101941
20
4069.513303
70
0
0
VERTEX
8
Layer 1
10
562.795788
20
4069.092475
70
0
0
VERTEX
8
Layer 1
10
563.337304
20
4068.576238
70
0
0
VERTEX
8
Layer 1
10
563.725423
20
4067.975684
70
0
0
VERTEX
8
Layer 1
10
563.959078
20
4067.301907
70
0
0
VERTEX
8
Layer 1
10
564.037200
20
4066.566000
70
0
0
SEQEND
8
Layer 1
0
POLYLINE
8
Layer 1
62
7
70
0
10
0.000000
20
0.000000
66
1
0
VERTEX
8
Layer 1
10
544.313900
20
4070.092000
70
0
0
VERTEX
8
Layer 1
10
559.116900
20
4070.092000
70
0
0
SEQEND
8
Layer 1
0
POLYLINE
8
Layer 1
62
7
70
0
10
0.000000
20
0.000000
66
1
0
VERTEX
8
Layer 1
10
543.748800
20
4004.692400
70
0
0
VERTEX
8
Layer 1
10
543.864261
20
4002.724905
70
0
0
VERTEX
8
Layer 1
10
544.206403
20
4000.913087
70
0
0
VERTEX
8
Layer 1
10
544.768862
20
3999.289820
70
0
0
VERTEX
8
Layer 1
10
545.545275
20
3997.887975
70
0
0
VERTEX
8
Layer 1
10
546.529279
20
3996.740427
70
0
0
VERTEX
8
Layer 1
10
547.714509
20
3995.880050
70
0
0
VERTEX
8
Layer 1
10
549.094604
20
3995.339716
70
0
0
VERTEX
8
Layer 1
10
550.663200
20
3995.152300
70
0
0
SEQEND
8
Layer 1
0
POLYLINE
8
Layer 1
62
7
70
0
10
0.000000
20
0.000000
66
1
0
VERTEX
8
Layer 1
10
549.397500
20
4014.865300
70
0
0
VERTEX
8
Layer 1
10
548.051880
20
4014.196396
70
0
0
VERTEX
8
Layer 1
10
546.894300
20
4013.294853
70
0
0
VERTEX
8
Layer 1
10
545.922101
20
4012.190890
70
0
0
VERTEX
8
Layer 1
10
545.132625
20
4010.914725
70
0
0
VERTEX
8
Layer 1
10
544.523215
20
4009.496575
70
0
0
VERTEX
8
Layer 1
10
544.091213
20
4007.966659
70
0
0
VERTEX
8
Layer 1
10
543.833960
20
4006.355195
70
0
0
VERTEX
8
Layer 1
10
543.748800
20
4004.692400
70
0
0
SEQEND
8
Layer 1
0
POLYLINE
8
Layer 1
62
7
70
0
10
0.000000
20
0.000000
66
1
0
VERTEX
8
Layer 1
10
550.662900
20
4011.385000
70
0
0
VERTEX
8
Layer 1
10
549.397900
20
4014.865000
70
0
0
SEQEND
8
Layer 1
0
POLYLINE
8
Layer 1
62
7
70
0
10
0.000000
20
0.000000
66
1
0
VERTEX
8
Layer 1
10
546.777700
20
4004.646800
70
0
0
VERTEX
8
Layer 1
10
547.041656
20
4007.066808
70
0
0
VERTEX
8
Layer 1
10
547.363684
20
4008.118021
70
0
0
VERTEX
8
Layer 1
10
547.805375
20
4009.049987
70
0
0
VERTEX
8
Layer 1
10
548.361450
20
4009.852668
70
0
0
VERTEX
8
Layer 1
10
549.026631
20
4010.516023
70
0
0
VERTEX
8
Layer 1
10
549.795641
20
4011.030014
70
0
0
VERTEX
8
Layer 1
10
550.663200
20
4011.384600
70
0
0
SEQEND
8
Layer 1
0
POLYLINE
8
Layer 1
62
7
70
0
10
0.000000
20
0.000000
66
1
0
VERTEX
8
Layer 1
10
550.392400
20
3998.814100
70
0
0
VERTEX
8
Layer 1
10
549.614226
20
3998.916403
70
0
0
VERTEX
8
Layer 1
10
548.912388
20
3999.216931
70
0
0
VERTEX
8
Layer 1
10
548.295337
20
3999.706113
70
0
0
VERTEX
8
Layer 1
10
547.771525
20
4000.374375
70
0
0
VERTEX
8
Layer 1
10
547.349404
20
4001.212147
70
0
0
VERTEX
8
Layer 1
10
547.037425
20
4002.209856
70
0
0
VERTEX
8
Layer 1
10
546.777700
20
4004.646800
70
0
0
SEQEND
8
Layer 1
0
POLYLINE
8
Layer 1
62
7
70
0
10
0.000000
20
0.000000
66
1
0
VERTEX
8
Layer 1
10
554.051200
20
4003.788700
70
0
0
VERTEX
8
Layer 1
10
553.524414
20
4001.714364
70
0
0
VERTEX
8
Layer 1
10
552.815088
20
4000.148463
70
0
0
VERTEX
8
Layer 1
10
552.356314
20
3999.577435
70
0
0
VERTEX
8
Layer 1
10
551.809117
20
3999.159030
70
0
0
VERTEX
8
Layer 1
10
551.159233
20
3998.901750
70
0
0
VERTEX
8
Layer 1
10
550.392400
20
3998.814100
70
0
0
SEQEND
8
Layer 1
0
POLYLINE
8
Layer 1
62
7
70
0
10
0.000000
20
0.000000
66
1
0
VERTEX
8
Layer 1
10
554.819900
20
4007.496000
70
0
0
VERTEX
8
Layer 1
10
554.050900
20
4003.789000
70
0
0
SEQEND
8
Layer 1
0
POLYLINE
8
Layer 1
62
7
70
0
10
0.000000
20
0.000000
66
1
0
VERTEX
8
Layer 1
10
560.739000
20
4014.141200
70
0
0
VERTEX
8
Layer 1
10
559.517219
20
4014.022520
70
0
0
VERTEX
8
Layer 1
10
558.454291
20
4013.674966
70
0
0
VERTEX
8
Layer 1
10
557.539623
20
4013.111266
70
0
0
VERTEX
8
Layer 1
10
556.762625
20
4012.344150
70
0
0
VERTEX
8
Layer 1
10
556.112705
20
4011.386346
70
0
0
VERTEX
8
Layer 1
10
555.579272
20
4010.250584
70
0
0
VERTEX
8
Layer 1
10
554.819500
20
4007.496100
70
0
0
SEQEND
8
Layer 1
0
POLYLINE
8
Layer 1
62
7
70
0
10
0.000000
20
0.000000
66
1
0
VERTEX
8
Layer 1
10
567.203000
20
4005.008800
70
0
0
VERTEX
8
Layer 1
10
567.092040
20
4006.867935
70
0
0
VERTEX
8
Layer 1
10
566.764852
20
4008.590928
70
0
0
VERTEX
8
Layer 1
10
566.229972
20
4010.143339
70
0
0
VERTEX
8
Layer 1
10
565.495938
20
4011.490725
70
0
0
VERTEX
8
Layer 1
10
564.571286
20
4012.598646
70
0
0
VERTEX
8
Layer 1
10
563.464555
20
4013.432659
70
0
0
VERTEX
8
Layer 1
10
562.184280
20
4013.958325
70
0
0
VERTEX
8
Layer 1
10
560.739000
20
4014.141200
70
0
0
SEQEND
8
Layer 1
0
POLYLINE
8
Layer 1
62
7
70
0
10
0.000000
20
0.000000
66
1
0
VERTEX
8
Layer 1
10
562.500700
20
3995.920600
70
0
0
VERTEX
8
Layer 1
10
563.611252
20
3996.526379
70
0
0
VERTEX
8
Layer 1
10
564.570373
20
3997.315389
70
0
0
VERTEX
8
Layer 1
10
565.379099
20
3998.271764
70
0
0
VERTEX
8
Layer 1
10
566.038463
20
3999.379637
70
0
0
VERTEX
8
Layer 1
10
566.549500
20
4000.623144
70
0
0
VERTEX
8
Layer 1
10
566.913245
20
4001.986417
70
0
0
VERTEX
8
Layer 1
10
567.130734
20
4003.453591
70
0
0
VERTEX
8
Layer 1
10
567.203000
20
4005.008800
70
0
0
SEQEND
8
Layer 1
0
POLYLINE
8
Layer 1
62
7
70
0
10
0.000000
20
0.000000
66
1
0
VERTEX
8
Layer 1
10
561.236900
20
3999.312000
70
0
0
VERTEX
8
Layer 1
10
562.500900
20
3995.921000
70
0
0
SEQEND
8
Layer 1
0
POLYLINE
8
Layer 1
62
7
70
0
10
0.000000
20
0.000000
66
1
0
VERTEX
8
Layer 1
10
564.172600
20
4005.100100
70
0
0
VERTEX
8
Layer 1
10
563.987025
20
4003.121075
70
0
0
VERTEX
8
Layer 1
10
563.433050
20
4001.443100
70
0
0
VERTEX
8
Layer 1
10
562.514800
20
4000.146500
70
0
0
VERTEX
8
Layer 1
10
561.920361
20
3999.666317
70
0
0
VERTEX
8
Layer 1
10
561.236400
20
3999.311600
70
0
0
SEQEND
8
Layer 1
0
POLYLINE
8
Layer 1
62
7
70
0
10
0.000000
20
0.000000
66
1
0
VERTEX
8
Layer 1
10
560.965600
20
4010.479400
70
0
0
VERTEX
8
Layer 1
10
561.700071
20
4010.378044
70
0
0
VERTEX
8
Layer 1
10
562.343434
20
4010.083864
70
0
0
VERTEX
8
Layer 1
10
562.893586
20
4009.611693
70
0
0
VERTEX
8
Layer 1
10
563.348425
20
4008.976363
70
0
0
VERTEX
8
Layer 1
10
563.963753
20
4007.275555
70
0
0
VERTEX
8
Layer 1
10
564.172600
20
4005.100100
70
0
0
SEQEND
8
Layer 1
0
POLYLINE
8
Layer 1
62
7
70
0
10
0.000000
20
0.000000
66
1
0
VERTEX
8
Layer 1
10
557.892600
20
4006.455600
70
0
0
VERTEX
8
Layer 1
10
558.347486
20
4008.133648
70
0
0
VERTEX
8
Layer 1
10
558.988663
20
4009.400238
70
0
0
VERTEX
8
Layer 1
10
559.850058
20
4010.200458
70
0
0
VERTEX
8
Layer 1
10
560.373940
20
4010.408521
70
0
0
VERTEX
8
Layer 1
10
560.965600
20
4010.479400
70
0
0
SEQEND
8
Layer 1
0
POLYLINE
8
Layer 1
62
7
70
0
10
0.000000
20
0.000000
66
1
0
VERTEX
8
Layer 1
10
557.123900
20
4002.658000
70
0
0
VERTEX
8
Layer 1
10
557.892900
20
4006.456000
70
0
0
SEQEND
8
Layer 1
0
POLYLINE
8
Layer 1
62
7
70
0
10
0.000000
20
0.000000
66
1
0
VERTEX
8
Layer 1
10
550.663200
20
3995.152300
70
0
0
VERTEX
8
Layer 1
10
552.015640
20
3995.270791
70
0
0
VERTEX
8
Layer 1
10
553.172231
20
3995.625575
70
0
0
VERTEX
8
Layer 1
10
554.153070
20
3996.215615
70
0
0
VERTEX
8
Layer 1
10
554.978250
20
3997.039875
70
0
0
VERTEX
8
Layer 1
10
555.667868
20
3998.097320
70
0
0
VERTEX
8
Layer 1
10
556.242019
20
3999.386913
70
0
0
VERTEX
8
Layer 1
10
557.124300
20
4002.658400
70
0
0
SEQEND
8
Layer 1
0
POLYLINE
8
Layer 1
62
7
70
0
10
0.000000
20
0.000000
66
1
0
VERTEX
8
Layer 1
10
536.401700
20
3965.256100
70
0
0
VERTEX
8
Layer 1
10
536.604975
20
3963.531725
70
0
0
VERTEX
8
Layer 1
10
537.078700
20
3962.181600
70
0
0
SEQEND
8
Layer 1
0
POLYLINE
8
Layer 1
62
7
70
0
10
0.000000
20
0.000000
66
1
0
VERTEX
8
Layer 1
10
542.384400
20
3970.410300
70
0
0
VERTEX
8
Layer 1
10
540.773036
20
3970.307509
70
0
0
VERTEX
8
Layer 1
10
539.459619
20
3970.011855
70
0
0
VERTEX
8
Layer 1
10
538.418536
20
3969.542413
70
0
0
VERTEX
8
Layer 1
10
537.624175
20
3968.918262
70
0
0
VERTEX
8
Layer 1
10
537.050923
20
3968.158479
70
0
0
VERTEX
8
Layer 1
10
536.673169
20
3967.282139
70
0
0
VERTEX
8
Layer 1
10
536.465298
20
3966.308321
70
0
0
VERTEX
8
Layer 1
10
536.401700
20
3965.256100
70
0
0
SEQEND
8
Layer 1
0
POLYLINE
8
Layer 1
62
7
70
0
10
0.000000
20
0.000000
66
1
0
VERTEX
8
Layer 1
10
547.951900
20
3970.410000
70
0
0
VERTEX
8
Layer 1
10
542.384900
20
3970.410000
70
0
0
SEQEND
8
Layer 1
0
POLYLINE
8
Layer 1
62
7
70
0
10
0.000000
20
0.000000
66
1
0
VERTEX
8
Layer 1
10
543.748800
20
3978.231300
70
0
0
VERTEX
8
Layer 1
10
543.827454
20
3976.947670
70
0
0
VERTEX
8
Layer 1
10
544.056002
20
3975.744052
70
0
0
VERTEX
8
Layer 1
10
544.423320
20
3974.624154
70
0
0
VERTEX
8
Layer 1
10
544.918288
20
3973.591687
70
0
0
VERTEX
8
Layer 1
10
546.246680
20
3971.803880
70
0
0
VERTEX
8
Layer 1
10
547.952200
20
3970.410300
70
0
0
SEQEND
8
Layer 1
0
POLYLINE
8
Layer 1
62
7
70
0
10
0.000000
20
0.000000
66
1
0
VERTEX
8
Layer 1
10
555.452400
20
3988.358600
70
0
0
VERTEX
8
Layer 1
10
552.835008
20
3988.168228
70
0
0
VERTEX
8
Layer 1
10
550.516688
20
3987.615473
70
0
0
VERTEX
8
Layer 1
10
548.512823
20
3986.727879
70
0
0
VERTEX
8
Layer 1
10
546.838800
20
3985.532987
70
0
0
VERTEX
8
Layer 1
10
545.510002
20
3984.058341
70
0
0
VERTEX
8
Layer 1
10
544.541813
20
3982.331483
70
0
0
VERTEX
8
Layer 1
10
543.949617
20
3980.379955
70
0
0
VERTEX
8
Layer 1
10
543.748800
20
3978.231300
70
0
0
SEQEND
8
Layer 1
0
POLYLINE
8
Layer 1
62
7
70
0
10
0.000000
20
0.000000
66
1
0
VERTEX
8
Layer 1
10
567.203000
20
3978.185700
70
0
0
VERTEX
8
Layer 1
10
567.000159
20
3980.349406
70
0
0
VERTEX
8
Layer 1
10
566.402630
20
3982.312245
70
0
0
VERTEX
8
Layer 1
10
565.426901
20
3984.047208
70
0
0
VERTEX
8
Layer 1
10
564.089463
20
3985.527288
70
0
0
VERTEX
8
Layer 1
10
562.406804
20
3986.725474
70
0
0
VERTEX
8
Layer 1
10
560.395414
20
3987.614761
70
0
0
VERTEX
8
Layer 1
10
558.071783
20
3988.168139
70
0
0
VERTEX
8
Layer 1
10
555.452400
20
3988.358600
70
0
0
SEQEND
8
Layer 1
0
POLYLINE
8
Layer 1
62
7
70
0
10
0.000000
20
0.000000
66
1
0
VERTEX
8
Layer 1
10
562.952500
20
3970.410300
70
0
0
VERTEX
8
Layer 1
10
564.684617
20
3971.783930
70
0
0
VERTEX
8
Layer 1
10
566.027063
20
3973.568887
70
0
0
VERTEX
8
Layer 1
10
566.525601
20
3974.600998
70
0
0
VERTEX
8
Layer 1
10
566.894852
20
3975.718402
70
0
0
VERTEX
8
Layer 1
10
567.124192
20
3976.915251
70
0
0
VERTEX
8
Layer 1
10
567.203000
20
3978.185700
70
0
0
SEQEND
8
Layer 1
0
POLYLINE
8
Layer 1
62
7
70
0
10
0.000000
20
0.000000
66
1
0
VERTEX
8
Layer 1
10
566.731900
20
3969.732000
70
0
0
VERTEX
8
Layer 1
10
562.952900
20
3970.410000
70
0
0
SEQEND
8
Layer 1
0
POLYLINE
8
Layer 1
62
7
70
0
10
0.000000
20
0.000000
66
1
0
VERTEX
8
Layer 1
10
566.731900
20
3966.566000
70
0
0
VERTEX
8
Layer 1
10
566.731900
20
3969.732000
70
0
0
SEQEND
8
Layer 1
0
POLYLINE
8
Layer 1
62
7
70
0
10
0.000000
20
0.000000
66
1
0
VERTEX
8
Layer 1
10
543.065900
20
3966.566000
70
0
0
VERTEX
8
Layer 1
10
566.731900
20
3966.566000
70
0
0
SEQEND
8
Layer 1
0
POLYLINE
8
Layer 1
62
7
70
0
10
0.000000
20
0.000000
66
1
0
VERTEX
8
Layer 1
10
539.791200
20
3964.351000
70
0
0
VERTEX
8
Layer 1
10
540.002342
20
3965.403059
70
0
0
VERTEX
8
Layer 1
10
540.627138
20
3966.086025
70
0
0
VERTEX
8
Layer 1
10
541.652639
20
3966.455228
70
0
0
VERTEX
8
Layer 1
10
543.065900
20
3966.566000
70
0
0
SEQEND
8
Layer 1
0
POLYLINE
8
Layer 1
62
7
70
0
10
0.000000
20
0.000000
66
1
0
VERTEX
8
Layer 1
10
540.382800
20
3962.181600
70
0
0
VERTEX
8
Layer 1
10
539.933588
20
3963.249163
70
0
0
VERTEX
8
Layer 1
10
539.791200
20
3964.351000
70
0
0
SEQEND
8
Layer 1
0
POLYLINE
8
Layer 1
62
7
70
0
10
0.000000
20
0.000000
66
1
0
VERTEX
8
Layer 1
10
537.078900
20
3962.182000
70
0
0
VERTEX
8
Layer 1
10
540.382900
20
3962.182000
70
0
0
SEQEND
8
Layer 1
0
POLYLINE
8
Layer 1
62
7
70
0
10
0.000000
20
0.000000
66
1
0
VERTEX
8
Layer 1
10
546.913100
20
3977.282000
70
0
0
VERTEX
8
Layer 1
10
547.055851
20
3978.796235
70
0
0
VERTEX
8
Layer 1
10
547.479183
20
3980.172192
70
0
0
VERTEX
8
Layer 1
10
548.175714
20
3981.390263
70
0
0
VERTEX
8
Layer 1
10
549.138063
20
3982.430838
70
0
0
VERTEX
8
Layer 1
10
550.358847
20
3983.274308
70
0
0
VERTEX
8
Layer 1
10
551.830686
20
3983.901064
70
0
0
VERTEX
8
Layer 1
10
553.546197
20
3984.291498
70
0
0
VERTEX
8
Layer 1
10
555.498000
20
3984.426000
70
0
0
SEQEND
8
Layer 1
0
POLYLINE
8
Layer 1
62
7
70
0
10
0.000000
20
0.000000
66
1
0
VERTEX
8
Layer 1
10
555.498000
20
3970.319000
70
0
0
VERTEX
8
Layer 1
10
553.572411
20
3970.447599
70
0
0
VERTEX
8
Layer 1
10
551.869203
20
3970.822081
70
0
0
VERTEX
8
Layer 1
10
550.398969
20
3971.425473
70
0
0
VERTEX
8
Layer 1
10
549.172300
20
3972.240800
70
0
0
VERTEX
8
Layer 1
10
548.199787
20
3973.251090
70
0
0
VERTEX
8
Layer 1
10
547.492022
20
3974.439369
70
0
0
VERTEX
8
Layer 1
10
547.059596
20
3975.788663
70
0
0
VERTEX
8
Layer 1
10
546.913100
20
3977.282000
70
0
0
SEQEND
8
Layer 1
0
POLYLINE
8
Layer 1
62
7
70
0
10
0.000000
20
0.000000
66
1
0
VERTEX
8
Layer 1
10
564.037200
20
3977.282000
70
0
0
VERTEX
8
Layer 1
10
563.892668
20
3975.801755
70
0
0
VERTEX
8
Layer 1
10
563.465419
20
3974.458606
70
0
0
VERTEX
8
Layer 1
10
562.764973
20
3973.271129
70
0
0
VERTEX
8
Layer 1
10
561.800850
20
3972.257900
70
0
0
VERTEX
8
Layer 1
10
560.582571
20
3971.437496
70
0
0
VERTEX
8
Layer 1
10
559.119656
20
3970.828494
70
0
0
VERTEX
8
Layer 1
10
557.421626
20
3970.449470
70
0
0
VERTEX
8
Layer 1
10
555.498000
20
3970.319000
70
0
0
SEQEND
8
Layer 1
0
POLYLINE
8
Layer 1
62
7
70
0
10
0.000000
20
0.000000
66
1
0
VERTEX
8
Layer 1
10
555.498000
20
3984.426000
70
0
0
VERTEX
8
Layer 1
10
557.447408
20
3984.291498
70
0
0
VERTEX
8
Layer 1
10
559.157541
20
3983.901064
70
0
0
VERTEX
8
Layer 1
10
560.622034
20
3983.274308
70
0
0
VERTEX
8
Layer 1
10
561.834525
20
3982.430837
70
0
0
VERTEX
8
Layer 1
10
562.788650
20
3981.390263
70
0
0
VERTEX
8
Layer 1
10
563.478047
20
3980.172192
70
0
0
VERTEX
8
Layer 1
10
563.896351
20
3978.796235
70
0
0
VERTEX
8
Layer 1
10
564.037200
20
3977.282000
70
0
0
SEQEND
8
Layer 1
0
POLYLINE
8
Layer 1
62
7
70
0
10
0.000000
20
0.000000
66
1
0
VERTEX
8
Layer 1
10
543.748800
20
3949.555200
70
0
0
VERTEX
8
Layer 1
10
543.836340
20
3948.161216
70
0
0
VERTEX
8
Layer 1
10
544.084864
20
3946.924169
70
0
0
VERTEX
8
Layer 1
10
544.473228
20
3945.835556
70
0
0
VERTEX
8
Layer 1
10
544.980288
20
3944.886875
70
0
0
VERTEX
8
Layer 1
10
546.265917
20
3943.375294
70
0
0
VERTEX
8
Layer 1
10
547.772600
20
3942.321400
70
0
0
SEQEND
8
Layer 1
0
POLYLINE
8
Layer 1
62
7
70
0
10
0.000000
20
0.000000
66
1
0
VERTEX
8
Layer 1
10
552.342500
20
3957.467400
70
0
0
VERTEX
8
Layer 1
10
550.479496
20
3957.362910
70
0
0
VERTEX
8
Layer 1
10
548.804845
20
3957.038503
70
0
0
VERTEX
8
Layer 1
10
547.337057
20
3956.477776
70
0
0
VERTEX
8
Layer 1
10
546.094638
20
3955.664325
70
0
0
VERTEX
8
Layer 1
10
545.096095
20
3954.581746
70
0
0
VERTEX
8
Layer 1
10
544.359936
20
3953.213634
70
0
0
VERTEX
8
Layer 1
10
543.904669
20
3951.543587
70
0
0
VERTEX
8
Layer 1
10
543.748800
20
3949.555200
70
0
0
SEQEND
8
Layer 1
0
POLYLINE
8
Layer 1
62
7
70
0
10
0.000000
20
0.000000
66
1
0
VERTEX
8
Layer 1
10
566.731900
20
3957.467000
70
0
0
VERTEX
8
Layer 1
10
552.342900
20
3957.467000
70
0
0
SEQEND
8
Layer 1
0
POLYLINE
8
Layer 1
62
7
70
0
10
0.000000
20
0.000000
66
1
0
VERTEX
8
Layer 1
10
566.731900
20
3953.579000
70
0
0
VERTEX
8
Layer 1
10
566.731900
20
3957.467000
70
0
0
SEQEND
8
Layer 1
0
POLYLINE
8
Layer 1
62
7
70
0
10
0.000000
20
0.000000
66
1
0
VERTEX
8
Layer 1
10
553.428900
20
3953.579000
70
0
0
VERTEX
8
Layer 1
10
566.731900
20
3953.579000
70
0
0
SEQEND
8
Layer 1
0
POLYLINE
8
Layer 1
62
7
70
0
10
0.000000
20
0.000000
66
1
0
VERTEX
8
Layer 1
10
546.913100
20
3948.560200
70
0
0
VERTEX
8
Layer 1
10
547.037142
20
3949.931151
70
0
0
VERTEX
8
Layer 1
10
547.396563
20
3951.041970
70
0
0
VERTEX
8
Layer 1
10
547.972302
20
3951.916495
70
0
0
VERTEX
8
Layer 1
10
548.745300
20
3952.578562
70
0
0
VERTEX
8
Layer 1
10
549.696498
20
3953.052010
70
0
0
VERTEX
8
Layer 1
10
550.806838
20
3953.360673
70
0
0
VERTEX
8
Layer 1
10
553.428700
20
3953.579000
70
0
0
SEQEND
8
Layer 1
0
POLYLINE
8
Layer 1
62
7
70
0
10
0.000000
20
0.000000
66
1
0
VERTEX
8
Layer 1
10
554.482500
20
3942.411100
70
0
0
VERTEX
8
Layer 1
10
552.724347
20
3942.521387
70
0
0
VERTEX
8
Layer 1
10
551.194288
20
3942.844131
70
0
0
VERTEX
8
Layer 1
10
549.894272
20
3943.367153
70
0
0
VERTEX
8
Layer 1
10
548.826250
20
3944.078275
70
0
0
VERTEX
8
Layer 1
10
547.992172
20
3944.965319
70
0
0
VERTEX
8
Layer 1
10
547.393988
20
3946.016106
70
0
0
VERTEX
8
Layer 1
10
547.033647
20
3947.218459
70
0
0
VERTEX
8
Layer 1
10
546.913100
20
3948.560200
70
0
0
SEQEND
8
Layer 1
0
POLYLINE
8
Layer 1
62
7
70
0
10
0.000000
20
0.000000
66
1
0
VERTEX
8
Layer 1
10
566.731900
20
3942.411000
70
0
0
VERTEX
8
Layer 1
10
554.482900
20
3942.411000
70
0
0
SEQEND
8
Layer 1
0
POLYLINE
8
Layer 1
62
7
70
0
10
0.000000
20
0.000000
66
1
0
VERTEX
8
Layer 1
10
566.731900
20
3938.568000
70
0
0
VERTEX
8
Layer 1
10
566.731900
20
3942.411000
70
0
0
SEQEND
8
Layer 1
0
POLYLINE
8
Layer 1
62
7
70
0
10
0.000000
20
0.000000
66
1
0
VERTEX
8
Layer 1
10
544.313900
20
3938.568000
70
0
0
VERTEX
8
Layer 1
10
566.731900
20
3938.568000
70
0
0
SEQEND
8
Layer 1
0
POLYLINE
8
Layer 1
62
7
70
0
10
0.000000
20
0.000000
66
1
0
VERTEX
8
Layer 1
10
544.313900
20
3941.689000
70
0
0
VERTEX
8
Layer 1
10
544.313900
20
3938.568000
70
0
0
SEQEND
8
Layer 1
0
POLYLINE
8
Layer 1
62
7
70
0
10
0.000000
20
0.000000
66
1
0
VERTEX
8
Layer 1
10
547.772900
20
3942.321000
70
0
0
VERTEX
8
Layer 1
10
544.313900
20
3941.689000
70
0
0
SEQEND
8
Layer 1
0
POLYLINE
8
Layer 1
62
7
70
0
10
0.000000
20
0.000000
66
1
0
VERTEX
8
Layer 1
10
543.748800
20
3922.144800
70
0
0
VERTEX
8
Layer 1
10
543.826925
20
3920.569001
70
0
0
VERTEX
8
Layer 1
10
544.051770
20
3919.161773
70
0
0
VERTEX
8
Layer 1
10
544.409040
20
3917.917818
70
0
0
VERTEX
8
Layer 1
10
544.884438
20
3916.831837
70
0
0
VERTEX
8
Layer 1
10
545.463668
20
3915.898533
70
0
0
VERTEX
8
Layer 1
10
546.132436
20
3915.112608
70
0
0
VERTEX
8
Layer 1
10
546.876445
20
3914.468763
70
0
0
VERTEX
8
Layer 1
10
547.681400
20
3913.961700
70
0
0
SEQEND
8
Layer 1
0
POLYLINE
8
Layer 1
62
7
70
0
10
0.000000
20
0.000000
66
1
0
VERTEX
8
Layer 1
10
549.942000
20
3930.102700
70
0
0
VERTEX
8
Layer 1
10
548.546398
20
3929.951756
70
0
0
VERTEX
8
Layer 1
10
547.314656
20
3929.514127
70
0
0
VERTEX
8
Layer 1
10
546.253624
20
3928.812612
70
0
0
VERTEX
8
Layer 1
10
545.370150
20
3927.870012
70
0
0
VERTEX
8
Layer 1
10
544.671082
20
3926.709131
70
0
0
VERTEX
8
Layer 1
10
544.163269
20
3925.352767
70
0
0
VERTEX
8
Layer 1
10
543.853559
20
3923.823723
70
0
0
VERTEX
8
Layer 1
10
543.748800
20
3922.144800
70
0
0
SEQEND
8
Layer 1
0
POLYLINE
8
Layer 1
62
7
70
0
10
0.000000
20
0.000000
66
1
0
VERTEX
8
Layer 1
10
558.284100
20
3914.278100
70
0
0
VERTEX
8
Layer 1
10
557.939391
20
3917.969668
70
0
0
VERTEX
8
Layer 1
10
557.435119
20
3921.175909
70
0
0
VERTEX
8
Layer 1
10
556.751344
20
3923.894702
70
0
0
VERTEX
8
Layer 1
10
555.868125
20
3926.123925
70
0
0
VERTEX
8
Layer 1
10
554.765522
20
3927.861457
70
0
0
VERTEX
8
Layer 1
10
553.423594
20
3929.105178
70
0
0
VERTEX
8
Layer 1
10
551.822400
20
3929.852966
70
0
0
VERTEX
8
Layer 1
10
549.942000
20
3930.102700
70
0
0
SEQEND
8
Layer 1
0
POLYLINE
8
Layer 1
62
7
70
0
10
0.000000
20
0.000000
66
1
0
VERTEX
8
Layer 1
10
558.782900
20
3914.278000
70
0
0
VERTEX
8
Layer 1
10
558.283900
20
3914.278000
70
0
0
SEQEND
8
Layer 1
0
POLYLINE
8
Layer 1
62
7
70
0
10
0.000000
20
0.000000
66
1
0
VERTEX
8
Layer 1
10
564.353700
20
3919.703100
70
0
0
VERTEX
8
Layer 1
10
564.257339
20
3918.379783
70
0
0
VERTEX
8
Layer 1
10
563.973581
20
3917.253500
70
0
0
VERTEX
8
Layer 1
10
563.510414
20
3916.317905
70
0
0
VERTEX
8
Layer 1
10
562.875825
20
3915.566650
70
0
0
VERTEX
8
Layer 1
10
562.077802
20
3914.993389
70
0
0
VERTEX
8
Layer 1
10
561.124331
20
3914.591775
70
0
0
VERTEX
8
Layer 1
10
560.023402
20
3914.355461
70
0
0
VERTEX
8
Layer 1
10
558.783000
20
3914.278100
70
0
0
SEQEND
8
Layer 1
0
POLYLINE
8
Layer 1
62
7
70
0
10
0.000000
20
0.000000
66
1
0
VERTEX
8
Layer 1
10
560.775800
20
3925.173700
70
0
0
VERTEX
8
Layer 1
10
562.194797
20
3924.541387
70
0
0
VERTEX
8
Layer 1
10
563.329150
20
3923.404775
70
0
0
VERTEX
8
Layer 1
10
563.759099
20
3922.653954
70
0
0
VERTEX
8
Layer 1
10
564.081303
20
3921.784975
70
0
0
VERTEX
8
Layer 1
10
564.353700
20
3919.703100
70
0
0
SEQEND
8
Layer 1
0
POLYLINE
8
Layer 1
62
7
70
0
10
0.000000
20
0.000000
66
1
0
VERTEX
8
Layer 1
10
561.817900
20
3928.746000
70
0
0
VERTEX
8
Layer 1
10
560.775900
20
3925.174000
70
0
0
SEQEND
8
Layer 1
0
POLYLINE
8
Layer 1
62
7
70
0
10
0.000000
20
0.000000
66
1
0
VERTEX
8
Layer 1
10
567.203000
20
3919.613300
70
0
0
VERTEX
8
Layer 1
10
567.110869
20
3921.238810
70
0
0
VERTEX
8
Layer 1
10
566.839041
20
3922.750434
70
0
0
VERTEX
8
Layer 1
10
566.394361
20
3924.135979
70
0
0
VERTEX
8
Layer 1
10
565.783675
20
3925.383250
70
0
0
VERTEX
8
Layer 1
10
565.013830
20
3926.480052
70
0
0
VERTEX
8
Layer 1
10
564.091672
20
3927.414191
70
0
0
VERTEX
8
Layer 1
10
563.024046
20
3928.173471
70
0
0
VERTEX
8
Layer 1
10
561.817800
20
3928.745700
70
0
0
SEQEND
8
Layer 1
0
POLYLINE
8
Layer 1
62
7
70
0
10
0.000000
20
0.000000
66
1
0
VERTEX
8
Layer 1
10
558.419500
20
3910.570700
70
0
0
VERTEX
8
Layer 1
10
560.474898
20
3910.708910
70
0
0
VERTEX
8
Layer 1
10
562.257528
20
3911.125302
70
0
0
VERTEX
8
Layer 1
10
563.766994
20
3911.822514
70
0
0
VERTEX
8
Layer 1
10
565.002900
20
3912.803188
70
0
0
VERTEX
8
Layer 1
10
565.964850
20
3914.069963
70
0
0
VERTEX
8
Layer 1
10
566.652447
20
3915.625480
70
0
0
VERTEX
8
Layer 1
10
567.065296
20
3917.472379
70
0
0
VERTEX
8
Layer 1
10
567.203000
20
3919.613300
70
0
0
SEQEND
8
Layer 1
0
POLYLINE
8
Layer 1
62
7
70
0
10
0.000000
20
0.000000
66
1
0
VERTEX
8
Layer 1
10
552.914900
20
3910.571000
70
0
0
VERTEX
8
Layer 1
10
558.419900
20
3910.571000
70
0
0
SEQEND
8
Layer 1
0
POLYLINE
8
Layer 1
62
7
70
0
10
0.000000
20
0.000000
66
1
0
VERTEX
8
Layer 1
10
544.313900
20
3909.756800
70
0
0
VERTEX
8
Layer 1
10
547.854475
20
3910.333175
70
0
0
VERTEX
8
Layer 1
10
552.915000
20
3910.570700
70
0
0
SEQEND
8
Layer 1
0
POLYLINE
8
Layer 1
62
7
70
0
10
0.000000
20
0.000000
66
1
0
VERTEX
8
Layer 1
10
544.313900
20
3913.102000
70
0
0
VERTEX
8
Layer 1
10
544.313900
20
3909.757000
70
0
0
SEQEND
8
Layer 1
0
POLYLINE
8
Layer 1
62
7
70
0
10
0.000000
20
0.000000
66
1
0
VERTEX
8
Layer 1
10
547.680900
20
3913.962000
70
0
0
VERTEX
8
Layer 1
10
544.313900
20
3913.102000
70
0
0
SEQEND
8
Layer 1
0
POLYLINE
8
Layer 1
62
7
70
0
10
0.000000
20
0.000000
66
1
0
VERTEX
8
Layer 1
10
546.642300
20
3921.241100
70
0
0
VERTEX
8
Layer 1
10
546.901313
20
3923.326723
70
0
0
VERTEX
8
Layer 1
10
547.211599
20
3924.170714
70
0
0
VERTEX
8
Layer 1
10
547.630425
20
3924.874363
70
0
0
VERTEX
8
Layer 1
10
548.148804
20
3925.431822
70
0
0
VERTEX
8
Layer 1
10
548.757750
20
3925.837245
70
0
0
VERTEX
8
Layer 1
10
549.448277
20
3926.084787
70
0
0
VERTEX
8
Layer 1
10
550.211400
20
3926.168600
70
0
0
SEQEND
8
Layer 1
0
POLYLINE
8
Layer 1
62
7
70
0
10
0.000000
20
0.000000
66
1
0
VERTEX
8
Layer 1
10
553.225600
20
3914.278100
70
0
0
VERTEX
8
Layer 1
10
551.545305
20
3914.415932
70
0
0
VERTEX
8
Layer 1
10
550.143609
20
3914.812836
70
0
0
VERTEX
8
Layer 1
10
549.003696
20
3915.443925
70
0
0
VERTEX
8
Layer 1
10
548.108750
20
3916.284312
70
0
0
VERTEX
8
Layer 1
10
547.441954
20
3917.309111
70
0
0
VERTEX
8
Layer 1
10
546.986491
20
3918.493433
70
0
0
VERTEX
8
Layer 1
10
546.725545
20
3919.812392
70
0
0
VERTEX
8
Layer 1
10
546.642300
20
3921.241100
70
0
0
SEQEND
8
Layer 1
0
POLYLINE
8
Layer 1
62
7
70
0
10
0.000000
20
0.000000
66
1
0
VERTEX
8
Layer 1
10
555.616900
20
3914.278000
70
0
0
VERTEX
8
Layer 1
10
553.225900
20
3914.278000
70
0
0
SEQEND
8
Layer 1
0
POLYLINE
8
Layer 1
62
7
70
0
10
0.000000
20
0.000000
66
1
0
VERTEX
8
Layer 1
10
550.211400
20
3926.168600
70
0
0
VERTEX
8
Layer 1
10
551.390805
20
3925.984017
70
0
0
VERTEX
8
Layer 1
10
552.404228
20
3925.429578
70
0
0
VERTEX
8
Layer 1
10
553.262706
20
3924.504250
70
0
0
VERTEX
8
Layer 1
10
553.977275
20
3923.207000
70
0
0
VERTEX
8
Layer 1
10
554.558972
20
3921.536793
70
0
0
VERTEX
8
Layer 1
10
555.018834
20
3919.492597
70
0
0
VERTEX
8
Layer 1
10
555.617200
20
3914.278100
70
0
0
SEQEND
8
Layer 1
0
POLYLINE
8
Layer 1
62
7
70
0
10
0.000000
20
0.000000
66
1
0
VERTEX
8
Layer 1
10
544.313900
20
3898.442000
70
0
0
VERTEX
8
Layer 1
10
544.313900
20
3894.599000
70
0
0
SEQEND
8
Layer 1
0
POLYLINE
8
Layer 1
62
7
70
0
10
0.000000
20
0.000000
66
1
0
VERTEX
8
Layer 1
10
566.731900
20
3898.442000
70
0
0
VERTEX
8
Layer 1
10
544.313900
20
3898.442000
70
0
0
SEQEND
8
Layer 1
0
POLYLINE
8
Layer 1
62
7
70
0
10
0.000000
20
0.000000
66
1
0
VERTEX
8
Layer 1
10
566.731900
20
3895.503000
70
0
0
VERTEX
8
Layer 1
10
566.731900
20
3898.442000
70
0
0
SEQEND
8
Layer 1
0
POLYLINE
8
Layer 1
62
7
70
0
10
0.000000
20
0.000000
66
1
0
VERTEX
8
Layer 1
10
561.505900
20
3894.645000
70
0
0
VERTEX
8
Layer 1
10
566.731900
20
3895.503000
70
0
0
SEQEND
8
Layer 1
0
POLYLINE
8
Layer 1
62
7
70
0
10
0.000000
20
0.000000
66
1
0
VERTEX
8
Layer 1
10
567.108800
20
3884.426000
70
0
0
VERTEX
8
Layer 1
10
567.023668
20
3885.985176
70
0
0
VERTEX
8
Layer 1
10
566.766891
20
3887.497728
70
0
0
VERTEX
8
Layer 1
10
566.336400
20
3888.946704
70
0
0
VERTEX
8
Layer 1
10
565.730125
20
3890.315150
70
0
0
VERTEX
8
Layer 1
10
564.945997
20
3891.586115
70
0
0
VERTEX
8
Layer 1
10
563.981947
20
3892.742647
70
0
0
VERTEX
8
Layer 1
10
562.835904
20
3893.767793
70
0
0
VERTEX
8
Layer 1
10
561.505800
20
3894.644600
70
0
0
SEQEND
8
Layer 1
0
POLYLINE
8
Layer 1
62
7
70
0
10
0.000000
20
0.000000
66
1
0
VERTEX
8
Layer 1
10
566.732100
20
3880.854000
70
0
0
VERTEX
8
Layer 1
10
566.993838
20
3882.555025
70
0
0
VERTEX
8
Layer 1
10
567.108800
20
3884.426000
70
0
0
SEQEND
8
Layer 1
0
POLYLINE
8
Layer 1
62
7
70
0
10
0.000000
20
0.000000
66
1
0
VERTEX
8
Layer 1
10
562.722900
20
3880.854000
70
0
0
VERTEX
8
Layer 1
10
566.731900
20
3880.854000
70
0
0
SEQEND
8
Layer 1
0
POLYLINE
8
Layer 1
62
7
70
0
10
0.000000
20
0.000000
66
1
0
VERTEX
8
Layer 1
10
563.400000
20
3885.239900
70
0
0
VERTEX
8
Layer 1
10
563.213813
20
3883.013312
70
0
0
VERTEX
8
Layer 1
10
562.722900
20
3880.854000
70
0
0
SEQEND
8
Layer 1
0
POLYLINE
8
Layer 1
62
7
70
0
10
0.000000
20
0.000000
66
1
0
VERTEX
8
Layer 1
10
553.653800
20
3894.599000
70
0
0
VERTEX
8
Layer 1
10
555.951311
20
3894.417491
70
0
0
VERTEX
8
Layer 1
10
557.937225
20
3893.893119
70
0
0
VERTEX
8
Layer 1
10
559.613164
20
3893.056119
70
0
0
VERTEX
8
Layer 1
10
560.980750
20
3891.936725
70
0
0
VERTEX
8
Layer 1
10
562.041605
20
3890.565172
70
0
0
VERTEX
8
Layer 1
10
562.797350
20
3888.971694
70
0
0
VERTEX
8
Layer 1
10
563.249608
20
3887.186525
70
0
0
VERTEX
8
Layer 1
10
563.400000
20
3885.239900
70
0
0
SEQEND
8
Layer 1
0
POLYLINE
8
Layer 1
62
7
70
0
10
0.000000
20
0.000000
66
1
0
VERTEX
8
Layer 1
10
544.313900
20
3894.599000
70
0
0
VERTEX
8
Layer 1
10
553.653900
20
3894.599000
70
0
0
SEQEND
8
Layer 1
0
POLYLINE
8
Layer 1
62
7
70
0
10
0.000000
20
0.000000
66
1
0
VERTEX
8
Layer 1
10
543.748800
20
3861.853400
70
0
0
VERTEX
8
Layer 1
10
543.837225
20
3860.205156
70
0
0
VERTEX
8
Layer 1
10
544.091947
20
3858.714919
70
0
0
VERTEX
8
Layer 1
10
544.497132
20
3857.375253
70
0
0
VERTEX
8
Layer 1
10
545.036950
20
3856.178725
70
0
0
VERTEX
8
Layer 1
10
545.695568
20
3855.117900
70
0
0
VERTEX
8
Layer 1
10
546.457153
20
3854.185344
70
0
0
VERTEX
8
Layer 1
10
548.225900
20
3852.675300
70
0
0
SEQEND
8
Layer 1
0
POLYLINE
8
Layer 1
62
7
70
0
10
0.000000
20
0.000000
66
1
0
VERTEX
8
Layer 1
10
555.465600
20
3873.156600
70
0
0
VERTEX
8
Layer 1
10
553.013303
20
3872.960187
70
0
0
VERTEX
8
Layer 1
10
550.771247
20
3872.382261
70
0
0
VERTEX
8
Layer 1
10
548.775411
20
3871.439796
70
0
0
VERTEX
8
Layer 1
10
547.061775
20
3870.149762
70
0
0
VERTEX
8
Layer 1
10
545.666317
20
3868.529134
70
0
0
VERTEX
8
Layer 1
10
544.625016
20
3866.594883
70
0
0
VERTEX
8
Layer 1
10
543.973850
20
3864.363981
70
0
0
VERTEX
8
Layer 1
10
543.748800
20
3861.853400
70
0
0
SEQEND
8
Layer 1
0
POLYLINE
8
Layer 1
62
7
70
0
10
0.000000
20
0.000000
66
1
0
VERTEX
8
Layer 1
10
567.203000
20
3862.034400
70
0
0
VERTEX
8
Layer 1
10
566.992942
20
3864.342428
70
0
0
VERTEX
8
Layer 1
10
566.378002
20
3866.461402
70
0
0
VERTEX
8
Layer 1
10
565.381033
20
3868.354740
70
0
0
VERTEX
8
Layer 1
10
564.024888
20
3869.985862
70
0
0
VERTEX
8
Layer 1
10
562.332419
20
3871.318190
70
0
0
VERTEX
8
Layer 1
10
560.326480
20
3872.315142
70
0
0
VERTEX
8
Layer 1
10
558.029922
20
3872.940139
70
0
0
VERTEX
8
Layer 1
10
555.465600
20
3873.156600
70
0
0
SEQEND
8
Layer 1
0
POLYLINE
8
Layer 1
62
7
70
0
10
0.000000
20
0.000000
66
1
0
VERTEX
8
Layer 1
10
554.832700
20
3851.409600
70
0
0
VERTEX
8
Layer 1
10
557.230275
20
3851.430282
70
0
0
VERTEX
8
Layer 1
10
559.507494
20
3851.855217
70
0
0
VERTEX
8
Layer 1
10
561.602922
20
3852.669053
70
0
0
VERTEX
8
Layer 1
10
563.455125
20
3853.856437
70
0
0
VERTEX
8
Layer 1
10
565.002669
20
3855.402017
70
0
0
VERTEX
8
Layer 1
10
566.184119
20
3857.290439
70
0
0
VERTEX
8
Layer 1
10
566.938041
20
3859.506351
70
0
0
VERTEX
8
Layer 1
10
567.203000
20
3862.034400
70
0
0
SEQEND
8
Layer 1
0
POLYLINE
8
Layer 1
62
7
70
0
10
0.000000
20
0.000000
66
1
0
VERTEX
8
Layer 1
10
554.832900
20
3869.314000
70
0
0
VERTEX
8
Layer 1
10
554.832900
20
3851.410000
70
0
0
SEQEND
8
Layer 1
0
POLYLINE
8
Layer 1
62
7
70
0
10
0.000000
20
0.000000
66
1
0
VERTEX
8
Layer 1
10
546.913100
20
3861.672300
70
0
0
VERTEX
8
Layer 1
10
547.004689
20
3862.964935
70
0
0
VERTEX
8
Layer 1
10
547.297830
20
3864.264983
70
0
0
VERTEX
8
Layer 1
10
547.820084
20
3865.520529
70
0
0
VERTEX
8
Layer 1
10
548.599013
20
3866.679662
70
0
0
VERTEX
8
Layer 1
10
549.662177
20
3867.690469
70
0
0
VERTEX
8
Layer 1
10
551.037139
20
3868.501036
70
0
0
VERTEX
8
Layer 1
10
552.751460
20
3869.059451
70
0
0
VERTEX
8
Layer 1
10
554.832700
20
3869.313800
70
0
0
SEQEND
8
Layer 1
0
POLYLINE
8
Layer 1
62
7
70
0
10
0.000000
20
0.000000
66
1
0
VERTEX
8
Layer 1
10
549.447500
20
3856.066300
70
0
0
VERTEX
8
Layer 1
10
548.440541
20
3856.999359
70
0
0
VERTEX
8
Layer 1
10
547.637225
20
3858.208100
70
0
0
VERTEX
8
Layer 1
10
547.105447
20
3859.747441
70
0
0
VERTEX
8
Layer 1
10
546.913100
20
3861.672300
70
0
0
SEQEND
8
Layer 1
0
POLYLINE
8
Layer 1
62
7
70
0
10
0.000000
20
0.000000
66
1
0
VERTEX
8
Layer 1
10
548.225900
20
3852.675000
70
0
0
VERTEX
8
Layer 1
10
549.447900
20
3856.066000
70
0
0
SEQEND
8
Layer 1
0
POLYLINE
8
Layer 1
62
7
70
0
10
0.000000
20
0.000000
66
1
0
VERTEX
8
Layer 1
10
557.500900
20
3855.161000
70
0
0
VERTEX
8
Layer 1
10
557.500900
20
3869.268000
70
0
0
SEQEND
8
Layer 1
0
POLYLINE
8
Layer 1
62
7
70
0
10
0.000000
20
0.000000
66
1
0
VERTEX
8
Layer 1
10
564.128500
20
3861.943100
70
0
0
VERTEX
8
Layer 1
10
563.976833
20
3860.383536
70
0
0
VERTEX
8
Layer 1
10
563.549325
20
3859.027347
70
0
0
VERTEX
8
Layer 1
10
562.887217
20
3857.874534
70
0
0
VERTEX
8
Layer 1
10
562.031750
20
3856.925100
70
0
0
VERTEX
8
Layer 1
10
561.024164
20
3856.179047
70
0
0
VERTEX
8
Layer 1
10
559.905700
20
3855.636378
70
0
0
VERTEX
8
Layer 1
10
558.717598
20
3855.297095
70
0
0
VERTEX
8
Layer 1
10
557.501100
20
3855.161200
70
0
0
SEQEND
8
Layer 1
0
POLYLINE
8
Layer 1
62
7
70
0
10
0.000000
20
0.000000
66
1
0
VERTEX
8
Layer 1
10
557.501100
20
3869.268200
70
0
0
VERTEX
8
Layer 1
10
559.183692
20
3868.901475
70
0
0
VERTEX
8
Layer 1
10
560.590572
20
3868.327109
70
0
0
VERTEX
8
Layer 1
10
561.737572
20
3867.570508
70
0
0
VERTEX
8
Layer 1
10
562.640525
20
3866.657075
70
0
0
VERTEX
8
Layer 1
10
563.315262
20
3865.612214
70
0
0
VERTEX
8
Layer 1
10
563.777616
20
3864.461328
70
0
0
VERTEX
8
Layer 1
10
564.043418
20
3863.229822
70
0
0
VERTEX
8
Layer 1
10
564.128500
20
3861.943100
70
0
0
SEQEND
8
Layer 1
0
POLYLINE
8
ShapeString
62
7
70
0
10
0.000000
20
0.000000
66
1
0
VERTEX
8
ShapeString
10
8506.951300
20
1255.236939
70
0
0
VERTEX
8
ShapeString
10
8504.703413
20
1255.698824
70
0
0
VERTEX
8
ShapeString
10
8502.476556
20
1255.703939
70
0
0
VERTEX
8
ShapeString
10
8500.327739
20
1255.282092
70
0
0
VERTEX
8
ShapeString
10
8498.313976
20
1254.463092
70
0
0
VERTEX
8
ShapeString
10
8496.492276
20
1253.276746
70
0
0
VERTEX
8
ShapeString
10
8494.919652
20
1251.752863
70
0
0
VERTEX
8
ShapeString
10
8493.653115
20
1249.921251
70
0
0
VERTEX
8
ShapeString
10
8492.749677
20
1247.811717
70
0
0
VERTEX
8
ShapeString
10
8492.285103
20
1245.564384
70
0
0
VERTEX
8
ShapeString
10
8492.277323
20
1243.337535
70
0
0
VERTEX
8
ShapeString
10
8492.696598
20
1241.188215
70
0
0
VERTEX
8
ShapeString
10
8493.513188
20
1239.173473
70
0
0
VERTEX
8
ShapeString
10
8494.697353
20
1237.350355
70
0
0
VERTEX
8
ShapeString
10
8496.219353
20
1235.775908
70
0
0
VERTEX
8
ShapeString
10
8498.049449
20
1234.507181
70
0
0
VERTEX
8
ShapeString
10
8500.157900
20
1233.601219
70
0
0
VERTEX
8
ShapeString
10
8502.405787
20
1233.139334
70
0
0
VERTEX
8
ShapeString
10
8504.632644
20
1233.134219
70
0
0
VERTEX
8
ShapeString
10
8506.781461
20
1233.556066
70
0
0
VERTEX
8
ShapeString
10
8508.795224
20
1234.375066
70
0
0
VERTEX
8
ShapeString
10
8510.616924
20
1235.561412
70
0
0
VERTEX
8
ShapeString
10
8512.189548
20
1237.085295
70
0
0
VERTEX
8
ShapeString
10
8513.456085
20
1238.916907
70
0
0
VERTEX
8
ShapeString
10
8514.359523
20
1241.026441
70
0
0
VERTEX
8
ShapeString
10
8514.824097
20
1243.273774
70
0
0
VERTEX
8
ShapeString
10
8514.831877
20
1245.500623
70
0
0
VERTEX
8
ShapeString
10
8514.412602
20
1247.649943
70
0
0
VERTEX
8
ShapeString
10
8513.596012
20
1249.664685
70
0
0
VERTEX
8
ShapeString
10
8512.411847
20
1251.487803
70
0
0
VERTEX
8
ShapeString
10
8510.889847
20
1253.062250
70
0
0
VERTEX
8
ShapeString
10
8509.059751
20
1254.330977
70
0
0
VERTEX
8
ShapeString
10
8506.951300
20
1255.236939
70
0
0
VERTEX
8
ShapeString
10
8506.951300
20
1255.236939
70
0
0
SEQEND
8
ShapeString
0
POLYLINE
8
ShapeString
62
7
70
0
10
0.000000
20
0.000000
66
1
0
VERTEX
8
ShapeString
10
8899.026600
20
1393.524409
70
0
0
VERTEX
8
ShapeString
10
8896.777584
20
1393.988814
70
0
0
VERTEX
8
ShapeString
10
8894.549258
20
1393.995797
70
0
0
VERTEX
8
ShapeString
10
8892.398763
20
1393.575198
70
0
0
VERTEX
8
ShapeString
10
8890.383241
20
1392.756853
70
0
0
VERTEX
8
ShapeString
10
8888.559831
20
1391.570599
70
0
0
VERTEX
8
ShapeString
10
8886.985674
20
1390.046275
70
0
0
VERTEX
8
ShapeString
10
8885.717912
20
1388.213719
70
0
0
VERTEX
8
ShapeString
10
8884.813685
20
1386.102767
70
0
0
VERTEX
8
ShapeString
10
8884.348928
20
1383.853823
70
0
0
VERTEX
8
ShapeString
10
8884.341595
20
1381.625499
70
0
0
VERTEX
8
ShapeString
10
8884.761858
20
1379.474938
70
0
0
VERTEX
8
ShapeString
10
8885.579887
20
1377.459287
70
0
0
VERTEX
8
ShapeString
10
8886.765855
20
1375.635691
70
0
0
VERTEX
8
ShapeString
10
8888.289932
20
1374.061296
70
0
0
VERTEX
8
ShapeString
10
8890.122290
20
1372.793246
70
0
0
VERTEX
8
ShapeString
10
8892.233100
20
1371.888689
70
0
0
VERTEX
8
ShapeString
10
8894.482116
20
1371.424284
70
0
0
VERTEX
8
ShapeString
10
8896.710442
20
1371.417301
70
0
0
VERTEX
8
ShapeString
10
8898.860937
20
1371.837900
70
0
0
VERTEX
8
ShapeString
10
8900.876459
20
1372.656245
70
0
0
VERTEX
8
ShapeString
10
8902.699869
20
1373.842499
70
0
0
VERTEX
8
ShapeString
10
8904.274026
20
1375.366823
70
0
0
VERTEX
8
ShapeString
10
8905.541788
20
1377.199379
70
0
0
VERTEX
8
ShapeString
10
8906.446015
20
1379.310331
70
0
0
VERTEX
8
ShapeString
10
8906.910772
20
1381.559275
70
0
0
VERTEX
8
ShapeString
10
8906.918105
20
1383.787599
70
0
0
VERTEX
8
ShapeString
10
8906.497842
20
1385.938160
70
0
0
VERTEX
8
ShapeString
10
8905.679813
20
1387.953811
70
0
0
VERTEX
8
ShapeString
10
8904.493845
20
1389.777407
70
0
0
VERTEX
8
ShapeString
10
8902.969768
20
1391.351802
70
0
0
VERTEX
8
ShapeString
10
8901.137410
20
1392.619852
70
0
0
VERTEX
8
ShapeString
10
8899.026600
20
1393.524409
70
0
0
VERTEX
8
ShapeString
10
8899.026600
20
1393.524409
70
0
0
SEQEND
8
ShapeString
0
POLYLINE
8
ShapeString
62
7
70
0
10
0.000000
20
0.000000
66
1
0
VERTEX
8
ShapeString
10
8335.776700
20
2636.576400
70
0
0
VERTEX
8
ShapeString
10
8333.528502
20
2637.038990
70
0
0
VERTEX
8
ShapeString
10
8331.301237
20
2637.044630
70
0
0
VERTEX
8
ShapeString
10
8329.151955
20
2636.623135
70
0
0
VERTEX
8
ShapeString
10
8327.137701
20
2635.804323
70
0
0
VERTEX
8
ShapeString
10
8325.315524
20
2634.618009
70
0
0
VERTEX
8
ShapeString
10
8323.742470
20
2633.094009
70
0
0
VERTEX
8
ShapeString
10
8322.475588
20
2631.262139
70
0
0
VERTEX
8
ShapeString
10
8321.571924
20
2629.152215
70
0
0
VERTEX
8
ShapeString
10
8321.107292
20
2626.904438
70
0
0
VERTEX
8
ShapeString
10
8321.099628
20
2624.677180
70
0
0
VERTEX
8
ShapeString
10
8321.519170
20
2622.527515
70
0
0
VERTEX
8
ShapeString
10
8322.336152
20
2620.512518
70
0
0
VERTEX
8
ShapeString
10
8323.520810
20
2618.689264
70
0
0
VERTEX
8
ShapeString
10
8325.043380
20
2617.114826
70
0
0
VERTEX
8
ShapeString
10
8326.874098
20
2615.846280
70
0
0
VERTEX
8
ShapeString
10
8328.983200
20
2614.940700
70
0
0
VERTEX
8
ShapeString
10
8331.231398
20
2614.478110
70
0
0
VERTEX
8
ShapeString
10
8333.458663
20
2614.472470
70
0
0
VERTEX
8
ShapeString
10
8335.607945
20
2614.893965
70
0
0
VERTEX
8
ShapeString
10
8337.622199
20
2615.712777
70
0
0
VERTEX
8
ShapeString
10
8339.444376
20
2616.899091
70
0
0
VERTEX
8
ShapeString
10
8341.017430
20
2618.423091
70
0
0
VERTEX
8
ShapeString
10
8342.284312
20
2620.254961
70
0
0
VERTEX
8
ShapeString
10
8343.187976
20
2622.364885
70
0
0
VERTEX
8
ShapeString
10
8343.652608
20
2624.612662
70
0
0
VERTEX
8
ShapeString
10
8343.660272
20
2626.839920
70
0
0
VERTEX
8
ShapeString
10
8343.240730
20
2628.989585
70
0
0
VERTEX
8
ShapeString
10
8342.423748
20
2631.004582
70
0
0
VERTEX
8
ShapeString
10
8341.239090
20
2632.827836
70
0
0
VERTEX
8
ShapeString
10
8339.716520
20
2634.402274
70
0
0
VERTEX
8
ShapeString
10
8337.885802
20
2635.670820
70
0
0
VERTEX
8
ShapeString
10
8335.776700
20
2636.576400
70
0
0
VERTEX
8
ShapeString
10
8335.776700
20
2636.576400
70
0
0
SEQEND
8
ShapeString
0
POLYLINE
8
ShapeString
62
7
70
0
10
0.000000
20
0.000000
66
1
0
VERTEX
8
ShapeString
10
8750.855300
20
2612.992500
70
0
0
VERTEX
8
ShapeString
10
8748.607534
20
2613.454130
70
0
0
VERTEX
8
ShapeString
10
8746.380830
20
2613.459058
70
0
0
VERTEX
8
ShapeString
10
8744.232188
20
2613.037090
70
0
0
VERTEX
8
ShapeString
10
8742.218605
20
2612.218030
70
0
0
VERTEX
8
ShapeString
10
8740.397079
20
2611.031682
70
0
0
VERTEX
8
ShapeString
10
8738.824609
20
2609.507852
70
0
0
VERTEX
8
ShapeString
10
8737.558192
20
2607.676345
70
0
0
VERTEX
8
ShapeString
10
8736.654826
20
2605.566964
70
0
0
VERTEX
8
ShapeString
10
8736.190260
20
2603.319803
70
0
0
VERTEX
8
ShapeString
10
8736.182422
20
2601.093108
70
0
0
VERTEX
8
ShapeString
10
8736.601582
20
2598.943916
70
0
0
VERTEX
8
ShapeString
10
8737.418011
20
2596.929265
70
0
0
VERTEX
8
ShapeString
10
8738.601977
20
2595.106191
70
0
0
VERTEX
8
ShapeString
10
8740.123751
20
2593.531730
70
0
0
VERTEX
8
ShapeString
10
8741.953602
20
2592.262921
70
0
0
VERTEX
8
ShapeString
10
8744.061800
20
2591.356800
70
0
0
VERTEX
8
ShapeString
10
8746.309566
20
2590.895170
70
0
0
VERTEX
8
ShapeString
10
8748.536270
20
2590.890242
70
0
0
VERTEX
8
ShapeString
10
8750.684912
20
2591.312210
70
0
0
VERTEX
8
ShapeString
10
8752.698495
20
2592.131270
70
0
0
VERTEX
8
ShapeString
10
8754.520021
20
2593.317618
70
0
0
VERTEX
8
ShapeString
10
8756.092491
20
2594.841448
70
0
0
VERTEX
8
ShapeString
10
8757.358908
20
2596.672955
70
0
0
VERTEX
8
ShapeString
10
8758.262274
20
2598.782336
70
0
0
VERTEX
8
ShapeString
10
8758.726840
20
2601.029497
70
0
0
VERTEX
8
ShapeString
10
8758.734678
20
2603.256192
70
0
0
VERTEX
8
ShapeString
10
8758.315518
20
2605.405384
70
0
0
VERTEX
8
ShapeString
10
8757.499089
20
2607.420035
70
0
0
VERTEX
8
ShapeString
10
8756.315123
20
2609.243109
70
0
0
VERTEX
8
ShapeString
10
8754.793349
20
2610.817570
70
0
0
VERTEX
8
ShapeString
10
8752.963498
20
2612.086379
70
0
0
VERTEX
8
ShapeString
10
8750.855300
20
2612.992500
70
0
0
VERTEX
8
ShapeString
10
8750.855300
20
2612.992500
70
0
0
SEQEND
8
ShapeString
0
POLYLINE
8
ShapeString
62
7
70
0
10
0.000000
20
0.000000
66
1
0
VERTEX
8
ShapeString
10
8839.282200
20
4119.259900
70
0
0
VERTEX
8
ShapeString
10
8837.033762
20
4119.723023
70
0
0
VERTEX
8
ShapeString
10
8834.806186
20
4119.729058
70
0
0
VERTEX
8
ShapeString
10
8832.656548
20
4119.307827
70
0
0
VERTEX
8
ShapeString
10
8830.641921
20
4118.489152
70
0
0
VERTEX
8
ShapeString
10
8828.819382
20
4117.302857
70
0
0
VERTEX
8
ShapeString
10
8827.246005
20
4115.778762
70
0
0
VERTEX
8
ShapeString
10
8825.978864
20
4113.946691
70
0
0
VERTEX
8
ShapeString
10
8825.075035
20
4111.836465
70
0
0
VERTEX
8
ShapeString
10
8824.610366
20
4109.588346
70
0
0
VERTEX
8
ShapeString
10
8824.602800
20
4107.360775
70
0
0
VERTEX
8
ShapeString
10
8825.022553
20
4105.210848
70
0
0
VERTEX
8
ShapeString
10
8825.839842
20
4103.195659
70
0
0
VERTEX
8
ShapeString
10
8827.024885
20
4101.372304
70
0
0
VERTEX
8
ShapeString
10
8828.547897
20
4099.797880
70
0
0
VERTEX
8
ShapeString
10
8830.379097
20
4098.529480
70
0
0
VERTEX
8
ShapeString
10
8832.488700
20
4097.624200
70
0
0
VERTEX
8
ShapeString
10
8834.737138
20
4097.161077
70
0
0
VERTEX
8
ShapeString
10
8836.964714
20
4097.155042
70
0
0
VERTEX
8
ShapeString
10
8839.114352
20
4097.576273
70
0
0
VERTEX
8
ShapeString
10
8841.128979
20
4098.394948
70
0
0
VERTEX
8
ShapeString
10
8842.951518
20
4099.581243
70
0
0
VERTEX
8
ShapeString
10
8844.524895
20
4101.105338
70
0
0
VERTEX
8
ShapeString
10
8845.792036
20
4102.937409
70
0
0
VERTEX
8
ShapeString
10
8846.695865
20
4105.047635
70
0
0
VERTEX
8
ShapeString
10
8847.160534
20
4107.295754
70
0
0
VERTEX
8
ShapeString
10
8847.168100
20
4109.523325
70
0
0
VERTEX
8
ShapeString
10
8846.748347
20
4111.673252
70
0
0
VERTEX
8
ShapeString
10
8845.931058
20
4113.688441
70
0
0
VERTEX
8
ShapeString
10
8844.746015
20
4115.511796
70
0
0
VERTEX
8
ShapeString
10
8843.223003
20
4117.086220
70
0
0
VERTEX
8
ShapeString
10
8841.391803
20
4118.354620
70
0
0
VERTEX
8
ShapeString
10
8839.282200
20
4119.259900
70
0
0
VERTEX
8
ShapeString
10
8839.282200
20
4119.259900
70
0
0
SEQEND
8
ShapeString
0
POLYLINE
8
ShapeString
62
7
70
0
10
0.000000
20
0.000000
66
1
0
VERTEX
8
ShapeString
10
8940.917500
20
4083.962300
70
0
0
VERTEX
8
ShapeString
10
8938.671496
20
4084.420032
70
0
0
VERTEX
8
ShapeString
10
8936.447078
20
4084.422073
70
0
0
VERTEX
8
ShapeString
10
8934.301043
20
4083.998182
70
0
0
VERTEX
8
ShapeString
10
8932.290191
20
4083.178117
70
0
0
VERTEX
8
ShapeString
10
8930.471317
20
4081.991638
70
0
0
VERTEX
8
ShapeString
10
8928.901220
20
4080.468501
70
0
0
VERTEX
8
ShapeString
10
8927.636699
20
4078.638467
70
0
0
VERTEX
8
ShapeString
10
8926.734550
20
4076.531294
70
0
0
VERTEX
8
ShapeString
10
8926.270260
20
4074.286636
70
0
0
VERTEX
8
ShapeString
10
8926.261722
20
4072.062233
70
0
0
VERTEX
8
ShapeString
10
8926.679343
20
4069.914970
70
0
0
VERTEX
8
ShapeString
10
8927.493531
20
4067.901731
70
0
0
VERTEX
8
ShapeString
10
8928.674693
20
4066.079399
70
0
0
VERTEX
8
ShapeString
10
8930.193237
20
4064.504861
70
0
0
VERTEX
8
ShapeString
10
8932.019570
20
4063.235000
70
0
0
VERTEX
8
ShapeString
10
8934.124100
20
4062.326700
70
0
0
VERTEX
8
ShapeString
10
8936.370104
20
4061.868968
70
0
0
VERTEX
8
ShapeString
10
8938.594522
20
4061.866927
70
0
0
VERTEX
8
ShapeString
10
8940.740557
20
4062.290818
70
0
0
VERTEX
8
ShapeString
10
8942.751409
20
4063.110883
70
0
0
VERTEX
8
ShapeString
10
8944.570283
20
4064.297362
70
0
0
VERTEX
8
ShapeString
10
8946.140380
20
4065.820499
70
0
0
VERTEX
8
ShapeString
10
8947.404901
20
4067.650533
70
0
0
VERTEX
8
ShapeString
10
8948.307050
20
4069.757706
70
0
0
VERTEX
8
ShapeString
10
8948.771340
20
4072.002364
70
0
0
VERTEX
8
ShapeString
10
8948.779878
20
4074.226767
70
0
0
VERTEX
8
ShapeString
10
8948.362257
20
4076.374030
70
0
0
VERTEX
8
ShapeString
10
8947.548069
20
4078.387269
70
0
0
VERTEX
8
ShapeString
10
8946.366907
20
4080.209601
70
0
0
VERTEX
8
ShapeString
10
8944.848363
20
4081.784139
70
0
0
VERTEX
8
ShapeString
10
8943.022030
20
4083.054000
70
0
0
VERTEX
8
ShapeString
10
8940.917500
20
4083.962300
70
0
0
VERTEX
8
ShapeString
10
8940.917500
20
4083.962300
70
0
0
SEQEND
8
ShapeString
0
POLYLINE
8
ShapeString
62
7
70
0
10
0.000000
20
0.000000
66
1
0
VERTEX
8
ShapeString
10
8706.385800
20
1335.198519
70
0
0
VERTEX
8
ShapeString
10
8704.138754
20
1335.781008
70
0
0
VERTEX
8
ShapeString
10
8701.887768
20
1336.127328
70
0
0
VERTEX
8
ShapeString
10
8699.647127
20
1336.244937
70
0
0
VERTEX
8
ShapeString
10
8697.431116
20
1336.141296
70
0
0
VERTEX
8
ShapeString
10
8695.254021
20
1335.823862
70
0
0
VERTEX
8
ShapeString
10
8693.130127
20
1335.300097
70
0
0
VERTEX
8
ShapeString
10
8691.073718
20
1334.577458
70
0
0
VERTEX
8
ShapeString
10
8689.099081
20
1333.663406
70
0
0
VERTEX
8
ShapeString
10
8687.220500
20
1332.565400
70
0
0
VERTEX
8
ShapeString
10
8685.452261
20
1331.290900
70
0
0
VERTEX
8
ShapeString
10
8683.808649
20
1329.847364
70
0
0
VERTEX
8
ShapeString
10
8682.303948
20
1328.242252
70
0
0
VERTEX
8
ShapeString
10
8680.952445
20
1326.483024
70
0
0
VERTEX
8
ShapeString
10
8679.768424
20
1324.577138
70
0
0
VERTEX
8
ShapeString
10
8678.766171
20
1322.532056
70
0
0
VERTEX
8
ShapeString
10
8677.959971
20
1320.355234
70
0
0
VERTEX
8
ShapeString
10
8677.377129
20
1318.108280
70
0
0
VERTEX
8
ShapeString
10
8677.030457
20
1315.857348
70
0
0
VERTEX
8
ShapeString
10
8676.912496
20
1313.616725
70
0
0
VERTEX
8
ShapeString
10
8677.015791
20
1311.400699
70
0
0
VERTEX
8
ShapeString
10
8677.332883
20
1309.223554
70
0
0
VERTEX
8
ShapeString
10
8677.856316
20
1307.099577
70
0
0
VERTEX
8
ShapeString
10
8678.578632
20
1305.043056
70
0
0
VERTEX
8
ShapeString
10
8679.492374
20
1303.068275
70
0
0
VERTEX
8
ShapeString
10
8680.590086
20
1301.189522
70
0
0
VERTEX
8
ShapeString
10
8681.864309
20
1299.421083
70
0
0
VERTEX
8
ShapeString
10
8683.307587
20
1297.777244
70
0
0
VERTEX
8
ShapeString
10
8684.912463
20
1296.272292
70
0
0
VERTEX
8
ShapeString
10
8686.671480
20
1294.920513
70
0
0
VERTEX
8
ShapeString
10
8688.577179
20
1293.736194
70
0
0
VERTEX
8
ShapeString
10
8690.622105
20
1292.733620
70
0
0
VERTEX
8
ShapeString
10
8692.798800
20
1291.927079
70
0
0
VERTEX
8
ShapeString
10
8695.045846
20
1291.344590
70
0
0
VERTEX
8
ShapeString
10
8697.296832
20
1290.998270
70
0
0
VERTEX
8
ShapeString
10
8699.537473
20
1290.880661
70
0
0
VERTEX
8
ShapeString
10
8701.753484
20
1290.984302
70
0
0
VERTEX
8
ShapeString
10
8703.930579
20
1291.301736
70
0
0
VERTEX
8
ShapeString
10
8706.054473
20
1291.825501
70
0
0
VERTEX
8
ShapeString
10
8708.110882
20
1292.548140
70
0
0
VERTEX
8
ShapeString
10
8710.085519
20
1293.462192
70
0
0
VERTEX
8
ShapeString
10
8711.964100
20
1294.560198
70
0
0
VERTEX
8
ShapeString
10
8713.732339
20
1295.834698
70
0
0
VERTEX
8
ShapeString
10
8715.375951
20
1297.278234
70
0
0
VERTEX
8
ShapeString
10
8716.880652
20
1298.883346
70
0
0
VERTEX
8
ShapeString
10
8718.232155
20
1300.642574
70
0
0
VERTEX
8
ShapeString
10
8719.416176
20
1302.548460
70
0
0
VERTEX
8
ShapeString
10
8720.418429
20
1304.593542
70
0
0
VERTEX
8
ShapeString
10
8721.224629
20
1306.770364
70
0
0
VERTEX
8
ShapeString
10
8721.807471
20
1309.017318
70
0
0
VERTEX
8
ShapeString
10
8722.154143
20
1311.268250
70
0
0
VERTEX
8
ShapeString
10
8722.272104
20
1313.508873
70
0
0
VERTEX
8
ShapeString
10
8722.168809
20
1315.724899
70
0
0
VERTEX
8
ShapeString
10
8721.851717
20
1317.902044
70
0
0
VERTEX
8
ShapeString
10
8721.328284
20
1320.026021
70
0
0
VERTEX
8
ShapeString
10
8720.605968
20
1322.082542
70
0
0
VERTEX
8
ShapeString
10
8719.692226
20
1324.057323
70
0
0
VERTEX
8
ShapeString
10
8718.594514
20
1325.936076
70
0
0
VERTEX
8
ShapeString
10
8717.320291
20
1327.704515
70
0
0
VERTEX
8
ShapeString
10
8715.877013
20
1329.348354
70
0
0
VERTEX
8
ShapeString
10
8714.272137
20
1330.853306
70
0
0
VERTEX
8
ShapeString
10
8712.513120
20
1332.205085
70
0
0
VERTEX
8
ShapeString
10
8710.607421
20
1333.389404
70
0
0
VERTEX
8
ShapeString
10
8708.562495
20
1334.391978
70
0
0
VERTEX
8
ShapeString
10
8706.385800
20
1335.198519
70
0
0
VERTEX
8
ShapeString
10
8706.385800
20
1335.198519
70
0
0
SEQEND
8
ShapeString
0
POLYLINE
8
ShapeString
62
7
70
0
10
0.000000
20
0.000000
66
1
0
VERTEX
8
ShapeString
10
8546.712700
20
2635.602300
70
0
0
VERTEX
8
ShapeString
10
8544.466825
20
2636.181742
70
0
0
VERTEX
8
ShapeString
10
8542.217239
20
2636.525392
70
0
0
VERTEX
8
ShapeString
10
8539.978190
20
2636.640702
70
0
0
VERTEX
8
ShapeString
10
8537.763927
20
2636.535123
70
0
0
VERTEX
8
ShapeString
10
8535.588698
20
2636.216105
70
0
0
VERTEX
8
ShapeString
10
8533.466752
20
2635.691100
70
0
0
VERTEX
8
ShapeString
10
8531.412338
20
2634.967558
70
0
0
VERTEX
8
ShapeString
10
8529.439703
20
2634.052932
70
0
0
VERTEX
8
ShapeString
10
8527.563096
20
2632.954670
70
0
0
VERTEX
8
ShapeString
10
8525.796765
20
2631.680226
70
0
0
VERTEX
8
ShapeString
10
8524.154960
20
2630.237048
70
0
0
VERTEX
8
ShapeString
10
8522.651929
20
2628.632589
70
0
0
VERTEX
8
ShapeString
10
8521.301919
20
2626.874300
70
0
0
VERTEX
8
ShapeString
10
8520.119180
20
2624.969631
70
0
0
VERTEX
8
ShapeString
10
8519.117960
20
2622.926033
70
0
0
VERTEX
8
ShapeString
10
8518.312508
20
2620.750958
70
0
0
VERTEX
8
ShapeString
10
8517.730059
20
2618.505861
70
0
0
VERTEX
8
ShapeString
10
8517.383396
20
2616.256737
70
0
0
VERTEX
8
ShapeString
10
8517.265087
20
2614.017844
70
0
0
VERTEX
8
ShapeString
10
8517.367701
20
2611.803442
70
0
0
VERTEX
8
ShapeString
10
8517.683805
20
2609.627788
70
0
0
VERTEX
8
ShapeString
10
8518.205967
20
2607.505141
70
0
0
VERTEX
8
ShapeString
10
8518.926757
20
2605.449759
70
0
0
VERTEX
8
ShapeString
10
8519.838741
20
2603.475900
70
0
0
VERTEX
8
ShapeString
10
8520.934488
20
2601.597824
70
0
0
VERTEX
8
ShapeString
10
8522.206566
20
2599.829789
70
0
0
VERTEX
8
ShapeString
10
8523.647543
20
2598.186052
70
0
0
VERTEX
8
ShapeString
10
8525.249987
20
2596.680873
70
0
0
VERTEX
8
ShapeString
10
8527.006467
20
2595.328510
70
0
0
VERTEX
8
ShapeString
10
8528.909550
20
2594.143221
70
0
0
VERTEX
8
ShapeString
10
8530.951805
20
2593.139265
70
0
0
VERTEX
8
ShapeString
10
8533.125800
20
2592.330900
70
0
0
VERTEX
8
ShapeString
10
8535.371675
20
2591.751458
70
0
0
VERTEX
8
ShapeString
10
8537.621261
20
2591.407808
70
0
0
VERTEX
8
ShapeString
10
8539.860310
20
2591.292498
70
0
0
VERTEX
8
ShapeString
10
8542.074573
20
2591.398077
70
0
0
VERTEX
8
ShapeString
10
8544.249802
20
2591.717095
70
0
0
VERTEX
8
ShapeString
10
8546.371748
20
2592.242100
70
0
0
VERTEX
8
ShapeString
10
8548.426162
20
2592.965642
70
0
0
VERTEX
8
ShapeString
10
8550.398797
20
2593.880268
70
0
0
VERTEX
8
ShapeString
10
8552.275404
20
2594.978530
70
0
0
VERTEX
8
ShapeString
10
8554.041735
20
2596.252974
70
0
0
VERTEX
8
ShapeString
10
8555.683540
20
2597.696152
70
0
0
VERTEX
8
ShapeString
10
8557.186571
20
2599.300611
70
0
0
VERTEX
8
ShapeString
10
8558.536581
20
2601.058900
70
0
0
VERTEX
8
ShapeString
10
8559.719320
20
2602.963569
70
0
0
VERTEX
8
ShapeString
10
8560.720540
20
2605.007167
70
0
0
VERTEX
8
ShapeString
10
8561.525992
20
2607.182242
70
0
0
VERTEX
8
ShapeString
10
8562.108441
20
2609.427339
70
0
0
VERTEX
8
ShapeString
10
8562.455104
20
2611.676463
70
0
0
VERTEX
8
ShapeString
10
8562.573413
20
2613.915356
70
0
0
VERTEX
8
ShapeString
10
8562.470799
20
2616.129758
70
0
0
VERTEX
8
ShapeString
10
8562.154695
20
2618.305412
70
0
0
VERTEX
8
ShapeString
10
8561.632533
20
2620.428059
70
0
0
VERTEX
8
ShapeString
10
8560.911743
20
2622.483441
70
0
0
VERTEX
8
ShapeString
10
8559.999759
20
2624.457300
70
0
0
VERTEX
8
ShapeString
10
8558.904012
20
2626.335376
70
0
0
VERTEX
8
ShapeString
10
8557.631934
20
2628.103411
70
0
0
VERTEX
8
ShapeString
10
8556.190957
20
2629.747148
70
0
0
VERTEX
8
ShapeString
10
8554.588513
20
2631.252327
70
0
0
VERTEX
8
ShapeString
10
8552.832033
20
2632.604690
70
0
0
VERTEX
8
ShapeString
10
8550.928950
20
2633.789979
70
0
0
VERTEX
8
ShapeString
10
8548.886695
20
2634.793935
70
0
0
VERTEX
8
ShapeString
10
8546.712700
20
2635.602300
70
0
0
VERTEX
8
ShapeString
10
8546.712700
20
2635.602300
70
0
0
SEQEND
8
ShapeString
0
POLYLINE
8
ShapeString
62
7
70
0
10
0.000000
20
0.000000
66
1
0
VERTEX
8
ShapeString
10
8827.630400
20
3922.774700
70
0
0
VERTEX
8
ShapeString
10
8825.384894
20
3923.353196
70
0
0
VERTEX
8
ShapeString
10
8823.135747
20
3923.696019
70
0
0
VERTEX
8
ShapeString
10
8820.897197
20
3923.810618
70
0
0
VERTEX
8
ShapeString
10
8818.683481
20
3923.704439
70
0
0
VERTEX
8
ShapeString
10
8816.508835
20
3923.384933
70
0
0
VERTEX
8
ShapeString
10
8814.387498
20
3922.859546
70
0
0
VERTEX
8
ShapeString
10
8812.333705
20
3922.135728
70
0
0
VERTEX
8
ShapeString
10
8810.361694
20
3921.220926
70
0
0
VERTEX
8
ShapeString
10
8808.485702
20
3920.122590
70
0
0
VERTEX
8
ShapeString
10
8806.719966
20
3918.848167
70
0
0
VERTEX
8
ShapeString
10
8805.078723
20
3917.405105
70
0
0
VERTEX
8
ShapeString
10
8803.576211
20
3915.800853
70
0
0
VERTEX
8
ShapeString
10
8802.226665
20
3914.042860
70
0
0
VERTEX
8
ShapeString
10
8801.044324
20
3912.138573
70
0
0
VERTEX
8
ShapeString
10
8800.043424
20
3910.095441
70
0
0
VERTEX
8
ShapeString
10
8799.238202
20
3907.920913
70
0
0
VERTEX
8
ShapeString
10
8798.655874
20
3905.676397
70
0
0
VERTEX
8
ShapeString
10
8798.309212
20
3903.427839
70
0
0
VERTEX
8
ShapeString
10
8798.190792
20
3901.189488
70
0
0
VERTEX
8
ShapeString
10
8798.293191
20
3898.975594
70
0
0
VERTEX
8
ShapeString
10
8798.608985
20
3896.800406
70
0
0
VERTEX
8
ShapeString
10
8799.130750
20
3894.678175
70
0
0
VERTEX
8
ShapeString
10
8799.851061
20
3892.623149
70
0
0
VERTEX
8
ShapeString
10
8800.762495
20
3890.649580
70
0
0
VERTEX
8
ShapeString
10
8801.857627
20
3888.771715
70
0
0
VERTEX
8
ShapeString
10
8803.129034
20
3887.003807
70
0
0
VERTEX
8
ShapeString
10
8804.569292
20
3885.360103
70
0
0
VERTEX
8
ShapeString
10
8806.170976
20
3883.854854
70
0
0
VERTEX
8
ShapeString
10
8807.926663
20
3882.502309
70
0
0
VERTEX
8
ShapeString
10
8809.828929
20
3881.316719
70
0
0
VERTEX
8
ShapeString
10
8811.870349
20
3880.312333
70
0
0
VERTEX
8
ShapeString
10
8814.043500
20
3879.503400
70
0
0
VERTEX
8
ShapeString
10
8816.289006
20
3878.924904
70
0
0
VERTEX
8
ShapeString
10
8818.538153
20
3878.582081
70
0
0
VERTEX
8
ShapeString
10
8820.776703
20
3878.467482
70
0
0
VERTEX
8
ShapeString
10
8822.990419
20
3878.573661
70
0
0
VERTEX
8
ShapeString
10
8825.165065
20
3878.893167
70
0
0
VERTEX
8
ShapeString
10
8827.286402
20
3879.418554
70
0
0
VERTEX
8
ShapeString
10
8829.340195
20
3880.142372
70
0
0
VERTEX
8
ShapeString
10
8831.312206
20
3881.057174
70
0
0
VERTEX
8
ShapeString
10
8833.188198
20
3882.155510
70
0
0
VERTEX
8
ShapeString
10
8834.953934
20
3883.429933
70
0
0
VERTEX
8
ShapeString
10
8836.595177
20
3884.872995
70
0
0
VERTEX
8
ShapeString
10
8838.097689
20
3886.477247
70
0
0
VERTEX
8
ShapeString
10
8839.447235
20
3888.235240
70
0
0
VERTEX
8
ShapeString
10
8840.629576
20
3890.139527
70
0
0
VERTEX
8
ShapeString
10
8841.630476
20
3892.182659
70
0
0
VERTEX
8
ShapeString
10
8842.435698
20
3894.357187
70
0
0
VERTEX
8
ShapeString
10
8843.018026
20
3896.601703
70
0
0
VERTEX
8
ShapeString
10
8843.364688
20
3898.850261
70
0
0
VERTEX
8
ShapeString
10
8843.483108
20
3901.088612
70
0
0
VERTEX
8
ShapeString
10
8843.380709
20
3903.302506
70
0
0
VERTEX
8
ShapeString
10
8843.064915
20
3905.477694
70
0
0
VERTEX
8
ShapeString
10
8842.543150
20
3907.599925
70
0
0
VERTEX
8
ShapeString
10
8841.822839
20
3909.654951
70
0
0
VERTEX
8
ShapeString
10
8840.911405
20
3911.628520
70
0
0
VERTEX
8
ShapeString
10
8839.816273
20
3913.506385
70
0
0
VERTEX
8
ShapeString
10
8838.544866
20
3915.274293
70
0
0
VERTEX
8
ShapeString
10
8837.104608
20
3916.917997
70
0
0
VERTEX
8
ShapeString
10
8835.502924
20
3918.423246
70
0
0
VERTEX
8
ShapeString
10
8833.747237
20
3919.775791
70
0
0
VERTEX
8
ShapeString
10
8831.844971
20
3920.961381
70
0
0
VERTEX
8
ShapeString
10
8829.803551
20
3921.965767
70
0
0
VERTEX
8
ShapeString
10
8827.630400
20
3922.774700
70
0
0
VERTEX
8
ShapeString
10
8827.630400
20
3922.774700
70
0
0
SEQEND
8
ShapeString
0
POLYLINE
8
ShapeString
62
7
70
0
10
0.000000
20
0.000000
66
1
0
VERTEX
8
ShapeString
10
8435.166500
20
1380.319499
70
0
0
VERTEX
8
ShapeString
10
8440.031575
20
1362.057017
70
0
0
VERTEX
8
ShapeString
10
8445.046571
20
1343.837471
70
0
0
VERTEX
8
ShapeString
10
8450.211182
20
1325.661774
70
0
0
VERTEX
8
ShapeString
10
8455.525103
20
1307.530843
70
0
0
VERTEX
8
ShapeString
10
8460.988029
20
1289.445590
70
0
0
VERTEX
8
ShapeString
10
8466.599655
20
1271.406932
70
0
0
VERTEX
8
ShapeString
10
8472.359675
20
1253.415782
70
0
0
VERTEX
8
ShapeString
10
8478.267783
20
1235.473056
70
0
0
VERTEX
8
ShapeString
10
8484.323675
20
1217.579667
70
0
0
VERTEX
8
ShapeString
10
8490.527044
20
1199.736531
70
0
0
VERTEX
8
ShapeString
10
8496.877587
20
1181.944562
70
0
0
VERTEX
8
ShapeString
10
8503.374996
20
1164.204676
70
0
0
VERTEX
8
ShapeString
10
8510.018968
20
1146.517785
70
0
0
VERTEX
8
ShapeString
10
8516.809196
20
1128.884806
70
0
0
VERTEX
8
ShapeString
10
8523.745375
20
1111.306653
70
0
0
VERTEX
8
ShapeString
10
8530.827200
20
1093.784240
70
0
0
SEQEND
8
ShapeString
0
POLYLINE
8
ShapeString
62
7
70
0
10
0.000000
20
0.000000
66
1
0
VERTEX
8
ShapeString
10
8530.827200
20
1093.784240
70
0
0
VERTEX
8
ShapeString
10
8541.572759
20
1067.751234
70
0
0
VERTEX
8
ShapeString
10
8552.487049
20
1041.789485
70
0
0
VERTEX
8
ShapeString
10
8563.569711
20
1015.899812
70
0
0
VERTEX
8
ShapeString
10
8574.820383
20
990.083031
70
0
0
VERTEX
8
ShapeString
10
8586.238708
20
964.339960
70
0
0
VERTEX
8
ShapeString
10
8597.824326
20
938.671418
70
0
0
VERTEX
8
ShapeString
10
8609.576876
20
913.078222
70
0
0
VERTEX
8
ShapeString
10
8621.496000
20
887.561190
70
0
0
SEQEND
8
ShapeString
0
POLYLINE
8
ShapeString
62
7
70
0
10
0.000000
20
0.000000
66
1
0
VERTEX
8
ShapeString
10
8621.496000
20
887.561190
70
0
0
VERTEX
8
ShapeString
10
9045.392200
20
1077.926280
70
0
0
SEQEND
8
ShapeString
0
POLYLINE
8
ShapeString
62
7
70
0
10
0.000000
20
0.000000
66
1
0
VERTEX
8
ShapeString
10
8947.744000
20
1320.933039
70
0
0
VERTEX
8
ShapeString
10
8958.882715
20
1290.138405
70
0
0
VERTEX
8
ShapeString
10
8970.328123
20
1259.459062
70
0
0
VERTEX
8
ShapeString
10
8982.079308
20
1228.897292
70
0
0
VERTEX
8
ShapeString
10
8994.135353
20
1198.455375
70
0
0
VERTEX
8
ShapeString
10
9006.495341
20
1168.135592
70
0
0
VERTEX
8
ShapeString
10
9019.158356
20
1137.940224
70
0
0
VERTEX
8
ShapeString
10
9032.123481
20
1107.871554
70
0
0
VERTEX
8
ShapeString
10
9045.389800
20
1077.931860
70
0
0
SEQEND
8
ShapeString
0
POLYLINE
8
ShapeString
62
7
70
0
10
0.000000
20
0.000000
66
1
0
VERTEX
8
ShapeString
10
8902.441300
20
1465.052910
70
0
0
VERTEX
8
ShapeString
10
8907.511561
20
1446.856225
70
0
0
VERTEX
8
ShapeString
10
8912.751877
20
1428.709078
70
0
0
VERTEX
8
ShapeString
10
8918.161874
20
1410.612658
70
0
0
VERTEX
8
ShapeString
10
8923.741178
20
1392.568152
70
0
0
VERTEX
8
ShapeString
10
8929.489416
20
1374.576749
70
0
0
VERTEX
8
ShapeString
10
8935.406215
20
1356.639638
70
0
0
VERTEX
8
ShapeString
10
8941.491201
20
1338.758005
70
0
0
VERTEX
8
ShapeString
10
8947.744000
20
1320.933039
70
0
0
SEQEND
8
ShapeString
0
POLYLINE
8
ShapeString
62
7
70
0
10
0.000000
20
0.000000
66
1
0
VERTEX
8
ShapeString
10
9043.979400
20
3823.639600
70
0
0
VERTEX
8
ShapeString
10
9029.856076
20
3788.461370
70
0
0
VERTEX
8
ShapeString
10
9016.107261
20
3753.169250
70
0
0
VERTEX
8
ShapeString
10
9002.733129
20
3717.766179
70
0
0
VERTEX
8
ShapeString
10
8989.733859
20
3682.255094
70
0
0
VERTEX
8
ShapeString
10
8977.109625
20
3646.638935
70
0
0
VERTEX
8
ShapeString
10
8964.860605
20
3610.920640
70
0
0
VERTEX
8
ShapeString
10
8952.986974
20
3575.103146
70
0
0
VERTEX
8
ShapeString
10
8941.488909
20
3539.189392
70
0
0
VERTEX
8
ShapeString
10
8930.366587
20
3503.182317
70
0
0
VERTEX
8
ShapeString
10
8919.620183
20
3467.084859
70
0
0
VERTEX
8
ShapeString
10
8909.249874
20
3430.899955
70
0
0
VERTEX
8
ShapeString
10
8899.255836
20
3394.630545
70
0
0
VERTEX
8
ShapeString
10
8889.638246
20
3358.279567
70
0
0
VERTEX
8
ShapeString
10
8880.397280
20
3321.849959
70
0
0
VERTEX
8
ShapeString
10
8871.533114
20
3285.344658
70
0
0
VERTEX
8
ShapeString
10
8863.045924
20
3248.766605
70
0
0
VERTEX
8
ShapeString
10
8854.935888
20
3212.118737
70
0
0
VERTEX
8
ShapeString
10
8847.203181
20
3175.403991
70
0
0
VERTEX
8
ShapeString
10
8839.847979
20
3138.625308
70
0
0
VERTEX
8
ShapeString
10
8832.870459
20
3101.785624
70
0
0
VERTEX
8
ShapeString
10
8826.270798
20
3064.887878
70
0
0
VERTEX
8
ShapeString
10
8820.049171
20
3027.935009
70
0
0
VERTEX
8
ShapeString
10
8814.205755
20
2990.929954
70
0
0
VERTEX
8
ShapeString
10
8808.740726
20
2953.875653
70
0
0
VERTEX
8
ShapeString
10
8803.654260
20
2916.775043
70
0
0
VERTEX
8
ShapeString
10
8798.946535
20
2879.631062
70
0
0
VERTEX
8
ShapeString
10
8794.617725
20
2842.446650
70
0
0
VERTEX
8
ShapeString
10
8790.668008
20
2805.224744
70
0
0
VERTEX
8
ShapeString
10
8787.097560
20
2767.968283
70
0
0
VERTEX
8
ShapeString
10
8783.906557
20
2730.680204
70
0
0
VERTEX
8
ShapeString
10
8781.095176
20
2693.363447
70
0
0
VERTEX
8
ShapeString
10
8778.663592
20
2656.020949
70
0
0
VERTEX
8
ShapeString
10
8776.611983
20
2618.655649
70
0
0
VERTEX
8
ShapeString
10
8774.940524
20
2581.270486
70
0
0
VERTEX
8
ShapeString
10
8773.649391
20
2543.868397
70
0
0
VERTEX
8
ShapeString
10
8772.738762
20
2506.452320
70
0
0
VERTEX
8
ShapeString
10
8772.208813
20
2469.025195
70
0
0
VERTEX
8
ShapeString
10
8772.059719
20
2431.589959
70
0
0
VERTEX
8
ShapeString
10
8772.291657
20
2394.149551
70
0
0
VERTEX
8
ShapeString
10
8772.904803
20
2356.706909
70
0
0
VERTEX
8
ShapeString
10
8773.899335
20
2319.264971
70
0
0
VERTEX
8
ShapeString
10
8775.275427
20
2281.826676
70
0
0
VERTEX
8
ShapeString
10
8777.033257
20
2244.394962
70
0
0
VERTEX
8
ShapeString
10
8779.173001
20
2206.972767
70
0
0
VERTEX
8
ShapeString
10
8781.694834
20
2169.563030
70
0
0
VERTEX
8
ShapeString
10
8784.598934
20
2132.168688
70
0
0
VERTEX
8
ShapeString
10
8787.885477
20
2094.792681
70
0
0
VERTEX
8
ShapeString
10
8791.554639
20
2057.437946
70
0
0
VERTEX
8
ShapeString
10
8795.606596
20
2020.107422
70
0
0
VERTEX
8
ShapeString
10
8800.041525
20
1982.804048
70
0
0
VERTEX
8
ShapeString
10
8804.859602
20
1945.530760
70
0
0
VERTEX
8
ShapeString
10
8810.061003
20
1908.290498
70
0
0
VERTEX
8
ShapeString
10
8815.645905
20
1871.086201
70
0
0
VERTEX
8
ShapeString
10
8821.614484
20
1833.920806
70
0
0
VERTEX
8
ShapeString
10
8827.966916
20
1796.797251
70
0
0
VERTEX
8
ShapeString
10
8834.703378
20
1759.718475
70
0
0
VERTEX
8
ShapeString
10
8841.824046
20
1722.687417
70
0
0
VERTEX
8
ShapeString
10
8849.329096
20
1685.707014
70
0
0
VERTEX
8
ShapeString
10
8857.218705
20
1648.780205
70
0
0
VERTEX
8
ShapeString
10
8865.493049
20
1611.909928
70
0
0
VERTEX
8
ShapeString
10
8874.152304
20
1575.099122
70
0
0
VERTEX
8
ShapeString
10
8883.196646
20
1538.350725
70
0
0
VERTEX
8
ShapeString
10
8892.626253
20
1501.667675
70
0
0
VERTEX
8
ShapeString
10
8902.441300
20
1465.052910
70
0
0
SEQEND
8
ShapeString
0
POLYLINE
8
ShapeString
62
7
70
0
10
0.000000
20
0.000000
66
1
0
VERTEX
8
ShapeString
10
9043.979400
20
3823.639600
70
0
0
VERTEX
8
ShapeString
10
9045.904971
20
3829.423866
70
0
0
VERTEX
8
ShapeString
10
9047.673521
20
3835.222378
70
0
0
VERTEX
8
ShapeString
10
9049.286193
20
3841.032776
70
0
0
VERTEX
8
ShapeString
10
9050.744132
20
3846.852700
70
0
0
VERTEX
8
ShapeString
10
9052.048482
20
3852.679790
70
0
0
VERTEX
8
ShapeString
10
9053.200385
20
3858.511685
70
0
0
VERTEX
8
ShapeString
10
9055.051427
20
3870.180455
70
0
0
VERTEX
8
ShapeString
10
9056.306408
20
3881.840129
70
0
0
VERTEX
8
ShapeString
10
9056.974477
20
3893.471828
70
0
0
VERTEX
8
ShapeString
10
9057.064784
20
3905.056671
70
0
0
VERTEX
8
ShapeString
10
9056.586478
20
3916.575781
70
0
0
VERTEX
8
ShapeString
10
9055.548708
20
3928.010276
70
0
0
VERTEX
8
ShapeString
10
9053.960624
20
3939.341277
70
0
0
VERTEX
8
ShapeString
10
9051.831374
20
3950.549904
70
0
0
VERTEX
8
ShapeString
10
9049.170109
20
3961.617278
70
0
0
VERTEX
8
ShapeString
10
9045.985977
20
3972.524519
70
0
0
VERTEX
8
ShapeString
10
9042.288128
20
3983.252748
70
0
0
VERTEX
8
ShapeString
10
9038.085711
20
3993.783084
70
0
0
VERTEX
8
ShapeString
10
9033.387876
20
4004.096649
70
0
0
VERTEX
8
ShapeString
10
9028.203771
20
4014.174561
70
0
0
VERTEX
8
ShapeString
10
9022.542546
20
4023.997943
70
0
0
VERTEX
8
ShapeString
10
9016.413350
20
4033.547913
70
0
0
VERTEX
8
ShapeString
10
9009.825333
20
4042.805593
70
0
0
VERTEX
8
ShapeString
10
9002.787644
20
4051.752103
70
0
0
VERTEX
8
ShapeString
10
8995.309432
20
4060.368562
70
0
0
VERTEX
8
ShapeString
10
8987.399846
20
4068.636092
70
0
0
VERTEX
8
ShapeString
10
8979.068036
20
4076.535813
70
0
0
VERTEX
8
ShapeString
10
8970.323152
20
4084.048845
70
0
0
VERTEX
8
ShapeString
10
8961.174341
20
4091.156308
70
0
0
VERTEX
8
ShapeString
10
8951.630755
20
4097.839322
70
0
0
VERTEX
8
ShapeString
10
8941.701541
20
4104.079009
70
0
0
VERTEX
8
ShapeString
10
8931.395850
20
4109.856488
70
0
0
VERTEX
8
ShapeString
10
8926.104684
20
4112.566000
70
0
0
VERTEX
8
ShapeString
10
8920.722830
20
4115.152880
70
0
0
VERTEX
8
ShapeString
10
8915.251431
20
4117.614768
70
0
0
VERTEX
8
ShapeString
10
8909.691631
20
4119.949304
70
0
0
VERTEX
8
ShapeString
10
8904.044573
20
4122.154129
70
0
0
VERTEX
8
ShapeString
10
8898.311402
20
4124.226882
70
0
0
VERTEX
8
ShapeString
10
8892.527626
20
4126.153923
70
0
0
VERTEX
8
ShapeString
10
8886.729563
20
4127.923947
70
0
0
VERTEX
8
ShapeString
10
8880.919576
20
4129.538097
70
0
0
VERTEX
8
ShapeString
10
8875.100023
20
4130.997515
70
0
0
VERTEX
8
ShapeString
10
8869.273265
20
4132.303346
70
0
0
VERTEX
8
ShapeString
10
8863.441662
20
4133.456731
70
0
0
VERTEX
8
ShapeString
10
8851.773363
20
4135.310740
70
0
0
VERTEX
8
ShapeString
10
8840.114009
20
4136.568684
70
0
0
VERTEX
8
ShapeString
10
8828.482480
20
4137.239711
70
0
0
VERTEX
8
ShapeString
10
8816.897660
20
4137.332963
70
0
0
VERTEX
8
ShapeString
10
8805.378429
20
4136.857585
70
0
0
VERTEX
8
ShapeString
10
8793.943671
20
4135.822722
70
0
0
VERTEX
8
ShapeString
10
8782.612267
20
4134.237518
70
0
0
VERTEX
8
ShapeString
10
8771.403098
20
4132.111118
70
0
0
VERTEX
8
ShapeString
10
8760.335048
20
4129.452666
70
0
0
VERTEX
8
ShapeString
10
8749.426998
20
4126.271307
70
0
0
VERTEX
8
ShapeString
10
8738.697829
20
4122.576185
70
0
0
VERTEX
8
ShapeString
10
8728.166425
20
4118.376445
70
0
0
VERTEX
8
ShapeString
10
8717.851667
20
4113.681232
70
0
0
VERTEX
8
ShapeString
10
8707.772437
20
4108.499689
70
0
0
VERTEX
8
ShapeString
10
8697.947616
20
4102.840961
70
0
0
VERTEX
8
ShapeString
10
8688.396088
20
4096.714193
70
0
0
VERTEX
8
ShapeString
10
8679.136734
20
4090.128530
70
0
0
VERTEX
8
ShapeString
10
8670.188436
20
4083.093115
70
0
0
VERTEX
8
ShapeString
10
8661.570075
20
4075.617093
70
0
0
VERTEX
8
ShapeString
10
8653.300535
20
4067.709610
70
0
0
VERTEX
8
ShapeString
10
8645.398697
20
4059.379808
70
0
0
VERTEX
8
ShapeString
10
8637.883442
20
4050.636834
70
0
0
VERTEX
8
ShapeString
10
8630.773654
20
4041.489830
70
0
0
VERTEX
8
ShapeString
10
8624.088213
20
4031.947943
70
0
0
VERTEX
8
ShapeString
10
8617.846003
20
4022.020316
70
0
0
VERTEX
8
ShapeString
10
8612.065904
20
4011.716093
70
0
0
VERTEX
8
ShapeString
10
8609.355047
20
4006.425617
70
0
0
VERTEX
8
ShapeString
10
8606.766799
20
4001.044420
70
0
0
VERTEX
8
ShapeString
10
8604.303521
20
3995.573647
70
0
0
VERTEX
8
ShapeString
10
8601.967571
20
3990.014441
70
0
0
VERTEX
8
ShapeString
10
8599.761311
20
3984.367944
70
0
0
VERTEX
8
ShapeString
10
8597.687100
20
3978.635300
70
0
0
SEQEND
8
ShapeString
0
POLYLINE
8
ShapeString
62
7
70
0
10
0.000000
20
0.000000
66
1
0
VERTEX
8
ShapeString
10
8597.687100
20
3978.635300
70
0
0
VERTEX
8
ShapeString
10
8582.364922
20
3939.839981
70
0
0
VERTEX
8
ShapeString
10
8567.444575
20
3900.923925
70
0
0
VERTEX
8
ShapeString
10
8552.926249
20
3861.890203
70
0
0
VERTEX
8
ShapeString
10
8538.810138
20
3822.741887
70
0
0
VERTEX
8
ShapeString
10
8525.096434
20
3783.482050
70
0
0
VERTEX
8
ShapeString
10
8511.785328
20
3744.113762
70
0
0
VERTEX
8
ShapeString
10
8498.877013
20
3704.640097
70
0
0
VERTEX
8
ShapeString
10
8486.371680
20
3665.064126
70
0
0
VERTEX
8
ShapeString
10
8474.269523
20
3625.388921
70
0
0
VERTEX
8
ShapeString
10
8462.570733
20
3585.617554
70
0
0
VERTEX
8
ShapeString
10
8451.275502
20
3545.753097
70
0
0
VERTEX
8
ShapeString
10
8440.384023
20
3505.798621
70
0
0
VERTEX
8
ShapeString
10
8429.896488
20
3465.757200
70
0
0
VERTEX
8
ShapeString
10
8419.813088
20
3425.631905
70
0
0
VERTEX
8
ShapeString
10
8410.134017
20
3385.425807
70
0
0
VERTEX
8
ShapeString
10
8400.859465
20
3345.141979
70
0
0
VERTEX
8
ShapeString
10
8391.989626
20
3304.783493
70
0
0
VERTEX
8
ShapeString
10
8383.524691
20
3264.353420
70
0
0
VERTEX
8
ShapeString
10
8375.464853
20
3223.854834
70
0
0
VERTEX
8
ShapeString
10
8367.810303
20
3183.290804
70
0
0
VERTEX
8
ShapeString
10
8360.561234
20
3142.664404
70
0
0
VERTEX
8
ShapeString
10
8353.717839
20
3101.978706
70
0
0
VERTEX
8
ShapeString
10
8347.280308
20
3061.236781
70
0
0
VERTEX
8
ShapeString
10
8341.248835
20
3020.441702
70
0
0
VERTEX
8
ShapeString
10
8335.623611
20
2979.596540
70
0
0
VERTEX
8
ShapeString
10
8330.404829
20
2938.704367
70
0
0
VERTEX
8
ShapeString
10
8325.592681
20
2897.768255
70
0
0
VERTEX
8
ShapeString
10
8321.187359
20
2856.791277
70
0
0
VERTEX
8
ShapeString
10
8317.189054
20
2815.776504
70
0
0
VERTEX
8
ShapeString
10
8313.597960
20
2774.727008
70
0
0
VERTEX
8
ShapeString
10
8310.414269
20
2733.645861
70
0
0
VERTEX
8
ShapeString
10
8307.638172
20
2692.536136
70
0
0
VERTEX
8
ShapeString
10
8305.269861
20
2651.400903
70
0
0
VERTEX
8
ShapeString
10
8303.309529
20
2610.243235
70
0
0
VERTEX
8
ShapeString
10
8301.757369
20
2569.066204
70
0
0
VERTEX
8
ShapeString
10
8300.613571
20
2527.872882
70
0
0
VERTEX
8
ShapeString
10
8299.878329
20
2486.666341
70
0
0
VERTEX
8
ShapeString
10
8299.551834
20
2445.449653
70
0
0
VERTEX
8
ShapeString
10
8299.634279
20
2404.225889
70
0
0
VERTEX
8
ShapeString
10
8300.125855
20
2362.998122
70
0
0
VERTEX
8
ShapeString
10
8301.026756
20
2321.769424
70
0
0
VERTEX
8
ShapeString
10
8302.337172
20
2280.542867
70
0
0
VERTEX
8
ShapeString
10
8304.057296
20
2239.321522
70
0
0
VERTEX
8
ShapeString
10
8306.187321
20
2198.108461
70
0
0
VERTEX
8
ShapeString
10
8308.727439
20
2156.906757
70
0
0
VERTEX
8
ShapeString
10
8311.677841
20
2115.719482
70
0
0
VERTEX
8
ShapeString
10
8315.038720
20
2074.549707
70
0
0
VERTEX
8
ShapeString
10
8318.810267
20
2033.400504
70
0
0
VERTEX
8
ShapeString
10
8322.992676
20
1992.274946
70
0
0
VERTEX
8
ShapeString
10
8327.586138
20
1951.176104
70
0
0
VERTEX
8
ShapeString
10
8332.590845
20
1910.107050
70
0
0
VERTEX
8
ShapeString
10
8338.006990
20
1869.070856
70
0
0
VERTEX
8
ShapeString
10
8343.834765
20
1828.070594
70
0
0
VERTEX
8
ShapeString
10
8350.074361
20
1787.109337
70
0
0
VERTEX
8
ShapeString
10
8356.725972
20
1746.190156
70
0
0
VERTEX
8
ShapeString
10
8363.789788
20
1705.316122
70
0
0
VERTEX
8
ShapeString
10
8371.266003
20
1664.490309
70
0
0
VERTEX
8
ShapeString
10
8379.154809
20
1623.715788
70
0
0
VERTEX
8
ShapeString
10
8387.456397
20
1582.995630
70
0
0
VERTEX
8
ShapeString
10
8396.170959
20
1542.332908
70
0
0
VERTEX
8
ShapeString
10
8405.298689
20
1501.730694
70
0
0
VERTEX
8
ShapeString
10
8414.839777
20
1461.192060
70
0
0
VERTEX
8
ShapeString
10
8424.794417
20
1420.720078
70
0
0
VERTEX
8
ShapeString
10
8435.162800
20
1380.317819
70
0
0
SEQEND
8
ShapeString
0
POLYLINE
8
ShapeString
62
7
70
0
10
0.000000
20
0.000000
66
1
0
VERTEX
8
ShapeString
10
6499.574120
20
1372.085819
70
0
0
VERTEX
8
ShapeString
10
6498.897441
20
1374.276610
70
0
0
VERTEX
8
ShapeString
10
6497.831122
20
1376.229562
70
0
0
VERTEX
8
ShapeString
10
6496.428587
20
1377.909110
70
0
0
VERTEX
8
ShapeString
10
6494.743262
20
1379.279687
70
0
0
VERTEX
8
ShapeString
10
6492.828570
20
1380.305727
70
0
0
VERTEX
8
ShapeString
10
6490.737937
20
1380.951664
70
0
0
VERTEX
8
ShapeString
10
6488.524786
20
1381.181932
70
0
0
VERTEX
8
ShapeString
10
6486.242543
20
1380.960966
70
0
0
VERTEX
8
ShapeString
10
6484.050106
20
1380.289639
70
0
0
VERTEX
8
ShapeString
10
6482.094556
20
1379.228091
70
0
0
VERTEX
8
ShapeString
10
6480.411589
20
1377.829662
70
0
0
VERTEX
8
ShapeString
10
6479.036901
20
1376.147688
70
0
0
VERTEX
8
ShapeString
10
6478.006189
20
1374.235508
70
0
0
VERTEX
8
ShapeString
10
6477.355149
20
1372.146458
70
0
0
VERTEX
8
ShapeString
10
6477.119477
20
1369.933876
70
0
0
VERTEX
8
ShapeString
10
6477.334870
20
1367.651100
70
0
0
VERTEX
8
ShapeString
10
6478.011549
20
1365.460309
70
0
0
VERTEX
8
ShapeString
10
6479.077868
20
1363.507357
70
0
0
VERTEX
8
ShapeString
10
6480.480403
20
1361.827809
70
0
0
VERTEX
8
ShapeString
10
6482.165728
20
1360.457232
70
0
0
VERTEX
8
ShapeString
10
6484.080420
20
1359.431192
70
0
0
VERTEX
8
ShapeString
10
6486.171053
20
1358.785255
70
0
0
VERTEX
8
ShapeString
10
6488.384204
20
1358.554987
70
0
0
VERTEX
8
ShapeString
10
6490.666447
20
1358.775953
70
0
0
VERTEX
8
ShapeString
10
6492.858884
20
1359.447280
70
0
0
VERTEX
8
ShapeString
10
6494.814434
20
1360.508828
70
0
0
VERTEX
8
ShapeString
10
6496.497401
20
1361.907257
70
0
0
VERTEX
8
ShapeString
10
6497.872089
20
1363.589231
70
0
0
VERTEX
8
ShapeString
10
6498.902801
20
1365.501411
70
0
0
VERTEX
8
ShapeString
10
6499.553841
20
1367.590461
70
0
0
VERTEX
8
ShapeString
10
6499.789513
20
1369.803043
70
0
0
VERTEX
8
ShapeString
10
6499.574120
20
1372.085819
70
0
0
VERTEX
8
ShapeString
10
6499.574120
20
1372.085819
70
0
0
SEQEND
8
ShapeString
0
POLYLINE
8
ShapeString
62
7
70
0
10
0.000000
20
0.000000
66
1
0
VERTEX
8
ShapeString
10
7026.167000
20
1423.880180
70
0
0
VERTEX
8
ShapeString
10
7025.493847
20
1426.075658
70
0
0
VERTEX
8
ShapeString
10
7024.429492
20
1428.033260
70
0
0
VERTEX
8
ShapeString
10
7023.027549
20
1429.717209
70
0
0
VERTEX
8
ShapeString
10
7021.341630
20
1431.091729
70
0
0
VERTEX
8
ShapeString
10
7019.425347
20
1432.121043
70
0
0
VERTEX
8
ShapeString
10
7017.332312
20
1432.769374
70
0
0
VERTEX
8
ShapeString
10
7015.116137
20
1433.000945
70
0
0
VERTEX
8
ShapeString
10
7012.830435
20
1432.779981
70
0
0
VERTEX
8
ShapeString
10
7010.634804
20
1432.107327
70
0
0
VERTEX
8
ShapeString
10
7008.676960
20
1431.043418
70
0
0
VERTEX
8
ShapeString
10
7006.992692
20
1429.641858
70
0
0
VERTEX
8
ShapeString
10
7005.617788
20
1427.956252
70
0
0
VERTEX
8
ShapeString
10
7004.588038
20
1426.040203
70
0
0
VERTEX
8
ShapeString
10
7003.939231
20
1423.947315
70
0
0
VERTEX
8
ShapeString
10
7003.707155
20
1421.731193
70
0
0
VERTEX
8
ShapeString
10
7003.927600
20
1419.445441
70
0
0
VERTEX
8
ShapeString
10
7004.600753
20
1417.249963
70
0
0
VERTEX
8
ShapeString
10
7005.665108
20
1415.292361
70
0
0
VERTEX
8
ShapeString
10
7007.067051
20
1413.608412
70
0
0
VERTEX
8
ShapeString
10
7008.752970
20
1412.233892
70
0
0
VERTEX
8
ShapeString
10
7010.669253
20
1411.204578
70
0
0
VERTEX
8
ShapeString
10
7012.762288
20
1410.556247
70
0
0
VERTEX
8
ShapeString
10
7014.978463
20
1410.324676
70
0
0
VERTEX
8
ShapeString
10
7017.264165
20
1410.545640
70
0
0
VERTEX
8
ShapeString
10
7019.459796
20
1411.218294
70
0
0
VERTEX
8
ShapeString
10
7021.417640
20
1412.282203
70
0
0
VERTEX
8
ShapeString
10
7023.101908
20
1413.683763
70
0
0
VERTEX
8
ShapeString
10
7024.476812
20
1415.369369
70
0
0
VERTEX
8
ShapeString
10
7025.506562
20
1417.285418
70
0
0
VERTEX
8
ShapeString
10
7026.155369
20
1419.378306
70
0
0
VERTEX
8
ShapeString
10
7026.387445
20
1421.594428
70
0
0
VERTEX
8
ShapeString
10
7026.167000
20
1423.880180
70
0
0
VERTEX
8
ShapeString
10
7026.167000
20
1423.880180
70
0
0
SEQEND
8
ShapeString
0
POLYLINE
8
ShapeString
62
7
70
0
10
0.000000
20
0.000000
66
1
0
VERTEX
8
ShapeString
10
7083.242900
20
3225.193600
70
0
0
VERTEX
8
ShapeString
10
7082.569719
20
3227.389049
70
0
0
VERTEX
8
ShapeString
10
7081.505347
20
3229.346621
70
0
0
VERTEX
8
ShapeString
10
7080.103395
20
3231.030541
70
0
0
VERTEX
8
ShapeString
10
7078.417475
20
3232.405034
70
0
0
VERTEX
8
ShapeString
10
7076.501198
20
3233.434323
70
0
0
VERTEX
8
ShapeString
10
7074.408174
20
3234.082635
70
0
0
VERTEX
8
ShapeString
10
7072.192016
20
3234.314193
70
0
0
VERTEX
8
ShapeString
10
7069.906334
20
3234.093222
70
0
0
VERTEX
8
ShapeString
10
7067.710723
20
3233.420570
70
0
0
VERTEX
8
ShapeString
10
7065.752894
20
3232.356670
70
0
0
VERTEX
8
ShapeString
10
7064.068637
20
3230.955123
70
0
0
VERTEX
8
ShapeString
10
7062.693738
20
3229.269534
70
0
0
VERTEX
8
ShapeString
10
7061.663987
20
3227.353505
70
0
0
VERTEX
8
ShapeString
10
7061.015171
20
3225.260637
70
0
0
VERTEX
8
ShapeString
10
7060.783080
20
3223.044535
70
0
0
VERTEX
8
ShapeString
10
7061.003500
20
3220.758800
70
0
0
VERTEX
8
ShapeString
10
7061.676681
20
3218.563351
70
0
0
VERTEX
8
ShapeString
10
7062.741053
20
3216.605779
70
0
0
VERTEX
8
ShapeString
10
7064.143005
20
3214.921859
70
0
0
VERTEX
8
ShapeString
10
7065.828925
20
3213.547366
70
0
0
VERTEX
8
ShapeString
10
7067.745202
20
3212.518077
70
0
0
VERTEX
8
ShapeString
10
7069.838226
20
3211.869765
70
0
0
VERTEX
8
ShapeString
10
7072.054384
20
3211.638207
70
0
0
VERTEX
8
ShapeString
10
7074.340066
20
3211.859178
70
0
0
VERTEX
8
ShapeString
10
7076.535677
20
3212.531830
70
0
0
VERTEX
8
ShapeString
10
7078.493506
20
3213.595730
70
0
0
VERTEX
8
ShapeString
10
7080.177763
20
3214.997277
70
0
0
VERTEX
8
ShapeString
10
7081.552662
20
3216.682866
70
0
0
VERTEX
8
ShapeString
10
7082.582413
20
3218.598895
70
0
0
VERTEX
8
ShapeString
10
7083.231229
20
3220.691763
70
0
0
VERTEX
8
ShapeString
10
7083.463320
20
3222.907865
70
0
0
VERTEX
8
ShapeString
10
7083.242900
20
3225.193600
70
0
0
VERTEX
8
ShapeString
10
7083.242900
20
3225.193600
70
0
0
SEQEND
8
ShapeString
0
POLYLINE
8
ShapeString
62
7
70
0
10
0.000000
20
0.000000
66
1
0
VERTEX
8
ShapeString
10
6682.873490
20
3337.224200
70
0
0
VERTEX
8
ShapeString
10
6682.196707
20
3339.414852
70
0
0
VERTEX
8
ShapeString
10
6681.130331
20
3341.367666
70
0
0
VERTEX
8
ShapeString
10
6679.727781
20
3343.047083
70
0
0
VERTEX
8
ShapeString
10
6678.042474
20
3344.417544
70
0
0
VERTEX
8
ShapeString
10
6676.127831
20
3345.443488
70
0
0
VERTEX
8
ShapeString
10
6674.037270
20
3346.089355
70
0
0
VERTEX
8
ShapeString
10
6671.824209
20
3346.319587
70
0
0
VERTEX
8
ShapeString
10
6669.542069
20
3346.098622
70
0
0
VERTEX
8
ShapeString
10
6667.349727
20
3345.427336
70
0
0
VERTEX
8
ShapeString
10
6665.394244
20
3344.365861
70
0
0
VERTEX
8
ShapeString
10
6663.711315
20
3342.967526
70
0
0
VERTEX
8
ShapeString
10
6662.336632
20
3341.285662
70
0
0
VERTEX
8
ShapeString
10
6661.305889
20
3339.373598
70
0
0
VERTEX
8
ShapeString
10
6660.654781
20
3337.284663
70
0
0
VERTEX
8
ShapeString
10
6660.419000
20
3335.072187
70
0
0
VERTEX
8
ShapeString
10
6660.634240
20
3332.789500
70
0
0
VERTEX
8
ShapeString
10
6661.311023
20
3330.598848
70
0
0
VERTEX
8
ShapeString
10
6662.377399
20
3328.646034
70
0
0
VERTEX
8
ShapeString
10
6663.779949
20
3326.966617
70
0
0
VERTEX
8
ShapeString
10
6665.465256
20
3325.596156
70
0
0
VERTEX
8
ShapeString
10
6667.379899
20
3324.570212
70
0
0
VERTEX
8
ShapeString
10
6669.470460
20
3323.924345
70
0
0
VERTEX
8
ShapeString
10
6671.683521
20
3323.694113
70
0
0
VERTEX
8
ShapeString
10
6673.965661
20
3323.915078
70
0
0
VERTEX
8
ShapeString
10
6676.158003
20
3324.586364
70
0
0
VERTEX
8
ShapeString
10
6678.113486
20
3325.647839
70
0
0
VERTEX
8
ShapeString
10
6679.796415
20
3327.046174
70
0
0
VERTEX
8
ShapeString
10
6681.171098
20
3328.728038
70
0
0
VERTEX
8
ShapeString
10
6682.201841
20
3330.640102
70
0
0
VERTEX
8
ShapeString
10
6682.852949
20
3332.729037
70
0
0
VERTEX
8
ShapeString
10
6683.088730
20
3334.941513
70
0
0
VERTEX
8
ShapeString
10
6682.873490
20
3337.224200
70
0
0
VERTEX
8
ShapeString
10
6682.873490
20
3337.224200
70
0
0
SEQEND
8
ShapeString
0
POLYLINE
8
ShapeString
62
7
70
0
10
0.000000
20
0.000000
66
1
0
VERTEX
8
ShapeString
10
7578.539200
20
4201.762800
70
0
0
VERTEX
8
ShapeString
10
7577.861312
20
4203.951981
70
0
0
VERTEX
8
ShapeString
10
7576.794320
20
4205.903336
70
0
0
VERTEX
8
ShapeString
10
7575.391584
20
4207.581373
70
0
0
VERTEX
8
ShapeString
10
7573.706464
20
4208.950596
70
0
0
VERTEX
8
ShapeString
10
7571.792319
20
4209.975513
70
0
0
VERTEX
8
ShapeString
10
7569.702511
20
4210.620630
70
0
0
VERTEX
8
ShapeString
10
7567.490398
20
4210.850452
70
0
0
VERTEX
8
ShapeString
10
7565.209342
20
4210.629487
70
0
0
VERTEX
8
ShapeString
10
7563.018001
20
4209.958615
70
0
0
VERTEX
8
ShapeString
10
7561.063237
20
4208.897880
70
0
0
VERTEX
8
ShapeString
10
7559.380716
20
4207.500526
70
0
0
VERTEX
8
ShapeString
10
7558.006101
20
4205.819800
70
0
0
VERTEX
8
ShapeString
10
7556.975058
20
4203.908949
70
0
0
VERTEX
8
ShapeString
10
7556.323250
20
4201.821217
70
0
0
VERTEX
8
ShapeString
10
7556.086343
20
4199.609852
70
0
0
VERTEX
8
ShapeString
10
7556.300000
20
4197.328100
70
0
0
VERTEX
8
ShapeString
10
7556.977888
20
4195.138919
70
0
0
VERTEX
8
ShapeString
10
7558.044880
20
4193.187564
70
0
0
VERTEX
8
ShapeString
10
7559.447616
20
4191.509527
70
0
0
VERTEX
8
ShapeString
10
7561.132736
20
4190.140304
70
0
0
VERTEX
8
ShapeString
10
7563.046881
20
4189.115387
70
0
0
VERTEX
8
ShapeString
10
7565.136689
20
4188.470270
70
0
0
VERTEX
8
ShapeString
10
7567.348802
20
4188.240448
70
0
0
VERTEX
8
ShapeString
10
7569.629858
20
4188.461413
70
0
0
VERTEX
8
ShapeString
10
7571.821199
20
4189.132285
70
0
0
VERTEX
8
ShapeString
10
7573.775963
20
4190.193020
70
0
0
VERTEX
8
ShapeString
10
7575.458484
20
4191.590374
70
0
0
VERTEX
8
ShapeString
10
7576.833099
20
4193.271100
70
0
0
VERTEX
8
ShapeString
10
7577.864142
20
4195.181951
70
0
0
VERTEX
8
ShapeString
10
7578.515950
20
4197.269683
70
0
0
VERTEX
8
ShapeString
10
7578.752857
20
4199.481048
70
0
0
VERTEX
8
ShapeString
10
7578.539200
20
4201.762800
70
0
0
VERTEX
8
ShapeString
10
7578.539200
20
4201.762800
70
0
0
SEQEND
8
ShapeString
0
POLYLINE
8
ShapeString
62
7
70
0
10
0.000000
20
0.000000
66
1
0
VERTEX
8
ShapeString
10
7408.439000
20
3947.677200
70
0
0
VERTEX
8
ShapeString
10
7407.763495
20
3949.869562
70
0
0
VERTEX
8
ShapeString
10
7406.697827
20
3951.824071
70
0
0
VERTEX
8
ShapeString
10
7405.295484
20
3953.505091
70
0
0
VERTEX
8
ShapeString
10
7403.609954
20
3954.876985
70
0
0
VERTEX
8
ShapeString
10
7401.694725
20
3955.904116
70
0
0
VERTEX
8
ShapeString
10
7399.603283
20
3956.550850
70
0
0
VERTEX
8
ShapeString
10
7397.389117
20
3956.781548
70
0
0
VERTEX
8
ShapeString
10
7395.105714
20
3956.560575
70
0
0
VERTEX
8
ShapeString
10
7392.912208
20
3955.888795
70
0
0
VERTEX
8
ShapeString
10
7390.955891
20
3954.826449
70
0
0
VERTEX
8
ShapeString
10
7389.272491
20
3953.426965
70
0
0
VERTEX
8
ShapeString
10
7387.897736
20
3951.743768
70
0
0
VERTEX
8
ShapeString
10
7386.867352
20
3949.830286
70
0
0
VERTEX
8
ShapeString
10
7386.217066
20
3947.739946
70
0
0
VERTEX
8
ShapeString
10
7385.982606
20
3945.526175
70
0
0
VERTEX
8
ShapeString
10
7386.199700
20
3943.242400
70
0
0
VERTEX
8
ShapeString
10
7386.875205
20
3941.050038
70
0
0
VERTEX
8
ShapeString
10
7387.940873
20
3939.095529
70
0
0
VERTEX
8
ShapeString
10
7389.343216
20
3937.414509
70
0
0
VERTEX
8
ShapeString
10
7391.028746
20
3936.042615
70
0
0
VERTEX
8
ShapeString
10
7392.943975
20
3935.015484
70
0
0
VERTEX
8
ShapeString
10
7395.035417
20
3934.368750
70
0
0
VERTEX
8
ShapeString
10
7397.249583
20
3934.138052
70
0
0
VERTEX
8
ShapeString
10
7399.532986
20
3934.359025
70
0
0
VERTEX
8
ShapeString
10
7401.726492
20
3935.030805
70
0
0
VERTEX
8
ShapeString
10
7403.682809
20
3936.093151
70
0
0
VERTEX
8
ShapeString
10
7405.366209
20
3937.492635
70
0
0
VERTEX
8
ShapeString
10
7406.740964
20
3939.175832
70
0
0
VERTEX
8
ShapeString
10
7407.771348
20
3941.089314
70
0
0
VERTEX
8
ShapeString
10
7408.421634
20
3943.179654
70
0
0
VERTEX
8
ShapeString
10
7408.656094
20
3945.393425
70
0
0
VERTEX
8
ShapeString
10
7408.439000
20
3947.677200
70
0
0
VERTEX
8
ShapeString
10
7408.439000
20
3947.677200
70
0
0
SEQEND
8
ShapeString
0
POLYLINE
8
ShapeString
62
7
70
0
10
0.000000
20
0.000000
66
1
0
VERTEX
8
ShapeString
10
7060.643700
20
4152.425500
70
0
0
VERTEX
8
ShapeString
10
7059.967491
20
4154.616917
70
0
0
VERTEX
8
ShapeString
10
7058.901434
20
4156.570491
70
0
0
VERTEX
8
ShapeString
10
7057.498978
20
4158.250626
70
0
0
VERTEX
8
ShapeString
10
7055.813574
20
4159.621730
70
0
0
VERTEX
8
ShapeString
10
7053.898670
20
4160.648209
70
0
0
VERTEX
8
ShapeString
10
7051.807716
20
4161.294467
70
0
0
VERTEX
8
ShapeString
10
7049.594162
20
4161.524911
70
0
0
VERTEX
8
ShapeString
10
7047.311456
20
4161.303948
70
0
0
VERTEX
8
ShapeString
10
7045.118592
20
4160.632446
70
0
0
VERTEX
8
ShapeString
10
7043.162734
20
4159.570586
70
0
0
VERTEX
8
ShapeString
10
7041.479591
20
4158.171742
70
0
0
VERTEX
8
ShapeString
10
7040.104871
20
4156.489285
70
0
0
VERTEX
8
ShapeString
10
7039.074283
20
4154.576590
70
0
0
VERTEX
8
ShapeString
10
7038.423536
20
4152.487029
70
0
0
VERTEX
8
ShapeString
10
7038.188339
20
4150.273974
70
0
0
VERTEX
8
ShapeString
10
7038.404400
20
4147.990800
70
0
0
VERTEX
8
ShapeString
10
7039.080609
20
4145.799383
70
0
0
VERTEX
8
ShapeString
10
7040.146666
20
4143.845809
70
0
0
VERTEX
8
ShapeString
10
7041.549122
20
4142.165674
70
0
0
VERTEX
8
ShapeString
10
7043.234526
20
4140.794570
70
0
0
VERTEX
8
ShapeString
10
7045.149430
20
4139.768091
70
0
0
VERTEX
8
ShapeString
10
7047.240384
20
4139.121833
70
0
0
VERTEX
8
ShapeString
10
7049.453938
20
4138.891389
70
0
0
VERTEX
8
ShapeString
10
7051.736644
20
4139.112352
70
0
0
VERTEX
8
ShapeString
10
7053.929508
20
4139.783854
70
0
0
VERTEX
8
ShapeString
10
7055.885366
20
4140.845714
70
0
0
VERTEX
8
ShapeString
10
7057.568509
20
4142.244558
70
0
0
VERTEX
8
ShapeString
10
7058.943229
20
4143.927015
70
0
0
VERTEX
8
ShapeString
10
7059.973817
20
4145.839710
70
0
0
VERTEX
8
ShapeString
10
7060.624564
20
4147.929271
70
0
0
VERTEX
8
ShapeString
10
7060.859761
20
4150.142326
70
0
0
VERTEX
8
ShapeString
10
7060.643700
20
4152.425500
70
0
0
VERTEX
8
ShapeString
10
7060.643700
20
4152.425500
70
0
0
SEQEND
8
ShapeString
0
POLYLINE
8
ShapeString
62
7
70
0
10
0.000000
20
0.000000
66
1
0
VERTEX
8
ShapeString
10
7256.711700
20
4445.300300
70
0
0
VERTEX
8
ShapeString
10
7256.035491
20
4447.491717
70
0
0
VERTEX
8
ShapeString
10
7254.969434
20
4449.445291
70
0
0
VERTEX
8
ShapeString
10
7253.566978
20
4451.125426
70
0
0
VERTEX
8
ShapeString
10
7251.881574
20
4452.496530
70
0
0
VERTEX
8
ShapeString
10
7249.966670
20
4453.523009
70
0
0
VERTEX
8
ShapeString
10
7247.875716
20
4454.169267
70
0
0
VERTEX
8
ShapeString
10
7245.662162
20
4454.399711
70
0
0
VERTEX
8
ShapeString
10
7243.379456
20
4454.178748
70
0
0
VERTEX
8
ShapeString
10
7241.186592
20
4453.507246
70
0
0
VERTEX
8
ShapeString
10
7239.230734
20
4452.445386
70
0
0
VERTEX
8
ShapeString
10
7237.547591
20
4451.046542
70
0
0
VERTEX
8
ShapeString
10
7236.172871
20
4449.364085
70
0
0
VERTEX
8
ShapeString
10
7235.142283
20
4447.451390
70
0
0
VERTEX
8
ShapeString
10
7234.491536
20
4445.361829
70
0
0
VERTEX
8
ShapeString
10
7234.256339
20
4443.148774
70
0
0
VERTEX
8
ShapeString
10
7234.472400
20
4440.865600
70
0
0
VERTEX
8
ShapeString
10
7235.148609
20
4438.674183
70
0
0
VERTEX
8
ShapeString
10
7236.214666
20
4436.720609
70
0
0
VERTEX
8
ShapeString
10
7237.617122
20
4435.040474
70
0
0
VERTEX
8
ShapeString
10
7239.302526
20
4433.669370
70
0
0
VERTEX
8
ShapeString
10
7241.217430
20
4432.642891
70
0
0
VERTEX
8
ShapeString
10
7243.308384
20
4431.996633
70
0
0
VERTEX
8
ShapeString
10
7245.521938
20
4431.766189
70
0
0
VERTEX
8
ShapeString
10
7247.804644
20
4431.987152
70
0
0
VERTEX
8
ShapeString
10
7249.997508
20
4432.658654
70
0
0
VERTEX
8
ShapeString
10
7251.953366
20
4433.720514
70
0
0
VERTEX
8
ShapeString
10
7253.636509
20
4435.119358
70
0
0
VERTEX
8
ShapeString
10
7255.011229
20
4436.801815
70
0
0
VERTEX
8
ShapeString
10
7256.041817
20
4438.714510
70
0
0
VERTEX
8
ShapeString
10
7256.692564
20
4440.804071
70
0
0
VERTEX
8
ShapeString
10
7256.927761
20
4443.017126
70
0
0
VERTEX
8
ShapeString
10
7256.711700
20
4445.300300
70
0
0
VERTEX
8
ShapeString
10
7256.711700
20
4445.300300
70
0
0
SEQEND
8
ShapeString
0
POLYLINE
8
ShapeString
62
7
70
0
10
0.000000
20
0.000000
66
1
0
VERTEX
8
ShapeString
10
6773.990220
20
1400.200363
70
0
0
VERTEX
8
ShapeString
10
6773.420179
20
1402.449187
70
0
0
VERTEX
8
ShapeString
10
6772.641427
20
1404.588005
70
0
0
VERTEX
8
ShapeString
10
6771.667350
20
1406.607892
70
0
0
VERTEX
8
ShapeString
10
6770.511335
20
1408.499922
70
0
0
VERTEX
8
ShapeString
10
6769.186768
20
1410.255169
70
0
0
VERTEX
8
ShapeString
10
6767.707037
20
1411.864708
70
0
0
VERTEX
8
ShapeString
10
6766.085526
20
1413.319614
70
0
0
VERTEX
8
ShapeString
10
6764.335623
20
1414.610961
70
0
0
VERTEX
8
ShapeString
10
6762.470714
20
1415.729822
70
0
0
VERTEX
8
ShapeString
10
6760.504186
20
1416.667274
70
0
0
VERTEX
8
ShapeString
10
6758.449425
20
1417.414389
70
0
0
VERTEX
8
ShapeString
10
6756.319818
20
1417.962243
70
0
0
VERTEX
8
ShapeString
10
6754.128752
20
1418.301910
70
0
0
VERTEX
8
ShapeString
10
6751.889611
20
1418.424465
70
0
0
VERTEX
8
ShapeString
10
6749.615784
20
1418.320981
70
0
0
VERTEX
8
ShapeString
10
6747.320657
20
1417.982534
70
0
0
VERTEX
8
ShapeString
10
6745.071260
20
1417.414760
70
0
0
VERTEX
8
ShapeString
10
6742.931658
20
1416.638163
70
0
0
VERTEX
8
ShapeString
10
6740.910791
20
1415.666122
70
0
0
VERTEX
8
ShapeString
10
6739.017597
20
1414.512015
70
0
0
VERTEX
8
ShapeString
10
6737.261016
20
1413.189217
70
0
0
VERTEX
8
ShapeString
10
6735.649986
20
1411.711108
70
0
0
VERTEX
8
ShapeString
10
6734.193447
20
1410.091064
70
0
0
VERTEX
8
ShapeString
10
6732.900338
20
1408.342464
70
0
0
VERTEX
8
ShapeString
10
6731.779598
20
1406.478683
70
0
0
VERTEX
8
ShapeString
10
6730.840165
20
1404.513101
70
0
0
VERTEX
8
ShapeString
10
6730.090979
20
1402.459094
70
0
0
VERTEX
8
ShapeString
10
6729.540979
20
1400.330040
70
0
0
VERTEX
8
ShapeString
10
6729.199104
20
1398.139317
70
0
0
VERTEX
8
ShapeString
10
6729.074294
20
1395.900301
70
0
0
VERTEX
8
ShapeString
10
6729.175486
20
1393.626371
70
0
0
VERTEX
8
ShapeString
10
6729.511620
20
1391.330904
70
0
0
VERTEX
8
ShapeString
10
6730.081661
20
1389.082080
70
0
0
VERTEX
8
ShapeString
10
6730.860413
20
1386.943262
70
0
0
VERTEX
8
ShapeString
10
6731.834490
20
1384.923375
70
0
0
VERTEX
8
ShapeString
10
6732.990505
20
1383.031345
70
0
0
VERTEX
8
ShapeString
10
6734.315072
20
1381.276098
70
0
0
VERTEX
8
ShapeString
10
6735.794803
20
1379.666559
70
0
0
VERTEX
8
ShapeString
10
6737.416314
20
1378.211653
70
0
0
VERTEX
8
ShapeString
10
6739.166217
20
1376.920306
70
0
0
VERTEX
8
ShapeString
10
6741.031126
20
1375.801445
70
0
0
VERTEX
8
ShapeString
10
6742.997654
20
1374.863993
70
0
0
VERTEX
8
ShapeString
10
6745.052415
20
1374.116878
70
0
0
VERTEX
8
ShapeString
10
6747.182022
20
1373.569024
70
0
0
VERTEX
8
ShapeString
10
6749.373088
20
1373.229357
70
0
0
VERTEX
8
ShapeString
10
6751.612229
20
1373.106802
70
0
0
VERTEX
8
ShapeString
10
6753.886056
20
1373.210286
70
0
0
VERTEX
8
ShapeString
10
6756.181183
20
1373.548733
70
0
0
VERTEX
8
ShapeString
10
6758.430580
20
1374.116507
70
0
0
VERTEX
8
ShapeString
10
6760.570182
20
1374.893104
70
0
0
VERTEX
8
ShapeString
10
6762.591049
20
1375.865145
70
0
0
VERTEX
8
ShapeString
10
6764.484243
20
1377.019252
70
0
0
VERTEX
8
ShapeString
10
6766.240824
20
1378.342050
70
0
0
VERTEX
8
ShapeString
10
6767.851854
20
1379.820159
70
0
0
VERTEX
8
ShapeString
10
6769.308393
20
1381.440203
70
0
0
VERTEX
8
ShapeString
10
6770.601502
20
1383.188803
70
0
0
VERTEX
8
ShapeString
10
6771.722242
20
1385.052584
70
0
0
VERTEX
8
ShapeString
10
6772.661675
20
1387.018166
70
0
0
VERTEX
8
ShapeString
10
6773.410861
20
1389.072173
70
0
0
VERTEX
8
ShapeString
10
6773.960861
20
1391.201227
70
0
0
VERTEX
8
ShapeString
10
6774.302736
20
1393.391950
70
0
0
VERTEX
8
ShapeString
10
6774.427546
20
1395.630966
70
0
0
VERTEX
8
ShapeString
10
6774.326354
20
1397.904896
70
0
0
VERTEX
8
ShapeString
10
6773.990220
20
1400.200363
70
0
0
VERTEX
8
ShapeString
10
6773.990220
20
1400.200363
70
0
0
SEQEND
8
ShapeString
0
POLYLINE
8
ShapeString
62
7
70
0
10
0.000000
20
0.000000
66
1
0
VERTEX
8
ShapeString
10
6894.177800
20
3283.426100
70
0
0
VERTEX
8
ShapeString
10
6893.607358
20
3285.674447
70
0
0
VERTEX
8
ShapeString
10
6892.828289
20
3287.812785
70
0
0
VERTEX
8
ShapeString
10
6891.853976
20
3289.832194
70
0
0
VERTEX
8
ShapeString
10
6890.697799
20
3291.723753
70
0
0
VERTEX
8
ShapeString
10
6889.373141
20
3293.478543
70
0
0
VERTEX
8
ShapeString
10
6887.893382
20
3295.087642
70
0
0
VERTEX
8
ShapeString
10
6886.271906
20
3296.542132
70
0
0
VERTEX
8
ShapeString
10
6884.522092
20
3297.833092
70
0
0
VERTEX
8
ShapeString
10
6882.657324
20
3298.951601
70
0
0
VERTEX
8
ShapeString
10
6880.690983
20
3299.888740
70
0
0
VERTEX
8
ShapeString
10
6878.636450
20
3300.635588
70
0
0
VERTEX
8
ShapeString
10
6876.507108
20
3301.183225
70
0
0
VERTEX
8
ShapeString
10
6874.316337
20
3301.522731
70
0
0
VERTEX
8
ShapeString
10
6872.077519
20
3301.645185
70
0
0
VERTEX
8
ShapeString
10
6869.804037
20
3301.541669
70
0
0
VERTEX
8
ShapeString
10
6867.509272
20
3301.203260
70
0
0
VERTEX
8
ShapeString
10
6865.260222
20
3300.635594
70
0
0
VERTEX
8
ShapeString
10
6863.120924
20
3299.859166
70
0
0
VERTEX
8
ShapeString
10
6861.100314
20
3298.887347
70
0
0
VERTEX
8
ShapeString
10
6859.207329
20
3297.733506
70
0
0
VERTEX
8
ShapeString
10
6857.450905
20
3296.411015
70
0
0
VERTEX
8
ShapeString
10
6855.839979
20
3294.933245
70
0
0
VERTEX
8
ShapeString
10
6854.383489
20
3293.313565
70
0
0
VERTEX
8
ShapeString
10
6853.090370
20
3291.565347
70
0
0
VERTEX
8
ShapeString
10
6851.969559
20
3289.701961
70
0
0
VERTEX
8
ShapeString
10
6851.029993
20
3287.736778
70
0
0
VERTEX
8
ShapeString
10
6850.280610
20
3285.683169
70
0
0
VERTEX
8
ShapeString
10
6849.730344
20
3283.554504
70
0
0
VERTEX
8
ShapeString
10
6849.388134
20
3281.364154
70
0
0
VERTEX
8
ShapeString
10
6849.262915
20
3279.125490
70
0
0
VERTEX
8
ShapeString
10
6849.363625
20
3276.851881
70
0
0
VERTEX
8
ShapeString
10
6849.699200
20
3274.556700
70
0
0
VERTEX
8
ShapeString
10
6850.269642
20
3272.308353
70
0
0
VERTEX
8
ShapeString
10
6851.048711
20
3270.170015
70
0
0
VERTEX
8
ShapeString
10
6852.023024
20
3268.150606
70
0
0
VERTEX
8
ShapeString
10
6853.179201
20
3266.259047
70
0
0
VERTEX
8
ShapeString
10
6854.503859
20
3264.504257
70
0
0
VERTEX
8
ShapeString
10
6855.983618
20
3262.895158
70
0
0
VERTEX
8
ShapeString
10
6857.605094
20
3261.440668
70
0
0
VERTEX
8
ShapeString
10
6859.354908
20
3260.149708
70
0
0
VERTEX
8
ShapeString
10
6861.219676
20
3259.031199
70
0
0
VERTEX
8
ShapeString
10
6863.186017
20
3258.094060
70
0
0
VERTEX
8
ShapeString
10
6865.240550
20
3257.347212
70
0
0
VERTEX
8
ShapeString
10
6867.369892
20
3256.799575
70
0
0
VERTEX
8
ShapeString
10
6869.560663
20
3256.460069
70
0
0
VERTEX
8
ShapeString
10
6871.799481
20
3256.337615
70
0
0
VERTEX
8
ShapeString
10
6874.072963
20
3256.441131
70
0
0
VERTEX
8
ShapeString
10
6876.367728
20
3256.779540
70
0
0
VERTEX
8
ShapeString
10
6878.616778
20
3257.347206
70
0
0
VERTEX
8
ShapeString
10
6880.756076
20
3258.123634
70
0
0
VERTEX
8
ShapeString
10
6882.776686
20
3259.095453
70
0
0
VERTEX
8
ShapeString
10
6884.669671
20
3260.249294
70
0
0
VERTEX
8
ShapeString
10
6886.426095
20
3261.571785
70
0
0
VERTEX
8
ShapeString
10
6888.037021
20
3263.049555
70
0
0
VERTEX
8
ShapeString
10
6889.493511
20
3264.669235
70
0
0
VERTEX
8
ShapeString
10
6890.786630
20
3266.417453
70
0
0
VERTEX
8
ShapeString
10
6891.907441
20
3268.280839
70
0
0
VERTEX
8
ShapeString
10
6892.847007
20
3270.246022
70
0
0
VERTEX
8
ShapeString
10
6893.596390
20
3272.299631
70
0
0
VERTEX
8
ShapeString
10
6894.146656
20
3274.428296
70
0
0
VERTEX
8
ShapeString
10
6894.488866
20
3276.618646
70
0
0
VERTEX
8
ShapeString
10
6894.614085
20
3278.857310
70
0
0
VERTEX
8
ShapeString
10
6894.513375
20
3281.130919
70
0
0
VERTEX
8
ShapeString
10
6894.177800
20
3283.426100
70
0
0
VERTEX
8
ShapeString
10
6894.177800
20
3283.426100
70
0
0
SEQEND
8
ShapeString
0
POLYLINE
8
ShapeString
62
7
70
0
10
0.000000
20
0.000000
66
1
0
VERTEX
8
ShapeString
10
6444.754730
20
1175.307850
70
0
0
VERTEX
8
ShapeString
10
6446.588746
20
1187.148861
70
0
0
VERTEX
8
ShapeString
10
6448.229296
20
1199.012621
70
0
0
VERTEX
8
ShapeString
10
6449.676304
20
1210.896764
70
0
0
VERTEX
8
ShapeString
10
6450.929695
20
1222.798924
70
0
0
VERTEX
8
ShapeString
10
6451.989394
20
1234.716734
70
0
0
VERTEX
8
ShapeString
10
6452.855324
20
1246.647829
70
0
0
VERTEX
8
ShapeString
10
6453.527410
20
1258.589842
70
0
0
VERTEX
8
ShapeString
10
6454.005578
20
1270.540407
70
0
0
VERTEX
8
ShapeString
10
6454.289751
20
1282.497158
70
0
0
VERTEX
8
ShapeString
10
6454.379854
20
1294.457729
70
0
0
VERTEX
8
ShapeString
10
6454.275812
20
1306.419754
70
0
0
VERTEX
8
ShapeString
10
6453.977549
20
1318.380866
70
0
0
VERTEX
8
ShapeString
10
6453.484990
20
1330.338699
70
0
0
VERTEX
8
ShapeString
10
6452.798059
20
1342.290888
70
0
0
VERTEX
8
ShapeString
10
6451.916681
20
1354.235065
70
0
0
VERTEX
8
ShapeString
10
6450.840780
20
1366.168866
70
0
0
SEQEND
8
ShapeString
0
POLYLINE
8
ShapeString
62
7
70
0
10
0.000000
20
0.000000
66
1
0
VERTEX
8
ShapeString
10
7242.206700
20
4492.935900
70
0
0
VERTEX
8
ShapeString
10
7226.886756
20
4471.767730
70
0
0
VERTEX
8
ShapeString
10
7211.703613
20
4450.520192
70
0
0
VERTEX
8
ShapeString
10
7196.657440
20
4429.193954
70
0
0
VERTEX
8
ShapeString
10
7181.748406
20
4407.789685
70
0
0
VERTEX
8
ShapeString
10
7166.976680
20
4386.308050
70
0
0
VERTEX
8
ShapeString
10
7152.342430
20
4364.749718
70
0
0
VERTEX
8
ShapeString
10
7137.845825
20
4343.115356
70
0
0
VERTEX
8
ShapeString
10
7123.487036
20
4321.405631
70
0
0
VERTEX
8
ShapeString
10
7109.266229
20
4299.621211
70
0
0
VERTEX
8
ShapeString
10
7095.183575
20
4277.762764
70
0
0
VERTEX
8
ShapeString
10
7081.239243
20
4255.830957
70
0
0
VERTEX
8
ShapeString
10
7067.433400
20
4233.826457
70
0
0
VERTEX
8
ShapeString
10
7053.766217
20
4211.749932
70
0
0
VERTEX
8
ShapeString
10
7040.237862
20
4189.602049
70
0
0
VERTEX
8
ShapeString
10
7026.848504
20
4167.383476
70
0
0
VERTEX
8
ShapeString
10
7013.598311
20
4145.094880
70
0
0
VERTEX
8
ShapeString
10
7000.487454
20
4122.736929
70
0
0
VERTEX
8
ShapeString
10
6987.516101
20
4100.310290
70
0
0
VERTEX
8
ShapeString
10
6974.684420
20
4077.815630
70
0
0
VERTEX
8
ShapeString
10
6961.992581
20
4055.253618
70
0
0
VERTEX
8
ShapeString
10
6949.440752
20
4032.624920
70
0
0
VERTEX
8
ShapeString
10
6937.029103
20
4009.930204
70
0
0
VERTEX
8
ShapeString
10
6924.757803
20
3987.170138
70
0
0
VERTEX
8
ShapeString
10
6912.627020
20
3964.345389
70
0
0
VERTEX
8
ShapeString
10
6900.636923
20
3941.456624
70
0
0
VERTEX
8
ShapeString
10
6888.787682
20
3918.504510
70
0
0
VERTEX
8
ShapeString
10
6877.079465
20
3895.489716
70
0
0
VERTEX
8
ShapeString
10
6865.512441
20
3872.412909
70
0
0
VERTEX
8
ShapeString
10
6854.086779
20
3849.274756
70
0
0
VERTEX
8
ShapeString
10
6842.802648
20
3826.075925
70
0
0
VERTEX
8
ShapeString
10
6831.660216
20
3802.817083
70
0
0
VERTEX
8
ShapeString
10
6820.659654
20
3779.498898
70
0
0
VERTEX
8
ShapeString
10
6809.801130
20
3756.122036
70
0
0
VERTEX
8
ShapeString
10
6799.084812
20
3732.687167
70
0
0
VERTEX
8
ShapeString
10
6788.510870
20
3709.194956
70
0
0
VERTEX
8
ShapeString
10
6778.079472
20
3685.646072
70
0
0
VERTEX
8
ShapeString
10
6767.790788
20
3662.041181
70
0
0
VERTEX
8
ShapeString
10
6757.644987
20
3638.380953
70
0
0
VERTEX
8
ShapeString
10
6747.642236
20
3614.666053
70
0
0
VERTEX
8
ShapeString
10
6737.782707
20
3590.897149
70
0
0
VERTEX
8
ShapeString
10
6728.066566
20
3567.074909
70
0
0
VERTEX
8
ShapeString
10
6718.493983
20
3543.200000
70
0
0
VERTEX
8
ShapeString
10
6709.065128
20
3519.273090
70
0
0
VERTEX
8
ShapeString
10
6699.780169
20
3495.294847
70
0
0
VERTEX
8
ShapeString
10
6690.639274
20
3471.265937
70
0
0
VERTEX
8
ShapeString
10
6681.642614
20
3447.187028
70
0
0
VERTEX
8
ShapeString
10
6672.790356
20
3423.058787
70
0
0
VERTEX
8
ShapeString
10
6664.082670
20
3398.881883
70
0
0
VERTEX
8
ShapeString
10
6655.519724
20
3374.656982
70
0
0
VERTEX
8
ShapeString
10
6647.101689
20
3350.384752
70
0
0
VERTEX
8
ShapeString
10
6638.828732
20
3326.065861
70
0
0
VERTEX
8
ShapeString
10
6630.701022
20
3301.700976
70
0
0
VERTEX
8
ShapeString
10
6622.718729
20
3277.290763
70
0
0
VERTEX
8
ShapeString
10
6614.882021
20
3252.835892
70
0
0
VERTEX
8
ShapeString
10
6607.191067
20
3228.337029
70
0
0
VERTEX
8
ShapeString
10
6599.646036
20
3203.794842
70
0
0
VERTEX
8
ShapeString
10
6592.247098
20
3179.209998
70
0
0
VERTEX
8
ShapeString
10
6584.994421
20
3154.583164
70
0
0
VERTEX
8
ShapeString
10
6577.888173
20
3129.915009
70
0
0
VERTEX
8
ShapeString
10
6570.928525
20
3105.206199
70
0
0
VERTEX
8
ShapeString
10
6564.115645
20
3080.457403
70
0
0
VERTEX
8
ShapeString
10
6557.449701
20
3055.669286
70
0
0
VERTEX
8
ShapeString
10
6550.930863
20
3030.842518
70
0
0
VERTEX
8
ShapeString
10
6544.559299
20
3005.977766
70
0
0
VERTEX
8
ShapeString
10
6538.335179
20
2981.075696
70
0
0
VERTEX
8
ShapeString
10
6532.258672
20
2956.136977
70
0
0
VERTEX
8
ShapeString
10
6526.329946
20
2931.162275
70
0
0
VERTEX
8
ShapeString
10
6520.549171
20
2906.152259
70
0
0
VERTEX
8
ShapeString
10
6514.916514
20
2881.107596
70
0
0
VERTEX
8
ShapeString
10
6509.432146
20
2856.028952
70
0
0
VERTEX
8
ShapeString
10
6504.096236
20
2830.916997
70
0
0
VERTEX
8
ShapeString
10
6498.908951
20
2805.772397
70
0
0
VERTEX
8
ShapeString
10
6493.870461
20
2780.595819
70
0
0
VERTEX
8
ShapeString
10
6488.980935
20
2755.387931
70
0
0
VERTEX
8
ShapeString
10
6484.240543
20
2730.149401
70
0
0
VERTEX
8
ShapeString
10
6479.649451
20
2704.880896
70
0
0
VERTEX
8
ShapeString
10
6475.207831
20
2679.583084
70
0
0
VERTEX
8
ShapeString
10
6470.915850
20
2654.256631
70
0
0
VERTEX
8
ShapeString
10
6466.773678
20
2628.902206
70
0
0
VERTEX
8
ShapeString
10
6462.781484
20
2603.520476
70
0
0
VERTEX
8
ShapeString
10
6458.939436
20
2578.112108
70
0
0
VERTEX
8
ShapeString
10
6455.247703
20
2552.677769
70
0
0
VERTEX
8
ShapeString
10
6451.706455
20
2527.218128
70
0
0
VERTEX
8
ShapeString
10
6448.315860
20
2501.733852
70
0
0
VERTEX
8
ShapeString
10
6445.076087
20
2476.225608
70
0
0
VERTEX
8
ShapeString
10
6441.987305
20
2450.694064
70
0
0
VERTEX
8
ShapeString
10
6439.049684
20
2425.139886
70
0
0
VERTEX
8
ShapeString
10
6436.263391
20
2399.563744
70
0
0
VERTEX
8
ShapeString
10
6433.628596
20
2373.966303
70
0
0
VERTEX
8
ShapeString
10
6431.145468
20
2348.348232
70
0
0
VERTEX
8
ShapeString
10
6428.814176
20
2322.710198
70
0
0
VERTEX
8
ShapeString
10
6426.634889
20
2297.052868
70
0
0
VERTEX
8
ShapeString
10
6424.607775
20
2271.376910
70
0
0
VERTEX
8
ShapeString
10
6422.733004
20
2245.682992
70
0
0
VERTEX
8
ShapeString
10
6421.010744
20
2219.971780
70
0
0
VERTEX
8
ShapeString
10
6419.441165
20
2194.243942
70
0
0
VERTEX
8
ShapeString
10
6418.024435
20
2168.500147
70
0
0
VERTEX
8
ShapeString
10
6416.760723
20
2142.741060
70
0
0
VERTEX
8
ShapeString
10
6415.650199
20
2116.967350
70
0
0
VERTEX
8
ShapeString
10
6414.693031
20
2091.179685
70
0
0
VERTEX
8
ShapeString
10
6413.889387
20
2065.378731
70
0
0
VERTEX
8
ShapeString
10
6413.239438
20
2039.565156
70
0
0
VERTEX
8
ShapeString
10
6412.743352
20
2013.739627
70
0
0
VERTEX
8
ShapeString
10
6412.401298
20
1987.902813
70
0
0
VERTEX
8
ShapeString
10
6412.213444
20
1962.055380
70
0
0
VERTEX
8
ShapeString
10
6412.179961
20
1936.197996
70
0
0
VERTEX
8
ShapeString
10
6412.301016
20
1910.331328
70
0
0
VERTEX
8
ShapeString
10
6412.576778
20
1884.456044
70
0
0
VERTEX
8
ShapeString
10
6413.007417
20
1858.572811
70
0
0
VERTEX
8
ShapeString
10
6413.593102
20
1832.682297
70
0
0
VERTEX
8
ShapeString
10
6414.334001
20
1806.785170
70
0
0
VERTEX
8
ShapeString
10
6415.230283
20
1780.882096
70
0
0
VERTEX
8
ShapeString
10
6416.282118
20
1754.973743
70
0
0
VERTEX
8
ShapeString
10
6417.489673
20
1729.060779
70
0
0
VERTEX
8
ShapeString
10
6418.853119
20
1703.143871
70
0
0
VERTEX
8
ShapeString
10
6420.372624
20
1677.223686
70
0
0
VERTEX
8
ShapeString
10
6422.048357
20
1651.300893
70
0
0
VERTEX
8
ShapeString
10
6423.880487
20
1625.376158
70
0
0
VERTEX
8
ShapeString
10
6425.869182
20
1599.450149
70
0
0
VERTEX
8
ShapeString
10
6428.014613
20
1573.523533
70
0
0
VERTEX
8
ShapeString
10
6430.316947
20
1547.596978
70
0
0
VERTEX
8
ShapeString
10
6432.776354
20
1521.671152
70
0
0
VERTEX
8
ShapeString
10
6435.393002
20
1495.746721
70
0
0
VERTEX
8
ShapeString
10
6438.167061
20
1469.824354
70
0
0
VERTEX
8
ShapeString
10
6441.098699
20
1443.904717
70
0
0
VERTEX
8
ShapeString
10
6444.188086
20
1417.988479
70
0
0
VERTEX
8
ShapeString
10
6447.435390
20
1392.076306
70
0
0
VERTEX
8
ShapeString
10
6450.840780
20
1366.168866
70
0
0
SEQEND
8
ShapeString
0
POLYLINE
8
ShapeString
62
7
70
0
10
0.000000
20
0.000000
66
1
0
VERTEX
8
ShapeString
10
7242.202200
20
4492.933400
70
0
0
VERTEX
8
ShapeString
10
7612.800700
20
4212.594500
70
0
0
SEQEND
8
ShapeString
0
POLYLINE
8
ShapeString
62
7
70
0
10
0.000000
20
0.000000
66
1
0
VERTEX
8
ShapeString
10
7612.800700
20
4212.594500
70
0
0
VERTEX
8
ShapeString
10
7598.774079
20
4193.913990
70
0
0
VERTEX
8
ShapeString
10
7584.892405
20
4175.149768
70
0
0
VERTEX
8
ShapeString
10
7571.155847
20
4156.302668
70
0
0
VERTEX
8
ShapeString
10
7557.564572
20
4137.373522
70
0
0
VERTEX
8
ShapeString
10
7544.118747
20
4118.363163
70
0
0
VERTEX
8
ShapeString
10
7530.818539
20
4099.272424
70
0
0
VERTEX
8
ShapeString
10
7517.664117
20
4080.102138
70
0
0
VERTEX
8
ShapeString
10
7504.655646
20
4060.853137
70
0
0
VERTEX
8
ShapeString
10
7491.793295
20
4041.526253
70
0
0
VERTEX
8
ShapeString
10
7479.077230
20
4022.122321
70
0
0
VERTEX
8
ShapeString
10
7466.507620
20
4002.642172
70
0
0
VERTEX
8
ShapeString
10
7454.084632
20
3983.086639
70
0
0
VERTEX
8
ShapeString
10
7441.808432
20
3963.456555
70
0
0
VERTEX
8
ShapeString
10
7429.679189
20
3943.752753
70
0
0
VERTEX
8
ShapeString
10
7417.697069
20
3923.976065
70
0
0
VERTEX
8
ShapeString
10
7405.862240
20
3904.127324
70
0
0
VERTEX
8
ShapeString
10
7394.174870
20
3884.207364
70
0
0
VERTEX
8
ShapeString
10
7382.635125
20
3864.217016
70
0
0
VERTEX
8
ShapeString
10
7371.243174
20
3844.157113
70
0
0
VERTEX
8
ShapeString
10
7359.999182
20
3824.028488
70
0
0
VERTEX
8
ShapeString
10
7348.903319
20
3803.831975
70
0
0
VERTEX
8
ShapeString
10
7337.955750
20
3783.568405
70
0
0
VERTEX
8
ShapeString
10
7327.156644
20
3763.238611
70
0
0
VERTEX
8
ShapeString
10
7316.506168
20
3742.843427
70
0
0
VERTEX
8
ShapeString
10
7306.004489
20
3722.383684
70
0
0
VERTEX
8
ShapeString
10
7295.651775
20
3701.860216
70
0
0
VERTEX
8
ShapeString
10
7285.448192
20
3681.273855
70
0
0
VERTEX
8
ShapeString
10
7275.393909
20
3660.625434
70
0
0
VERTEX
8
ShapeString
10
7265.489092
20
3639.915786
70
0
0
VERTEX
8
ShapeString
10
7255.733909
20
3619.145744
70
0
0
VERTEX
8
ShapeString
10
7246.128527
20
3598.316140
70
0
0
VERTEX
8
ShapeString
10
7236.673114
20
3577.427807
70
0
0
VERTEX
8
ShapeString
10
7227.367837
20
3556.481578
70
0
0
VERTEX
8
ShapeString
10
7218.212863
20
3535.478285
70
0
0
VERTEX
8
ShapeString
10
7209.208360
20
3514.418761
70
0
0
VERTEX
8
ShapeString
10
7200.354495
20
3493.303840
70
0
0
VERTEX
8
ShapeString
10
7191.651436
20
3472.134353
70
0
0
VERTEX
8
ShapeString
10
7183.099349
20
3450.911134
70
0
0
VERTEX
8
ShapeString
10
7174.698402
20
3429.635015
70
0
0
VERTEX
8
ShapeString
10
7166.448763
20
3408.306829
70
0
0
VERTEX
8
ShapeString
10
7158.350598
20
3386.927409
70
0
0
VERTEX
8
ShapeString
10
7150.404076
20
3365.497587
70
0
0
VERTEX
8
ShapeString
10
7142.609363
20
3344.018196
70
0
0
VERTEX
8
ShapeString
10
7134.966627
20
3322.490069
70
0
0
VERTEX
8
ShapeString
10
7127.476035
20
3300.914039
70
0
0
VERTEX
8
ShapeString
10
7120.137755
20
3279.290938
70
0
0
VERTEX
8
ShapeString
10
7112.951954
20
3257.621600
70
0
0
VERTEX
8
ShapeString
10
7105.918799
20
3235.906856
70
0
0
VERTEX
8
ShapeString
10
7099.038457
20
3214.147540
70
0
0
VERTEX
8
ShapeString
10
7092.311097
20
3192.344485
70
0
0
VERTEX
8
ShapeString
10
7085.736885
20
3170.498522
70
0
0
VERTEX
8
ShapeString
10
7079.315989
20
3148.610486
70
0
0
VERTEX
8
ShapeString
10
7073.048575
20
3126.681208
70
0
0
VERTEX
8
ShapeString
10
7066.934812
20
3104.711521
70
0
0
VERTEX
8
ShapeString
10
7060.974867
20
3082.702258
70
0
0
VERTEX
8
ShapeString
10
7055.168907
20
3060.654253
70
0
0
VERTEX
8
ShapeString
10
7049.517099
20
3038.568336
70
0
0
VERTEX
8
ShapeString
10
7044.019611
20
3016.445343
70
0
0
VERTEX
8
ShapeString
10
7038.676611
20
2994.286104
70
0
0
VERTEX
8
ShapeString
10
7033.488264
20
2972.091453
70
0
0
VERTEX
8
ShapeString
10
7028.454740
20
2949.862222
70
0
0
VERTEX
8
ShapeString
10
7023.576205
20
2927.599245
70
0
0
VERTEX
8
ShapeString
10
7018.852826
20
2905.303354
70
0
0
VERTEX
8
ShapeString
10
7014.284772
20
2882.975381
70
0
0
VERTEX
8
ShapeString
10
7009.872209
20
2860.616160
70
0
0
VERTEX
8
ShapeString
10
7005.615304
20
2838.226524
70
0
0
VERTEX
8
ShapeString
10
7001.514225
20
2815.807304
70
0
0
VERTEX
8
ShapeString
10
6997.569140
20
2793.359334
70
0
0
VERTEX
8
ShapeString
10
6993.780215
20
2770.883447
70
0
0
VERTEX
8
ShapeString
10
6990.147618
20
2748.380474
70
0
0
VERTEX
8
ShapeString
10
6986.671517
20
2725.851250
70
0
0
VERTEX
8
ShapeString
10
6983.352078
20
2703.296606
70
0
0
VERTEX
8
ShapeString
10
6980.189470
20
2680.717376
70
0
0
VERTEX
8
ShapeString
10
6977.183859
20
2658.114392
70
0
0
VERTEX
8
ShapeString
10
6974.335413
20
2635.488487
70
0
0
VERTEX
8
ShapeString
10
6971.644299
20
2612.840493
70
0
0
VERTEX
8
ShapeString
10
6969.110684
20
2590.171244
70
0
0
VERTEX
8
ShapeString
10
6966.734736
20
2567.481572
70
0
0
VERTEX
8
ShapeString
10
6964.516623
20
2544.772310
70
0
0
VERTEX
8
ShapeString
10
6962.456511
20
2522.044291
70
0
0
VERTEX
8
ShapeString
10
6960.554568
20
2499.298346
70
0
0
VERTEX
8
ShapeString
10
6958.810961
20
2476.535310
70
0
0
VERTEX
8
ShapeString
10
6957.225858
20
2453.756015
70
0
0
VERTEX
8
ShapeString
10
6955.799426
20
2430.961294
70
0
0
VERTEX
8
ShapeString
10
6954.531832
20
2408.151979
70
0
0
VERTEX
8
ShapeString
10
6953.423244
20
2385.328902
70
0
0
VERTEX
8
ShapeString
10
6952.473829
20
2362.492898
70
0
0
VERTEX
8
ShapeString
10
6951.683755
20
2339.644798
70
0
0
VERTEX
8
ShapeString
10
6951.053188
20
2316.785436
70
0
0
VERTEX
8
ShapeString
10
6950.582296
20
2293.915643
70
0
0
VERTEX
8
ShapeString
10
6950.271246
20
2271.036254
70
0
0
VERTEX
8
ShapeString
10
6950.120207
20
2248.148099
70
0
0
VERTEX
8
ShapeString
10
6950.129344
20
2225.252013
70
0
0
VERTEX
8
ShapeString
10
6950.298827
20
2202.348829
70
0
0
VERTEX
8
ShapeString
10
6950.628821
20
2179.439377
70
0
0
VERTEX
8
ShapeString
10
6951.119494
20
2156.524493
70
0
0
VERTEX
8
ShapeString
10
6951.771013
20
2133.605007
70
0
0
VERTEX
8
ShapeString
10
6952.583547
20
2110.681754
70
0
0
VERTEX
8
ShapeString
10
6953.557262
20
2087.755565
70
0
0
VERTEX
8
ShapeString
10
6954.692326
20
2064.827274
70
0
0
VERTEX
8
ShapeString
10
6955.988905
20
2041.897712
70
0
0
VERTEX
8
ShapeString
10
6957.447168
20
2018.967714
70
0
0
VERTEX
8
ShapeString
10
6959.067282
20
1996.038112
70
0
0
VERTEX
8
ShapeString
10
6960.849413
20
1973.109737
70
0
0
VERTEX
8
ShapeString
10
6962.793730
20
1950.183425
70
0
0
VERTEX
8
ShapeString
10
6964.900400
20
1927.260005
70
0
0
VERTEX
8
ShapeString
10
6967.169590
20
1904.340313
70
0
0
VERTEX
8
ShapeString
10
6969.601467
20
1881.425180
70
0
0
VERTEX
8
ShapeString
10
6972.196199
20
1858.515439
70
0
0
VERTEX
8
ShapeString
10
6974.953953
20
1835.611923
70
0
0
VERTEX
8
ShapeString
10
6977.874897
20
1812.715464
70
0
0
VERTEX
8
ShapeString
10
6980.959198
20
1789.826896
70
0
0
VERTEX
8
ShapeString
10
6984.207022
20
1766.947051
70
0
0
VERTEX
8
ShapeString
10
6987.618539
20
1744.076762
70
0
0
VERTEX
8
ShapeString
10
6991.193914
20
1721.216861
70
0
0
VERTEX
8
ShapeString
10
6994.933316
20
1698.368182
70
0
0
VERTEX
8
ShapeString
10
6998.836911
20
1675.531557
70
0
0
VERTEX
8
ShapeString
10
7002.904867
20
1652.707818
70
0
0
VERTEX
8
ShapeString
10
7007.137351
20
1629.897799
70
0
0
VERTEX
8
ShapeString
10
7011.534532
20
1607.102333
70
0
0
VERTEX
8
ShapeString
10
7016.096575
20
1584.322251
70
0
0
VERTEX
8
ShapeString
10
7020.823648
20
1561.558387
70
0
0
VERTEX
8
ShapeString
10
7025.715920
20
1538.811574
70
0
0
VERTEX
8
ShapeString
10
7030.773556
20
1516.082643
70
0
0
VERTEX
8
ShapeString
10
7035.996725
20
1493.372429
70
0
0
VERTEX
8
ShapeString
10
7041.385594
20
1470.681764
70
0
0
VERTEX
8
ShapeString
10
7046.940330
20
1448.011480
70
0
0
VERTEX
8
ShapeString
10
7052.661100
20
1425.362410
70
0
0
SEQEND
8
ShapeString
0
POLYLINE
8
ShapeString
62
7
70
0
10
0.000000
20
0.000000
66
1
0
VERTEX
8
ShapeString
10
7052.661100
20
1425.362410
70
0
0
VERTEX
8
ShapeString
10
7053.888255
20
1414.205210
70
0
0
VERTEX
8
ShapeString
10
7055.370304
20
1403.089517
70
0
0
VERTEX
8
ShapeString
10
7057.106017
20
1392.019582
70
0
0
VERTEX
8
ShapeString
10
7059.094163
20
1380.999660
70
0
0
VERTEX
8
ShapeString
10
7061.333511
20
1370.034001
70
0
0
VERTEX
8
ShapeString
10
7063.822831
20
1359.126860
70
0
0
VERTEX
8
ShapeString
10
7066.560891
20
1348.282487
70
0
0
VERTEX
8
ShapeString
10
7069.546462
20
1337.505137
70
0
0
VERTEX
8
ShapeString
10
7072.778311
20
1326.799062
70
0
0
VERTEX
8
ShapeString
10
7076.255210
20
1316.168513
70
0
0
VERTEX
8
ShapeString
10
7079.975926
20
1305.617744
70
0
0
VERTEX
8
ShapeString
10
7083.939229
20
1295.151008
70
0
0
VERTEX
8
ShapeString
10
7088.143889
20
1284.772556
70
0
0
VERTEX
8
ShapeString
10
7092.588675
20
1274.486642
70
0
0
VERTEX
8
ShapeString
10
7097.272355
20
1264.297518
70
0
0
VERTEX
8
ShapeString
10
7102.193700
20
1254.209437
70
0
0
SEQEND
8
ShapeString
0
POLYLINE
8
ShapeString
62
7
70
0
10
0.000000
20
0.000000
66
1
0
VERTEX
8
ShapeString
10
6444.754730
20
1175.307850
70
0
0
VERTEX
8
ShapeString
10
6452.446620
20
1164.971582
70
0
0
VERTEX
8
ShapeString
10
6460.448355
20
1154.947698
70
0
0
VERTEX
8
ShapeString
10
6468.750299
20
1145.240436
70
0
0
VERTEX
8
ShapeString
10
6477.342818
20
1135.854034
70
0
0
VERTEX
8
ShapeString
10
6486.216276
20
1126.792727
70
0
0
VERTEX
8
ShapeString
10
6495.361037
20
1118.060753
70
0
0
VERTEX
8
ShapeString
10
6504.767467
20
1109.662349
70
0
0
VERTEX
8
ShapeString
10
6514.425930
20
1101.601752
70
0
0
VERTEX
8
ShapeString
10
6524.326791
20
1093.883199
70
0
0
VERTEX
8
ShapeString
10
6534.460414
20
1086.510927
70
0
0
VERTEX
8
ShapeString
10
6544.817164
20
1079.489172
70
0
0
VERTEX
8
ShapeString
10
6555.387406
20
1072.822173
70
0
0
VERTEX
8
ShapeString
10
6566.161505
20
1066.514166
70
0
0
VERTEX
8
ShapeString
10
6577.129824
20
1060.569388
70
0
0
VERTEX
8
ShapeString
10
6588.282730
20
1054.992076
70
0
0
VERTEX
8
ShapeString
10
6599.610586
20
1049.786468
70
0
0
VERTEX
8
ShapeString
10
6611.103757
20
1044.956799
70
0
0
VERTEX
8
ShapeString
10
6622.752608
20
1040.507307
70
0
0
VERTEX
8
ShapeString
10
6634.547504
20
1036.442230
70
0
0
VERTEX
8
ShapeString
10
6646.478809
20
1032.765803
70
0
0
VERTEX
8
ShapeString
10
6658.536888
20
1029.482265
70
0
0
VERTEX
8
ShapeString
10
6670.712106
20
1026.595852
70
0
0
VERTEX
8
ShapeString
10
6682.994827
20
1024.110801
70
0
0
VERTEX
8
ShapeString
10
6695.375416
20
1022.031350
70
0
0
VERTEX
8
ShapeString
10
6707.844237
20
1020.361734
70
0
0
VERTEX
8
ShapeString
10
6720.391657
20
1019.106192
70
0
0
VERTEX
8
ShapeString
10
6733.008038
20
1018.268960
70
0
0
VERTEX
8
ShapeString
10
6745.683746
20
1017.854276
70
0
0
VERTEX
8
ShapeString
10
6758.409145
20
1017.866375
70
0
0
VERTEX
8
ShapeString
10
6771.174601
20
1018.309496
70
0
0
VERTEX
8
ShapeString
10
6783.970477
20
1019.187876
70
0
0
VERTEX
8
ShapeString
10
6796.787139
20
1020.505750
70
0
0
VERTEX
8
ShapeString
10
6809.551674
20
1022.257966
70
0
0
VERTEX
8
ShapeString
10
6822.192021
20
1024.432277
70
0
0
VERTEX
8
ShapeString
10
6834.699821
20
1027.022289
70
0
0
VERTEX
8
ShapeString
10
6847.066714
20
1030.021604
70
0
0
VERTEX
8
ShapeString
10
6859.284341
20
1033.423825
70
0
0
VERTEX
8
ShapeString
10
6871.344344
20
1037.222557
70
0
0
VERTEX
8
ShapeString
10
6883.238363
20
1041.411403
70
0
0
VERTEX
8
ShapeString
10
6894.958039
20
1045.983965
70
0
0
VERTEX
8
ShapeString
10
6906.495013
20
1050.933848
70
0
0
VERTEX
8
ShapeString
10
6917.840925
20
1056.254654
70
0
0
VERTEX
8
ShapeString
10
6928.987417
20
1061.939988
70
0
0
VERTEX
8
ShapeString
10
6939.926130
20
1067.983452
70
0
0
VERTEX
8
ShapeString
10
6950.648704
20
1074.378651
70
0
0
VERTEX
8
ShapeString
10
6961.146780
20
1081.119186
70
0
0
VERTEX
8
ShapeString
10
6971.411999
20
1088.198663
70
0
0
VERTEX
8
ShapeString
10
6981.436002
20
1095.610684
70
0
0
VERTEX
8
ShapeString
10
6991.210429
20
1103.348852
70
0
0
VERTEX
8
ShapeString
10
7000.726922
20
1111.406772
70
0
0
VERTEX
8
ShapeString
10
7009.977122
20
1119.778046
70
0
0
VERTEX
8
ShapeString
10
7018.952669
20
1128.456277
70
0
0
VERTEX
8
ShapeString
10
7027.645204
20
1137.435070
70
0
0
VERTEX
8
ShapeString
10
7036.046369
20
1146.708028
70
0
0
VERTEX
8
ShapeString
10
7044.147803
20
1156.268754
70
0
0
VERTEX
8
ShapeString
10
7051.941148
20
1166.110851
70
0
0
VERTEX
8
ShapeString
10
7059.418045
20
1176.227923
70
0
0
VERTEX
8
ShapeString
10
7066.570134
20
1186.613573
70
0
0
VERTEX
8
ShapeString
10
7073.389056
20
1197.261405
70
0
0
VERTEX
8
ShapeString
10
7079.866453
20
1208.165022
70
0
0
VERTEX
8
ShapeString
10
7085.993965
20
1219.318028
70
0
0
VERTEX
8
ShapeString
10
7091.763233
20
1230.714026
70
0
0
VERTEX
8
ShapeString
10
7097.165898
20
1242.346618
70
0
0
VERTEX
8
ShapeString
10
7102.193600
20
1254.209410
70
0
0
SEQEND
8
ShapeString
0
POLYLINE
8
ShapeString
62
7
70
0
10
0.000000
20
0.000000
66
1
0
VERTEX
8
ShapeString
10
7916.893100
20
918.255990
70
0
0
VERTEX
8
ShapeString
10
7915.963626
20
920.354099
70
0
0
VERTEX
8
ShapeString
10
7914.674545
20
922.169831
70
0
0
VERTEX
8
ShapeString
10
7913.083228
20
923.674087
70
0
0
VERTEX
8
ShapeString
10
7911.247046
20
924.837769
70
0
0
VERTEX
8
ShapeString
10
7909.223369
20
925.631780
70
0
0
VERTEX
8
ShapeString
10
7907.069567
20
926.027021
70
0
0
VERTEX
8
ShapeString
10
7904.843013
20
925.994394
70
0
0
VERTEX
8
ShapeString
10
7902.601075
20
925.504802
70
0
0
VERTEX
8
ShapeString
10
7900.501812
20
924.577937
70
0
0
VERTEX
8
ShapeString
10
7898.684479
20
923.291115
70
0
0
VERTEX
8
ShapeString
10
7897.178245
20
921.701669
70
0
0
VERTEX
8
ShapeString
10
7896.012281
20
919.866935
70
0
0
VERTEX
8
ShapeString
10
7895.215755
20
917.844247
70
0
0
VERTEX
8
ShapeString
10
7894.817837
20
915.690938
70
0
0
VERTEX
8
ShapeString
10
7894.847695
20
913.464345
70
0
0
VERTEX
8
ShapeString
10
7895.334500
20
911.221800
70
0
0
VERTEX
8
ShapeString
10
7896.263974
20
909.123691
70
0
0
VERTEX
8
ShapeString
10
7897.553055
20
907.307959
70
0
0
VERTEX
8
ShapeString
10
7899.144372
20
905.803703
70
0
0
VERTEX
8
ShapeString
10
7900.980554
20
904.640021
70
0
0
VERTEX
8
ShapeString
10
7903.004231
20
903.846010
70
0
0
VERTEX
8
ShapeString
10
7905.158033
20
903.450769
70
0
0
VERTEX
8
ShapeString
10
7907.384587
20
903.483396
70
0
0
VERTEX
8
ShapeString
10
7909.626525
20
903.972988
70
0
0
VERTEX
8
ShapeString
10
7911.725788
20
904.899853
70
0
0
VERTEX
8
ShapeString
10
7913.543121
20
906.186675
70
0
0
VERTEX
8
ShapeString
10
7915.049355
20
907.776121
70
0
0
VERTEX
8
ShapeString
10
7916.215319
20
909.610855
70
0
0
VERTEX
8
ShapeString
10
7917.011845
20
911.633543
70
0
0
VERTEX
8
ShapeString
10
7917.409763
20
913.786852
70
0
0
VERTEX
8
ShapeString
10
7917.379905
20
916.013445
70
0
0
VERTEX
8
ShapeString
10
7916.893100
20
918.255990
70
0
0
VERTEX
8
ShapeString
10
7916.893100
20
918.255990
70
0
0
SEQEND
8
ShapeString
0
POLYLINE
8
ShapeString
62
7
70
0
10
0.000000
20
0.000000
66
1
0
VERTEX
8
ShapeString
10
7963.370600
20
272.551500
70
0
0
VERTEX
8
ShapeString
10
7962.436731
20
274.642028
70
0
0
VERTEX
8
ShapeString
10
7961.145562
20
276.450513
70
0
0
VERTEX
8
ShapeString
10
7959.554150
20
277.948135
70
0
0
VERTEX
8
ShapeString
10
7957.719548
20
279.106074
70
0
0
VERTEX
8
ShapeString
10
7955.698811
20
279.895512
70
0
0
VERTEX
8
ShapeString
10
7953.548995
20
280.287630
70
0
0
VERTEX
8
ShapeString
10
7951.327155
20
280.253609
70
0
0
VERTEX
8
ShapeString
10
7949.090345
20
279.764628
70
0
0
VERTEX
8
ShapeString
10
7946.995581
20
278.840298
70
0
0
VERTEX
8
ShapeString
10
7945.181230
20
277.557386
70
0
0
VERTEX
8
ShapeString
10
7943.676370
20
275.972816
70
0
0
VERTEX
8
ShapeString
10
7942.510081
20
274.143511
70
0
0
VERTEX
8
ShapeString
10
7941.711440
20
272.126394
70
0
0
VERTEX
8
ShapeString
10
7941.309527
20
269.978388
70
0
0
VERTEX
8
ShapeString
10
7941.333421
20
267.756416
70
0
0
VERTEX
8
ShapeString
10
7941.812200
20
265.517400
70
0
0
VERTEX
8
ShapeString
10
7942.746069
20
263.426872
70
0
0
VERTEX
8
ShapeString
10
7944.037238
20
261.618387
70
0
0
VERTEX
8
ShapeString
10
7945.628650
20
260.120765
70
0
0
VERTEX
8
ShapeString
10
7947.463252
20
258.962826
70
0
0
VERTEX
8
ShapeString
10
7949.483989
20
258.173388
70
0
0
VERTEX
8
ShapeString
10
7951.633805
20
257.781270
70
0
0
VERTEX
8
ShapeString
10
7953.855645
20
257.815291
70
0
0
VERTEX
8
ShapeString
10
7956.092455
20
258.304272
70
0
0
VERTEX
8
ShapeString
10
7958.187219
20
259.228602
70
0
0
VERTEX
8
ShapeString
10
7960.001570
20
260.511514
70
0
0
VERTEX
8
ShapeString
10
7961.506430
20
262.096084
70
0
0
VERTEX
8
ShapeString
10
7962.672719
20
263.925389
70
0
0
VERTEX
8
ShapeString
10
7963.471360
20
265.942506
70
0
0
VERTEX
8
ShapeString
10
7963.873273
20
268.090512
70
0
0
VERTEX
8
ShapeString
10
7963.849379
20
270.312484
70
0
0
VERTEX
8
ShapeString
10
7963.370600
20
272.551500
70
0
0
VERTEX
8
ShapeString
10
7963.370600
20
272.551500
70
0
0
SEQEND
8
ShapeString
0
POLYLINE
8
ShapeString
62
7
70
0
10
0.000000
20
0.000000
66
1
0
VERTEX
8
ShapeString
10
7795.223400
20
1178.103930
70
0
0
VERTEX
8
ShapeString
10
7794.662732
20
1179.500829
70
0
0
VERTEX
8
ShapeString
10
7793.932594
20
1180.794706
70
0
0
VERTEX
8
ShapeString
10
7793.047182
20
1181.972814
70
0
0
VERTEX
8
ShapeString
10
7792.020691
20
1183.022403
70
0
0
VERTEX
8
ShapeString
10
7790.867315
20
1183.930722
70
0
0
VERTEX
8
ShapeString
10
7789.601249
20
1184.685023
70
0
0
VERTEX
8
ShapeString
10
7788.236688
20
1185.272555
70
0
0
VERTEX
8
ShapeString
10
7786.787827
20
1185.680571
70
0
0
VERTEX
8
ShapeString
10
7785.297743
20
1185.893467
70
0
0
VERTEX
8
ShapeString
10
7783.812143
20
1185.908088
70
0
0
VERTEX
8
ShapeString
10
7782.349166
20
1185.730353
70
0
0
VERTEX
8
ShapeString
10
7780.926950
20
1185.366180
70
0
0
VERTEX
8
ShapeString
10
7779.563634
20
1184.821486
70
0
0
VERTEX
8
ShapeString
10
7778.277358
20
1184.102192
70
0
0
VERTEX
8
ShapeString
10
7777.086259
20
1183.214214
70
0
0
VERTEX
8
ShapeString
10
7776.008477
20
1182.163471
70
0
0
VERTEX
8
ShapeString
10
7775.079062
20
1180.979468
70
0
0
VERTEX
8
ShapeString
10
7774.323599
20
1179.700212
70
0
0
VERTEX
8
ShapeString
10
7773.746034
20
1178.344369
70
0
0
VERTEX
8
ShapeString
10
7773.350309
20
1176.930607
70
0
0
VERTEX
8
ShapeString
10
7773.140370
20
1175.477594
70
0
0
VERTEX
8
ShapeString
10
7773.120159
20
1174.003999
70
0
0
VERTEX
8
ShapeString
10
7773.293621
20
1172.528488
70
0
0
VERTEX
8
ShapeString
10
7773.664700
20
1171.069730
70
0
0
VERTEX
8
ShapeString
10
7774.592517
20
1168.968770
70
0
0
VERTEX
8
ShapeString
10
7775.880809
20
1167.150312
70
0
0
VERTEX
8
ShapeString
10
7777.472088
20
1165.643559
70
0
0
VERTEX
8
ShapeString
10
7779.308864
20
1164.477714
70
0
0
VERTEX
8
ShapeString
10
7781.333648
20
1163.681980
70
0
0
VERTEX
8
ShapeString
10
7783.488950
20
1163.285561
70
0
0
VERTEX
8
ShapeString
10
7785.717280
20
1163.317660
70
0
0
VERTEX
8
ShapeString
10
7787.961150
20
1163.807480
70
0
0
VERTEX
8
ShapeString
10
7790.062110
20
1164.735297
70
0
0
VERTEX
8
ShapeString
10
7791.880568
20
1166.023589
70
0
0
VERTEX
8
ShapeString
10
7793.387322
20
1167.614868
70
0
0
VERTEX
8
ShapeString
10
7794.553167
20
1169.451644
70
0
0
VERTEX
8
ShapeString
10
7795.348900
20
1171.476428
70
0
0
VERTEX
8
ShapeString
10
7795.745319
20
1173.631729
70
0
0
VERTEX
8
ShapeString
10
7795.713220
20
1175.860060
70
0
0
VERTEX
8
ShapeString
10
7795.223400
20
1178.103930
70
0
0
VERTEX
8
ShapeString
10
7795.223400
20
1178.103930
70
0
0
SEQEND
8
ShapeString
0
POLYLINE
8
ShapeString
62
7
70
0
10
0.000000
20
0.000000
66
1
0
VERTEX
8
ShapeString
10
7638.828800
20
2973.522500
70
0
0
VERTEX
8
ShapeString
10
7637.900751
20
2975.623045
70
0
0
VERTEX
8
ShapeString
10
7636.612352
20
2977.441109
70
0
0
VERTEX
8
ShapeString
10
7635.021075
20
2978.947502
70
0
0
VERTEX
8
ShapeString
10
7633.184392
20
2980.113038
70
0
0
VERTEX
8
ShapeString
10
7631.159775
20
2980.908528
70
0
0
VERTEX
8
ShapeString
10
7629.004696
20
2981.304783
70
0
0
VERTEX
8
ShapeString
10
7626.776627
20
2981.272616
70
0
0
VERTEX
8
ShapeString
10
7624.533040
20
2980.782840
70
0
0
VERTEX
8
ShapeString
10
7622.432326
20
2979.855172
70
0
0
VERTEX
8
ShapeString
10
7620.614028
20
2978.567104
70
0
0
VERTEX
8
ShapeString
10
7619.107345
20
2976.976101
70
0
0
VERTEX
8
ShapeString
10
7617.941475
20
2975.139630
70
0
0
VERTEX
8
ShapeString
10
7617.145617
20
2973.115158
70
0
0
VERTEX
8
ShapeString
10
7616.748970
20
2970.960152
70
0
0
VERTEX
8
ShapeString
10
7616.780731
20
2968.732077
70
0
0
VERTEX
8
ShapeString
10
7617.270100
20
2966.488400
70
0
0
VERTEX
8
ShapeString
10
7618.198149
20
2964.387855
70
0
0
VERTEX
8
ShapeString
10
7619.486548
20
2962.569791
70
0
0
VERTEX
8
ShapeString
10
7621.077825
20
2961.063398
70
0
0
VERTEX
8
ShapeString
10
7622.914508
20
2959.897862
70
0
0
VERTEX
8
ShapeString
10
7624.939125
20
2959.102372
70
0
0
VERTEX
8
ShapeString
10
7627.094204
20
2958.706117
70
0
0
VERTEX
8
ShapeString
10
7629.322273
20
2958.738284
70
0
0
VERTEX
8
ShapeString
10
7631.565860
20
2959.228060
70
0
0
VERTEX
8
ShapeString
10
7633.666574
20
2960.155728
70
0
0
VERTEX
8
ShapeString
10
7635.484872
20
2961.443796
70
0
0
VERTEX
8
ShapeString
10
7636.991555
20
2963.034799
70
0
0
VERTEX
8
ShapeString
10
7638.157425
20
2964.871270
70
0
0
VERTEX
8
ShapeString
10
7638.953283
20
2966.895742
70
0
0
VERTEX
8
ShapeString
10
7639.349930
20
2969.050748
70
0
0
VERTEX
8
ShapeString
10
7639.318169
20
2971.278823
70
0
0
VERTEX
8
ShapeString
10
7638.828800
20
2973.522500
70
0
0
VERTEX
8
ShapeString
10
7638.828800
20
2973.522500
70
0
0
SEQEND
8
ShapeString
0
POLYLINE
8
ShapeString
62
7
70
0
10
0.000000
20
0.000000
66
1
0
VERTEX
8
ShapeString
10
7228.018500
20
3037.408600
70
0
0
VERTEX
8
ShapeString
10
7227.086006
20
3039.501504
70
0
0
VERTEX
8
ShapeString
10
7225.795492
20
3041.312260
70
0
0
VERTEX
8
ShapeString
10
7224.204109
20
3042.811961
70
0
0
VERTEX
8
ShapeString
10
7222.369012
20
3043.971700
70
0
0
VERTEX
8
ShapeString
10
7220.347356
20
3044.762572
70
0
0
VERTEX
8
ShapeString
10
7218.196292
20
3045.155671
70
0
0
VERTEX
8
ShapeString
10
7215.972975
20
3045.122089
70
0
0
VERTEX
8
ShapeString
10
7213.734559
20
3044.632921
70
0
0
VERTEX
8
ShapeString
10
7211.638385
20
3043.707801
70
0
0
VERTEX
8
ShapeString
10
7209.823098
20
3042.423668
70
0
0
VERTEX
8
ShapeString
10
7208.317804
20
3040.837575
70
0
0
VERTEX
8
ShapeString
10
7207.151612
20
3039.006572
70
0
0
VERTEX
8
ShapeString
10
7206.353628
20
3036.987712
70
0
0
VERTEX
8
ShapeString
10
7205.952960
20
3034.838045
70
0
0
VERTEX
8
ShapeString
10
7205.978715
20
3032.614624
70
0
0
VERTEX
8
ShapeString
10
7206.460000
20
3030.374500
70
0
0
VERTEX
8
ShapeString
10
7207.392494
20
3028.281596
70
0
0
VERTEX
8
ShapeString
10
7208.683008
20
3026.470840
70
0
0
VERTEX
8
ShapeString
10
7210.274391
20
3024.971139
70
0
0
VERTEX
8
ShapeString
10
7212.109488
20
3023.811400
70
0
0
VERTEX
8
ShapeString
10
7214.131144
20
3023.020528
70
0
0
VERTEX
8
ShapeString
10
7216.282208
20
3022.627429
70
0
0
VERTEX
8
ShapeString
10
7218.505525
20
3022.661011
70
0
0
VERTEX
8
ShapeString
10
7220.743941
20
3023.150179
70
0
0
VERTEX
8
ShapeString
10
7222.840115
20
3024.075299
70
0
0
VERTEX
8
ShapeString
10
7224.655402
20
3025.359432
70
0
0
VERTEX
8
ShapeString
10
7226.160696
20
3026.945525
70
0
0
VERTEX
8
ShapeString
10
7227.326888
20
3028.776528
70
0
0
VERTEX
8
ShapeString
10
7228.124872
20
3030.795388
70
0
0
VERTEX
8
ShapeString
10
7228.525540
20
3032.945055
70
0
0
VERTEX
8
ShapeString
10
7228.499785
20
3035.168476
70
0
0
VERTEX
8
ShapeString
10
7228.018500
20
3037.408600
70
0
0
VERTEX
8
ShapeString
10
7228.018500
20
3037.408600
70
0
0
SEQEND
8
ShapeString
0
POLYLINE
8
ShapeString
62
7
70
0
10
0.000000
20
0.000000
66
1
0
VERTEX
8
ShapeString
10
7615.886900
20
1147.036340
70
0
0
VERTEX
8
ShapeString
10
7614.259124
20
1151.616945
70
0
0
VERTEX
8
ShapeString
10
7612.421458
20
1156.061837
70
0
0
VERTEX
8
ShapeString
10
7610.381380
20
1160.367221
70
0
0
VERTEX
8
ShapeString
10
7608.146365
20
1164.529303
70
0
0
VERTEX
8
ShapeString
10
7605.723888
20
1168.544290
70
0
0
VERTEX
8
ShapeString
10
7603.121425
20
1172.408387
70
0
0
VERTEX
8
ShapeString
10
7600.346453
20
1176.117802
70
0
0
VERTEX
8
ShapeString
10
7597.406446
20
1179.668739
70
0
0
VERTEX
8
ShapeString
10
7594.308882
20
1183.057406
70
0
0
VERTEX
8
ShapeString
10
7591.061235
20
1186.280008
70
0
0
VERTEX
8
ShapeString
10
7587.670981
20
1189.332751
70
0
0
VERTEX
8
ShapeString
10
7584.145597
20
1192.211843
70
0
0
VERTEX
8
ShapeString
10
7580.492558
20
1194.913488
70
0
0
VERTEX
8
ShapeString
10
7576.719340
20
1197.433893
70
0
0
VERTEX
8
ShapeString
10
7572.833419
20
1199.769265
70
0
0
VERTEX
8
ShapeString
10
7568.842270
20
1201.915809
70
0
0
VERTEX
8
ShapeString
10
7564.753370
20
1203.869731
70
0
0
VERTEX
8
ShapeString
10
7560.574194
20
1205.627238
70
0
0
VERTEX
8
ShapeString
10
7556.312218
20
1207.184537
70
0
0
VERTEX
8
ShapeString
10
7551.974918
20
1208.537832
70
0
0
VERTEX
8
ShapeString
10
7547.569769
20
1209.683330
70
0
0
VERTEX
8
ShapeString
10
7543.104249
20
1210.617238
70
0
0
VERTEX
8
ShapeString
10
7538.585831
20
1211.335762
70
0
0
VERTEX
8
ShapeString
10
7534.021992
20
1211.835107
70
0
0
VERTEX
8
ShapeString
10
7529.420209
20
1212.111480
70
0
0
VERTEX
8
ShapeString
10
7524.787956
20
1212.161088
70
0
0
VERTEX
8
ShapeString
10
7520.132710
20
1211.980135
70
0
0
VERTEX
8
ShapeString
10
7515.461946
20
1211.564829
70
0
0
VERTEX
8
ShapeString
10
7510.783141
20
1210.911376
70
0
0
VERTEX
8
ShapeString
10
7506.103769
20
1210.015981
70
0
0
VERTEX
8
ShapeString
10
7501.431308
20
1208.874851
70
0
0
VERTEX
8
ShapeString
10
7496.773232
20
1207.484192
70
0
0
VERTEX
8
ShapeString
10
7492.191349
20
1205.860016
70
0
0
VERTEX
8
ShapeString
10
7487.745014
20
1204.025844
70
0
0
VERTEX
8
ShapeString
10
7483.438029
20
1201.989150
70
0
0
VERTEX
8
ShapeString
10
7479.274192
20
1199.757405
70
0
0
VERTEX
8
ShapeString
10
7475.257303
20
1197.338084
70
0
0
VERTEX
8
ShapeString
10
7471.391161
20
1194.738658
70
0
0
VERTEX
8
ShapeString
10
7467.679568
20
1191.966602
70
0
0
VERTEX
8
ShapeString
10
7464.126321
20
1189.029387
70
0
0
VERTEX
8
ShapeString
10
7460.735222
20
1185.934486
70
0
0
VERTEX
8
ShapeString
10
7457.510068
20
1182.689372
70
0
0
VERTEX
8
ShapeString
10
7454.454662
20
1179.301519
70
0
0
VERTEX
8
ShapeString
10
7451.572801
20
1175.778398
70
0
0
VERTEX
8
ShapeString
10
7448.868286
20
1172.127483
70
0
0
VERTEX
8
ShapeString
10
7446.344917
20
1168.356247
70
0
0
VERTEX
8
ShapeString
10
7444.006492
20
1164.472162
70
0
0
VERTEX
8
ShapeString
10
7441.856813
20
1160.482701
70
0
0
VERTEX
8
ShapeString
10
7439.899678
20
1156.395337
70
0
0
VERTEX
8
ShapeString
10
7438.138887
20
1152.217544
70
0
0
VERTEX
8
ShapeString
10
7436.578241
20
1147.956793
70
0
0
VERTEX
8
ShapeString
10
7435.221538
20
1143.620557
70
0
0
VERTEX
8
ShapeString
10
7434.072578
20
1139.216310
70
0
0
VERTEX
8
ShapeString
10
7433.135161
20
1134.751524
70
0
0
VERTEX
8
ShapeString
10
7432.413087
20
1130.233673
70
0
0
VERTEX
8
ShapeString
10
7431.910156
20
1125.670228
70
0
0
VERTEX
8
ShapeString
10
7431.630167
20
1121.068663
70
0
0
VERTEX
8
ShapeString
10
7431.576920
20
1116.436451
70
0
0
VERTEX
8
ShapeString
10
7431.754214
20
1111.781064
70
0
0
VERTEX
8
ShapeString
10
7432.165850
20
1107.109975
70
0
0
VERTEX
8
ShapeString
10
7432.815627
20
1102.430658
70
0
0
VERTEX
8
ShapeString
10
7433.707344
20
1097.750584
70
0
0
VERTEX
8
ShapeString
10
7434.844802
20
1093.077227
70
0
0
VERTEX
8
ShapeString
10
7436.231800
20
1088.418060
70
0
0
VERTEX
8
ShapeString
10
7437.859576
20
1083.837455
70
0
0
VERTEX
8
ShapeString
10
7439.697242
20
1079.392563
70
0
0
VERTEX
8
ShapeString
10
7441.737320
20
1075.087179
70
0
0
VERTEX
8
ShapeString
10
7443.972335
20
1070.925097
70
0
0
VERTEX
8
ShapeString
10
7446.394812
20
1066.910110
70
0
0
VERTEX
8
ShapeString
10
7448.997275
20
1063.046013
70
0
0
VERTEX
8
ShapeString
10
7451.772247
20
1059.336598
70
0
0
VERTEX
8
ShapeString
10
7454.712254
20
1055.785661
70
0
0
VERTEX
8
ShapeString
10
7457.809818
20
1052.396994
70
0
0
VERTEX
8
ShapeString
10
7461.057465
20
1049.174392
70
0
0
VERTEX
8
ShapeString
10
7464.447719
20
1046.121649
70
0
0
VERTEX
8
ShapeString
10
7467.973103
20
1043.242557
70
0
0
VERTEX
8
ShapeString
10
7471.626142
20
1040.540912
70
0
0
VERTEX
8
ShapeString
10
7475.399360
20
1038.020507
70
0
0
VERTEX
8
ShapeString
10
7479.285281
20
1035.685135
70
0
0
VERTEX
8
ShapeString
10
7483.276430
20
1033.538591
70
0
0
VERTEX
8
ShapeString
10
7487.365330
20
1031.584669
70
0
0
VERTEX
8
ShapeString
10
7491.544506
20
1029.827162
70
0
0
VERTEX
8
ShapeString
10
7495.806482
20
1028.269863
70
0
0
VERTEX
8
ShapeString
10
7500.143782
20
1026.916568
70
0
0
VERTEX
8
ShapeString
10
7504.548931
20
1025.771070
70
0
0
VERTEX
8
ShapeString
10
7509.014451
20
1024.837162
70
0
0
VERTEX
8
ShapeString
10
7513.532869
20
1024.118638
70
0
0
VERTEX
8
ShapeString
10
7518.096708
20
1023.619293
70
0
0
VERTEX
8
ShapeString
10
7522.698491
20
1023.342920
70
0
0
VERTEX
8
ShapeString
10
7527.330744
20
1023.293312
70
0
0
VERTEX
8
ShapeString
10
7531.985990
20
1023.474265
70
0
0
VERTEX
8
ShapeString
10
7536.656754
20
1023.889571
70
0
0
VERTEX
8
ShapeString
10
7541.335559
20
1024.543024
70
0
0
VERTEX
8
ShapeString
10
7546.014931
20
1025.438419
70
0
0
VERTEX
8
ShapeString
10
7550.687392
20
1026.579549
70
0
0
VERTEX
8
ShapeString
10
7555.345468
20
1027.970208
70
0
0
VERTEX
8
ShapeString
10
7559.927351
20
1029.594384
70
0
0
VERTEX
8
ShapeString
10
7564.373686
20
1031.428556
70
0
0
VERTEX
8
ShapeString
10
7568.680671
20
1033.465250
70
0
0
VERTEX
8
ShapeString
10
7572.844508
20
1035.696995
70
0
0
VERTEX
8
ShapeString
10
7576.861397
20
1038.116316
70
0
0
VERTEX
8
ShapeString
10
7580.727539
20
1040.715742
70
0
0
VERTEX
8
ShapeString
10
7584.439132
20
1043.487798
70
0
0
VERTEX
8
ShapeString
10
7587.992379
20
1046.425013
70
0
0
VERTEX
8
ShapeString
10
7591.383478
20
1049.519914
70
0
0
VERTEX
8
ShapeString
10
7594.608632
20
1052.765028
70
0
0
VERTEX
8
ShapeString
10
7597.664038
20
1056.152881
70
0
0
VERTEX
8
ShapeString
10
7600.545899
20
1059.676002
70
0
0
VERTEX
8
ShapeString
10
7603.250414
20
1063.326917
70
0
0
VERTEX
8
ShapeString
10
7605.773783
20
1067.098153
70
0
0
VERTEX
8
ShapeString
10
7608.112208
20
1070.982238
70
0
0
VERTEX
8
ShapeString
10
7610.261887
20
1074.971699
70
0
0
VERTEX
8
ShapeString
10
7612.219022
20
1079.059063
70
0
0
VERTEX
8
ShapeString
10
7613.979813
20
1083.236856
70
0
0
VERTEX
8
ShapeString
10
7615.540459
20
1087.497607
70
0
0
VERTEX
8
ShapeString
10
7616.897162
20
1091.833843
70
0
0
VERTEX
8
ShapeString
10
7618.046122
20
1096.238090
70
0
0
VERTEX
8
ShapeString
10
7618.983539
20
1100.702876
70
0
0
VERTEX
8
ShapeString
10
7619.705613
20
1105.220727
70
0
0
VERTEX
8
ShapeString
10
7620.208544
20
1109.784172
70
0
0
VERTEX
8
ShapeString
10
7620.488533
20
1114.385737
70
0
0
VERTEX
8
ShapeString
10
7620.541780
20
1119.017949
70
0
0
VERTEX
8
ShapeString
10
7620.364486
20
1123.673336
70
0
0
VERTEX
8
ShapeString
10
7619.952850
20
1128.344425
70
0
0
VERTEX
8
ShapeString
10
7619.303073
20
1133.023742
70
0
0
VERTEX
8
ShapeString
10
7618.411356
20
1137.703816
70
0
0
VERTEX
8
ShapeString
10
7617.273898
20
1142.377173
70
0
0
VERTEX
8
ShapeString
10
7615.886900
20
1147.036340
70
0
0
VERTEX
8
ShapeString
10
7615.886900
20
1147.036340
70
0
0
SEQEND
8
ShapeString
0
POLYLINE
8
ShapeString
62
7
70
0
10
0.000000
20
0.000000
66
1
0
VERTEX
8
ShapeString
10
7512.471900
20
3031.257600
70
0
0
VERTEX
8
ShapeString
10
7510.844268
20
3035.838412
70
0
0
VERTEX
8
ShapeString
10
7509.006730
20
3040.283508
70
0
0
VERTEX
8
ShapeString
10
7506.966762
20
3044.589096
70
0
0
VERTEX
8
ShapeString
10
7504.731840
20
3048.751381
70
0
0
VERTEX
8
ShapeString
10
7502.309442
20
3052.766567
70
0
0
VERTEX
8
ShapeString
10
7499.707043
20
3056.630862
70
0
0
VERTEX
8
ShapeString
10
7496.932119
20
3060.340470
70
0
0
VERTEX
8
ShapeString
10
7493.992148
20
3063.891598
70
0
0
VERTEX
8
ShapeString
10
7490.894605
20
3067.280451
70
0
0
VERTEX
8
ShapeString
10
7487.646967
20
3070.503235
70
0
0
VERTEX
8
ShapeString
10
7484.256710
20
3073.556155
70
0
0
VERTEX
8
ShapeString
10
7480.731310
20
3076.435417
70
0
0
VERTEX
8
ShapeString
10
7477.078244
20
3079.137228
70
0
0
VERTEX
8
ShapeString
10
7473.304988
20
3081.657792
70
0
0
VERTEX
8
ShapeString
10
7469.419019
20
3083.993315
70
0
0
VERTEX
8
ShapeString
10
7465.427813
20
3086.140003
70
0
0
VERTEX
8
ShapeString
10
7461.338845
20
3088.094062
70
0
0
VERTEX
8
ShapeString
10
7457.159594
20
3089.851697
70
0
0
VERTEX
8
ShapeString
10
7452.897534
20
3091.409114
70
0
0
VERTEX
8
ShapeString
10
7448.560143
20
3092.762519
70
0
0
VERTEX
8
ShapeString
10
7444.154896
20
3093.908118
70
0
0
VERTEX
8
ShapeString
10
7439.689270
20
3094.842115
70
0
0
VERTEX
8
ShapeString
10
7435.170742
20
3095.560718
70
0
0
VERTEX
8
ShapeString
10
7430.606787
20
3096.060131
70
0
0
VERTEX
8
ShapeString
10
7426.004882
20
3096.336560
70
0
0
VERTEX
8
ShapeString
10
7421.372504
20
3096.386211
70
0
0
VERTEX
8
ShapeString
10
7416.717128
20
3096.205290
70
0
0
VERTEX
8
ShapeString
10
7412.046232
20
3095.790002
70
0
0
VERTEX
8
ShapeString
10
7407.367291
20
3095.136553
70
0
0
VERTEX
8
ShapeString
10
7402.687781
20
3094.241149
70
0
0
VERTEX
8
ShapeString
10
7398.015180
20
3093.099995
70
0
0
VERTEX
8
ShapeString
10
7393.356964
20
3091.709298
70
0
0
VERTEX
8
ShapeString
10
7388.774944
20
3090.085069
70
0
0
VERTEX
8
ShapeString
10
7384.328484
20
3088.250833
70
0
0
VERTEX
8
ShapeString
10
7380.021382
20
3086.214064
70
0
0
VERTEX
8
ShapeString
10
7375.857439
20
3083.982235
70
0
0
VERTEX
8
ShapeString
10
7371.840453
20
3081.562820
70
0
0
VERTEX
8
ShapeString
10
7367.974227
20
3078.963292
70
0
0
VERTEX
8
ShapeString
10
7364.262558
20
3076.191125
70
0
0
VERTEX
8
ShapeString
10
7360.709247
20
3073.253793
70
0
0
VERTEX
8
ShapeString
10
7357.318094
20
3070.158768
70
0
0
VERTEX
8
ShapeString
10
7354.092899
20
3066.913524
70
0
0
VERTEX
8
ShapeString
10
7351.037461
20
3063.525536
70
0
0
VERTEX
8
ShapeString
10
7348.155581
20
3060.002276
70
0
0
VERTEX
8
ShapeString
10
7345.451058
20
3056.351218
70
0
0
VERTEX
8
ShapeString
10
7342.927692
20
3052.579836
70
0
0
VERTEX
8
ShapeString
10
7340.589282
20
3048.695603
70
0
0
VERTEX
8
ShapeString
10
7338.439630
20
3044.705992
70
0
0
VERTEX
8
ShapeString
10
7336.482534
20
3040.618477
70
0
0
VERTEX
8
ShapeString
10
7334.721795
20
3036.440533
70
0
0
VERTEX
8
ShapeString
10
7333.161212
20
3032.179631
70
0
0
VERTEX
8
ShapeString
10
7331.804586
20
3027.843246
70
0
0
VERTEX
8
ShapeString
10
7330.655715
20
3023.438852
70
0
0
VERTEX
8
ShapeString
10
7329.718401
20
3018.973921
70
0
0
VERTEX
8
ShapeString
10
7328.996442
20
3014.455927
70
0
0
VERTEX
8
ShapeString
10
7328.493639
20
3009.892345
70
0
0
VERTEX
8
ShapeString
10
7328.213791
20
3005.290647
70
0
0
VERTEX
8
ShapeString
10
7328.160699
20
3000.658306
70
0
0
VERTEX
8
ShapeString
10
7328.338162
20
2996.002798
70
0
0
VERTEX
8
ShapeString
10
7328.749980
20
2991.331594
70
0
0
VERTEX
8
ShapeString
10
7329.399953
20
2986.652169
70
0
0
VERTEX
8
ShapeString
10
7330.291881
20
2981.971996
70
0
0
VERTEX
8
ShapeString
10
7331.429563
20
2977.298548
70
0
0
VERTEX
8
ShapeString
10
7332.816800
20
2972.639300
70
0
0
VERTEX
8
ShapeString
10
7334.444432
20
2968.058488
70
0
0
VERTEX
8
ShapeString
10
7336.281970
20
2963.613392
70
0
0
VERTEX
8
ShapeString
10
7338.321938
20
2959.307804
70
0
0
VERTEX
8
ShapeString
10
7340.556860
20
2955.145519
70
0
0
VERTEX
8
ShapeString
10
7342.979258
20
2951.130333
70
0
0
VERTEX
8
ShapeString
10
7345.581657
20
2947.266038
70
0
0
VERTEX
8
ShapeString
10
7348.356581
20
2943.556430
70
0
0
VERTEX
8
ShapeString
10
7351.296552
20
2940.005302
70
0
0
VERTEX
8
ShapeString
10
7354.394095
20
2936.616449
70
0
0
VERTEX
8
ShapeString
10
7357.641733
20
2933.393665
70
0
0
VERTEX
8
ShapeString
10
7361.031990
20
2930.340745
70
0
0
VERTEX
8
ShapeString
10
7364.557390
20
2927.461483
70
0
0
VERTEX
8
ShapeString
10
7368.210456
20
2924.759672
70
0
0
VERTEX
8
ShapeString
10
7371.983712
20
2922.239108
70
0
0
VERTEX
8
ShapeString
10
7375.869681
20
2919.903585
70
0
0
VERTEX
8
ShapeString
10
7379.860887
20
2917.756897
70
0
0
VERTEX
8
ShapeString
10
7383.949855
20
2915.802838
70
0
0
VERTEX
8
ShapeString
10
7388.129106
20
2914.045203
70
0
0
VERTEX
8
ShapeString
10
7392.391166
20
2912.487786
70
0
0
VERTEX
8
ShapeString
10
7396.728557
20
2911.134381
70
0
0
VERTEX
8
ShapeString
10
7401.133804
20
2909.988782
70
0
0
VERTEX
8
ShapeString
10
7405.599430
20
2909.054785
70
0
0
VERTEX
8
ShapeString
10
7410.117958
20
2908.336182
70
0
0
VERTEX
8
ShapeString
10
7414.681913
20
2907.836769
70
0
0
VERTEX
8
ShapeString
10
7419.283818
20
2907.560340
70
0
0
VERTEX
8
ShapeString
10
7423.916196
20
2907.510689
70
0
0
VERTEX
8
ShapeString
10
7428.571572
20
2907.691610
70
0
0
VERTEX
8
ShapeString
10
7433.242468
20
2908.106898
70
0
0
VERTEX
8
ShapeString
10
7437.921409
20
2908.760347
70
0
0
VERTEX
8
ShapeString
10
7442.600919
20
2909.655751
70
0
0
VERTEX
8
ShapeString
10
7447.273520
20
2910.796905
70
0
0
VERTEX
8
ShapeString
10
7451.931736
20
2912.187602
70
0
0
VERTEX
8
ShapeString
10
7456.513756
20
2913.811831
70
0
0
VERTEX
8
ShapeString
10
7460.960216
20
2915.646067
70
0
0
VERTEX
8
ShapeString
10
7465.267318
20
2917.682836
70
0
0
VERTEX
8
ShapeString
10
7469.431261
20
2919.914665
70
0
0
VERTEX
8
ShapeString
10
7473.448247
20
2922.334080
70
0
0
VERTEX
8
ShapeString
10
7477.314473
20
2924.933608
70
0
0
VERTEX
8
ShapeString
10
7481.026142
20
2927.705775
70
0
0
VERTEX
8
ShapeString
10
7484.579453
20
2930.643107
70
0
0
VERTEX
8
ShapeString
10
7487.970606
20
2933.738132
70
0
0
VERTEX
8
ShapeString
10
7491.195801
20
2936.983376
70
0
0
VERTEX
8
ShapeString
10
7494.251239
20
2940.371364
70
0
0
VERTEX
8
ShapeString
10
7497.133119
20
2943.894624
70
0
0
VERTEX
8
ShapeString
10
7499.837642
20
2947.545682
70
0
0
VERTEX
8
ShapeString
10
7502.361008
20
2951.317064
70
0
0
VERTEX
8
ShapeString
10
7504.699418
20
2955.201297
70
0
0
VERTEX
8
ShapeString
10
7506.849070
20
2959.190908
70
0
0
VERTEX
8
ShapeString
10
7508.806166
20
2963.278423
70
0
0
VERTEX
8
ShapeString
10
7510.566905
20
2967.456367
70
0
0
VERTEX
8
ShapeString
10
7512.127488
20
2971.717269
70
0
0
VERTEX
8
ShapeString
10
7513.484114
20
2976.053654
70
0
0
VERTEX
8
ShapeString
10
7514.632985
20
2980.458048
70
0
0
VERTEX
8
ShapeString
10
7515.570299
20
2984.922979
70
0
0
VERTEX
8
ShapeString
10
7516.292258
20
2989.440973
70
0
0
VERTEX
8
ShapeString
10
7516.795061
20
2994.004555
70
0
0
VERTEX
8
ShapeString
10
7517.074909
20
2998.606253
70
0
0
VERTEX
8
ShapeString
10
7517.128001
20
3003.238594
70
0
0
VERTEX
8
ShapeString
10
7516.950538
20
3007.894102
70
0
0
VERTEX
8
ShapeString
10
7516.538720
20
3012.565306
70
0
0
VERTEX
8
ShapeString
10
7515.888747
20
3017.244731
70
0
0
VERTEX
8
ShapeString
10
7514.996819
20
3021.924904
70
0
0
VERTEX
8
ShapeString
10
7513.859137
20
3026.598352
70
0
0
VERTEX
8
ShapeString
10
7512.471900
20
3031.257600
70
0
0
VERTEX
8
ShapeString
10
7512.471900
20
3031.257600
70
0
0
SEQEND
8
ShapeString
0
POLYLINE
8
ShapeString
62
7
70
0
10
0.000000
20
0.000000
66
1
0
VERTEX
8
ShapeString
10
7945.905500
20
76.487900
70
0
0
VERTEX
8
ShapeString
10
7938.582737
20
78.695796
70
0
0
VERTEX
8
ShapeString
10
7931.224956
20
80.595674
70
0
0
VERTEX
8
ShapeString
10
7923.840323
20
82.190197
70
0
0
VERTEX
8
ShapeString
10
7916.437003
20
83.482031
70
0
0
VERTEX
8
ShapeString
10
7909.023161
20
84.473839
70
0
0
VERTEX
8
ShapeString
10
7901.606963
20
85.168285
70
0
0
VERTEX
8
ShapeString
10
7894.196573
20
85.568034
70
0
0
VERTEX
8
ShapeString
10
7886.800158
20
85.675750
70
0
0
VERTEX
8
ShapeString
10
7879.425882
20
85.494097
70
0
0
VERTEX
8
ShapeString
10
7872.081911
20
85.025740
70
0
0
VERTEX
8
ShapeString
10
7864.776410
20
84.273341
70
0
0
VERTEX
8
ShapeString
10
7857.517544
20
83.239567
70
0
0
VERTEX
8
ShapeString
10
7850.313478
20
81.927080
70
0
0
VERTEX
8
ShapeString
10
7843.172379
20
80.338545
70
0
0
VERTEX
8
ShapeString
10
7836.102411
20
78.476627
70
0
0
VERTEX
8
ShapeString
10
7829.111739
20
76.343989
70
0
0
VERTEX
8
ShapeString
10
7822.208530
20
73.943295
70
0
0
VERTEX
8
ShapeString
10
7815.400947
20
71.277211
70
0
0
VERTEX
8
ShapeString
10
7808.697157
20
68.348399
70
0
0
VERTEX
8
ShapeString
10
7802.105324
20
65.159525
70
0
0
VERTEX
8
ShapeString
10
7795.633614
20
61.713252
70
0
0
VERTEX
8
ShapeString
10
7789.290193
20
58.012244
70
0
0
VERTEX
8
ShapeString
10
7783.083225
20
54.059167
70
0
0
VERTEX
8
ShapeString
10
7777.020876
20
49.856683
70
0
0
VERTEX
8
ShapeString
10
7771.111311
20
45.407458
70
0
0
VERTEX
8
ShapeString
10
7765.362696
20
40.714154
70
0
0
VERTEX
8
ShapeString
10
7759.783196
20
35.779438
70
0
0
VERTEX
8
ShapeString
10
7754.380975
20
30.605972
70
0
0
VERTEX
8
ShapeString
10
7749.164200
20
25.196421
70
0
0
VERTEX
8
ShapeString
10
7744.141036
20
19.553449
70
0
0
VERTEX
8
ShapeString
10
7739.319647
20
13.679721
70
0
0
VERTEX
8
ShapeString
10
7734.708200
20
7.577900
70
0
0
SEQEND
8
ShapeString
0
POLYLINE
8
ShapeString
62
7
70
0
10
0.000000
20
0.000000
66
1
0
VERTEX
8
ShapeString
10
7945.908400
20
76.488200
70
0
0
VERTEX
8
ShapeString
10
8184.255300
20
813.135720
70
0
0
SEQEND
8
ShapeString
0
POLYLINE
8
ShapeString
62
7
70
0
10
0.000000
20
0.000000
66
1
0
VERTEX
8
ShapeString
10
7821.356100
20
1182.709680
70
0
0
VERTEX
8
ShapeString
10
7823.312657
20
1174.181755
70
0
0
VERTEX
8
ShapeString
10
7825.415465
20
1165.712364
70
0
0
VERTEX
8
ShapeString
10
7827.663152
20
1157.302903
70
0
0
VERTEX
8
ShapeString
10
7830.054346
20
1148.954770
70
0
0
VERTEX
8
ShapeString
10
7832.587675
20
1140.669361
70
0
0
VERTEX
8
ShapeString
10
7835.261767
20
1132.448075
70
0
0
VERTEX
8
ShapeString
10
7838.075250
20
1124.292308
70
0
0
VERTEX
8
ShapeString
10
7841.026752
20
1116.203458
70
0
0
VERTEX
8
ShapeString
10
7844.114901
20
1108.182922
70
0
0
VERTEX
8
ShapeString
10
7847.338326
20
1100.232096
70
0
0
VERTEX
8
ShapeString
10
7850.695653
20
1092.352379
70
0
0
VERTEX
8
ShapeString
10
7854.185511
20
1084.545167
70
0
0
VERTEX
8
ShapeString
10
7861.557333
20
1069.153848
70
0
0
VERTEX
8
ShapeString
10
7869.442815
20
1054.069318
70
0
0
VERTEX
8
ShapeString
10
7877.830982
20
1039.302754
70
0
0
VERTEX
8
ShapeString
10
7886.710857
20
1024.865333
70
0
0
VERTEX
8
ShapeString
10
7896.071465
20
1010.768233
70
0
0
VERTEX
8
ShapeString
10
7905.901829
20
997.022633
70
0
0
VERTEX
8
ShapeString
10
7916.190974
20
983.639710
70
0
0
VERTEX
8
ShapeString
10
7926.927924
20
970.630641
70
0
0
VERTEX
8
ShapeString
10
7938.101703
20
958.006604
70
0
0
VERTEX
8
ShapeString
10
7949.701335
20
945.778777
70
0
0
VERTEX
8
ShapeString
10
7961.715844
20
933.958337
70
0
0
VERTEX
8
ShapeString
10
7974.134255
20
922.556463
70
0
0
VERTEX
8
ShapeString
10
7986.945590
20
911.584332
70
0
0
VERTEX
8
ShapeString
10
8000.138875
20
901.053122
70
0
0
VERTEX
8
ShapeString
10
8013.703133
20
890.974010
70
0
0
VERTEX
8
ShapeString
10
8027.627388
20
881.358174
70
0
0
VERTEX
8
ShapeString
10
8041.900665
20
872.216793
70
0
0
VERTEX
8
ShapeString
10
8056.511988
20
863.561042
70
0
0
VERTEX
8
ShapeString
10
8071.450380
20
855.402101
70
0
0
VERTEX
8
ShapeString
10
8086.704866
20
847.751147
70
0
0
VERTEX
8
ShapeString
10
8094.447215
20
844.119658
70
0
0
VERTEX
8
ShapeString
10
8102.264470
20
840.619357
70
0
0
VERTEX
8
ShapeString
10
8110.155262
20
837.251643
70
0
0
VERTEX
8
ShapeString
10
8118.118216
20
834.017910
70
0
0
VERTEX
8
ShapeString
10
8126.151962
20
830.919558
70
0
0
VERTEX
8
ShapeString
10
8134.255128
20
827.957983
70
0
0
VERTEX
8
ShapeString
10
8142.426341
20
825.134583
70
0
0
VERTEX
8
ShapeString
10
8150.664230
20
822.450754
70
0
0
VERTEX
8
ShapeString
10
8158.967422
20
819.907894
70
0
0
VERTEX
8
ShapeString
10
8167.334546
20
817.507401
70
0
0
VERTEX
8
ShapeString
10
8175.764229
20
815.250670
70
0
0
VERTEX
8
ShapeString
10
8184.255100
20
813.139100
70
0
0
SEQEND
8
ShapeString
0
POLYLINE
8
ShapeString
62
7
70
0
10
0.000000
20
0.000000
66
1
0
VERTEX
8
ShapeString
10
7876.273200
20
3679.882900
70
0
0
VERTEX
8
ShapeString
10
7860.214435
20
3642.662704
70
0
0
VERTEX
8
ShapeString
10
7844.636188
20
3605.292526
70
0
0
VERTEX
8
ShapeString
10
7829.538558
20
3567.776862
70
0
0
VERTEX
8
ShapeString
10
7814.921644
20
3530.120207
70
0
0
VERTEX
8
ShapeString
10
7800.785546
20
3492.327056
70
0
0
VERTEX
8
ShapeString
10
7787.130361
20
3454.401904
70
0
0
VERTEX
8
ShapeString
10
7773.956189
20
3416.349245
70
0
0
VERTEX
8
ShapeString
10
7761.263129
20
3378.173575
70
0
0
VERTEX
8
ShapeString
10
7749.051279
20
3339.879390
70
0
0
VERTEX
8
ShapeString
10
7737.320739
20
3301.471183
70
0
0
VERTEX
8
ShapeString
10
7726.071607
20
3262.953450
70
0
0
VERTEX
8
ShapeString
10
7715.303981
20
3224.330687
70
0
0
VERTEX
8
ShapeString
10
7705.017962
20
3185.607388
70
0
0
VERTEX
8
ShapeString
10
7695.213647
20
3146.788048
70
0
0
VERTEX
8
ShapeString
10
7685.891136
20
3107.877162
70
0
0
VERTEX
8
ShapeString
10
7677.050527
20
3068.879226
70
0
0
VERTEX
8
ShapeString
10
7668.691920
20
3029.798734
70
0
0
VERTEX
8
ShapeString
10
7660.815413
20
2990.640181
70
0
0
VERTEX
8
ShapeString
10
7653.421104
20
2951.408063
70
0
0
VERTEX
8
ShapeString
10
7646.509094
20
2912.106875
70
0
0
VERTEX
8
ShapeString
10
7640.079480
20
2872.741111
70
0
0
VERTEX
8
ShapeString
10
7634.132362
20
2833.315267
70
0
0
VERTEX
8
ShapeString
10
7628.667838
20
2793.833837
70
0
0
VERTEX
8
ShapeString
10
7623.686008
20
2754.301317
70
0
0
VERTEX
8
ShapeString
10
7619.186969
20
2714.722202
70
0
0
VERTEX
8
ShapeString
10
7615.170822
20
2675.100987
70
0
0
VERTEX
8
ShapeString
10
7611.637664
20
2635.442166
70
0
0
VERTEX
8
ShapeString
10
7608.587595
20
2595.750236
70
0
0
VERTEX
8
ShapeString
10
7606.020714
20
2556.029691
70
0
0
VERTEX
8
ShapeString
10
7603.937119
20
2516.285025
70
0
0
VERTEX
8
ShapeString
10
7602.336909
20
2476.520735
70
0
0
VERTEX
8
ShapeString
10
7601.220183
20
2436.741315
70
0
0
VERTEX
8
ShapeString
10
7600.587040
20
2396.951260
70
0
0
VERTEX
8
ShapeString
10
7600.437579
20
2357.155065
70
0
0
VERTEX
8
ShapeString
10
7600.771899
20
2317.357226
70
0
0
VERTEX
8
ShapeString
10
7601.590098
20
2277.562237
70
0
0
VERTEX
8
ShapeString
10
7602.892276
20
2237.774593
70
0
0
VERTEX
8
ShapeString
10
7604.678530
20
2197.998789
70
0
0
VERTEX
8
ShapeString
10
7606.948961
20
2158.239322
70
0
0
VERTEX
8
ShapeString
10
7609.703667
20
2118.500684
70
0
0
VERTEX
8
ShapeString
10
7612.942746
20
2078.787373
70
0
0
VERTEX
8
ShapeString
10
7616.666299
20
2039.103882
70
0
0
VERTEX
8
ShapeString
10
7620.874422
20
1999.454706
70
0
0
VERTEX
8
ShapeString
10
7625.567216
20
1959.844342
70
0
0
VERTEX
8
ShapeString
10
7630.744779
20
1920.277283
70
0
0
VERTEX
8
ShapeString
10
7636.407210
20
1880.758025
70
0
0
VERTEX
8
ShapeString
10
7642.554608
20
1841.291063
70
0
0
VERTEX
8
ShapeString
10
7649.187072
20
1801.880891
70
0
0
VERTEX
8
ShapeString
10
7656.304701
20
1762.532006
70
0
0
VERTEX
8
ShapeString
10
7663.907592
20
1723.248902
70
0
0
VERTEX
8
ShapeString
10
7671.995847
20
1684.036074
70
0
0
VERTEX
8
ShapeString
10
7680.569562
20
1644.898017
70
0
0
VERTEX
8
ShapeString
10
7689.628837
20
1605.839226
70
0
0
VERTEX
8
ShapeString
10
7699.173772
20
1566.864197
70
0
0
VERTEX
8
ShapeString
10
7709.204464
20
1527.977423
70
0
0
VERTEX
8
ShapeString
10
7719.721012
20
1489.183401
70
0
0
VERTEX
8
ShapeString
10
7730.723516
20
1450.486626
70
0
0
VERTEX
8
ShapeString
10
7742.212074
20
1411.891592
70
0
0
VERTEX
8
ShapeString
10
7754.186786
20
1373.402794
70
0
0
VERTEX
8
ShapeString
10
7766.647749
20
1335.024728
70
0
0
VERTEX
8
ShapeString
10
7779.595064
20
1296.761889
70
0
0
VERTEX
8
ShapeString
10
7793.028828
20
1258.618771
70
0
0
VERTEX
8
ShapeString
10
7806.949140
20
1220.599869
70
0
0
VERTEX
8
ShapeString
10
7821.356100
20
1182.709680
70
0
0
SEQEND
8
ShapeString
0
POLYLINE
8
ShapeString
62
7
70
0
10
0.000000
20
0.000000
66
1
0
VERTEX
8
ShapeString
10
7626.528700
20
162.646000
70
0
0
VERTEX
8
ShapeString
10
7625.595672
20
164.737986
70
0
0
VERTEX
8
ShapeString
10
7624.304902
20
166.547863
70
0
0
VERTEX
8
ShapeString
10
7622.713506
20
168.046760
70
0
0
VERTEX
8
ShapeString
10
7620.878599
20
169.205804
70
0
0
VERTEX
8
ShapeString
10
7618.857296
20
169.996121
70
0
0
VERTEX
8
ShapeString
10
7616.706714
20
170.388841
70
0
0
VERTEX
8
ShapeString
10
7614.483967
20
170.355089
70
0
0
VERTEX
8
ShapeString
10
7612.246171
20
169.865994
70
0
0
VERTEX
8
ShapeString
10
7610.150541
20
168.941180
70
0
0
VERTEX
8
ShapeString
10
7608.335613
20
167.657521
70
0
0
VERTEX
8
ShapeString
10
7606.830485
20
166.072017
70
0
0
VERTEX
8
ShapeString
10
7605.664252
20
164.241672
70
0
0
VERTEX
8
ShapeString
10
7604.866010
20
162.223485
70
0
0
VERTEX
8
ShapeString
10
7604.464857
20
160.074460
70
0
0
VERTEX
8
ShapeString
10
7604.489888
20
157.851598
70
0
0
VERTEX
8
ShapeString
10
7604.970200
20
155.611900
70
0
0
VERTEX
8
ShapeString
10
7605.903228
20
153.519914
70
0
0
VERTEX
8
ShapeString
10
7607.193998
20
151.710037
70
0
0
VERTEX
8
ShapeString
10
7608.785394
20
150.211140
70
0
0
VERTEX
8
ShapeString
10
7610.620301
20
149.052096
70
0
0
VERTEX
8
ShapeString
10
7612.641604
20
148.261779
70
0
0
VERTEX
8
ShapeString
10
7614.792186
20
147.869059
70
0
0
VERTEX
8
ShapeString
10
7617.014933
20
147.902811
70
0
0
VERTEX
8
ShapeString
10
7619.252729
20
148.391906
70
0
0
VERTEX
8
ShapeString
10
7621.348359
20
149.316720
70
0
0
VERTEX
8
ShapeString
10
7623.163287
20
150.600379
70
0
0
VERTEX
8
ShapeString
10
7624.668415
20
152.185883
70
0
0
VERTEX
8
ShapeString
10
7625.834648
20
154.016228
70
0
0
VERTEX
8
ShapeString
10
7626.632890
20
156.034415
70
0
0
VERTEX
8
ShapeString
10
7627.034043
20
158.183440
70
0
0
VERTEX
8
ShapeString
10
7627.009012
20
160.406302
70
0
0
VERTEX
8
ShapeString
10
7626.528700
20
162.646000
70
0
0
VERTEX
8
ShapeString
10
7626.528700
20
162.646000
70
0
0
SEQEND
8
ShapeString
0
POLYLINE
8
ShapeString
62
7
70
0
10
0.000000
20
0.000000
66
1
0
VERTEX
8
ShapeString
10
7299.805000
20
761.437970
70
0
0
VERTEX
8
ShapeString
10
7299.244332
20
762.834869
70
0
0
VERTEX
8
ShapeString
10
7298.514194
20
764.128746
70
0
0
VERTEX
8
ShapeString
10
7297.628782
20
765.306854
70
0
0
VERTEX
8
ShapeString
10
7296.602291
20
766.356443
70
0
0
VERTEX
8
ShapeString
10
7295.448915
20
767.264762
70
0
0
VERTEX
8
ShapeString
10
7294.182849
20
768.019063
70
0
0
VERTEX
8
ShapeString
10
7292.818288
20
768.606595
70
0
0
VERTEX
8
ShapeString
10
7291.369427
20
769.014611
70
0
0
VERTEX
8
ShapeString
10
7289.879343
20
769.227507
70
0
0
VERTEX
8
ShapeString
10
7288.393743
20
769.242128
70
0
0
VERTEX
8
ShapeString
10
7286.930766
20
769.064393
70
0
0
VERTEX
8
ShapeString
10
7285.508550
20
768.700220
70
0
0
VERTEX
8
ShapeString
10
7284.145234
20
768.155526
70
0
0
VERTEX
8
ShapeString
10
7282.858958
20
767.436232
70
0
0
VERTEX
8
ShapeString
10
7281.667859
20
766.548254
70
0
0
VERTEX
8
ShapeString
10
7280.590077
20
765.497511
70
0
0
VERTEX
8
ShapeString
10
7279.660662
20
764.313508
70
0
0
VERTEX
8
ShapeString
10
7278.905199
20
763.034252
70
0
0
VERTEX
8
ShapeString
10
7278.327634
20
761.678409
70
0
0
VERTEX
8
ShapeString
10
7277.931909
20
760.264647
70
0
0
VERTEX
8
ShapeString
10
7277.721970
20
758.811634
70
0
0
VERTEX
8
ShapeString
10
7277.701759
20
757.338039
70
0
0
VERTEX
8
ShapeString
10
7277.875221
20
755.862528
70
0
0
VERTEX
8
ShapeString
10
7278.246300
20
754.403770
70
0
0
VERTEX
8
ShapeString
10
7278.806969
20
753.006872
70
0
0
VERTEX
8
ShapeString
10
7279.537106
20
751.712994
70
0
0
VERTEX
8
ShapeString
10
7280.422518
20
750.534886
70
0
0
VERTEX
8
ShapeString
10
7281.449010
20
749.485297
70
0
0
VERTEX
8
ShapeString
10
7282.602386
20
748.576978
70
0
0
VERTEX
8
ShapeString
10
7283.868451
20
747.822677
70
0
0
VERTEX
8
ShapeString
10
7285.233012
20
747.235145
70
0
0
VERTEX
8
ShapeString
10
7286.681873
20
746.827129
70
0
0
VERTEX
8
ShapeString
10
7288.171957
20
746.614233
70
0
0
VERTEX
8
ShapeString
10
7289.657557
20
746.599612
70
0
0
VERTEX
8
ShapeString
10
7291.120534
20
746.777347
70
0
0
VERTEX
8
ShapeString
10
7292.542750
20
747.141520
70
0
0
VERTEX
8
ShapeString
10
7293.906066
20
747.686214
70
0
0
VERTEX
8
ShapeString
10
7295.192342
20
748.405509
70
0
0
VERTEX
8
ShapeString
10
7296.383441
20
749.293487
70
0
0
VERTEX
8
ShapeString
10
7297.461223
20
750.344229
70
0
0
VERTEX
8
ShapeString
10
7298.390639
20
751.528232
70
0
0
VERTEX
8
ShapeString
10
7299.146101
20
752.807488
70
0
0
VERTEX
8
ShapeString
10
7299.723666
20
754.163331
70
0
0
VERTEX
8
ShapeString
10
7300.119391
20
755.577093
70
0
0
VERTEX
8
ShapeString
10
7300.329330
20
757.030106
70
0
0
VERTEX
8
ShapeString
10
7300.349541
20
758.503701
70
0
0
VERTEX
8
ShapeString
10
7300.176079
20
759.979212
70
0
0
VERTEX
8
ShapeString
10
7299.805000
20
761.437970
70
0
0
VERTEX
8
ShapeString
10
7299.805000
20
761.437970
70
0
0
SEQEND
8
ShapeString
0
POLYLINE
8
ShapeString
62
7
70
0
10
0.000000
20
0.000000
66
1
0
VERTEX
8
ShapeString
10
7278.454000
20
1064.384760
70
0
0
VERTEX
8
ShapeString
10
7277.524257
20
1066.482405
70
0
0
VERTEX
8
ShapeString
10
7276.235049
20
1068.297693
70
0
0
VERTEX
8
ShapeString
10
7274.643726
20
1069.801543
70
0
0
VERTEX
8
ShapeString
10
7272.807641
20
1070.964874
70
0
0
VERTEX
8
ShapeString
10
7270.784145
20
1071.758605
70
0
0
VERTEX
8
ShapeString
10
7268.630588
20
1072.153656
70
0
0
VERTEX
8
ShapeString
10
7266.404323
20
1072.120945
70
0
0
VERTEX
8
ShapeString
10
7264.162699
20
1071.631392
70
0
0
VERTEX
8
ShapeString
10
7262.063711
20
1070.704685
70
0
0
VERTEX
8
ShapeString
10
7260.246560
20
1069.418104
70
0
0
VERTEX
8
ShapeString
10
7258.740410
20
1067.828959
70
0
0
VERTEX
8
ShapeString
10
7257.574424
20
1065.994559
70
0
0
VERTEX
8
ShapeString
10
7256.777766
20
1063.972213
70
0
0
VERTEX
8
ShapeString
10
7256.379600
20
1061.819230
70
0
0
VERTEX
8
ShapeString
10
7256.409090
20
1059.592919
70
0
0
VERTEX
8
ShapeString
10
7256.895400
20
1057.350590
70
0
0
VERTEX
8
ShapeString
10
7257.825143
20
1055.252945
70
0
0
VERTEX
8
ShapeString
10
7259.114351
20
1053.437657
70
0
0
VERTEX
8
ShapeString
10
7260.705674
20
1051.933807
70
0
0
VERTEX
8
ShapeString
10
7262.541759
20
1050.770476
70
0
0
VERTEX
8
ShapeString
10
7264.565255
20
1049.976745
70
0
0
VERTEX
8
ShapeString
10
7266.718812
20
1049.581694
70
0
0
VERTEX
8
ShapeString
10
7268.945077
20
1049.614405
70
0
0
VERTEX
8
ShapeString
10
7271.186701
20
1050.103958
70
0
0
VERTEX
8
ShapeString
10
7273.285689
20
1051.030665
70
0
0
VERTEX
8
ShapeString
10
7275.102840
20
1052.317246
70
0
0
VERTEX
8
ShapeString
10
7276.608990
20
1053.906391
70
0
0
VERTEX
8
ShapeString
10
7277.774976
20
1055.740791
70
0
0
VERTEX
8
ShapeString
10
7278.571634
20
1057.763137
70
0
0
VERTEX
8
ShapeString
10
7278.969800
20
1059.916120
70
0
0
VERTEX
8
ShapeString
10
7278.940310
20
1062.142431
70
0
0
VERTEX
8
ShapeString
10
7278.454000
20
1064.384760
70
0
0
VERTEX
8
ShapeString
10
7278.454000
20
1064.384760
70
0
0
SEQEND
8
ShapeString
0
POLYLINE
8
ShapeString
62
7
70
0
10
0.000000
20
0.000000
66
1
0
VERTEX
8
ShapeString
10
7454.782700
20
3864.834400
70
0
0
VERTEX
8
ShapeString
10
7876.272400
20
3679.882900
70
0
0
SEQEND
8
ShapeString
0
POLYLINE
8
ShapeString
62
7
70
0
10
0.000000
20
0.000000
66
1
0
VERTEX
8
ShapeString
10
7107.765400
20
461.899620
70
0
0
VERTEX
8
ShapeString
10
7119.108484
20
478.000327
70
0
0
VERTEX
8
ShapeString
10
7129.988383
20
494.352690
70
0
0
VERTEX
8
ShapeString
10
7140.403033
20
510.946788
70
0
0
VERTEX
8
ShapeString
10
7150.350367
20
527.772704
70
0
0
VERTEX
8
ShapeString
10
7159.828322
20
544.820517
70
0
0
VERTEX
8
ShapeString
10
7168.834832
20
562.080310
70
0
0
VERTEX
8
ShapeString
10
7177.367833
20
579.542162
70
0
0
VERTEX
8
ShapeString
10
7185.425260
20
597.196156
70
0
0
VERTEX
8
ShapeString
10
7193.005048
20
615.032371
70
0
0
VERTEX
8
ShapeString
10
7200.105131
20
633.040889
70
0
0
VERTEX
8
ShapeString
10
7206.723446
20
651.211791
70
0
0
VERTEX
8
ShapeString
10
7212.857928
20
669.535158
70
0
0
VERTEX
8
ShapeString
10
7218.506510
20
688.001071
70
0
0
VERTEX
8
ShapeString
10
7223.667130
20
706.599610
70
0
0
VERTEX
8
ShapeString
10
7228.337721
20
725.320857
70
0
0
VERTEX
8
ShapeString
10
7232.516219
20
744.154893
70
0
0
VERTEX
8
ShapeString
10
7236.200559
20
763.091798
70
0
0
VERTEX
8
ShapeString
10
7239.388676
20
782.121654
70
0
0
VERTEX
8
ShapeString
10
7242.078506
20
801.234542
70
0
0
VERTEX
8
ShapeString
10
7244.267983
20
820.420542
70
0
0
VERTEX
8
ShapeString
10
7245.955043
20
839.669736
70
0
0
VERTEX
8
ShapeString
10
7247.137620
20
858.972204
70
0
0
VERTEX
8
ShapeString
10
7247.813650
20
878.318028
70
0
0
VERTEX
8
ShapeString
10
7247.981069
20
897.697288
70
0
0
VERTEX
8
ShapeString
10
7247.637810
20
917.100066
70
0
0
VERTEX
8
ShapeString
10
7246.781810
20
936.516442
70
0
0
VERTEX
8
ShapeString
10
7245.411003
20
955.936498
70
0
0
VERTEX
8
ShapeString
10
7243.523325
20
975.350314
70
0
0
VERTEX
8
ShapeString
10
7241.116710
20
994.747971
70
0
0
VERTEX
8
ShapeString
10
7238.189094
20
1014.119550
70
0
0
VERTEX
8
ShapeString
10
7234.738413
20
1033.455133
70
0
0
VERTEX
8
ShapeString
10
7230.762600
20
1052.744800
70
0
0
SEQEND
8
ShapeString
0
POLYLINE
8
ShapeString
62
7
70
0
10
0.000000
20
0.000000
66
1
0
VERTEX
8
ShapeString
10
7734.706400
20
7.576700
70
0
0
VERTEX
8
ShapeString
10
7107.767900
20
461.896980
70
0
0
SEQEND
8
ShapeString
0
POLYLINE
8
ShapeString
62
7
70
0
10
0.000000
20
0.000000
66
1
0
VERTEX
8
ShapeString
10
7454.786100
20
3864.835300
70
0
0
VERTEX
8
ShapeString
10
7436.896439
20
3823.224647
70
0
0
VERTEX
8
ShapeString
10
7419.457640
20
3781.465511
70
0
0
VERTEX
8
ShapeString
10
7402.469990
20
3739.561498
70
0
0
VERTEX
8
ShapeString
10
7385.933778
20
3697.516218
70
0
0
VERTEX
8
ShapeString
10
7369.849291
20
3655.333279
70
0
0
VERTEX
8
ShapeString
10
7354.216816
20
3613.016289
70
0
0
VERTEX
8
ShapeString
10
7339.036640
20
3570.568856
70
0
0
VERTEX
8
ShapeString
10
7324.309052
20
3527.994588
70
0
0
VERTEX
8
ShapeString
10
7310.034338
20
3485.297095
70
0
0
VERTEX
8
ShapeString
10
7296.212785
20
3442.479984
70
0
0
VERTEX
8
ShapeString
10
7282.844683
20
3399.546863
70
0
0
VERTEX
8
ShapeString
10
7269.930317
20
3356.501341
70
0
0
VERTEX
8
ShapeString
10
7257.469975
20
3313.347026
70
0
0
VERTEX
8
ShapeString
10
7245.463946
20
3270.087526
70
0
0
VERTEX
8
ShapeString
10
7233.912515
20
3226.726449
70
0
0
VERTEX
8
ShapeString
10
7222.815971
20
3183.267404
70
0
0
VERTEX
8
ShapeString
10
7212.174601
20
3139.714000
70
0
0
VERTEX
8
ShapeString
10
7201.988693
20
3096.069844
70
0
0
VERTEX
8
ShapeString
10
7192.258533
20
3052.338544
70
0
0
VERTEX
8
ShapeString
10
7182.984411
20
3008.523709
70
0
0
VERTEX
8
ShapeString
10
7174.166612
20
2964.628947
70
0
0
VERTEX
8
ShapeString
10
7165.805424
20
2920.657867
70
0
0
VERTEX
8
ShapeString
10
7157.901135
20
2876.614077
70
0
0
VERTEX
8
ShapeString
10
7150.454033
20
2832.501184
70
0
0
VERTEX
8
ShapeString
10
7143.464404
20
2788.322798
70
0
0
VERTEX
8
ShapeString
10
7136.932536
20
2744.082526
70
0
0
VERTEX
8
ShapeString
10
7130.858717
20
2699.783977
70
0
0
VERTEX
8
ShapeString
10
7125.243234
20
2655.430759
70
0
0
VERTEX
8
ShapeString
10
7120.086375
20
2611.026480
70
0
0
VERTEX
8
ShapeString
10
7115.388426
20
2566.574749
70
0
0
VERTEX
8
ShapeString
10
7111.149676
20
2522.079174
70
0
0
VERTEX
8
ShapeString
10
7107.370412
20
2477.543363
70
0
0
VERTEX
8
ShapeString
10
7104.050921
20
2432.970925
70
0
0
VERTEX
8
ShapeString
10
7101.191491
20
2388.365467
70
0
0
VERTEX
8
ShapeString
10
7098.792409
20
2343.730598
70
0
0
VERTEX
8
ShapeString
10
7096.853963
20
2299.069927
70
0
0
VERTEX
8
ShapeString
10
7095.376439
20
2254.387061
70
0
0
VERTEX
8
ShapeString
10
7094.360127
20
2209.685608
70
0
0
VERTEX
8
ShapeString
10
7093.805312
20
2164.969178
70
0
0
VERTEX
8
ShapeString
10
7093.712283
20
2120.241378
70
0
0
VERTEX
8
ShapeString
10
7094.081327
20
2075.505817
70
0
0
VERTEX
8
ShapeString
10
7094.912731
20
2030.766103
70
0
0
VERTEX
8
ShapeString
10
7096.206783
20
1986.025844
70
0
0
VERTEX
8
ShapeString
10
7097.963771
20
1941.288648
70
0
0
VERTEX
8
ShapeString
10
7100.183981
20
1896.558124
70
0
0
VERTEX
8
ShapeString
10
7102.867701
20
1851.837880
70
0
0
VERTEX
8
ShapeString
10
7106.015219
20
1807.131525
70
0
0
VERTEX
8
ShapeString
10
7109.626822
20
1762.442665
70
0
0
VERTEX
8
ShapeString
10
7113.702797
20
1717.774911
70
0
0
VERTEX
8
ShapeString
10
7118.243433
20
1673.131870
70
0
0
VERTEX
8
ShapeString
10
7123.249016
20
1628.517150
70
0
0
VERTEX
8
ShapeString
10
7128.719833
20
1583.934360
70
0
0
VERTEX
8
ShapeString
10
7134.656174
20
1539.387107
70
0
0
VERTEX
8
ShapeString
10
7141.058323
20
1494.879001
70
0
0
VERTEX
8
ShapeString
10
7147.926571
20
1450.413650
70
0
0
VERTEX
8
ShapeString
10
7155.261202
20
1405.994661
70
0
0
VERTEX
8
ShapeString
10
7163.062506
20
1361.625643
70
0
0
VERTEX
8
ShapeString
10
7171.330770
20
1317.310204
70
0
0
VERTEX
8
ShapeString
10
7180.066281
20
1273.051953
70
0
0
VERTEX
8
ShapeString
10
7189.269326
20
1228.854498
70
0
0
VERTEX
8
ShapeString
10
7198.940193
20
1184.721446
70
0
0
VERTEX
8
ShapeString
10
7209.079169
20
1140.656407
70
0
0
VERTEX
8
ShapeString
10
7219.686542
20
1096.662989
70
0
0
VERTEX
8
ShapeString
10
7230.762600
20
1052.744800
70
0
0
SEQEND
8
ShapeString
0
POLYLINE
8
ShapeString
62
7
70
0
10
0.000000
20
0.000000
66
1
0
VERTEX
8
ShapeString
10
8286.681300
20
1424.466892
70
0
0
VERTEX
8
ShapeString
10
8284.511665
20
1425.214079
70
0
0
VERTEX
8
ShapeString
10
8282.304118
20
1425.505648
70
0
0
VERTEX
8
ShapeString
10
8280.119022
20
1425.363818
70
0
0
VERTEX
8
ShapeString
10
8278.016739
20
1424.810810
70
0
0
VERTEX
8
ShapeString
10
8276.057630
20
1423.868840
70
0
0
VERTEX
8
ShapeString
10
8274.302058
20
1422.560129
70
0
0
VERTEX
8
ShapeString
10
8272.810384
20
1420.906895
70
0
0
VERTEX
8
ShapeString
10
8271.642970
20
1418.931357
70
0
0
VERTEX
8
ShapeString
10
8270.892971
20
1416.762693
70
0
0
VERTEX
8
ShapeString
10
8270.598539
20
1414.555526
70
0
0
VERTEX
8
ShapeString
10
8270.737535
20
1412.370248
70
0
0
VERTEX
8
ShapeString
10
8271.287817
20
1410.267250
70
0
0
VERTEX
8
ShapeString
10
8272.227246
20
1408.306921
70
0
0
VERTEX
8
ShapeString
10
8273.533679
20
1406.549653
70
0
0
VERTEX
8
ShapeString
10
8275.184978
20
1405.055837
70
0
0
VERTEX
8
ShapeString
10
8277.159000
20
1403.885862
70
0
0
VERTEX
8
ShapeString
10
8279.328635
20
1403.138675
70
0
0
VERTEX
8
ShapeString
10
8281.536182
20
1402.847106
70
0
0
VERTEX
8
ShapeString
10
8283.721278
20
1402.988936
70
0
0
VERTEX
8
ShapeString
10
8285.823561
20
1403.541944
70
0
0
VERTEX
8
ShapeString
10
8287.782670
20
1404.483914
70
0
0
VERTEX
8
ShapeString
10
8289.538242
20
1405.792625
70
0
0
VERTEX
8
ShapeString
10
8291.029916
20
1407.445859
70
0
0
VERTEX
8
ShapeString
10
8292.197330
20
1409.421397
70
0
0
VERTEX
8
ShapeString
10
8292.947329
20
1411.590061
70
0
0
VERTEX
8
ShapeString
10
8293.241761
20
1413.797228
70
0
0
VERTEX
8
ShapeString
10
8293.102765
20
1415.982506
70
0
0
VERTEX
8
ShapeString
10
8292.552483
20
1418.085504
70
0
0
VERTEX
8
ShapeString
10
8291.613054
20
1420.045833
70
0
0
VERTEX
8
ShapeString
10
8290.306621
20
1421.803101
70
0
0
VERTEX
8
ShapeString
10
8288.655322
20
1423.296917
70
0
0
VERTEX
8
ShapeString
10
8286.681300
20
1424.466892
70
0
0
VERTEX
8
ShapeString
10
8286.681300
20
1424.466892
70
0
0
SEQEND
8
ShapeString
0
POLYLINE
8
ShapeString
62
7
70
0
10
0.000000
20
0.000000
66
1
0
VERTEX
8
ShapeString
10
8203.648100
20
3018.737100
70
0
0
VERTEX
8
ShapeString
10
8201.480073
20
3019.478975
70
0
0
VERTEX
8
ShapeString
10
8199.274977
20
3019.766444
70
0
0
VERTEX
8
ShapeString
10
8197.092908
20
3019.621699
70
0
0
VERTEX
8
ShapeString
10
8194.993964
20
3019.066934
70
0
0
VERTEX
8
ShapeString
10
8193.038242
20
3018.124343
70
0
0
VERTEX
8
ShapeString
10
8191.285838
20
3016.816117
70
0
0
VERTEX
8
ShapeString
10
8189.796849
20
3015.164452
70
0
0
VERTEX
8
ShapeString
10
8188.631372
20
3013.191539
70
0
0
VERTEX
8
ShapeString
10
8187.882152
20
3011.026039
70
0
0
VERTEX
8
ShapeString
10
8187.587210
20
3008.821930
70
0
0
VERTEX
8
ShapeString
10
8187.724558
20
3006.639384
70
0
0
VERTEX
8
ShapeString
10
8188.272205
20
3004.538571
70
0
0
VERTEX
8
ShapeString
10
8189.208162
20
3002.579665
70
0
0
VERTEX
8
ShapeString
10
8190.510440
20
3000.822837
70
0
0
VERTEX
8
ShapeString
10
8192.157049
20
2999.328258
70
0
0
VERTEX
8
ShapeString
10
8194.126000
20
2998.156100
70
0
0
VERTEX
8
ShapeString
10
8196.294027
20
2997.414225
70
0
0
VERTEX
8
ShapeString
10
8198.499123
20
2997.126756
70
0
0
VERTEX
8
ShapeString
10
8200.681192
20
2997.271501
70
0
0
VERTEX
8
ShapeString
10
8202.780136
20
2997.826266
70
0
0
VERTEX
8
ShapeString
10
8204.735858
20
2998.768857
70
0
0
VERTEX
8
ShapeString
10
8206.488262
20
3000.077083
70
0
0
VERTEX
8
ShapeString
10
8207.977251
20
3001.728748
70
0
0
VERTEX
8
ShapeString
10
8209.142728
20
3003.701661
70
0
0
VERTEX
8
ShapeString
10
8209.891948
20
3005.867161
70
0
0
VERTEX
8
ShapeString
10
8210.186890
20
3008.071270
70
0
0
VERTEX
8
ShapeString
10
8210.049542
20
3010.253816
70
0
0
VERTEX
8
ShapeString
10
8209.501895
20
3012.354629
70
0
0
VERTEX
8
ShapeString
10
8208.565938
20
3014.313535
70
0
0
VERTEX
8
ShapeString
10
8207.263660
20
3016.070363
70
0
0
VERTEX
8
ShapeString
10
8205.617051
20
3017.564942
70
0
0
VERTEX
8
ShapeString
10
8203.648100
20
3018.737100
70
0
0
VERTEX
8
ShapeString
10
8203.648100
20
3018.737100
70
0
0
SEQEND
8
ShapeString
0
POLYLINE
8
ShapeString
62
7
70
0
10
0.000000
20
0.000000
66
1
0
VERTEX
8
ShapeString
10
7795.059500
20
3095.560400
70
0
0
VERTEX
8
ShapeString
10
7792.890143
20
3096.306637
70
0
0
VERTEX
8
ShapeString
10
7790.683025
20
3096.597471
70
0
0
VERTEX
8
ShapeString
10
7788.498463
20
3096.455116
70
0
0
VERTEX
8
ShapeString
10
7786.396770
20
3095.901786
70
0
0
VERTEX
8
ShapeString
10
7784.438262
20
3094.959697
70
0
0
VERTEX
8
ShapeString
10
7782.683253
20
3093.651063
70
0
0
VERTEX
8
ShapeString
10
7781.192059
20
3091.998098
70
0
0
VERTEX
8
ShapeString
10
7780.024994
20
3090.023018
70
0
0
VERTEX
8
ShapeString
10
7779.275141
20
3087.854908
70
0
0
VERTEX
8
ShapeString
10
7778.980627
20
3085.648278
70
0
0
VERTEX
8
ShapeString
10
7779.119340
20
3083.463481
70
0
0
VERTEX
8
ShapeString
10
7779.669164
20
3081.360869
70
0
0
VERTEX
8
ShapeString
10
7780.607986
20
3079.400793
70
0
0
VERTEX
8
ShapeString
10
7781.913693
20
3077.643605
70
0
0
VERTEX
8
ShapeString
10
7783.564168
20
3076.149656
70
0
0
VERTEX
8
ShapeString
10
7785.537300
20
3074.979300
70
0
0
VERTEX
8
ShapeString
10
7787.706657
20
3074.233063
70
0
0
VERTEX
8
ShapeString
10
7789.913775
20
3073.942229
70
0
0
VERTEX
8
ShapeString
10
7792.098337
20
3074.084584
70
0
0
VERTEX
8
ShapeString
10
7794.200030
20
3074.637914
70
0
0
VERTEX
8
ShapeString
10
7796.158538
20
3075.580003
70
0
0
VERTEX
8
ShapeString
10
7797.913547
20
3076.888637
70
0
0
VERTEX
8
ShapeString
10
7799.404741
20
3078.541602
70
0
0
VERTEX
8
ShapeString
10
7800.571806
20
3080.516682
70
0
0
VERTEX
8
ShapeString
10
7801.321659
20
3082.684792
70
0
0
VERTEX
8
ShapeString
10
7801.616173
20
3084.891422
70
0
0
VERTEX
8
ShapeString
10
7801.477460
20
3087.076219
70
0
0
VERTEX
8
ShapeString
10
7800.927636
20
3089.178831
70
0
0
VERTEX
8
ShapeString
10
7799.988814
20
3091.138907
70
0
0
VERTEX
8
ShapeString
10
7798.683107
20
3092.896095
70
0
0
VERTEX
8
ShapeString
10
7797.032632
20
3094.390044
70
0
0
VERTEX
8
ShapeString
10
7795.059500
20
3095.560400
70
0
0
VERTEX
8
ShapeString
10
7795.059500
20
3095.560400
70
0
0
SEQEND
8
ShapeString
0
POLYLINE
8
ShapeString
62
7
70
0
10
0.000000
20
0.000000
66
1
0
VERTEX
8
ShapeString
10
8581.495700
20
4452.999000
70
0
0
VERTEX
8
ShapeString
10
8579.325256
20
4453.748800
70
0
0
VERTEX
8
ShapeString
10
8577.116486
20
4454.042380
70
0
0
VERTEX
8
ShapeString
10
8574.929885
20
4453.901973
70
0
0
VERTEX
8
ShapeString
10
8572.825946
20
4453.349812
70
0
0
VERTEX
8
ShapeString
10
8570.865162
20
4452.408127
70
0
0
VERTEX
8
ShapeString
10
8569.108027
20
4451.099153
70
0
0
VERTEX
8
ShapeString
10
8567.615035
20
4449.445120
70
0
0
VERTEX
8
ShapeString
10
8566.446678
20
4447.468261
70
0
0
VERTEX
8
ShapeString
10
8565.696313
20
4445.298012
70
0
0
VERTEX
8
ShapeString
10
8565.402158
20
4443.089319
70
0
0
VERTEX
8
ShapeString
10
8565.541996
20
4440.902682
70
0
0
VERTEX
8
ShapeString
10
8566.093610
20
4438.798599
70
0
0
VERTEX
8
ShapeString
10
8567.034784
20
4436.837570
70
0
0
VERTEX
8
ShapeString
10
8568.343301
20
4435.080095
70
0
0
VERTEX
8
ShapeString
10
8569.996945
20
4433.586671
70
0
0
VERTEX
8
ShapeString
10
8571.973500
20
4432.417800
70
0
0
VERTEX
8
ShapeString
10
8574.143944
20
4431.668000
70
0
0
VERTEX
8
ShapeString
10
8576.352714
20
4431.374420
70
0
0
VERTEX
8
ShapeString
10
8578.539315
20
4431.514827
70
0
0
VERTEX
8
ShapeString
10
8580.643254
20
4432.066988
70
0
0
VERTEX
8
ShapeString
10
8582.604038
20
4433.008673
70
0
0
VERTEX
8
ShapeString
10
8584.361173
20
4434.317647
70
0
0
VERTEX
8
ShapeString
10
8585.854165
20
4435.971680
70
0
0
VERTEX
8
ShapeString
10
8587.022522
20
4437.948539
70
0
0
VERTEX
8
ShapeString
10
8587.772887
20
4440.118788
70
0
0
VERTEX
8
ShapeString
10
8588.067042
20
4442.327481
70
0
0
VERTEX
8
ShapeString
10
8587.927204
20
4444.514118
70
0
0
VERTEX
8
ShapeString
10
8587.375590
20
4446.618201
70
0
0
VERTEX
8
ShapeString
10
8586.434416
20
4448.579230
70
0
0
VERTEX
8
ShapeString
10
8585.125899
20
4450.336705
70
0
0
VERTEX
8
ShapeString
10
8583.472255
20
4451.830129
70
0
0
VERTEX
8
ShapeString
10
8581.495700
20
4452.999000
70
0
0
VERTEX
8
ShapeString
10
8581.495700
20
4452.999000
70
0
0
SEQEND
8
ShapeString
0
POLYLINE
8
ShapeString
62
7
70
0
10
0.000000
20
0.000000
66
1
0
VERTEX
8
ShapeString
10
8485.250100
20
4501.086900
70
0
0
VERTEX
8
ShapeString
10
8483.081613
20
4501.830299
70
0
0
VERTEX
8
ShapeString
10
8480.875815
20
4502.118945
70
0
0
VERTEX
8
ShapeString
10
8478.692879
20
4501.975038
70
0
0
VERTEX
8
ShapeString
10
8476.592977
20
4501.420779
70
0
0
VERTEX
8
ShapeString
10
8474.636284
20
4500.478369
70
0
0
VERTEX
8
ShapeString
10
8472.882970
20
4499.170007
70
0
0
VERTEX
8
ShapeString
10
8471.393209
20
4497.517895
70
0
0
VERTEX
8
ShapeString
10
8470.227174
20
4495.544233
70
0
0
VERTEX
8
ShapeString
10
8469.477727
20
4493.377829
70
0
0
VERTEX
8
ShapeString
10
8469.182927
20
4491.172845
70
0
0
VERTEX
8
ShapeString
10
8469.320742
20
4488.989516
70
0
0
VERTEX
8
ShapeString
10
8469.869140
20
4486.888076
70
0
0
VERTEX
8
ShapeString
10
8470.806087
20
4484.928760
70
0
0
VERTEX
8
ShapeString
10
8472.109551
20
4483.171803
70
0
0
VERTEX
8
ShapeString
10
8473.757499
20
4481.677438
70
0
0
VERTEX
8
ShapeString
10
8475.727900
20
4480.505900
70
0
0
VERTEX
8
ShapeString
10
8477.896387
20
4479.762501
70
0
0
VERTEX
8
ShapeString
10
8480.102185
20
4479.473855
70
0
0
VERTEX
8
ShapeString
10
8482.285121
20
4479.617762
70
0
0
VERTEX
8
ShapeString
10
8484.385023
20
4480.172021
70
0
0
VERTEX
8
ShapeString
10
8486.341716
20
4481.114431
70
0
0
VERTEX
8
ShapeString
10
8488.095030
20
4482.422793
70
0
0
VERTEX
8
ShapeString
10
8489.584791
20
4484.074905
70
0
0
VERTEX
8
ShapeString
10
8490.750826
20
4486.048567
70
0
0
VERTEX
8
ShapeString
10
8491.500273
20
4488.214971
70
0
0
VERTEX
8
ShapeString
10
8491.795073
20
4490.419955
70
0
0
VERTEX
8
ShapeString
10
8491.657258
20
4492.603284
70
0
0
VERTEX
8
ShapeString
10
8491.108860
20
4494.704724
70
0
0
VERTEX
8
ShapeString
10
8490.171913
20
4496.664040
70
0
0
VERTEX
8
ShapeString
10
8488.868449
20
4498.420997
70
0
0
VERTEX
8
ShapeString
10
8487.220501
20
4499.915362
70
0
0
VERTEX
8
ShapeString
10
8485.250100
20
4501.086900
70
0
0
VERTEX
8
ShapeString
10
8485.250100
20
4501.086900
70
0
0
SEQEND
8
ShapeString
0
POLYLINE
8
ShapeString
62
7
70
0
10
0.000000
20
0.000000
66
1
0
VERTEX
8
ShapeString
10
8478.554300
20
4372.910200
70
0
0
VERTEX
8
ShapeString
10
8474.090641
20
4374.836191
70
0
0
VERTEX
8
ShapeString
10
8469.583510
20
4376.516026
70
0
0
VERTEX
8
ShapeString
10
8465.040776
20
4377.952599
70
0
0
VERTEX
8
ShapeString
10
8460.470309
20
4379.148805
70
0
0
VERTEX
8
ShapeString
10
8455.879976
20
4380.107536
70
0
0
VERTEX
8
ShapeString
10
8451.277648
20
4380.831688
70
0
0
VERTEX
8
ShapeString
10
8446.671193
20
4381.324153
70
0
0
VERTEX
8
ShapeString
10
8442.068481
20
4381.587827
70
0
0
VERTEX
8
ShapeString
10
8437.477381
20
4381.625604
70
0
0
VERTEX
8
ShapeString
10
8432.905761
20
4381.440376
70
0
0
VERTEX
8
ShapeString
10
8428.361491
20
4381.035040
70
0
0
VERTEX
8
ShapeString
10
8423.852440
20
4380.412487
70
0
0
VERTEX
8
ShapeString
10
8419.386477
20
4379.575613
70
0
0
VERTEX
8
ShapeString
10
8414.971471
20
4378.527312
70
0
0
VERTEX
8
ShapeString
10
8410.615291
20
4377.270477
70
0
0
VERTEX
8
ShapeString
10
8406.325806
20
4375.808002
70
0
0
VERTEX
8
ShapeString
10
8402.110886
20
4374.142783
70
0
0
VERTEX
8
ShapeString
10
8397.978399
20
4372.277712
70
0
0
VERTEX
8
ShapeString
10
8393.936215
20
4370.215683
70
0
0
VERTEX
8
ShapeString
10
8389.992202
20
4367.959592
70
0
0
VERTEX
8
ShapeString
10
8386.154230
20
4365.512331
70
0
0
VERTEX
8
ShapeString
10
8382.430168
20
4362.876796
70
0
0
VERTEX
8
ShapeString
10
8378.827885
20
4360.055879
70
0
0
VERTEX
8
ShapeString
10
8375.355249
20
4357.052475
70
0
0
VERTEX
8
ShapeString
10
8372.020131
20
4353.869478
70
0
0
VERTEX
8
ShapeString
10
8368.830399
20
4350.509782
70
0
0
VERTEX
8
ShapeString
10
8365.793923
20
4346.976281
70
0
0
VERTEX
8
ShapeString
10
8362.918570
20
4343.271869
70
0
0
VERTEX
8
ShapeString
10
8360.212211
20
4339.399441
70
0
0
VERTEX
8
ShapeString
10
8357.682715
20
4335.361889
70
0
0
VERTEX
8
ShapeString
10
8355.337950
20
4331.162109
70
0
0
VERTEX
8
ShapeString
10
8353.185786
20
4326.802994
70
0
0
VERTEX
8
ShapeString
10
8351.256570
20
4322.340728
70
0
0
VERTEX
8
ShapeString
10
8349.573479
20
4317.834812
70
0
0
VERTEX
8
ShapeString
10
8348.133624
20
4313.293117
70
0
0
VERTEX
8
ShapeString
10
8346.934117
20
4308.723515
70
0
0
VERTEX
8
ShapeString
10
8345.972069
20
4304.133876
70
0
0
VERTEX
8
ShapeString
10
8345.244593
20
4299.532073
70
0
0
VERTEX
8
ShapeString
10
8344.748799
20
4294.925975
70
0
0
VERTEX
8
ShapeString
10
8344.481800
20
4290.323455
70
0
0
VERTEX
8
ShapeString
10
8344.440706
20
4285.732383
70
0
0
VERTEX
8
ShapeString
10
8344.622630
20
4281.160630
70
0
0
VERTEX
8
ShapeString
10
8345.024684
20
4276.616068
70
0
0
VERTEX
8
ShapeString
10
8345.643978
20
4272.106569
70
0
0
VERTEX
8
ShapeString
10
8346.477625
20
4267.640002
70
0
0
VERTEX
8
ShapeString
10
8347.522737
20
4263.224240
70
0
0
VERTEX
8
ShapeString
10
8348.776424
20
4258.867153
70
0
0
VERTEX
8
ShapeString
10
8350.235799
20
4254.576613
70
0
0
VERTEX
8
ShapeString
10
8351.897973
20
4250.360491
70
0
0
VERTEX
8
ShapeString
10
8353.760057
20
4246.226657
70
0
0
VERTEX
8
ShapeString
10
8355.819165
20
4242.182984
70
0
0
VERTEX
8
ShapeString
10
8358.072406
20
4238.237343
70
0
0
VERTEX
8
ShapeString
10
8360.516893
20
4234.397603
70
0
0
VERTEX
8
ShapeString
10
8363.149737
20
4230.671638
70
0
0
VERTEX
8
ShapeString
10
8365.968051
20
4227.067318
70
0
0
VERTEX
8
ShapeString
10
8368.968945
20
4223.592513
70
0
0
VERTEX
8
ShapeString
10
8372.149531
20
4220.255096
70
0
0
VERTEX
8
ShapeString
10
8375.506922
20
4217.062938
70
0
0
VERTEX
8
ShapeString
10
8379.038228
20
4214.023909
70
0
0
VERTEX
8
ShapeString
10
8382.740561
20
4211.145881
70
0
0
VERTEX
8
ShapeString
10
8386.611034
20
4208.436724
70
0
0
VERTEX
8
ShapeString
10
8390.646756
20
4205.904312
70
0
0
VERTEX
8
ShapeString
10
8394.844841
20
4203.556513
70
0
0
VERTEX
8
ShapeString
10
8399.202400
20
4201.401200
70
0
0
VERTEX
8
ShapeString
10
8403.666059
20
4199.475209
70
0
0
VERTEX
8
ShapeString
10
8408.173190
20
4197.795374
70
0
0
VERTEX
8
ShapeString
10
8412.715924
20
4196.358801
70
0
0
VERTEX
8
ShapeString
10
8417.286391
20
4195.162595
70
0
0
VERTEX
8
ShapeString
10
8421.876724
20
4194.203864
70
0
0
VERTEX
8
ShapeString
10
8426.479052
20
4193.479712
70
0
0
VERTEX
8
ShapeString
10
8431.085507
20
4192.987247
70
0
0
VERTEX
8
ShapeString
10
8435.688219
20
4192.723573
70
0
0
VERTEX
8
ShapeString
10
8440.279319
20
4192.685796
70
0
0
VERTEX
8
ShapeString
10
8444.850939
20
4192.871024
70
0
0
VERTEX
8
ShapeString
10
8449.395209
20
4193.276360
70
0
0
VERTEX
8
ShapeString
10
8453.904260
20
4193.898913
70
0
0
VERTEX
8
ShapeString
10
8458.370223
20
4194.735787
70
0
0
VERTEX
8
ShapeString
10
8462.785229
20
4195.784088
70
0
0
VERTEX
8
ShapeString
10
8467.141409
20
4197.040923
70
0
0
VERTEX
8
ShapeString
10
8471.430894
20
4198.503398
70
0
0
VERTEX
8
ShapeString
10
8475.645814
20
4200.168617
70
0
0
VERTEX
8
ShapeString
10
8479.778301
20
4202.033688
70
0
0
VERTEX
8
ShapeString
10
8483.820485
20
4204.095717
70
0
0
VERTEX
8
ShapeString
10
8487.764498
20
4206.351808
70
0
0
VERTEX
8
ShapeString
10
8491.602470
20
4208.799069
70
0
0
VERTEX
8
ShapeString
10
8495.326532
20
4211.434604
70
0
0
VERTEX
8
ShapeString
10
8498.928815
20
4214.255521
70
0
0
VERTEX
8
ShapeString
10
8502.401451
20
4217.258925
70
0
0
VERTEX
8
ShapeString
10
8505.736569
20
4220.441922
70
0
0
VERTEX
8
ShapeString
10
8508.926301
20
4223.801618
70
0
0
VERTEX
8
ShapeString
10
8511.962777
20
4227.335119
70
0
0
VERTEX
8
ShapeString
10
8514.838130
20
4231.039531
70
0
0
VERTEX
8
ShapeString
10
8517.544489
20
4234.911959
70
0
0
VERTEX
8
ShapeString
10
8520.073985
20
4238.949511
70
0
0
VERTEX
8
ShapeString
10
8522.418750
20
4243.149291
70
0
0
VERTEX
8
ShapeString
10
8524.570914
20
4247.508406
70
0
0
VERTEX
8
ShapeString
10
8526.500130
20
4251.970672
70
0
0
VERTEX
8
ShapeString
10
8528.183221
20
4256.476588
70
0
0
VERTEX
8
ShapeString
10
8529.623076
20
4261.018283
70
0
0
VERTEX
8
ShapeString
10
8530.822583
20
4265.587885
70
0
0
VERTEX
8
ShapeString
10
8531.784631
20
4270.177524
70
0
0
VERTEX
8
ShapeString
10
8532.512107
20
4274.779327
70
0
0
VERTEX
8
ShapeString
10
8533.007901
20
4279.385425
70
0
0
VERTEX
8
ShapeString
10
8533.274900
20
4283.987945
70
0
0
VERTEX
8
ShapeString
10
8533.315994
20
4288.579017
70
0
0
VERTEX
8
ShapeString
10
8533.134070
20
4293.150770
70
0
0
VERTEX
8
ShapeString
10
8532.732016
20
4297.695332
70
0
0
VERTEX
8
ShapeString
10
8532.112722
20
4302.204831
70
0
0
VERTEX
8
ShapeString
10
8531.279075
20
4306.671398
70
0
0
VERTEX
8
ShapeString
10
8530.233963
20
4311.087160
70
0
0
VERTEX
8
ShapeString
10
8528.980276
20
4315.444247
70
0
0
VERTEX
8
ShapeString
10
8527.520901
20
4319.734787
70
0
0
VERTEX
8
ShapeString
10
8525.858727
20
4323.950909
70
0
0
VERTEX
8
ShapeString
10
8523.996643
20
4328.084743
70
0
0
VERTEX
8
ShapeString
10
8521.937535
20
4332.128416
70
0
0
VERTEX
8
ShapeString
10
8519.684294
20
4336.074057
70
0
0
VERTEX
8
ShapeString
10
8517.239807
20
4339.913797
70
0
0
VERTEX
8
ShapeString
10
8514.606963
20
4343.639762
70
0
0
VERTEX
8
ShapeString
10
8511.788649
20
4347.244082
70
0
0
VERTEX
8
ShapeString
10
8508.787755
20
4350.718887
70
0
0
VERTEX
8
ShapeString
10
8505.607169
20
4354.056304
70
0
0
VERTEX
8
ShapeString
10
8502.249778
20
4357.248462
70
0
0
VERTEX
8
ShapeString
10
8498.718472
20
4360.287491
70
0
0
VERTEX
8
ShapeString
10
8495.016139
20
4363.165519
70
0
0
VERTEX
8
ShapeString
10
8491.145666
20
4365.874676
70
0
0
VERTEX
8
ShapeString
10
8487.109944
20
4368.407088
70
0
0
VERTEX
8
ShapeString
10
8482.911859
20
4370.754887
70
0
0
VERTEX
8
ShapeString
10
8478.554300
20
4372.910200
70
0
0
VERTEX
8
ShapeString
10
8478.554300
20
4372.910200
70
0
0
SEQEND
8
ShapeString
0
POLYLINE
8
ShapeString
62
7
70
0
10
0.000000
20
0.000000
66
1
0
VERTEX
8
ShapeString
10
8034.268700
20
3132.612700
70
0
0
VERTEX
8
ShapeString
10
8029.804251
20
3134.542391
70
0
0
VERTEX
8
ShapeString
10
8025.296162
20
3136.225728
70
0
0
VERTEX
8
ShapeString
10
8020.752314
20
3137.665607
70
0
0
VERTEX
8
ShapeString
10
8016.180587
20
3138.864923
70
0
0
VERTEX
8
ShapeString
10
8011.588859
20
3139.826570
70
0
0
VERTEX
8
ShapeString
10
8006.985012
20
3140.553444
70
0
0
VERTEX
8
ShapeString
10
8002.376923
20
3141.048439
70
0
0
VERTEX
8
ShapeString
10
7997.772475
20
3141.314452
70
0
0
VERTEX
8
ShapeString
10
7993.179545
20
3141.354376
70
0
0
VERTEX
8
ShapeString
10
7988.606014
20
3141.171108
70
0
0
VERTEX
8
ShapeString
10
7984.059761
20
3140.767541
70
0
0
VERTEX
8
ShapeString
10
7979.548667
20
3140.146572
70
0
0
VERTEX
8
ShapeString
10
7975.080611
20
3139.311095
70
0
0
VERTEX
8
ShapeString
10
7970.663473
20
3138.264006
70
0
0
VERTEX
8
ShapeString
10
7966.305132
20
3137.008199
70
0
0
VERTEX
8
ShapeString
10
7962.013469
20
3135.546569
70
0
0
VERTEX
8
ShapeString
10
7957.796363
20
3133.882012
70
0
0
VERTEX
8
ShapeString
10
7953.661693
20
3132.017423
70
0
0
VERTEX
8
ShapeString
10
7949.617340
20
3129.955696
70
0
0
VERTEX
8
ShapeString
10
7945.671184
20
3127.699728
70
0
0
VERTEX
8
ShapeString
10
7941.831103
20
3125.252412
70
0
0
VERTEX
8
ShapeString
10
7938.104979
20
3122.616644
70
0
0
VERTEX
8
ShapeString
10
7934.500689
20
3119.795320
70
0
0
VERTEX
8
ShapeString
10
7931.026116
20
3116.791333
70
0
0
VERTEX
8
ShapeString
10
7927.689137
20
3113.607580
70
0
0
VERTEX
8
ShapeString
10
7924.497633
20
3110.246955
70
0
0
VERTEX
8
ShapeString
10
7921.459484
20
3106.712353
70
0
0
VERTEX
8
ShapeString
10
7918.582569
20
3103.006670
70
0
0
VERTEX
8
ShapeString
10
7915.874768
20
3099.132801
70
0
0
VERTEX
8
ShapeString
10
7913.343960
20
3095.093640
70
0
0
VERTEX
8
ShapeString
10
7910.998027
20
3090.892083
70
0
0
VERTEX
8
ShapeString
10
7908.844847
20
3086.531025
70
0
0
VERTEX
8
ShapeString
10
7906.914810
20
3082.066725
70
0
0
VERTEX
8
ShapeString
10
7905.231123
20
3077.558767
70
0
0
VERTEX
8
ShapeString
10
7903.790892
20
3073.015031
70
0
0
VERTEX
8
ShapeString
10
7902.591222
20
3068.443396
70
0
0
VERTEX
8
ShapeString
10
7901.629219
20
3063.851743
70
0
0
VERTEX
8
ShapeString
10
7900.901988
20
3059.247952
70
0
0
VERTEX
8
ShapeString
10
7900.406635
20
3054.639902
70
0
0
VERTEX
8
ShapeString
10
7900.140266
20
3050.035474
70
0
0
VERTEX
8
ShapeString
10
7900.099986
20
3045.442547
70
0
0
VERTEX
8
ShapeString
10
7900.282900
20
3040.869002
70
0
0
VERTEX
8
ShapeString
10
7900.686114
20
3036.322718
70
0
0
VERTEX
8
ShapeString
10
7901.306733
20
3031.811576
70
0
0
VERTEX
8
ShapeString
10
7902.141864
20
3027.343455
70
0
0
VERTEX
8
ShapeString
10
7903.188611
20
3022.926236
70
0
0
VERTEX
8
ShapeString
10
7904.444080
20
3018.567798
70
0
0
VERTEX
8
ShapeString
10
7905.905377
20
3014.276021
70
0
0
VERTEX
8
ShapeString
10
7907.569607
20
3010.058786
70
0
0
VERTEX
8
ShapeString
10
7909.433876
20
3005.923972
70
0
0
VERTEX
8
ShapeString
10
7911.495289
20
3001.879459
70
0
0
VERTEX
8
ShapeString
10
7913.750952
20
2997.933128
70
0
0
VERTEX
8
ShapeString
10
7916.197970
20
2994.092858
70
0
0
VERTEX
8
ShapeString
10
7918.833449
20
2990.366529
70
0
0
VERTEX
8
ShapeString
10
7921.654494
20
2986.762021
70
0
0
VERTEX
8
ShapeString
10
7924.658211
20
2983.287214
70
0
0
VERTEX
8
ShapeString
10
7927.841706
20
2979.949989
70
0
0
VERTEX
8
ShapeString
10
7931.202083
20
2976.758224
70
0
0
VERTEX
8
ShapeString
10
7934.736449
20
2973.719801
70
0
0
VERTEX
8
ShapeString
10
7938.441909
20
2970.842599
70
0
0
VERTEX
8
ShapeString
10
7942.315569
20
2968.134498
70
0
0
VERTEX
8
ShapeString
10
7946.354533
20
2965.603377
70
0
0
VERTEX
8
ShapeString
10
7950.555909
20
2963.257118
70
0
0
VERTEX
8
ShapeString
10
7954.916800
20
2961.103600
70
0
0
VERTEX
8
ShapeString
10
7959.381249
20
2959.173909
70
0
0
VERTEX
8
ShapeString
10
7963.889338
20
2957.490572
70
0
0
VERTEX
8
ShapeString
10
7968.433186
20
2956.050693
70
0
0
VERTEX
8
ShapeString
10
7973.004913
20
2954.851377
70
0
0
VERTEX
8
ShapeString
10
7977.596641
20
2953.889730
70
0
0
VERTEX
8
ShapeString
10
7982.200488
20
2953.162856
70
0
0
VERTEX
8
ShapeString
10
7986.808577
20
2952.667861
70
0
0
VERTEX
8
ShapeString
10
7991.413025
20
2952.401848
70
0
0
VERTEX
8
ShapeString
10
7996.005955
20
2952.361924
70
0
0
VERTEX
8
ShapeString
10
8000.579486
20
2952.545192
70
0
0
VERTEX
8
ShapeString
10
8005.125739
20
2952.948759
70
0
0
VERTEX
8
ShapeString
10
8009.636833
20
2953.569728
70
0
0
VERTEX
8
ShapeString
10
8014.104889
20
2954.405205
70
0
0
VERTEX
8
ShapeString
10
8018.522027
20
2955.452294
70
0
0
VERTEX
8
ShapeString
10
8022.880368
20
2956.708101
70
0
0
VERTEX
8
ShapeString
10
8027.172031
20
2958.169731
70
0
0
VERTEX
8
ShapeString
10
8031.389137
20
2959.834288
70
0
0
VERTEX
8
ShapeString
10
8035.523807
20
2961.698877
70
0
0
VERTEX
8
ShapeString
10
8039.568160
20
2963.760604
70
0
0
VERTEX
8
ShapeString
10
8043.514316
20
2966.016572
70
0
0
VERTEX
8
ShapeString
10
8047.354397
20
2968.463888
70
0
0
VERTEX
8
ShapeString
10
8051.080521
20
2971.099656
70
0
0
VERTEX
8
ShapeString
10
8054.684811
20
2973.920980
70
0
0
VERTEX
8
ShapeString
10
8058.159384
20
2976.924967
70
0
0
VERTEX
8
ShapeString
10
8061.496363
20
2980.108720
70
0
0
VERTEX
8
ShapeString
10
8064.687867
20
2983.469345
70
0
0
VERTEX
8
ShapeString
10
8067.726016
20
2987.003947
70
0
0
VERTEX
8
ShapeString
10
8070.602931
20
2990.709630
70
0
0
VERTEX
8
ShapeString
10
8073.310732
20
2994.583499
70
0
0
VERTEX
8
ShapeString
10
8075.841540
20
2998.622660
70
0
0
VERTEX
8
ShapeString
10
8078.187473
20
3002.824217
70
0
0
VERTEX
8
ShapeString
10
8080.340653
20
3007.185275
70
0
0
VERTEX
8
ShapeString
10
8082.270690
20
3011.649575
70
0
0
VERTEX
8
ShapeString
10
8083.954377
20
3016.157533
70
0
0
VERTEX
8
ShapeString
10
8085.394608
20
3020.701269
70
0
0
VERTEX
8
ShapeString
10
8086.594278
20
3025.272904
70
0
0
VERTEX
8
ShapeString
10
8087.556281
20
3029.864557
70
0
0
VERTEX
8
ShapeString
10
8088.283512
20
3034.468348
70
0
0
VERTEX
8
ShapeString
10
8088.778865
20
3039.076398
70
0
0
VERTEX
8
ShapeString
10
8089.045234
20
3043.680826
70
0
0
VERTEX
8
ShapeString
10
8089.085514
20
3048.273753
70
0
0
VERTEX
8
ShapeString
10
8088.902600
20
3052.847298
70
0
0
VERTEX
8
ShapeString
10
8088.499386
20
3057.393582
70
0
0
VERTEX
8
ShapeString
10
8087.878767
20
3061.904724
70
0
0
VERTEX
8
ShapeString
10
8087.043636
20
3066.372845
70
0
0
VERTEX
8
ShapeString
10
8085.996889
20
3070.790064
70
0
0
VERTEX
8
ShapeString
10
8084.741420
20
3075.148502
70
0
0
VERTEX
8
ShapeString
10
8083.280123
20
3079.440279
70
0
0
VERTEX
8
ShapeString
10
8081.615893
20
3083.657514
70
0
0
VERTEX
8
ShapeString
10
8079.751624
20
3087.792328
70
0
0
VERTEX
8
ShapeString
10
8077.690211
20
3091.836841
70
0
0
VERTEX
8
ShapeString
10
8075.434548
20
3095.783172
70
0
0
VERTEX
8
ShapeString
10
8072.987530
20
3099.623442
70
0
0
VERTEX
8
ShapeString
10
8070.352051
20
3103.349771
70
0
0
VERTEX
8
ShapeString
10
8067.531006
20
3106.954279
70
0
0
VERTEX
8
ShapeString
10
8064.527289
20
3110.429086
70
0
0
VERTEX
8
ShapeString
10
8061.343794
20
3113.766311
70
0
0
VERTEX
8
ShapeString
10
8057.983417
20
3116.958076
70
0
0
VERTEX
8
ShapeString
10
8054.449051
20
3119.996499
70
0
0
VERTEX
8
ShapeString
10
8050.743591
20
3122.873701
70
0
0
VERTEX
8
ShapeString
10
8046.869931
20
3125.581802
70
0
0
VERTEX
8
ShapeString
10
8042.830967
20
3128.112923
70
0
0
VERTEX
8
ShapeString
10
8038.629591
20
3130.459182
70
0
0
VERTEX
8
ShapeString
10
8034.268700
20
3132.612700
70
0
0
VERTEX
8
ShapeString
10
8034.268700
20
3132.612700
70
0
0
SEQEND
8
ShapeString
0
POLYLINE
8
ShapeString
62
7
70
0
10
0.000000
20
0.000000
66
1
0
VERTEX
8
ShapeString
10
8650.190800
20
4181.575700
70
0
0
VERTEX
8
ShapeString
10
8652.843630
20
4187.063714
70
0
0
VERTEX
8
ShapeString
10
8655.342615
20
4192.586038
70
0
0
VERTEX
8
ShapeString
10
8657.688584
20
4198.140185
70
0
0
VERTEX
8
ShapeString
10
8659.882369
20
4203.723667
70
0
0
VERTEX
8
ShapeString
10
8661.924798
20
4209.334000
70
0
0
VERTEX
8
ShapeString
10
8663.816704
20
4214.968695
70
0
0
VERTEX
8
ShapeString
10
8667.152262
20
4226.301228
70
0
0
VERTEX
8
ShapeString
10
8669.895687
20
4237.701374
70
0
0
VERTEX
8
ShapeString
10
8672.053619
20
4249.149240
70
0
0
VERTEX
8
ShapeString
10
8673.632701
20
4260.624933
70
0
0
VERTEX
8
ShapeString
10
8674.639575
20
4272.108562
70
0
0
VERTEX
8
ShapeString
10
8675.080884
20
4283.580232
70
0
0
VERTEX
8
ShapeString
10
8674.963268
20
4295.020052
70
0
0
VERTEX
8
ShapeString
10
8674.293372
20
4306.408129
70
0
0
VERTEX
8
ShapeString
10
8673.077836
20
4317.724569
70
0
0
VERTEX
8
ShapeString
10
8671.323303
20
4328.949481
70
0
0
VERTEX
8
ShapeString
10
8669.036415
20
4340.062972
70
0
0
VERTEX
8
ShapeString
10
8666.223814
20
4351.045149
70
0
0
VERTEX
8
ShapeString
10
8662.892142
20
4361.876118
70
0
0
VERTEX
8
ShapeString
10
8659.048042
20
4372.535989
70
0
0
VERTEX
8
ShapeString
10
8654.698155
20
4383.004867
70
0
0
VERTEX
8
ShapeString
10
8649.849124
20
4393.262861
70
0
0
VERTEX
8
ShapeString
10
8644.507591
20
4403.290077
70
0
0
VERTEX
8
ShapeString
10
8638.680199
20
4413.066623
70
0
0
VERTEX
8
ShapeString
10
8632.373588
20
4422.572606
70
0
0
VERTEX
8
ShapeString
10
8625.594402
20
4431.788133
70
0
0
VERTEX
8
ShapeString
10
8618.349282
20
4440.693312
70
0
0
VERTEX
8
ShapeString
10
8610.644871
20
4449.268250
70
0
0
VERTEX
8
ShapeString
10
8602.487810
20
4457.493055
70
0
0
VERTEX
8
ShapeString
10
8593.884743
20
4465.347833
70
0
0
VERTEX
8
ShapeString
10
8584.842311
20
4472.812692
70
0
0
VERTEX
8
ShapeString
10
8575.367156
20
4479.867740
70
0
0
VERTEX
8
ShapeString
10
8570.469383
20
4483.235368
70
0
0
VERTEX
8
ShapeString
10
8565.465920
20
4486.493083
70
0
0
VERTEX
8
ShapeString
10
8560.357598
20
4489.638399
70
0
0
VERTEX
8
ShapeString
10
8555.145246
20
4492.668829
70
0
0
VERTEX
8
ShapeString
10
8549.829696
20
4495.581887
70
0
0
VERTEX
8
ShapeString
10
8544.411776
20
4498.375085
70
0
0
VERTEX
8
ShapeString
10
8538.924932
20
4501.030334
70
0
0
VERTEX
8
ShapeString
10
8533.403710
20
4503.531752
70
0
0
VERTEX
8
ShapeString
10
8527.850598
20
4505.880169
70
0
0
VERTEX
8
ShapeString
10
8522.268082
20
4508.076415
70
0
0
VERTEX
8
ShapeString
10
8516.658651
20
4510.121317
70
0
0
VERTEX
8
ShapeString
10
8511.024790
20
4512.015706
70
0
0
VERTEX
8
ShapeString
10
8499.693728
20
4515.356259
70
0
0
VERTEX
8
ShapeString
10
8488.294793
20
4518.104707
70
0
0
VERTEX
8
ShapeString
10
8476.847879
20
4520.267685
70
0
0
VERTEX
8
ShapeString
10
8465.372882
20
4521.851825
70
0
0
VERTEX
8
ShapeString
10
8453.889699
20
4522.863760
70
0
0
VERTEX
8
ShapeString
10
8442.418224
20
4523.310125
70
0
0
VERTEX
8
ShapeString
10
8430.978354
20
4523.197551
70
0
0
VERTEX
8
ShapeString
10
8419.589983
20
4522.532674
70
0
0
VERTEX
8
ShapeString
10
8408.273007
20
4521.322126
70
0
0
VERTEX
8
ShapeString
10
8397.047323
20
4519.572540
70
0
0
VERTEX
8
ShapeString
10
8385.932826
20
4517.290551
70
0
0
VERTEX
8
ShapeString
10
8374.949411
20
4514.482790
70
0
0
VERTEX
8
ShapeString
10
8364.116973
20
4511.155893
70
0
0
VERTEX
8
ShapeString
10
8353.455410
20
4507.316491
70
0
0
VERTEX
8
ShapeString
10
8342.984615
20
4502.971219
70
0
0
VERTEX
8
ShapeString
10
8332.724485
20
4498.126710
70
0
0
VERTEX
8
ShapeString
10
8322.694916
20
4492.789597
70
0
0
VERTEX
8
ShapeString
10
8312.915803
20
4486.966514
70
0
0
VERTEX
8
ShapeString
10
8303.407041
20
4480.664093
70
0
0
VERTEX
8
ShapeString
10
8294.188527
20
4473.888969
70
0
0
VERTEX
8
ShapeString
10
8285.280155
20
4466.647775
70
0
0
VERTEX
8
ShapeString
10
8276.701822
20
4458.947144
70
0
0
VERTEX
8
ShapeString
10
8268.473423
20
4450.793710
70
0
0
VERTEX
8
ShapeString
10
8260.614854
20
4442.194105
70
0
0
VERTEX
8
ShapeString
10
8253.146010
20
4433.154964
70
0
0
VERTEX
8
ShapeString
10
8246.086787
20
4423.682920
70
0
0
VERTEX
8
ShapeString
10
8242.717001
20
4418.786632
70
0
0
VERTEX
8
ShapeString
10
8239.457081
20
4413.784605
70
0
0
VERTEX
8
ShapeString
10
8236.309513
20
4408.677670
70
0
0
VERTEX
8
ShapeString
10
8233.276786
20
4403.466654
70
0
0
VERTEX
8
ShapeString
10
8230.361386
20
4398.152388
70
0
0
VERTEX
8
ShapeString
10
8227.565800
20
4392.735700
70
0
0
SEQEND
8
ShapeString
0
POLYLINE
8
ShapeString
62
7
70
0
10
0.000000
20
0.000000
66
1
0
VERTEX
8
ShapeString
10
8227.565800
20
4392.735700
70
0
0
VERTEX
8
ShapeString
10
8207.376764
20
4356.235717
70
0
0
VERTEX
8
ShapeString
10
8187.570671
20
4319.564271
70
0
0
VERTEX
8
ShapeString
10
8168.148107
20
4282.724383
70
0
0
VERTEX
8
ShapeString
10
8149.109658
20
4245.719076
70
0
0
VERTEX
8
ShapeString
10
8130.455911
20
4208.551371
70
0
0
VERTEX
8
ShapeString
10
8112.187450
20
4171.224289
70
0
0
VERTEX
8
ShapeString
10
8094.304863
20
4133.740853
70
0
0
VERTEX
8
ShapeString
10
8076.808735
20
4096.104084
70
0
0
VERTEX
8
ShapeString
10
8059.699653
20
4058.317003
70
0
0
VERTEX
8
ShapeString
10
8042.978201
20
4020.382633
70
0
0
VERTEX
8
ShapeString
10
8026.644967
20
3982.303994
70
0
0
VERTEX
8
ShapeString
10
8010.700536
20
3944.084110
70
0
0
VERTEX
8
ShapeString
10
7995.145494
20
3905.726000
70
0
0
VERTEX
8
ShapeString
10
7979.980428
20
3867.232687
70
0
0
VERTEX
8
ShapeString
10
7965.205923
20
3828.607193
70
0
0
VERTEX
8
ShapeString
10
7950.822566
20
3789.852539
70
0
0
VERTEX
8
ShapeString
10
7936.830942
20
3750.971748
70
0
0
VERTEX
8
ShapeString
10
7923.231637
20
3711.967839
70
0
0
VERTEX
8
ShapeString
10
7910.025238
20
3672.843836
70
0
0
VERTEX
8
ShapeString
10
7897.212330
20
3633.602760
70
0
0
VERTEX
8
ShapeString
10
7884.793500
20
3594.247632
70
0
0
VERTEX
8
ShapeString
10
7872.769334
20
3554.781474
70
0
0
VERTEX
8
ShapeString
10
7861.140417
20
3515.207309
70
0
0
VERTEX
8
ShapeString
10
7849.907335
20
3475.528156
70
0
0
VERTEX
8
ShapeString
10
7839.070676
20
3435.747039
70
0
0
VERTEX
8
ShapeString
10
7828.631023
20
3395.866979
70
0
0
VERTEX
8
ShapeString
10
7818.588965
20
3355.890997
70
0
0
VERTEX
8
ShapeString
10
7808.945086
20
3315.822115
70
0
0
VERTEX
8
ShapeString
10
7799.699973
20
3275.663356
70
0
0
VERTEX
8
ShapeString
10
7790.854211
20
3235.417739
70
0
0
VERTEX
8
ShapeString
10
7782.408388
20
3195.088288
70
0
0
VERTEX
8
ShapeString
10
7774.363088
20
3154.678023
70
0
0
VERTEX
8
ShapeString
10
7766.718898
20
3114.189967
70
0
0
VERTEX
8
ShapeString
10
7759.476403
20
3073.627141
70
0
0
VERTEX
8
ShapeString
10
7752.636191
20
3032.992567
70
0
0
VERTEX
8
ShapeString
10
7746.198846
20
2992.289266
70
0
0
VERTEX
8
ShapeString
10
7740.164955
20
2951.520260
70
0
0
VERTEX
8
ShapeString
10
7734.535104
20
2910.688571
70
0
0
VERTEX
8
ShapeString
10
7729.309880
20
2869.797220
70
0
0
VERTEX
8
ShapeString
10
7724.489867
20
2828.849229
70
0
0
VERTEX
8
ShapeString
10
7720.075652
20
2787.847620
70
0
0
VERTEX
8
ShapeString
10
7716.067821
20
2746.795414
70
0
0
VERTEX
8
ShapeString
10
7712.466960
20
2705.695633
70
0
0
VERTEX
8
ShapeString
10
7709.273655
20
2664.551299
70
0
0
VERTEX
8
ShapeString
10
7706.488492
20
2623.365434
70
0
0
VERTEX
8
ShapeString
10
7704.112057
20
2582.141058
70
0
0
VERTEX
8
ShapeString
10
7702.144936
20
2540.881194
70
0
0
VERTEX
8
ShapeString
10
7700.587716
20
2499.588863
70
0
0
VERTEX
8
ShapeString
10
7699.440981
20
2458.267087
70
0
0
VERTEX
8
ShapeString
10
7698.705319
20
2416.918888
70
0
0
VERTEX
8
ShapeString
10
7698.381315
20
2375.547287
70
0
0
VERTEX
8
ShapeString
10
7698.469555
20
2334.155305
70
0
0
VERTEX
8
ShapeString
10
7698.970626
20
2292.745966
70
0
0
VERTEX
8
ShapeString
10
7699.885113
20
2251.322290
70
0
0
VERTEX
8
ShapeString
10
7701.213602
20
2209.887298
70
0
0
VERTEX
8
ShapeString
10
7702.956679
20
2168.444013
70
0
0
VERTEX
8
ShapeString
10
7705.114931
20
2126.995457
70
0
0
VERTEX
8
ShapeString
10
7707.688943
20
2085.544650
70
0
0
VERTEX
8
ShapeString
10
7710.679301
20
2044.094615
70
0
0
VERTEX
8
ShapeString
10
7714.086592
20
2002.648373
70
0
0
VERTEX
8
ShapeString
10
7717.911401
20
1961.208946
70
0
0
VERTEX
8
ShapeString
10
7722.154315
20
1919.779355
70
0
0
VERTEX
8
ShapeString
10
7726.815919
20
1878.362623
70
0
0
VERTEX
8
ShapeString
10
7731.896800
20
1836.961770
70
0
0
SEQEND
8
ShapeString
0
POLYLINE
8
ShapeString
62
7
70
0
10
0.000000
20
0.000000
66
1
0
VERTEX
8
ShapeString
10
8650.190800
20
4181.575700
70
0
0
VERTEX
8
ShapeString
10
8631.656297
20
4148.508372
70
0
0
VERTEX
8
ShapeString
10
8613.478524
20
4115.279890
70
0
0
VERTEX
8
ShapeString
10
8595.658035
20
4081.893145
70
0
0
VERTEX
8
ShapeString
10
8578.195381
20
4048.351027
70
0
0
VERTEX
8
ShapeString
10
8561.091117
20
4014.656427
70
0
0
VERTEX
8
ShapeString
10
8544.345795
20
3980.812238
70
0
0
VERTEX
8
ShapeString
10
8527.959969
20
3946.821350
70
0
0
VERTEX
8
ShapeString
10
8511.934191
20
3912.686654
70
0
0
VERTEX
8
ShapeString
10
8496.269015
20
3878.411042
70
0
0
VERTEX
8
ShapeString
10
8480.964994
20
3843.997404
70
0
0
VERTEX
8
ShapeString
10
8466.022682
20
3809.448633
70
0
0
VERTEX
8
ShapeString
10
8451.442630
20
3774.767618
70
0
0
VERTEX
8
ShapeString
10
8437.225393
20
3739.957251
70
0
0
VERTEX
8
ShapeString
10
8423.371523
20
3705.020423
70
0
0
VERTEX
8
ShapeString
10
8409.881574
20
3669.960026
70
0
0
VERTEX
8
ShapeString
10
8396.756098
20
3634.778951
70
0
0
VERTEX
8
ShapeString
10
8383.995649
20
3599.480088
70
0
0
VERTEX
8
ShapeString
10
8371.600781
20
3564.066329
70
0
0
VERTEX
8
ShapeString
10
8359.572045
20
3528.540565
70
0
0
VERTEX
8
ShapeString
10
8347.909995
20
3492.905688
70
0
0
VERTEX
8
ShapeString
10
8336.615185
20
3457.164588
70
0
0
VERTEX
8
ShapeString
10
8325.688167
20
3421.320156
70
0
0
VERTEX
8
ShapeString
10
8315.129495
20
3385.375284
70
0
0
VERTEX
8
ShapeString
10
8304.939722
20
3349.332863
70
0
0
VERTEX
8
ShapeString
10
8295.119400
20
3313.195784
70
0
0
VERTEX
8
ShapeString
10
8285.669084
20
3276.966938
70
0
0
VERTEX
8
ShapeString
10
8276.589325
20
3240.649216
70
0
0
VERTEX
8
ShapeString
10
8267.880677
20
3204.245510
70
0
0
VERTEX
8
ShapeString
10
8259.543694
20
3167.758710
70
0
0
VERTEX
8
ShapeString
10
8251.578929
20
3131.191709
70
0
0
VERTEX
8
ShapeString
10
8243.986934
20
3094.547396
70
0
0
VERTEX
8
ShapeString
10
8236.768262
20
3057.828663
70
0
0
VERTEX
8
ShapeString
10
8229.923468
20
3021.038402
70
0
0
VERTEX
8
ShapeString
10
8223.453103
20
2984.179503
70
0
0
VERTEX
8
ShapeString
10
8217.357722
20
2947.254858
70
0
0
VERTEX
8
ShapeString
10
8211.637877
20
2910.267357
70
0
0
VERTEX
8
ShapeString
10
8206.294121
20
2873.219893
70
0
0
VERTEX
8
ShapeString
10
8201.327007
20
2836.115355
70
0
0
VERTEX
8
ShapeString
10
8196.737089
20
2798.956636
70
0
0
VERTEX
8
ShapeString
10
8192.524920
20
2761.746626
70
0
0
VERTEX
8
ShapeString
10
8188.691053
20
2724.488217
70
0
0
VERTEX
8
ShapeString
10
8185.236040
20
2687.184299
70
0
0
VERTEX
8
ShapeString
10
8182.160436
20
2649.837764
70
0
0
VERTEX
8
ShapeString
10
8179.464793
20
2612.451504
70
0
0
VERTEX
8
ShapeString
10
8177.149664
20
2575.028408
70
0
0
VERTEX
8
ShapeString
10
8175.215603
20
2537.571369
70
0
0
VERTEX
8
ShapeString
10
8173.663162
20
2500.083277
70
0
0
VERTEX
8
ShapeString
10
8172.492895
20
2462.567024
70
0
0
VERTEX
8
ShapeString
10
8171.705355
20
2425.025501
70
0
0
VERTEX
8
ShapeString
10
8171.301095
20
2387.461599
70
0
0
VERTEX
8
ShapeString
10
8171.280668
20
2349.878209
70
0
0
VERTEX
8
ShapeString
10
8171.644627
20
2312.278222
70
0
0
VERTEX
8
ShapeString
10
8172.393526
20
2274.664530
70
0
0
VERTEX
8
ShapeString
10
8173.527917
20
2237.040023
70
0
0
VERTEX
8
ShapeString
10
8175.048353
20
2199.407593
70
0
0
VERTEX
8
ShapeString
10
8176.955389
20
2161.770131
70
0
0
VERTEX
8
ShapeString
10
8179.249576
20
2124.130528
70
0
0
VERTEX
8
ShapeString
10
8181.931468
20
2086.491676
70
0
0
VERTEX
8
ShapeString
10
8185.001618
20
2048.856464
70
0
0
VERTEX
8
ShapeString
10
8188.460579
20
2011.227786
70
0
0
VERTEX
8
ShapeString
10
8192.308905
20
1973.608531
70
0
0
VERTEX
8
ShapeString
10
8196.547149
20
1936.001591
70
0
0
VERTEX
8
ShapeString
10
8201.175862
20
1898.409857
70
0
0
VERTEX
8
ShapeString
10
8206.195600
20
1860.836220
70
0
0
SEQEND
8
ShapeString
0
POLYLINE
8
ShapeString
62
7
70
0
10
0.000000
20
0.000000
66
1
0
VERTEX
8
ShapeString
10
7786.981700
20
1703.678820
70
0
0
VERTEX
8
ShapeString
10
7784.812012
20
1704.426144
70
0
0
VERTEX
8
ShapeString
10
7782.604391
20
1704.717816
70
0
0
VERTEX
8
ShapeString
10
7780.419207
20
1704.576056
70
0
0
VERTEX
8
ShapeString
10
7778.316830
20
1704.023084
70
0
0
VERTEX
8
ShapeString
10
7776.357628
20
1703.081119
70
0
0
VERTEX
8
ShapeString
10
7774.601971
20
1701.772381
70
0
0
VERTEX
8
ShapeString
10
7773.110229
20
1700.119092
70
0
0
VERTEX
8
ShapeString
10
7771.942770
20
1698.143470
70
0
0
VERTEX
8
ShapeString
10
7771.192761
20
1695.974709
70
0
0
VERTEX
8
ShapeString
10
7770.898356
20
1693.767451
70
0
0
VERTEX
8
ShapeString
10
7771.037411
20
1691.582093
70
0
0
VERTEX
8
ShapeString
10
7771.587781
20
1689.479033
70
0
0
VERTEX
8
ShapeString
10
7772.527320
20
1687.518667
70
0
0
VERTEX
8
ShapeString
10
7773.833883
20
1685.761391
70
0
0
VERTEX
8
ShapeString
10
7775.485325
20
1684.267603
70
0
0
VERTEX
8
ShapeString
10
7777.459500
20
1683.097700
70
0
0
VERTEX
8
ShapeString
10
7779.629188
20
1682.350376
70
0
0
VERTEX
8
ShapeString
10
7781.836809
20
1682.058704
70
0
0
VERTEX
8
ShapeString
10
7784.021993
20
1682.200464
70
0
0
VERTEX
8
ShapeString
10
7786.124370
20
1682.753436
70
0
0
VERTEX
8
ShapeString
10
7788.083572
20
1683.695401
70
0
0
VERTEX
8
ShapeString
10
7789.839229
20
1685.004139
70
0
0
VERTEX
8
ShapeString
10
7791.330971
20
1686.657428
70
0
0
VERTEX
8
ShapeString
10
7792.498430
20
1688.633050
70
0
0
VERTEX
8
ShapeString
10
7793.248439
20
1690.801811
70
0
0
VERTEX
8
ShapeString
10
7793.542844
20
1693.009069
70
0
0
VERTEX
8
ShapeString
10
7793.403789
20
1695.194427
70
0
0
VERTEX
8
ShapeString
10
7792.853419
20
1697.297487
70
0
0
VERTEX
8
ShapeString
10
7791.913880
20
1699.257853
70
0
0
VERTEX
8
ShapeString
10
7790.607317
20
1701.015129
70
0
0
VERTEX
8
ShapeString
10
7788.955875
20
1702.508917
70
0
0
VERTEX
8
ShapeString
10
7786.981700
20
1703.678820
70
0
0
VERTEX
8
ShapeString
10
7786.981700
20
1703.678820
70
0
0
SEQEND
8
ShapeString
0
POLYLINE
8
ShapeString
62
7
70
0
10
0.000000
20
0.000000
66
1
0
VERTEX
8
ShapeString
10
8193.597000
20
1790.341270
70
0
0
VERTEX
8
ShapeString
10
8191.428150
20
1791.085856
70
0
0
VERTEX
8
ShapeString
10
8189.221801
20
1791.375418
70
0
0
VERTEX
8
ShapeString
10
8187.038185
20
1791.232160
70
0
0
VERTEX
8
ShapeString
10
8184.937536
20
1790.678291
70
0
0
VERTEX
8
ShapeString
10
8182.980084
20
1789.736016
70
0
0
VERTEX
8
ShapeString
10
8181.226062
20
1788.427541
70
0
0
VERTEX
8
ShapeString
10
8179.735702
20
1786.775074
70
0
0
VERTEX
8
ShapeString
10
8178.569236
20
1784.800820
70
0
0
VERTEX
8
ShapeString
10
8177.819619
20
1782.633703
70
0
0
VERTEX
8
ShapeString
10
8177.524939
20
1780.428032
70
0
0
VERTEX
8
ShapeString
10
8177.663129
20
1778.244090
70
0
0
VERTEX
8
ShapeString
10
8178.212122
20
1776.142161
70
0
0
VERTEX
8
ShapeString
10
8179.149853
20
1774.182528
70
0
0
VERTEX
8
ShapeString
10
8180.454254
20
1772.425474
70
0
0
VERTEX
8
ShapeString
10
8182.103258
20
1770.931284
70
0
0
VERTEX
8
ShapeString
10
8184.074800
20
1769.760240
70
0
0
VERTEX
8
ShapeString
10
8186.243650
20
1769.015654
70
0
0
VERTEX
8
ShapeString
10
8188.449999
20
1768.726092
70
0
0
VERTEX
8
ShapeString
10
8190.633615
20
1768.869350
70
0
0
VERTEX
8
ShapeString
10
8192.734264
20
1769.423219
70
0
0
VERTEX
8
ShapeString
10
8194.691716
20
1770.365494
70
0
0
VERTEX
8
ShapeString
10
8196.445738
20
1771.673969
70
0
0
VERTEX
8
ShapeString
10
8197.936098
20
1773.326436
70
0
0
VERTEX
8
ShapeString
10
8199.102564
20
1775.300690
70
0
0
VERTEX
8
ShapeString
10
8199.852181
20
1777.467807
70
0
0
VERTEX
8
ShapeString
10
8200.146861
20
1779.673478
70
0
0
VERTEX
8
ShapeString
10
8200.008671
20
1781.857420
70
0
0
VERTEX
8
ShapeString
10
8199.459678
20
1783.959349
70
0
0
VERTEX
8
ShapeString
10
8198.521947
20
1785.918982
70
0
0
VERTEX
8
ShapeString
10
8197.217546
20
1787.676036
70
0
0
VERTEX
8
ShapeString
10
8195.568542
20
1789.170226
70
0
0
VERTEX
8
ShapeString
10
8193.597000
20
1790.341270
70
0
0
VERTEX
8
ShapeString
10
8193.597000
20
1790.341270
70
0
0
SEQEND
8
ShapeString
0
POLYLINE
8
ShapeString
62
7
70
0
10
0.000000
20
0.000000
66
1
0
VERTEX
8
ShapeString
10
7900.273800
20
1307.964632
70
0
0
VERTEX
8
ShapeString
10
7898.104112
20
1308.711956
70
0
0
VERTEX
8
ShapeString
10
7895.896491
20
1309.003628
70
0
0
VERTEX
8
ShapeString
10
7893.711307
20
1308.861868
70
0
0
VERTEX
8
ShapeString
10
7891.608930
20
1308.308896
70
0
0
VERTEX
8
ShapeString
10
7889.649728
20
1307.366931
70
0
0
VERTEX
8
ShapeString
10
7887.894071
20
1306.058193
70
0
0
VERTEX
8
ShapeString
10
7886.402329
20
1304.404904
70
0
0
VERTEX
8
ShapeString
10
7885.234870
20
1302.429282
70
0
0
VERTEX
8
ShapeString
10
7884.484861
20
1300.260521
70
0
0
VERTEX
8
ShapeString
10
7884.190456
20
1298.053263
70
0
0
VERTEX
8
ShapeString
10
7884.329511
20
1295.867905
70
0
0
VERTEX
8
ShapeString
10
7884.879881
20
1293.764845
70
0
0
VERTEX
8
ShapeString
10
7885.819420
20
1291.804479
70
0
0
VERTEX
8
ShapeString
10
7887.125983
20
1290.047203
70
0
0
VERTEX
8
ShapeString
10
7888.777425
20
1288.553415
70
0
0
VERTEX
8
ShapeString
10
7890.751600
20
1287.383512
70
0
0
VERTEX
8
ShapeString
10
7892.921288
20
1286.636188
70
0
0
VERTEX
8
ShapeString
10
7895.128909
20
1286.344516
70
0
0
VERTEX
8
ShapeString
10
7897.314093
20
1286.486276
70
0
0
VERTEX
8
ShapeString
10
7899.416470
20
1287.039248
70
0
0
VERTEX
8
ShapeString
10
7901.375672
20
1287.981213
70
0
0
VERTEX
8
ShapeString
10
7903.131329
20
1289.289951
70
0
0
VERTEX
8
ShapeString
10
7904.623071
20
1290.943240
70
0
0
VERTEX
8
ShapeString
10
7905.790530
20
1292.918862
70
0
0
VERTEX
8
ShapeString
10
7906.540539
20
1295.087623
70
0
0
VERTEX
8
ShapeString
10
7906.834944
20
1297.294881
70
0
0
VERTEX
8
ShapeString
10
7906.695889
20
1299.480239
70
0
0
VERTEX
8
ShapeString
10
7906.145519
20
1301.583299
70
0
0
VERTEX
8
ShapeString
10
7905.205980
20
1303.543665
70
0
0
VERTEX
8
ShapeString
10
7903.899417
20
1305.300941
70
0
0
VERTEX
8
ShapeString
10
7902.247975
20
1306.794729
70
0
0
VERTEX
8
ShapeString
10
7900.273800
20
1307.964632
70
0
0
VERTEX
8
ShapeString
10
7900.273800
20
1307.964632
70
0
0
SEQEND
8
ShapeString
0
POLYLINE
8
ShapeString
62
7
70
0
10
0.000000
20
0.000000
66
1
0
VERTEX
8
ShapeString
10
8021.357000
20
976.970500
70
0
0
VERTEX
8
ShapeString
10
8019.188278
20
977.714666
70
0
0
VERTEX
8
ShapeString
10
8016.982124
20
978.003903
70
0
0
VERTEX
8
ShapeString
10
8014.798750
20
977.860415
70
0
0
VERTEX
8
ShapeString
10
8012.698365
20
977.306407
70
0
0
VERTEX
8
ShapeString
10
8010.741182
20
976.364084
70
0
0
VERTEX
8
ShapeString
10
8008.987411
20
975.055650
70
0
0
VERTEX
8
ShapeString
10
8007.497264
20
973.403308
70
0
0
VERTEX
8
ShapeString
10
8006.330951
20
971.429264
70
0
0
VERTEX
8
ShapeString
10
8005.581394
20
969.262400
70
0
0
VERTEX
8
ShapeString
10
8005.286671
20
967.056972
70
0
0
VERTEX
8
ShapeString
10
8005.424728
20
964.873247
70
0
0
VERTEX
8
ShapeString
10
8005.973510
20
962.771491
70
0
0
VERTEX
8
ShapeString
10
8006.910963
20
960.811971
70
0
0
VERTEX
8
ShapeString
10
8008.215032
20
959.054951
70
0
0
VERTEX
8
ShapeString
10
8009.863663
20
957.560699
70
0
0
VERTEX
8
ShapeString
10
8011.834800
20
956.389480
70
0
0
VERTEX
8
ShapeString
10
8014.003522
20
955.645314
70
0
0
VERTEX
8
ShapeString
10
8016.209676
20
955.356077
70
0
0
VERTEX
8
ShapeString
10
8018.393050
20
955.499565
70
0
0
VERTEX
8
ShapeString
10
8020.493435
20
956.053573
70
0
0
VERTEX
8
ShapeString
10
8022.450618
20
956.995896
70
0
0
VERTEX
8
ShapeString
10
8024.204389
20
958.304330
70
0
0
VERTEX
8
ShapeString
10
8025.694536
20
959.956672
70
0
0
VERTEX
8
ShapeString
10
8026.860849
20
961.930716
70
0
0
VERTEX
8
ShapeString
10
8027.610406
20
964.097580
70
0
0
VERTEX
8
ShapeString
10
8027.905129
20
966.303008
70
0
0
VERTEX
8
ShapeString
10
8027.767072
20
968.486733
70
0
0
VERTEX
8
ShapeString
10
8027.218290
20
970.588489
70
0
0
VERTEX
8
ShapeString
10
8026.280837
20
972.548009
70
0
0
VERTEX
8
ShapeString
10
8024.976768
20
974.305029
70
0
0
VERTEX
8
ShapeString
10
8023.328137
20
975.799281
70
0
0
VERTEX
8
ShapeString
10
8021.357000
20
976.970500
70
0
0
VERTEX
8
ShapeString
10
8021.357000
20
976.970500
70
0
0
SEQEND
8
ShapeString
0
POLYLINE
8
ShapeString
62
7
70
0
10
0.000000
20
0.000000
66
1
0
VERTEX
8
ShapeString
10
8391.727900
20
1137.310530
70
0
0
VERTEX
8
ShapeString
10
8389.557264
20
1138.061000
70
0
0
VERTEX
8
ShapeString
10
8387.348195
20
1138.355101
70
0
0
VERTEX
8
ShapeString
10
8385.161220
20
1138.215068
70
0
0
VERTEX
8
ShapeString
10
8383.056867
20
1137.663136
70
0
0
VERTEX
8
ShapeString
10
8381.095660
20
1136.721540
70
0
0
VERTEX
8
ShapeString
10
8379.338128
20
1135.412515
70
0
0
VERTEX
8
ShapeString
10
8377.844796
20
1133.758297
70
0
0
VERTEX
8
ShapeString
10
8376.676190
20
1131.781120
70
0
0
VERTEX
8
ShapeString
10
8375.925720
20
1129.610484
70
0
0
VERTEX
8
ShapeString
10
8375.631619
20
1127.401415
70
0
0
VERTEX
8
ShapeString
10
8375.771652
20
1125.214440
70
0
0
VERTEX
8
ShapeString
10
8376.323584
20
1123.110087
70
0
0
VERTEX
8
ShapeString
10
8377.265180
20
1121.148880
70
0
0
VERTEX
8
ShapeString
10
8378.574205
20
1119.391348
70
0
0
VERTEX
8
ShapeString
10
8380.228423
20
1117.898016
70
0
0
VERTEX
8
ShapeString
10
8382.205600
20
1116.729410
70
0
0
VERTEX
8
ShapeString
10
8383.610554
20
1116.189247
70
0
0
VERTEX
8
ShapeString
10
8385.055398
20
1115.843355
70
0
0
VERTEX
8
ShapeString
10
8386.521132
20
1115.690016
70
0
0
VERTEX
8
ShapeString
10
8387.988753
20
1115.727509
70
0
0
VERTEX
8
ShapeString
10
8389.439259
20
1115.954115
70
0
0
VERTEX
8
ShapeString
10
8390.853647
20
1116.368115
70
0
0
VERTEX
8
ShapeString
10
8392.212915
20
1116.967787
70
0
0
VERTEX
8
ShapeString
10
8393.498061
20
1117.751414
70
0
0
VERTEX
8
ShapeString
10
8394.668334
20
1118.698057
70
0
0
VERTEX
8
ShapeString
10
8395.690307
20
1119.776384
70
0
0
VERTEX
8
ShapeString
10
8396.555970
20
1120.969077
70
0
0
VERTEX
8
ShapeString
10
8397.257310
20
1122.258820
70
0
0
VERTEX
8
ShapeString
10
8397.786316
20
1123.628298
70
0
0
VERTEX
8
ShapeString
10
8398.134976
20
1125.060194
70
0
0
VERTEX
8
ShapeString
10
8398.295278
20
1126.537191
70
0
0
VERTEX
8
ShapeString
10
8398.259211
20
1128.041973
70
0
0
VERTEX
8
ShapeString
10
8398.024530
20
1129.528781
70
0
0
VERTEX
8
ShapeString
10
8397.601659
20
1130.952999
70
0
0
VERTEX
8
ShapeString
10
8397.001587
20
1132.299031
70
0
0
VERTEX
8
ShapeString
10
8396.235307
20
1133.551281
70
0
0
VERTEX
8
ShapeString
10
8395.313807
20
1134.694153
70
0
0
VERTEX
8
ShapeString
10
8394.248079
20
1135.712049
70
0
0
VERTEX
8
ShapeString
10
8393.049113
20
1136.589374
70
0
0
VERTEX
8
ShapeString
10
8391.727900
20
1137.310530
70
0
0
VERTEX
8
ShapeString
10
8391.727900
20
1137.310530
70
0
0
SEQEND
8
ShapeString
0
POLYLINE
8
ShapeString
62
7
70
0
10
0.000000
20
0.000000
66
1
0
VERTEX
8
ShapeString
10
8025.204200
20
1822.474060
70
0
0
VERTEX
8
ShapeString
10
8020.739763
20
1824.403695
70
0
0
VERTEX
8
ShapeString
10
8016.231690
20
1826.086980
70
0
0
VERTEX
8
ShapeString
10
8011.687859
20
1827.526809
70
0
0
VERTEX
8
ShapeString
10
8007.116151
20
1828.726078
70
0
0
VERTEX
8
ShapeString
10
8002.524445
20
1829.687681
70
0
0
VERTEX
8
ShapeString
10
7997.920620
20
1830.414514
70
0
0
VERTEX
8
ShapeString
10
7993.312557
20
1830.909471
70
0
0
VERTEX
8
ShapeString
10
7988.708135
20
1831.175449
70
0
0
VERTEX
8
ShapeString
10
7984.115233
20
1831.215341
70
0
0
VERTEX
8
ShapeString
10
7979.541732
20
1831.032043
70
0
0
VERTEX
8
ShapeString
10
7974.995509
20
1830.628450
70
0
0
VERTEX
8
ShapeString
10
7970.484446
20
1830.007457
70
0
0
VERTEX
8
ShapeString
10
7966.016422
20
1829.171960
70
0
0
VERTEX
8
ShapeString
10
7961.599317
20
1828.124852
70
0
0
VERTEX
8
ShapeString
10
7957.241009
20
1826.869030
70
0
0
VERTEX
8
ShapeString
10
7952.949379
20
1825.407388
70
0
0
VERTEX
8
ShapeString
10
7948.732306
20
1823.742821
70
0
0
VERTEX
8
ShapeString
10
7944.597669
20
1821.878225
70
0
0
VERTEX
8
ShapeString
10
7940.553350
20
1819.816494
70
0
0
VERTEX
8
ShapeString
10
7936.607226
20
1817.560524
70
0
0
VERTEX
8
ShapeString
10
7932.767177
20
1815.113210
70
0
0
VERTEX
8
ShapeString
10
7929.041084
20
1812.477446
70
0
0
VERTEX
8
ShapeString
10
7925.436825
20
1809.656128
70
0
0
VERTEX
8
ShapeString
10
7921.962281
20
1806.652150
70
0
0
VERTEX
8
ShapeString
10
7918.625330
20
1803.468409
70
0
0
VERTEX
8
ShapeString
10
7915.433853
20
1800.107799
70
0
0
VERTEX
8
ShapeString
10
7912.395729
20
1796.573214
70
0
0
VERTEX
8
ShapeString
10
7909.518838
20
1792.867551
70
0
0
VERTEX
8
ShapeString
10
7906.811059
20
1788.993703
70
0
0
VERTEX
8
ShapeString
10
7904.280271
20
1784.954567
70
0
0
VERTEX
8
ShapeString
10
7901.934355
20
1780.753037
70
0
0
VERTEX
8
ShapeString
10
7899.781191
20
1776.392009
70
0
0
VERTEX
8
ShapeString
10
7897.851166
20
1771.927740
70
0
0
VERTEX
8
ShapeString
10
7896.167488
20
1767.419814
70
0
0
VERTEX
8
ShapeString
10
7894.727262
20
1762.876109
70
0
0
VERTEX
8
ShapeString
10
7893.527595
20
1758.304505
70
0
0
VERTEX
8
ShapeString
10
7892.565591
20
1753.712883
70
0
0
VERTEX
8
ShapeString
10
7891.838357
20
1749.109122
70
0
0
VERTEX
8
ShapeString
10
7891.342997
20
1744.501102
70
0
0
VERTEX
8
ShapeString
10
7891.076618
20
1739.896703
70
0
0
VERTEX
8
ShapeString
10
7891.036325
20
1735.303805
70
0
0
VERTEX
8
ShapeString
10
7891.219224
20
1730.730287
70
0
0
VERTEX
8
ShapeString
10
7891.622420
20
1726.184030
70
0
0
VERTEX
8
ShapeString
10
7892.243020
20
1721.672913
70
0
0
VERTEX
8
ShapeString
10
7893.078127
20
1717.204816
70
0
0
VERTEX
8
ShapeString
10
7894.124850
20
1712.787619
70
0
0
VERTEX
8
ShapeString
10
7895.380292
20
1708.429202
70
0
0
VERTEX
8
ShapeString
10
7896.841559
20
1704.137444
70
0
0
VERTEX
8
ShapeString
10
7898.505758
20
1699.920226
70
0
0
VERTEX
8
ShapeString
10
7900.369994
20
1695.785427
70
0
0
VERTEX
8
ShapeString
10
7902.431372
20
1691.740927
70
0
0
VERTEX
8
ShapeString
10
7904.686997
20
1687.794606
70
0
0
VERTEX
8
ShapeString
10
7907.133977
20
1683.954344
70
0
0
VERTEX
8
ShapeString
10
7909.769416
20
1680.228021
70
0
0
VERTEX
8
ShapeString
10
7912.590419
20
1676.623516
70
0
0
VERTEX
8
ShapeString
10
7915.594094
20
1673.148710
70
0
0
VERTEX
8
ShapeString
10
7918.777544
20
1669.811482
70
0
0
VERTEX
8
ShapeString
10
7922.137876
20
1666.619711
70
0
0
VERTEX
8
ShapeString
10
7925.672195
20
1663.581279
70
0
0
VERTEX
8
ShapeString
10
7929.377608
20
1660.704064
70
0
0
VERTEX
8
ShapeString
10
7933.251219
20
1657.995947
70
0
0
VERTEX
8
ShapeString
10
7937.290134
20
1655.464808
70
0
0
VERTEX
8
ShapeString
10
7941.491459
20
1653.118525
70
0
0
VERTEX
8
ShapeString
10
7945.852300
20
1650.964980
70
0
0
VERTEX
8
ShapeString
10
7950.316737
20
1649.035345
70
0
0
VERTEX
8
ShapeString
10
7954.824810
20
1647.352060
70
0
0
VERTEX
8
ShapeString
10
7959.368641
20
1645.912231
70
0
0
VERTEX
8
ShapeString
10
7963.940349
20
1644.712962
70
0
0
VERTEX
8
ShapeString
10
7968.532055
20
1643.751359
70
0
0
VERTEX
8
ShapeString
10
7973.135880
20
1643.024526
70
0
0
VERTEX
8
ShapeString
10
7977.743943
20
1642.529569
70
0
0
VERTEX
8
ShapeString
10
7982.348365
20
1642.263591
70
0
0
VERTEX
8
ShapeString
10
7986.941267
20
1642.223699
70
0
0
VERTEX
8
ShapeString
10
7991.514768
20
1642.406997
70
0
0
VERTEX
8
ShapeString
10
7996.060991
20
1642.810590
70
0
0
VERTEX
8
ShapeString
10
8000.572054
20
1643.431583
70
0
0
VERTEX
8
ShapeString
10
8005.040078
20
1644.267080
70
0
0
VERTEX
8
ShapeString
10
8009.457183
20
1645.314188
70
0
0
VERTEX
8
ShapeString
10
8013.815491
20
1646.570010
70
0
0
VERTEX
8
ShapeString
10
8018.107121
20
1648.031652
70
0
0
VERTEX
8
ShapeString
10
8022.324194
20
1649.696219
70
0
0
VERTEX
8
ShapeString
10
8026.458831
20
1651.560815
70
0
0
VERTEX
8
ShapeString
10
8030.503150
20
1653.622546
70
0
0
VERTEX
8
ShapeString
10
8034.449274
20
1655.878516
70
0
0
VERTEX
8
ShapeString
10
8038.289323
20
1658.325830
70
0
0
VERTEX
8
ShapeString
10
8042.015416
20
1660.961594
70
0
0
VERTEX
8
ShapeString
10
8045.619675
20
1663.782912
70
0
0
VERTEX
8
ShapeString
10
8049.094219
20
1666.786890
70
0
0
VERTEX
8
ShapeString
10
8052.431170
20
1669.970631
70
0
0
VERTEX
8
ShapeString
10
8055.622647
20
1673.331241
70
0
0
VERTEX
8
ShapeString
10
8058.660771
20
1676.865826
70
0
0
VERTEX
8
ShapeString
10
8061.537662
20
1680.571489
70
0
0
VERTEX
8
ShapeString
10
8064.245441
20
1684.445337
70
0
0
VERTEX
8
ShapeString
10
8066.776229
20
1688.484473
70
0
0
VERTEX
8
ShapeString
10
8069.122145
20
1692.686003
70
0
0
VERTEX
8
ShapeString
10
8071.275309
20
1697.047031
70
0
0
VERTEX
8
ShapeString
10
8073.205334
20
1701.511300
70
0
0
VERTEX
8
ShapeString
10
8074.889012
20
1706.019226
70
0
0
VERTEX
8
ShapeString
10
8076.329238
20
1710.562931
70
0
0
VERTEX
8
ShapeString
10
8077.528905
20
1715.134535
70
0
0
VERTEX
8
ShapeString
10
8078.490909
20
1719.726157
70
0
0
VERTEX
8
ShapeString
10
8079.218143
20
1724.329918
70
0
0
VERTEX
8
ShapeString
10
8079.713503
20
1728.937938
70
0
0
VERTEX
8
ShapeString
10
8079.979882
20
1733.542337
70
0
0
VERTEX
8
ShapeString
10
8080.020175
20
1738.135235
70
0
0
VERTEX
8
ShapeString
10
8079.837276
20
1742.708753
70
0
0
VERTEX
8
ShapeString
10
8079.434080
20
1747.255010
70
0
0
VERTEX
8
ShapeString
10
8078.813480
20
1751.766127
70
0
0
VERTEX
8
ShapeString
10
8077.978373
20
1756.234224
70
0
0
VERTEX
8
ShapeString
10
8076.931650
20
1760.651421
70
0
0
VERTEX
8
ShapeString
10
8075.676208
20
1765.009838
70
0
0
VERTEX
8
ShapeString
10
8074.214941
20
1769.301596
70
0
0
VERTEX
8
ShapeString
10
8072.550742
20
1773.518814
70
0
0
VERTEX
8
ShapeString
10
8070.686506
20
1777.653613
70
0
0
VERTEX
8
ShapeString
10
8068.625128
20
1781.698113
70
0
0
VERTEX
8
ShapeString
10
8066.369503
20
1785.644434
70
0
0
VERTEX
8
ShapeString
10
8063.922523
20
1789.484696
70
0
0
VERTEX
8
ShapeString
10
8061.287084
20
1793.211019
70
0
0
VERTEX
8
ShapeString
10
8058.466081
20
1796.815524
70
0
0
VERTEX
8
ShapeString
10
8055.462406
20
1800.290330
70
0
0
VERTEX
8
ShapeString
10
8052.278956
20
1803.627558
70
0
0
VERTEX
8
ShapeString
10
8048.918624
20
1806.819329
70
0
0
VERTEX
8
ShapeString
10
8045.384305
20
1809.857761
70
0
0
VERTEX
8
ShapeString
10
8041.678892
20
1812.734976
70
0
0
VERTEX
8
ShapeString
10
8037.805281
20
1815.443093
70
0
0
VERTEX
8
ShapeString
10
8033.766366
20
1817.974232
70
0
0
VERTEX
8
ShapeString
10
8029.565041
20
1820.320515
70
0
0
VERTEX
8
ShapeString
10
8025.204200
20
1822.474060
70
0
0
VERTEX
8
ShapeString
10
8025.204200
20
1822.474060
70
0
0
SEQEND
8
ShapeString
0
POLYLINE
8
ShapeString
62
7
70
0
10
0.000000
20
0.000000
66
1
0
VERTEX
8
ShapeString
10
7731.896800
20
1836.961770
70
0
0
VERTEX
8
ShapeString
10
7734.370354
20
1818.224947
70
0
0
VERTEX
8
ShapeString
10
7736.998109
20
1799.511402
70
0
0
VERTEX
8
ShapeString
10
7739.779879
20
1780.822082
70
0
0
VERTEX
8
ShapeString
10
7742.715480
20
1762.157932
70
0
0
VERTEX
8
ShapeString
10
7745.804726
20
1743.519899
70
0
0
VERTEX
8
ShapeString
10
7749.047433
20
1724.908929
70
0
0
VERTEX
8
ShapeString
10
7752.443415
20
1706.325969
70
0
0
VERTEX
8
ShapeString
10
7755.992487
20
1687.771965
70
0
0
VERTEX
8
ShapeString
10
7759.694464
20
1669.247863
70
0
0
VERTEX
8
ShapeString
10
7763.549161
20
1650.754610
70
0
0
VERTEX
8
ShapeString
10
7767.556393
20
1632.293152
70
0
0
VERTEX
8
ShapeString
10
7771.715975
20
1613.864436
70
0
0
VERTEX
8
ShapeString
10
7776.027721
20
1595.469407
70
0
0
VERTEX
8
ShapeString
10
7780.491448
20
1577.109012
70
0
0
VERTEX
8
ShapeString
10
7785.106969
20
1558.784198
70
0
0
VERTEX
8
ShapeString
10
7789.874100
20
1540.495910
70
0
0
SEQEND
8
ShapeString
0
POLYLINE
8
ShapeString
62
7
70
0
10
0.000000
20
0.000000
66
1
0
VERTEX
8
ShapeString
10
8206.195600
20
1860.836220
70
0
0
VERTEX
8
ShapeString
10
8208.881088
20
1842.138218
70
0
0
VERTEX
8
ShapeString
10
8211.741592
20
1823.467450
70
0
0
VERTEX
8
ShapeString
10
8214.776897
20
1804.825143
70
0
0
VERTEX
8
ShapeString
10
8217.986783
20
1786.212522
70
0
0
VERTEX
8
ShapeString
10
8221.371034
20
1767.630814
70
0
0
VERTEX
8
ShapeString
10
8224.929432
20
1749.081245
70
0
0
VERTEX
8
ShapeString
10
8228.661760
20
1730.565042
70
0
0
VERTEX
8
ShapeString
10
8232.567800
20
1712.083430
70
0
0
SEQEND
8
ShapeString
0
POLYLINE
8
ShapeString
62
7
70
0
10
0.000000
20
0.000000
66
1
0
VERTEX
8
ShapeString
10
8232.567800
20
1712.083430
70
0
0
VERTEX
8
ShapeString
10
8241.268592
20
1673.007033
70
0
0
VERTEX
8
ShapeString
10
8250.444242
20
1634.050180
70
0
0
VERTEX
8
ShapeString
10
8260.093378
20
1595.217142
70
0
0
VERTEX
8
ShapeString
10
8270.214630
20
1556.512187
70
0
0
VERTEX
8
ShapeString
10
8280.806626
20
1517.939583
70
0
0
VERTEX
8
ShapeString
10
8291.867996
20
1479.503601
70
0
0
VERTEX
8
ShapeString
10
8303.397369
20
1441.208508
70
0
0
VERTEX
8
ShapeString
10
8315.393372
20
1403.058575
70
0
0
VERTEX
8
ShapeString
10
8327.854636
20
1365.058069
70
0
0
VERTEX
8
ShapeString
10
8340.779789
20
1327.211260
70
0
0
VERTEX
8
ShapeString
10
8354.167460
20
1289.522417
70
0
0
VERTEX
8
ShapeString
10
8368.016278
20
1251.995808
70
0
0
VERTEX
8
ShapeString
10
8382.324872
20
1214.635703
70
0
0
VERTEX
8
ShapeString
10
8397.091871
20
1177.446371
70
0
0
VERTEX
8
ShapeString
10
8412.315904
20
1140.432080
70
0
0
VERTEX
8
ShapeString
10
8427.995600
20
1103.597100
70
0
0
SEQEND
8
ShapeString
0
POLYLINE
8
ShapeString
62
7
70
0
10
0.000000
20
0.000000
66
1
0
VERTEX
8
ShapeString
10
8005.596400
20
920.735480
70
0
0
VERTEX
8
ShapeString
10
8427.995200
20
1103.601280
70
0
0
SEQEND
8
ShapeString
0
POLYLINE
8
ShapeString
62
7
70
0
10
0.000000
20
0.000000
66
1
0
VERTEX
8
ShapeString
10
7789.874100
20
1540.495910
70
0
0
VERTEX
8
ShapeString
10
7800.585467
20
1500.847405
70
0
0
VERTEX
8
ShapeString
10
7811.670598
20
1461.308486
70
0
0
VERTEX
8
ShapeString
10
7823.128581
20
1421.881768
70
0
0
VERTEX
8
ShapeString
10
7834.958508
20
1382.569863
70
0
0
VERTEX
8
ShapeString
10
7847.159469
20
1343.375385
70
0
0
VERTEX
8
ShapeString
10
7859.730554
20
1304.300949
70
0
0
VERTEX
8
ShapeString
10
7872.670854
20
1265.349166
70
0
0
VERTEX
8
ShapeString
10
7885.979458
20
1226.522651
70
0
0
VERTEX
8
ShapeString
10
7899.655457
20
1187.824017
70
0
0
VERTEX
8
ShapeString
10
7913.697942
20
1149.255879
70
0
0
VERTEX
8
ShapeString
10
7928.106002
20
1110.820848
70
0
0
VERTEX
8
ShapeString
10
7942.878729
20
1072.521539
70
0
0
VERTEX
8
ShapeString
10
7958.015211
20
1034.360565
70
0
0
VERTEX
8
ShapeString
10
7973.514541
20
996.340540
70
0
0
VERTEX
8
ShapeString
10
7989.375807
20
958.464077
70
0
0
VERTEX
8
ShapeString
10
8005.598100
20
920.733790
70
0
0
SEQEND
8
ShapeString
0
POLYLINE
8
ShapeString
62
7
70
0
10
0.000000
20
0.000000
66
1
0
VERTEX
8
ShapeString
10
4501.136000
20
1675.305230
70
0
0
VERTEX
8
ShapeString
10
4499.037847
20
1676.233083
70
0
0
VERTEX
8
ShapeString
10
4496.863382
20
1676.710373
70
0
0
VERTEX
8
ShapeString
10
4494.674590
20
1676.754109
70
0
0
VERTEX
8
ShapeString
10
4492.533458
20
1676.381305
70
0
0
VERTEX
8
ShapeString
10
4490.501974
20
1675.608971
70
0
0
VERTEX
8
ShapeString
10
4488.642124
20
1674.454120
70
0
0
VERTEX
8
ShapeString
10
4487.015895
20
1672.933763
70
0
0
VERTEX
8
ShapeString
10
4485.685273
20
1671.064913
70
0
0
VERTEX
8
ShapeString
10
4484.753974
20
1668.968287
70
0
0
VERTEX
8
ShapeString
10
4484.273113
20
1666.794609
70
0
0
VERTEX
8
ShapeString
10
4484.225780
20
1664.605891
70
0
0
VERTEX
8
ShapeString
10
4484.595066
20
1662.464150
70
0
0
VERTEX
8
ShapeString
10
4485.364061
20
1660.431400
70
0
0
VERTEX
8
ShapeString
10
4486.515855
20
1658.569655
70
0
0
VERTEX
8
ShapeString
10
4488.033538
20
1656.940930
70
0
0
VERTEX
8
ShapeString
10
4489.900200
20
1655.607240
70
0
0
VERTEX
8
ShapeString
10
4491.998353
20
1654.679387
70
0
0
VERTEX
8
ShapeString
10
4494.172818
20
1654.202097
70
0
0
VERTEX
8
ShapeString
10
4496.361610
20
1654.158361
70
0
0
VERTEX
8
ShapeString
10
4498.502742
20
1654.531165
70
0
0
VERTEX
8
ShapeString
10
4500.534226
20
1655.303499
70
0
0
VERTEX
8
ShapeString
10
4502.394076
20
1656.458350
70
0
0
VERTEX
8
ShapeString
10
4504.020305
20
1657.978707
70
0
0
VERTEX
8
ShapeString
10
4505.350927
20
1659.847557
70
0
0
VERTEX
8
ShapeString
10
4506.282226
20
1661.944183
70
0
0
VERTEX
8
ShapeString
10
4506.763087
20
1664.117861
70
0
0
VERTEX
8
ShapeString
10
4506.810420
20
1666.306579
70
0
0
VERTEX
8
ShapeString
10
4506.441134
20
1668.448320
70
0
0
VERTEX
8
ShapeString
10
4505.672139
20
1670.481070
70
0
0
VERTEX
8
ShapeString
10
4504.520345
20
1672.342815
70
0
0
VERTEX
8
ShapeString
10
4503.002662
20
1673.971540
70
0
0
VERTEX
8
ShapeString
10
4501.136000
20
1675.305230
70
0
0
VERTEX
8
ShapeString
10
4501.136000
20
1675.305230
70
0
0
SEQEND
8
ShapeString
0
POLYLINE
8
ShapeString
62
7
70
0
10
0.000000
20
0.000000
66
1
0
VERTEX
8
ShapeString
10
4913.642700
20
1727.119050
70
0
0
VERTEX
8
ShapeString
10
4911.544114
20
1728.048944
70
0
0
VERTEX
8
ShapeString
10
4909.368860
20
1728.527846
70
0
0
VERTEX
8
ShapeString
10
4907.179025
20
1728.572769
70
0
0
VERTEX
8
ShapeString
10
4905.036698
20
1728.200726
70
0
0
VERTEX
8
ShapeString
10
4903.003965
20
1727.428730
70
0
0
VERTEX
8
ShapeString
10
4901.142913
20
1726.273793
70
0
0
VERTEX
8
ShapeString
10
4899.515630
20
1724.752929
70
0
0
VERTEX
8
ShapeString
10
4898.184203
20
1722.883151
70
0
0
VERTEX
8
ShapeString
10
4897.252516
20
1720.785360
70
0
0
VERTEX
8
ShapeString
10
4896.771755
20
1718.610516
70
0
0
VERTEX
8
ShapeString
10
4896.724961
20
1716.420721
70
0
0
VERTEX
8
ShapeString
10
4897.095173
20
1714.278077
70
0
0
VERTEX
8
ShapeString
10
4897.865432
20
1712.244685
70
0
0
VERTEX
8
ShapeString
10
4899.018778
20
1710.382647
70
0
0
VERTEX
8
ShapeString
10
4900.538251
20
1708.754065
70
0
0
VERTEX
8
ShapeString
10
4902.406890
20
1707.421040
70
0
0
VERTEX
8
ShapeString
10
4904.505476
20
1706.491146
70
0
0
VERTEX
8
ShapeString
10
4906.680730
20
1706.012244
70
0
0
VERTEX
8
ShapeString
10
4908.870565
20
1705.967321
70
0
0
VERTEX
8
ShapeString
10
4911.012892
20
1706.339364
70
0
0
VERTEX
8
ShapeString
10
4913.045625
20
1707.111360
70
0
0
VERTEX
8
ShapeString
10
4914.906677
20
1708.266297
70
0
0
VERTEX
8
ShapeString
10
4916.533960
20
1709.787161
70
0
0
VERTEX
8
ShapeString
10
4917.865387
20
1711.656939
70
0
0
VERTEX
8
ShapeString
10
4918.797074
20
1713.754730
70
0
0
VERTEX
8
ShapeString
10
4919.277835
20
1715.929574
70
0
0
VERTEX
8
ShapeString
10
4919.324629
20
1718.119369
70
0
0
VERTEX
8
ShapeString
10
4918.954417
20
1720.262013
70
0
0
VERTEX
8
ShapeString
10
4918.184158
20
1722.295405
70
0
0
VERTEX
8
ShapeString
10
4917.030812
20
1724.157443
70
0
0
VERTEX
8
ShapeString
10
4915.511339
20
1725.786025
70
0
0
VERTEX
8
ShapeString
10
4913.642700
20
1727.119050
70
0
0
VERTEX
8
ShapeString
10
4913.642700
20
1727.119050
70
0
0
SEQEND
8
ShapeString
0
POLYLINE
8
ShapeString
62
7
70
0
10
0.000000
20
0.000000
66
1
0
VERTEX
8
ShapeString
10
4627.403200
20
3061.471200
70
0
0
VERTEX
8
ShapeString
10
4625.304245
20
3062.402846
70
0
0
VERTEX
8
ShapeString
10
4623.128319
20
3062.883134
70
0
0
VERTEX
8
ShapeString
10
4620.937593
20
3062.929079
70
0
0
VERTEX
8
ShapeString
10
4618.794241
20
3062.557694
70
0
0
VERTEX
8
ShapeString
10
4616.760437
20
3061.785992
70
0
0
VERTEX
8
ShapeString
10
4614.898353
20
3060.630989
70
0
0
VERTEX
8
ShapeString
10
4613.270162
20
3059.109697
70
0
0
VERTEX
8
ShapeString
10
4611.938038
20
3057.239130
70
0
0
VERTEX
8
ShapeString
10
4611.006011
20
3055.140345
70
0
0
VERTEX
8
ShapeString
10
4610.525328
20
3052.964505
70
0
0
VERTEX
8
ShapeString
10
4610.478985
20
3050.773788
70
0
0
VERTEX
8
ShapeString
10
4610.849981
20
3048.630369
70
0
0
VERTEX
8
ShapeString
10
4611.621313
20
3046.596424
70
0
0
VERTEX
8
ShapeString
10
4612.775979
20
3044.734130
70
0
0
VERTEX
8
ShapeString
10
4614.296975
20
3043.105664
70
0
0
VERTEX
8
ShapeString
10
4616.167300
20
3041.773200
70
0
0
VERTEX
8
ShapeString
10
4618.266255
20
3040.841554
70
0
0
VERTEX
8
ShapeString
10
4620.442181
20
3040.361266
70
0
0
VERTEX
8
ShapeString
10
4622.632907
20
3040.315321
70
0
0
VERTEX
8
ShapeString
10
4624.776259
20
3040.686706
70
0
0
VERTEX
8
ShapeString
10
4626.810063
20
3041.458408
70
0
0
VERTEX
8
ShapeString
10
4628.672147
20
3042.613411
70
0
0
VERTEX
8
ShapeString
10
4630.300338
20
3044.134703
70
0
0
VERTEX
8
ShapeString
10
4631.632462
20
3046.005270
70
0
0
VERTEX
8
ShapeString
10
4632.564489
20
3048.104055
70
0
0
VERTEX
8
ShapeString
10
4633.045172
20
3050.279895
70
0
0
VERTEX
8
ShapeString
10
4633.091515
20
3052.470612
70
0
0
VERTEX
8
ShapeString
10
4632.720519
20
3054.614031
70
0
0
VERTEX
8
ShapeString
10
4631.949187
20
3056.647976
70
0
0
VERTEX
8
ShapeString
10
4630.794521
20
3058.510270
70
0
0
VERTEX
8
ShapeString
10
4629.273525
20
3060.138736
70
0
0
VERTEX
8
ShapeString
10
4627.403200
20
3061.471200
70
0
0
VERTEX
8
ShapeString
10
4627.403200
20
3061.471200
70
0
0
SEQEND
8
ShapeString
0
POLYLINE
8
ShapeString
62
7
70
0
10
0.000000
20
0.000000
66
1
0
VERTEX
8
ShapeString
10
5027.990420
20
2950.222400
70
0
0
VERTEX
8
ShapeString
10
5025.892210
20
2951.150520
70
0
0
VERTEX
8
ShapeString
10
5023.717640
20
2951.628019
70
0
0
VERTEX
8
ShapeString
10
5021.528712
20
2951.671910
70
0
0
VERTEX
8
ShapeString
10
5019.387424
20
2951.299204
70
0
0
VERTEX
8
ShapeString
10
5017.355776
20
2950.526913
70
0
0
VERTEX
8
ShapeString
10
5015.495769
20
2949.372050
70
0
0
VERTEX
8
ShapeString
10
5013.869402
20
2947.851626
70
0
0
VERTEX
8
ShapeString
10
5012.538677
20
2945.982653
70
0
0
VERTEX
8
ShapeString
10
5011.607327
20
2943.885874
70
0
0
VERTEX
8
ShapeString
10
5011.126481
20
2941.712042
70
0
0
VERTEX
8
ShapeString
10
5011.079220
20
2939.523184
70
0
0
VERTEX
8
ShapeString
10
5011.448629
20
2937.381324
70
0
0
VERTEX
8
ShapeString
10
5012.217791
20
2935.348490
70
0
0
VERTEX
8
ShapeString
10
5013.369789
20
2933.486707
70
0
0
VERTEX
8
ShapeString
10
5014.887708
20
2931.858002
70
0
0
VERTEX
8
ShapeString
10
5016.754630
20
2930.524400
70
0
0
VERTEX
8
ShapeString
10
5018.852840
20
2929.596280
70
0
0
VERTEX
8
ShapeString
10
5021.027410
20
2929.118781
70
0
0
VERTEX
8
ShapeString
10
5023.216338
20
2929.074890
70
0
0
VERTEX
8
ShapeString
10
5025.357626
20
2929.447596
70
0
0
VERTEX
8
ShapeString
10
5027.389274
20
2930.219887
70
0
0
VERTEX
8
ShapeString
10
5029.249281
20
2931.374750
70
0
0
VERTEX
8
ShapeString
10
5030.875648
20
2932.895174
70
0
0
VERTEX
8
ShapeString
10
5032.206373
20
2934.764147
70
0
0
VERTEX
8
ShapeString
10
5033.137723
20
2936.860926
70
0
0
VERTEX
8
ShapeString
10
5033.618569
20
2939.034758
70
0
0
VERTEX
8
ShapeString
10
5033.665830
20
2941.223616
70
0
0
VERTEX
8
ShapeString
10
5033.296421
20
2943.365476
70
0
0
VERTEX
8
ShapeString
10
5032.527259
20
2945.398310
70
0
0
VERTEX
8
ShapeString
10
5031.375261
20
2947.260093
70
0
0
VERTEX
8
ShapeString
10
5029.857342
20
2948.888798
70
0
0
VERTEX
8
ShapeString
10
5027.990420
20
2950.222400
70
0
0
VERTEX
8
ShapeString
10
5027.990420
20
2950.222400
70
0
0
SEQEND
8
ShapeString
0
POLYLINE
8
ShapeString
62
7
70
0
10
0.000000
20
0.000000
66
1
0
VERTEX
8
ShapeString
10
5434.477160
20
4403.298200
70
0
0
VERTEX
8
ShapeString
10
5432.378193
20
4404.229905
70
0
0
VERTEX
8
ShapeString
10
5430.202243
20
4404.710239
70
0
0
VERTEX
8
ShapeString
10
5428.011487
20
4404.756218
70
0
0
VERTEX
8
ShapeString
10
5425.868101
20
4404.384854
70
0
0
VERTEX
8
ShapeString
10
5423.834261
20
4403.613162
70
0
0
VERTEX
8
ShapeString
10
5421.972143
20
4402.458155
70
0
0
VERTEX
8
ShapeString
10
5420.343922
20
4400.936847
70
0
0
VERTEX
8
ShapeString
10
5419.011776
20
4399.066252
70
0
0
VERTEX
8
ShapeString
10
5418.079740
20
4396.967432
70
0
0
VERTEX
8
ShapeString
10
5417.599061
20
4394.791559
70
0
0
VERTEX
8
ShapeString
10
5417.552737
20
4392.600810
70
0
0
VERTEX
8
ShapeString
10
5417.923762
20
4390.457365
70
0
0
VERTEX
8
ShapeString
10
5418.695133
20
4388.423403
70
0
0
VERTEX
8
ShapeString
10
5419.849846
20
4386.561102
70
0
0
VERTEX
8
ShapeString
10
5421.370896
20
4384.932642
70
0
0
VERTEX
8
ShapeString
10
5423.241280
20
4383.600200
70
0
0
VERTEX
8
ShapeString
10
5425.340247
20
4382.668495
70
0
0
VERTEX
8
ShapeString
10
5427.516197
20
4382.188161
70
0
0
VERTEX
8
ShapeString
10
5429.706953
20
4382.142182
70
0
0
VERTEX
8
ShapeString
10
5431.850339
20
4382.513546
70
0
0
VERTEX
8
ShapeString
10
5433.884179
20
4383.285238
70
0
0
VERTEX
8
ShapeString
10
5435.746297
20
4384.440245
70
0
0
VERTEX
8
ShapeString
10
5437.374518
20
4385.961553
70
0
0
VERTEX
8
ShapeString
10
5438.706664
20
4387.832148
70
0
0
VERTEX
8
ShapeString
10
5439.638700
20
4389.930968
70
0
0
VERTEX
8
ShapeString
10
5440.119379
20
4392.106841
70
0
0
VERTEX
8
ShapeString
10
5440.165703
20
4394.297590
70
0
0
VERTEX
8
ShapeString
10
5439.794678
20
4396.441035
70
0
0
VERTEX
8
ShapeString
10
5439.023307
20
4398.474997
70
0
0
VERTEX
8
ShapeString
10
5437.868594
20
4400.337298
70
0
0
VERTEX
8
ShapeString
10
5436.347544
20
4401.965758
70
0
0
VERTEX
8
ShapeString
10
5434.477160
20
4403.298200
70
0
0
VERTEX
8
ShapeString
10
5434.477160
20
4403.298200
70
0
0
SEQEND
8
ShapeString
0
POLYLINE
8
ShapeString
62
7
70
0
10
0.000000
20
0.000000
66
1
0
VERTEX
8
ShapeString
10
5526.290610
20
4347.209400
70
0
0
VERTEX
8
ShapeString
10
5524.193150
20
4348.134032
70
0
0
VERTEX
8
ShapeString
10
5522.019935
20
4348.608775
70
0
0
VERTEX
8
ShapeString
10
5519.832795
20
4348.650640
70
0
0
VERTEX
8
ShapeString
10
5517.693556
20
4348.276636
70
0
0
VERTEX
8
ShapeString
10
5515.664047
20
4347.503774
70
0
0
VERTEX
8
ShapeString
10
5513.806098
20
4346.349061
70
0
0
VERTEX
8
ShapeString
10
5512.181535
20
4344.829509
70
0
0
VERTEX
8
ShapeString
10
5510.852188
20
4342.962126
70
0
0
VERTEX
8
ShapeString
10
5509.921501
20
4340.867346
70
0
0
VERTEX
8
ShapeString
10
5509.440483
20
4338.695511
70
0
0
VERTEX
8
ShapeString
10
5509.392300
20
4336.508501
70
0
0
VERTEX
8
ShapeString
10
5509.760123
20
4334.368190
70
0
0
VERTEX
8
ShapeString
10
5510.527121
20
4332.336458
70
0
0
VERTEX
8
ShapeString
10
5511.676462
20
4330.475181
70
0
0
VERTEX
8
ShapeString
10
5513.191315
20
4328.846236
70
0
0
VERTEX
8
ShapeString
10
5515.054850
20
4327.511500
70
0
0
VERTEX
8
ShapeString
10
5517.152310
20
4326.586868
70
0
0
VERTEX
8
ShapeString
10
5519.325525
20
4326.112125
70
0
0
VERTEX
8
ShapeString
10
5521.512665
20
4326.070260
70
0
0
VERTEX
8
ShapeString
10
5523.651904
20
4326.444264
70
0
0
VERTEX
8
ShapeString
10
5525.681413
20
4327.217126
70
0
0
VERTEX
8
ShapeString
10
5527.539362
20
4328.371839
70
0
0
VERTEX
8
ShapeString
10
5529.163925
20
4329.891391
70
0
0
VERTEX
8
ShapeString
10
5530.493272
20
4331.758774
70
0
0
VERTEX
8
ShapeString
10
5531.423959
20
4333.853554
70
0
0
VERTEX
8
ShapeString
10
5531.904977
20
4336.025389
70
0
0
VERTEX
8
ShapeString
10
5531.953160
20
4338.212399
70
0
0
VERTEX
8
ShapeString
10
5531.585337
20
4340.352710
70
0
0
VERTEX
8
ShapeString
10
5530.818339
20
4342.384442
70
0
0
VERTEX
8
ShapeString
10
5529.668998
20
4344.245719
70
0
0
VERTEX
8
ShapeString
10
5528.154145
20
4345.874664
70
0
0
VERTEX
8
ShapeString
10
5526.290610
20
4347.209400
70
0
0
VERTEX
8
ShapeString
10
5526.290610
20
4347.209400
70
0
0
SEQEND
8
ShapeString
0
POLYLINE
8
ShapeString
62
7
70
0
10
0.000000
20
0.000000
66
1
0
VERTEX
8
ShapeString
10
4713.007400
20
1711.061110
70
0
0
VERTEX
8
ShapeString
10
4710.935537
20
1712.107224
70
0
0
VERTEX
8
ShapeString
10
4708.809691
20
1712.923454
70
0
0
VERTEX
8
ShapeString
10
4706.645400
20
1713.514055
70
0
0
VERTEX
8
ShapeString
10
4704.458202
20
1713.883281
70
0
0
VERTEX
8
ShapeString
10
4702.263634
20
1714.035383
70
0
0
VERTEX
8
ShapeString
10
4700.077234
20
1713.974617
70
0
0
VERTEX
8
ShapeString
10
4697.914539
20
1713.705234
70
0
0
VERTEX
8
ShapeString
10
4695.791086
20
1713.231489
70
0
0
VERTEX
8
ShapeString
10
4693.722413
20
1712.557635
70
0
0
VERTEX
8
ShapeString
10
4691.724058
20
1711.687926
70
0
0
VERTEX
8
ShapeString
10
4689.811558
20
1710.626614
70
0
0
VERTEX
8
ShapeString
10
4688.000451
20
1709.377954
70
0
0
VERTEX
8
ShapeString
10
4686.306273
20
1707.946198
70
0
0
VERTEX
8
ShapeString
10
4684.744563
20
1706.335600
70
0
0
VERTEX
8
ShapeString
10
4683.330858
20
1704.550414
70
0
0
VERTEX
8
ShapeString
10
4682.080695
20
1702.594892
70
0
0
VERTEX
8
ShapeString
10
4681.033831
20
1700.523408
70
0
0
VERTEX
8
ShapeString
10
4680.216829
20
1698.397859
70
0
0
VERTEX
8
ShapeString
10
4679.625443
20
1696.233782
70
0
0
VERTEX
8
ShapeString
10
4679.255425
20
1694.046718
70
0
0
VERTEX
8
ShapeString
10
4679.102527
20
1691.852206
70
0
0
VERTEX
8
ShapeString
10
4679.162501
20
1689.665783
70
0
0
VERTEX
8
ShapeString
10
4679.431099
20
1687.502990
70
0
0
VERTEX
8
ShapeString
10
4679.904074
20
1685.379366
70
0
0
VERTEX
8
ShapeString
10
4680.577178
20
1683.310449
70
0
0
VERTEX
8
ShapeString
10
4681.446163
20
1681.311779
70
0
0
VERTEX
8
ShapeString
10
4682.506781
20
1679.398894
70
0
0
VERTEX
8
ShapeString
10
4683.754785
20
1677.587334
70
0
0
VERTEX
8
ShapeString
10
4685.185926
20
1675.892638
70
0
0
VERTEX
8
ShapeString
10
4686.795958
20
1674.330344
70
0
0
VERTEX
8
ShapeString
10
4688.580632
20
1672.915991
70
0
0
VERTEX
8
ShapeString
10
4690.535700
20
1671.665120
70
0
0
VERTEX
8
ShapeString
10
4692.607563
20
1670.619006
70
0
0
VERTEX
8
ShapeString
10
4694.733409
20
1669.802776
70
0
0
VERTEX
8
ShapeString
10
4696.897700
20
1669.212175
70
0
0
VERTEX
8
ShapeString
10
4699.084898
20
1668.842949
70
0
0
VERTEX
8
ShapeString
10
4701.279466
20
1668.690847
70
0
0
VERTEX
8
ShapeString
10
4703.465866
20
1668.751613
70
0
0
VERTEX
8
ShapeString
10
4705.628561
20
1669.020996
70
0
0
VERTEX
8
ShapeString
10
4707.752014
20
1669.494741
70
0
0
VERTEX
8
ShapeString
10
4709.820687
20
1670.168595
70
0
0
VERTEX
8
ShapeString
10
4711.819042
20
1671.038304
70
0
0
VERTEX
8
ShapeString
10
4713.731542
20
1672.099616
70
0
0
VERTEX
8
ShapeString
10
4715.542649
20
1673.348276
70
0
0
VERTEX
8
ShapeString
10
4717.236827
20
1674.780032
70
0
0
VERTEX
8
ShapeString
10
4718.798537
20
1676.390630
70
0
0
VERTEX
8
ShapeString
10
4720.212242
20
1678.175816
70
0
0
VERTEX
8
ShapeString
10
4721.462405
20
1680.131338
70
0
0
VERTEX
8
ShapeString
10
4722.509269
20
1682.202822
70
0
0
VERTEX
8
ShapeString
10
4723.326271
20
1684.328371
70
0
0
VERTEX
8
ShapeString
10
4723.917657
20
1686.492448
70
0
0
VERTEX
8
ShapeString
10
4724.287675
20
1688.679512
70
0
0
VERTEX
8
ShapeString
10
4724.440573
20
1690.874024
70
0
0
VERTEX
8
ShapeString
10
4724.380599
20
1693.060447
70
0
0
VERTEX
8
ShapeString
10
4724.112001
20
1695.223240
70
0
0
VERTEX
8
ShapeString
10
4723.639026
20
1697.346864
70
0
0
VERTEX
8
ShapeString
10
4722.965922
20
1699.415781
70
0
0
VERTEX
8
ShapeString
10
4722.096937
20
1701.414451
70
0
0
VERTEX
8
ShapeString
10
4721.036319
20
1703.327336
70
0
0
VERTEX
8
ShapeString
10
4719.788315
20
1705.138896
70
0
0
VERTEX
8
ShapeString
10
4718.357174
20
1706.833592
70
0
0
VERTEX
8
ShapeString
10
4716.747142
20
1708.395886
70
0
0
VERTEX
8
ShapeString
10
4714.962468
20
1709.810239
70
0
0
VERTEX
8
ShapeString
10
4713.007400
20
1711.061110
70
0
0
VERTEX
8
ShapeString
10
4713.007400
20
1711.061110
70
0
0
SEQEND
8
ShapeString
0
POLYLINE
8
ShapeString
62
7
70
0
10
0.000000
20
0.000000
66
1
0
VERTEX
8
ShapeString
10
4833.314690
20
3015.695800
70
0
0
VERTEX
8
ShapeString
10
4831.242722
20
3016.742591
70
0
0
VERTEX
8
ShapeString
10
4829.116708
20
3017.559432
70
0
0
VERTEX
8
ShapeString
10
4826.952193
20
3018.150576
70
0
0
VERTEX
8
ShapeString
10
4824.764723
20
3018.520276
70
0
0
VERTEX
8
ShapeString
10
4822.569842
20
3018.672786
70
0
0
VERTEX
8
ShapeString
10
4820.383097
20
3018.612361
70
0
0
VERTEX
8
ShapeString
10
4818.220033
20
3018.343252
70
0
0
VERTEX
8
ShapeString
10
4816.096195
20
3017.869714
70
0
0
VERTEX
8
ShapeString
10
4814.027129
20
3017.195999
70
0
0
VERTEX
8
ShapeString
10
4812.028379
20
3016.326363
70
0
0
VERTEX
8
ShapeString
10
4810.115492
20
3015.265058
70
0
0
VERTEX
8
ShapeString
10
4808.304013
20
3014.016337
70
0
0
VERTEX
8
ShapeString
10
4806.609488
20
3012.584454
70
0
0
VERTEX
8
ShapeString
10
4805.047461
20
3010.973663
70
0
0
VERTEX
8
ShapeString
10
4803.633478
20
3009.188217
70
0
0
VERTEX
8
ShapeString
10
4802.383085
20
3007.232369
70
0
0
VERTEX
8
ShapeString
10
4801.336058
20
3005.160521
70
0
0
VERTEX
8
ShapeString
10
4800.518975
20
3003.034600
70
0
0
VERTEX
8
ShapeString
10
4799.927584
20
3000.870152
70
0
0
VERTEX
8
ShapeString
10
4799.557635
20
2998.682724
70
0
0
VERTEX
8
ShapeString
10
4799.404874
20
2996.487861
70
0
0
VERTEX
8
ShapeString
10
4799.465051
20
2994.301109
70
0
0
VERTEX
8
ShapeString
10
4799.733913
20
2992.138014
70
0
0
VERTEX
8
ShapeString
10
4800.207209
20
2990.014122
70
0
0
VERTEX
8
ShapeString
10
4800.880687
20
2987.944979
70
0
0
VERTEX
8
ShapeString
10
4801.750096
20
2985.946131
70
0
0
VERTEX
8
ShapeString
10
4802.811183
20
2984.033123
70
0
0
VERTEX
8
ShapeString
10
4804.059698
20
2982.221502
70
0
0
VERTEX
8
ShapeString
10
4805.491387
20
2980.526813
70
0
0
VERTEX
8
ShapeString
10
4807.102000
20
2978.964602
70
0
0
VERTEX
8
ShapeString
10
4808.887285
20
2977.550416
70
0
0
VERTEX
8
ShapeString
10
4810.842990
20
2976.299800
70
0
0
VERTEX
8
ShapeString
10
4812.914958
20
2975.253009
70
0
0
VERTEX
8
ShapeString
10
4815.040972
20
2974.436168
70
0
0
VERTEX
8
ShapeString
10
4817.205487
20
2973.845024
70
0
0
VERTEX
8
ShapeString
10
4819.392957
20
2973.475324
70
0
0
VERTEX
8
ShapeString
10
4821.587838
20
2973.322814
70
0
0
VERTEX
8
ShapeString
10
4823.774583
20
2973.383239
70
0
0
VERTEX
8
ShapeString
10
4825.937647
20
2973.652348
70
0
0
VERTEX
8
ShapeString
10
4828.061485
20
2974.125886
70
0
0
VERTEX
8
ShapeString
10
4830.130551
20
2974.799601
70
0
0
VERTEX
8
ShapeString
10
4832.129301
20
2975.669237
70
0
0
VERTEX
8
ShapeString
10
4834.042188
20
2976.730542
70
0
0
VERTEX
8
ShapeString
10
4835.853667
20
2977.979263
70
0
0
VERTEX
8
ShapeString
10
4837.548192
20
2979.411146
70
0
0
VERTEX
8
ShapeString
10
4839.110219
20
2981.021937
70
0
0
VERTEX
8
ShapeString
10
4840.524202
20
2982.807383
70
0
0
VERTEX
8
ShapeString
10
4841.774595
20
2984.763231
70
0
0
VERTEX
8
ShapeString
10
4842.821622
20
2986.835079
70
0
0
VERTEX
8
ShapeString
10
4843.638705
20
2988.961000
70
0
0
VERTEX
8
ShapeString
10
4844.230096
20
2991.125448
70
0
0
VERTEX
8
ShapeString
10
4844.600045
20
2993.312876
70
0
0
VERTEX
8
ShapeString
10
4844.752806
20
2995.507739
70
0
0
VERTEX
8
ShapeString
10
4844.692629
20
2997.694491
70
0
0
VERTEX
8
ShapeString
10
4844.423767
20
2999.857586
70
0
0
VERTEX
8
ShapeString
10
4843.950471
20
3001.981478
70
0
0
VERTEX
8
ShapeString
10
4843.276993
20
3004.050621
70
0
0
VERTEX
8
ShapeString
10
4842.407584
20
3006.049469
70
0
0
VERTEX
8
ShapeString
10
4841.346497
20
3007.962477
70
0
0
VERTEX
8
ShapeString
10
4840.097982
20
3009.774098
70
0
0
VERTEX
8
ShapeString
10
4838.666293
20
3011.468787
70
0
0
VERTEX
8
ShapeString
10
4837.055680
20
3013.030998
70
0
0
VERTEX
8
ShapeString
10
4835.270395
20
3014.445184
70
0
0
VERTEX
8
ShapeString
10
4833.314690
20
3015.695800
70
0
0
VERTEX
8
ShapeString
10
4833.314690
20
3015.695800
70
0
0
SEQEND
8
ShapeString
0
POLYLINE
8
ShapeString
62
7
70
0
10
0.000000
20
0.000000
66
1
0
VERTEX
8
ShapeString
10
5381.338740
20
4213.776400
70
0
0
VERTEX
8
ShapeString
10
5379.267513
20
4214.818446
70
0
0
VERTEX
8
ShapeString
10
5377.142686
20
4215.631016
70
0
0
VERTEX
8
ShapeString
10
5374.979750
20
4216.218362
70
0
0
VERTEX
8
ShapeString
10
5372.794194
20
4216.584738
70
0
0
VERTEX
8
ShapeString
10
5370.601509
20
4216.734395
70
0
0
VERTEX
8
ShapeString
10
5368.417184
20
4216.671587
70
0
0
VERTEX
8
ShapeString
10
5366.256708
20
4216.400566
70
0
0
VERTEX
8
ShapeString
10
5364.135573
20
4215.925586
70
0
0
VERTEX
8
ShapeString
10
5362.069267
20
4215.250899
70
0
0
VERTEX
8
ShapeString
10
5360.073282
20
4214.380757
70
0
0
VERTEX
8
ShapeString
10
5358.163106
20
4213.319414
70
0
0
VERTEX
8
ShapeString
10
5356.354229
20
4212.071123
70
0
0
VERTEX
8
ShapeString
10
5354.662142
20
4210.640135
70
0
0
VERTEX
8
ShapeString
10
5353.102334
20
4209.030704
70
0
0
VERTEX
8
ShapeString
10
5351.690295
20
4207.247083
70
0
0
VERTEX
8
ShapeString
10
5350.441515
20
4205.293524
70
0
0
VERTEX
8
ShapeString
10
5349.395624
20
4203.224236
70
0
0
VERTEX
8
ShapeString
10
5348.579110
20
4201.100922
70
0
0
VERTEX
8
ShapeString
10
5347.987748
20
4198.939080
70
0
0
VERTEX
8
ShapeString
10
5347.617315
20
4196.754208
70
0
0
VERTEX
8
ShapeString
10
5347.463586
20
4194.561805
70
0
0
VERTEX
8
ShapeString
10
5347.522338
20
4192.377367
70
0
0
VERTEX
8
ShapeString
10
5347.789346
20
4190.216392
70
0
0
VERTEX
8
ShapeString
10
5348.260386
20
4188.094378
70
0
0
VERTEX
8
ShapeString
10
5348.931235
20
4186.026823
70
0
0
VERTEX
8
ShapeString
10
5349.797669
20
4184.029225
70
0
0
VERTEX
8
ShapeString
10
5350.855463
20
4182.117081
70
0
0
VERTEX
8
ShapeString
10
5352.100393
20
4180.305890
70
0
0
VERTEX
8
ShapeString
10
5353.528236
20
4178.611148
70
0
0
VERTEX
8
ShapeString
10
5355.134768
20
4177.048354
70
0
0
VERTEX
8
ShapeString
10
5356.915764
20
4175.633005
70
0
0
VERTEX
8
ShapeString
10
5358.867000
20
4174.380600
70
0
0
VERTEX
8
ShapeString
10
5360.938227
20
4173.338554
70
0
0
VERTEX
8
ShapeString
10
5363.063054
20
4172.525984
70
0
0
VERTEX
8
ShapeString
10
5365.225990
20
4171.938638
70
0
0
VERTEX
8
ShapeString
10
5367.411546
20
4171.572262
70
0
0
VERTEX
8
ShapeString
10
5369.604231
20
4171.422605
70
0
0
VERTEX
8
ShapeString
10
5371.788556
20
4171.485413
70
0
0
VERTEX
8
ShapeString
10
5373.949032
20
4171.756434
70
0
0
VERTEX
8
ShapeString
10
5376.070167
20
4172.231414
70
0
0
VERTEX
8
ShapeString
10
5378.136473
20
4172.906101
70
0
0
VERTEX
8
ShapeString
10
5380.132458
20
4173.776243
70
0
0
VERTEX
8
ShapeString
10
5382.042634
20
4174.837586
70
0
0
VERTEX
8
ShapeString
10
5383.851511
20
4176.085877
70
0
0
VERTEX
8
ShapeString
10
5385.543598
20
4177.516865
70
0
0
VERTEX
8
ShapeString
10
5387.103406
20
4179.126296
70
0
0
VERTEX
8
ShapeString
10
5388.515445
20
4180.909917
70
0
0
VERTEX
8
ShapeString
10
5389.764225
20
4182.863476
70
0
0
VERTEX
8
ShapeString
10
5390.810116
20
4184.932764
70
0
0
VERTEX
8
ShapeString
10
5391.626630
20
4187.056078
70
0
0
VERTEX
8
ShapeString
10
5392.217992
20
4189.217920
70
0
0
VERTEX
8
ShapeString
10
5392.588425
20
4191.402792
70
0
0
VERTEX
8
ShapeString
10
5392.742154
20
4193.595195
70
0
0
VERTEX
8
ShapeString
10
5392.683402
20
4195.779633
70
0
0
VERTEX
8
ShapeString
10
5392.416394
20
4197.940608
70
0
0
VERTEX
8
ShapeString
10
5391.945354
20
4200.062622
70
0
0
VERTEX
8
ShapeString
10
5391.274505
20
4202.130177
70
0
0
VERTEX
8
ShapeString
10
5390.408071
20
4204.127775
70
0
0
VERTEX
8
ShapeString
10
5389.350277
20
4206.039919
70
0
0
VERTEX
8
ShapeString
10
5388.105347
20
4207.851110
70
0
0
VERTEX
8
ShapeString
10
5386.677504
20
4209.545852
70
0
0
VERTEX
8
ShapeString
10
5385.070972
20
4211.108646
70
0
0
VERTEX
8
ShapeString
10
5383.289976
20
4212.523995
70
0
0
VERTEX
8
ShapeString
10
5381.338740
20
4213.776400
70
0
0
VERTEX
8
ShapeString
10
5381.338740
20
4213.776400
70
0
0
SEQEND
8
ShapeString
0
POLYLINE
8
ShapeString
62
7
70
0
10
0.000000
20
0.000000
66
1
0
VERTEX
8
ShapeString
10
4457.570600
20
1812.785230
70
0
0
VERTEX
8
ShapeString
10
4458.443812
20
1793.906017
70
0
0
VERTEX
8
ShapeString
10
4459.472644
20
1775.036901
70
0
0
VERTEX
8
ShapeString
10
4460.656992
20
1756.178841
70
0
0
VERTEX
8
ShapeString
10
4461.996754
20
1737.332795
70
0
0
VERTEX
8
ShapeString
10
4463.491823
20
1718.499721
70
0
0
VERTEX
8
ShapeString
10
4465.142097
20
1699.680579
70
0
0
VERTEX
8
ShapeString
10
4466.947472
20
1680.876327
70
0
0
VERTEX
8
ShapeString
10
4468.907843
20
1662.087924
70
0
0
VERTEX
8
ShapeString
10
4471.023106
20
1643.316328
70
0
0
VERTEX
8
ShapeString
10
4473.293158
20
1624.562498
70
0
0
VERTEX
8
ShapeString
10
4475.717895
20
1605.827393
70
0
0
VERTEX
8
ShapeString
10
4478.297211
20
1587.111971
70
0
0
VERTEX
8
ShapeString
10
4481.031004
20
1568.417191
70
0
0
VERTEX
8
ShapeString
10
4483.919169
20
1549.744012
70
0
0
VERTEX
8
ShapeString
10
4486.961602
20
1531.093392
70
0
0
VERTEX
8
ShapeString
10
4490.158200
20
1512.466290
70
0
0
SEQEND
8
ShapeString
0
POLYLINE
8
ShapeString
62
7
70
0
10
0.000000
20
0.000000
66
1
0
VERTEX
8
ShapeString
10
4490.158200
20
1512.466290
70
0
0
VERTEX
8
ShapeString
10
4495.126376
20
1484.744422
70
0
0
VERTEX
8
ShapeString
10
4500.274570
20
1457.056329
70
0
0
VERTEX
8
ShapeString
10
4505.602607
20
1429.402887
70
0
0
VERTEX
8
ShapeString
10
4511.110307
20
1401.784970
70
0
0
VERTEX
8
ShapeString
10
4516.797495
20
1374.203455
70
0
0
VERTEX
8
ShapeString
10
4522.663991
20
1346.659216
70
0
0
VERTEX
8
ShapeString
10
4528.709618
20
1319.153130
70
0
0
VERTEX
8
ShapeString
10
4534.934200
20
1291.686071
70
0
0
SEQEND
8
ShapeString
0
POLYLINE
8
ShapeString
62
7
70
0
10
0.000000
20
0.000000
66
1
0
VERTEX
8
ShapeString
10
4534.934200
20
1291.686071
70
0
0
VERTEX
8
ShapeString
10
4989.601510
20
1387.626250
70
0
0
SEQEND
8
ShapeString
0
POLYLINE
8
ShapeString
62
7
70
0
10
0.000000
20
0.000000
66
1
0
VERTEX
8
ShapeString
10
4945.822030
20
1645.833170
70
0
0
VERTEX
8
ShapeString
10
4950.162534
20
1613.374885
70
0
0
VERTEX
8
ShapeString
10
4954.827226
20
1580.964086
70
0
0
VERTEX
8
ShapeString
10
4959.815695
20
1548.603197
70
0
0
VERTEX
8
ShapeString
10
4965.127529
20
1516.294642
70
0
0
VERTEX
8
ShapeString
10
4970.762319
20
1484.040844
70
0
0
VERTEX
8
ShapeString
10
4976.719653
20
1451.844227
70
0
0
VERTEX
8
ShapeString
10
4982.999121
20
1419.707215
70
0
0
VERTEX
8
ShapeString
10
4989.600310
20
1387.632232
70
0
0
SEQEND
8
ShapeString
0
POLYLINE
8
ShapeString
62
7
70
0
10
0.000000
20
0.000000
66
1
0
VERTEX
8
ShapeString
10
4932.179140
20
1796.288320
70
0
0
VERTEX
8
ShapeString
10
4933.266847
20
1777.429796
70
0
0
VERTEX
8
ShapeString
10
4934.531252
20
1758.583543
70
0
0
VERTEX
8
ShapeString
10
4935.972242
20
1739.750800
70
0
0
VERTEX
8
ShapeString
10
4937.589704
20
1720.932810
70
0
0
VERTEX
8
ShapeString
10
4939.383527
20
1702.130811
70
0
0
VERTEX
8
ShapeString
10
4941.353597
20
1683.346045
70
0
0
VERTEX
8
ShapeString
10
4943.499802
20
1664.579751
70
0
0
VERTEX
8
ShapeString
10
4945.822030
20
1645.833170
70
0
0
SEQEND
8
ShapeString
0
POLYLINE
8
ShapeString
62
7
70
0
10
0.000000
20
0.000000
66
1
0
VERTEX
8
ShapeString
10
5571.680550
20
4070.931500
70
0
0
VERTEX
8
ShapeString
10
5550.404467
20
4039.557876
70
0
0
VERTEX
8
ShapeString
10
5529.470138
20
4007.993380
70
0
0
VERTEX
8
ShapeString
10
5508.878359
20
3976.240848
70
0
0
VERTEX
8
ShapeString
10
5488.629927
20
3944.303112
70
0
0
VERTEX
8
ShapeString
10
5468.725638
20
3912.183006
70
0
0
VERTEX
8
ShapeString
10
5449.166289
20
3879.883364
70
0
0
VERTEX
8
ShapeString
10
5429.952677
20
3847.407020
70
0
0
VERTEX
8
ShapeString
10
5411.085598
20
3814.756807
70
0
0
VERTEX
8
ShapeString
10
5392.565849
20
3781.935560
70
0
0
VERTEX
8
ShapeString
10
5374.394228
20
3748.946111
70
0
0
VERTEX
8
ShapeString
10
5356.571530
20
3715.791295
70
0
0
VERTEX
8
ShapeString
10
5339.098552
20
3682.473945
70
0
0
VERTEX
8
ShapeString
10
5321.976091
20
3648.996896
70
0
0
VERTEX
8
ShapeString
10
5305.204943
20
3615.362980
70
0
0
VERTEX
8
ShapeString
10
5288.785906
20
3581.575032
70
0
0
VERTEX
8
ShapeString
10
5272.719776
20
3547.635885
70
0
0
VERTEX
8
ShapeString
10
5257.007349
20
3513.548373
70
0
0
VERTEX
8
ShapeString
10
5241.649423
20
3479.315330
70
0
0
VERTEX
8
ShapeString
10
5226.646793
20
3444.939590
70
0
0
VERTEX
8
ShapeString
10
5212.000258
20
3410.423985
70
0
0
VERTEX
8
ShapeString
10
5197.710613
20
3375.771351
70
0
0
VERTEX
8
ShapeString
10
5183.778654
20
3340.984520
70
0
0
VERTEX
8
ShapeString
10
5170.205180
20
3306.066327
70
0
0
VERTEX
8
ShapeString
10
5156.990986
20
3271.019605
70
0
0
VERTEX
8
ShapeString
10
5144.136869
20
3235.847188
70
0
0
VERTEX
8
ShapeString
10
5131.643626
20
3200.551909
70
0
0
VERTEX
8
ShapeString
10
5119.512054
20
3165.136603
70
0
0
VERTEX
8
ShapeString
10
5107.742948
20
3129.604103
70
0
0
VERTEX
8
ShapeString
10
5096.337107
20
3093.957243
70
0
0
VERTEX
8
ShapeString
10
5085.295326
20
3058.198856
70
0
0
VERTEX
8
ShapeString
10
5074.618402
20
3022.331776
70
0
0
VERTEX
8
ShapeString
10
5064.307132
20
2986.358838
70
0
0
VERTEX
8
ShapeString
10
5054.362313
20
2950.282874
70
0
0
VERTEX
8
ShapeString
10
5044.784741
20
2914.106719
70
0
0
VERTEX
8
ShapeString
10
5035.575214
20
2877.833206
70
0
0
VERTEX
8
ShapeString
10
5026.734526
20
2841.465169
70
0
0
VERTEX
8
ShapeString
10
5018.263477
20
2805.005442
70
0
0
VERTEX
8
ShapeString
10
5010.162861
20
2768.456858
70
0
0
VERTEX
8
ShapeString
10
5002.433476
20
2731.822251
70
0
0
VERTEX
8
ShapeString
10
4995.076118
20
2695.104455
70
0
0
VERTEX
8
ShapeString
10
4988.091584
20
2658.306303
70
0
0
VERTEX
8
ShapeString
10
4981.480672
20
2621.430630
70
0
0
VERTEX
8
ShapeString
10
4975.244176
20
2584.480270
70
0
0
VERTEX
8
ShapeString
10
4969.382895
20
2547.458054
70
0
0
VERTEX
8
ShapeString
10
4963.897625
20
2510.366819
70
0
0
VERTEX
8
ShapeString
10
4958.789162
20
2473.209397
70
0
0
VERTEX
8
ShapeString
10
4954.058303
20
2435.988621
70
0
0
VERTEX
8
ShapeString
10
4949.705846
20
2398.707327
70
0
0
VERTEX
8
ShapeString
10
4945.732585
20
2361.368347
70
0
0
VERTEX
8
ShapeString
10
4942.139320
20
2323.974515
70
0
0
VERTEX
8
ShapeString
10
4938.926845
20
2286.528665
70
0
0
VERTEX
8
ShapeString
10
4936.095957
20
2249.033631
70
0
0
VERTEX
8
ShapeString
10
4933.647455
20
2211.492246
70
0
0
VERTEX
8
ShapeString
10
4931.582133
20
2173.907344
70
0
0
VERTEX
8
ShapeString
10
4929.900788
20
2136.281759
70
0
0
VERTEX
8
ShapeString
10
4928.604219
20
2098.618325
70
0
0
VERTEX
8
ShapeString
10
4927.693220
20
2060.919875
70
0
0
VERTEX
8
ShapeString
10
4927.168589
20
2023.189243
70
0
0
VERTEX
8
ShapeString
10
4927.031122
20
1985.429263
70
0
0
VERTEX
8
ShapeString
10
4927.281617
20
1947.642768
70
0
0
VERTEX
8
ShapeString
10
4927.920869
20
1909.832593
70
0
0
VERTEX
8
ShapeString
10
4928.949676
20
1872.001571
70
0
0
VERTEX
8
ShapeString
10
4930.368834
20
1834.152535
70
0
0
VERTEX
8
ShapeString
10
4932.179140
20
1796.288320
70
0
0
SEQEND
8
ShapeString
0
POLYLINE
8
ShapeString
62
7
70
0
10
0.000000
20
0.000000
66
1
0
VERTEX
8
ShapeString
10
5571.680550
20
4070.931500
70
0
0
VERTEX
8
ShapeString
10
5574.793169
20
4076.174634
70
0
0
VERTEX
8
ShapeString
10
5577.755338
20
4081.465103
70
0
0
VERTEX
8
ShapeString
10
5580.567671
20
4086.800357
70
0
0
VERTEX
8
ShapeString
10
5583.230785
20
4092.177844
70
0
0
VERTEX
8
ShapeString
10
5585.745296
20
4097.595016
70
0
0
VERTEX
8
ShapeString
10
5588.111820
20
4103.049321
70
0
0
VERTEX
8
ShapeString
10
5592.403371
20
4114.059130
70
0
0
VERTEX
8
ShapeString
10
5596.110367
20
4125.186867
70
0
0
VERTEX
8
ShapeString
10
5599.237735
20
4136.412129
70
0
0
VERTEX
8
ShapeString
10
5601.790404
20
4147.714514
70
0
0
VERTEX
8
ShapeString
10
5603.773302
20
4159.073618
70
0
0
VERTEX
8
ShapeString
10
5605.191357
20
4170.469037
70
0
0
VERTEX
8
ShapeString
10
5606.049498
20
4181.880369
70
0
0
VERTEX
8
ShapeString
10
5606.352653
20
4193.287210
70
0
0
VERTEX
8
ShapeString
10
5606.105749
20
4204.669157
70
0
0
VERTEX
8
ShapeString
10
5605.313717
20
4216.005806
70
0
0
VERTEX
8
ShapeString
10
5603.981482
20
4227.276755
70
0
0
VERTEX
8
ShapeString
10
5602.113975
20
4238.461600
70
0
0
VERTEX
8
ShapeString
10
5599.716123
20
4249.539938
70
0
0
VERTEX
8
ShapeString
10
5596.792854
20
4260.491365
70
0
0
VERTEX
8
ShapeString
10
5593.349096
20
4271.295479
70
0
0
VERTEX
8
ShapeString
10
5589.389779
20
4281.931876
70
0
0
VERTEX
8
ShapeString
10
5584.919829
20
4292.380153
70
0
0
VERTEX
8
ShapeString
10
5579.944176
20
4302.619906
70
0
0
VERTEX
8
ShapeString
10
5574.467748
20
4312.630733
70
0
0
VERTEX
8
ShapeString
10
5568.495472
20
4322.392230
70
0
0
VERTEX
8
ShapeString
10
5562.032277
20
4331.883994
70
0
0
VERTEX
8
ShapeString
10
5555.083092
20
4341.085621
70
0
0
VERTEX
8
ShapeString
10
5547.652845
20
4349.976709
70
0
0
VERTEX
8
ShapeString
10
5539.746463
20
4358.536853
70
0
0
VERTEX
8
ShapeString
10
5531.368875
20
4366.745652
70
0
0
VERTEX
8
ShapeString
10
5522.525009
20
4374.582701
70
0
0
VERTEX
8
ShapeString
10
5517.929763
20
4378.355443
70
0
0
VERTEX
8
ShapeString
10
5513.219795
20
4382.027597
70
0
0
VERTEX
8
ShapeString
10
5508.395721
20
4385.596612
70
0
0
VERTEX
8
ShapeString
10
5503.458158
20
4389.059938
70
0
0
VERTEX
8
ShapeString
10
5498.407723
20
4392.415024
70
0
0
VERTEX
8
ShapeString
10
5493.245030
20
4395.659319
70
0
0
VERTEX
8
ShapeString
10
5488.001896
20
4398.771939
70
0
0
VERTEX
8
ShapeString
10
5482.711427
20
4401.734107
70
0
0
VERTEX
8
ShapeString
10
5477.376173
20
4404.546440
70
0
0
VERTEX
8
ShapeString
10
5471.998685
20
4407.209554
70
0
0
VERTEX
8
ShapeString
10
5466.581514
20
4409.724065
70
0
0
VERTEX
8
ShapeString
10
5461.127209
20
4412.090589
70
0
0
VERTEX
8
ShapeString
10
5450.117400
20
4416.382141
70
0
0
VERTEX
8
ShapeString
10
5438.989663
20
4420.089136
70
0
0
VERTEX
8
ShapeString
10
5427.764400
20
4423.216504
70
0
0
VERTEX
8
ShapeString
10
5416.462016
20
4425.769173
70
0
0
VERTEX
8
ShapeString
10
5405.102912
20
4427.752071
70
0
0
VERTEX
8
ShapeString
10
5393.707493
20
4429.170127
70
0
0
VERTEX
8
ShapeString
10
5382.296161
20
4430.028268
70
0
0
VERTEX
8
ShapeString
10
5370.889320
20
4430.331422
70
0
0
VERTEX
8
ShapeString
10
5359.507373
20
4430.084519
70
0
0
VERTEX
8
ShapeString
10
5348.170724
20
4429.292487
70
0
0
VERTEX
8
ShapeString
10
5336.899775
20
4427.960252
70
0
0
VERTEX
8
ShapeString
10
5325.714930
20
4426.092745
70
0
0
VERTEX
8
ShapeString
10
5314.636592
20
4423.694893
70
0
0
VERTEX
8
ShapeString
10
5303.685165
20
4420.771624
70
0
0
VERTEX
8
ShapeString
10
5292.881051
20
4417.327866
70
0
0
VERTEX
8
ShapeString
10
5282.244654
20
4413.368549
70
0
0
VERTEX
8
ShapeString
10
5271.796377
20
4408.898599
70
0
0
VERTEX
8
ShapeString
10
5261.556624
20
4403.922946
70
0
0
VERTEX
8
ShapeString
10
5251.545797
20
4398.446518
70
0
0
VERTEX
8
ShapeString
10
5241.784300
20
4392.474242
70
0
0
VERTEX
8
ShapeString
10
5232.292536
20
4386.011047
70
0
0
VERTEX
8
ShapeString
10
5223.090909
20
4379.061862
70
0
0
VERTEX
8
ShapeString
10
5214.199821
20
4371.631614
70
0
0
VERTEX
8
ShapeString
10
5205.639677
20
4363.725233
70
0
0
VERTEX
8
ShapeString
10
5197.430878
20
4355.347645
70
0
0
VERTEX
8
ShapeString
10
5189.593829
20
4346.503779
70
0
0
VERTEX
8
ShapeString
10
5185.821087
20
4341.908533
70
0
0
VERTEX
8
ShapeString
10
5182.148933
20
4337.198565
70
0
0
VERTEX
8
ShapeString
10
5178.579918
20
4332.374491
70
0
0
VERTEX
8
ShapeString
10
5175.116592
20
4327.436928
70
0
0
VERTEX
8
ShapeString
10
5171.761506
20
4322.386493
70
0
0
VERTEX
8
ShapeString
10
5168.517211
20
4317.223800
70
0
0
SEQEND
8
ShapeString
0
POLYLINE
8
ShapeString
62
7
70
0
10
0.000000
20
0.000000
66
1
0
VERTEX
8
ShapeString
10
5168.517210
20
4317.223800
70
0
0
VERTEX
8
ShapeString
10
5145.301028
20
4282.570450
70
0
0
VERTEX
8
ShapeString
10
5122.451841
20
4247.713731
70
0
0
VERTEX
8
ShapeString
10
5099.970492
20
4212.656605
70
0
0
VERTEX
8
ShapeString
10
5077.857820
20
4177.402032
70
0
0
VERTEX
8
ShapeString
10
5056.114665
20
4141.952974
70
0
0
VERTEX
8
ShapeString
10
5034.741870
20
4106.312391
70
0
0
VERTEX
8
ShapeString
10
5013.740273
20
4070.483245
70
0
0
VERTEX
8
ShapeString
10
4993.110715
20
4034.468496
70
0
0
VERTEX
8
ShapeString
10
4972.854038
20
3998.271106
70
0
0
VERTEX
8
ShapeString
10
4952.971081
20
3961.894034
70
0
0
VERTEX
8
ShapeString
10
4933.462686
20
3925.340244
70
0
0
VERTEX
8
ShapeString
10
4914.329692
20
3888.612694
70
0
0
VERTEX
8
ShapeString
10
4895.572940
20
3851.714347
70
0
0
VERTEX
8
ShapeString
10
4877.193271
20
3814.648163
70
0
0
VERTEX
8
ShapeString
10
4859.191526
20
3777.417103
70
0
0
VERTEX
8
ShapeString
10
4841.568544
20
3740.024128
70
0
0
VERTEX
8
ShapeString
10
4824.325167
20
3702.472199
70
0
0
VERTEX
8
ShapeString
10
4807.462235
20
3664.764278
70
0
0
VERTEX
8
ShapeString
10
4790.980588
20
3626.903324
70
0
0
VERTEX
8
ShapeString
10
4774.881068
20
3588.892300
70
0
0
VERTEX
8
ShapeString
10
4759.164514
20
3550.734165
70
0
0
VERTEX
8
ShapeString
10
4743.831767
20
3512.431881
70
0
0
VERTEX
8
ShapeString
10
4728.883668
20
3473.988410
70
0
0
VERTEX
8
ShapeString
10
4714.321057
20
3435.406711
70
0
0
VERTEX
8
ShapeString
10
4700.144776
20
3396.689746
70
0
0
VERTEX
8
ShapeString
10
4686.355663
20
3357.840475
70
0
0
VERTEX
8
ShapeString
10
4672.954560
20
3318.861861
70
0
0
VERTEX
8
ShapeString
10
4659.942308
20
3279.756863
70
0
0
VERTEX
8
ShapeString
10
4647.319747
20
3240.528443
70
0
0
VERTEX
8
ShapeString
10
4635.087718
20
3201.179562
70
0
0
VERTEX
8
ShapeString
10
4623.247060
20
3161.713180
70
0
0
VERTEX
8
ShapeString
10
4611.798615
20
3122.132259
70
0
0
VERTEX
8
ShapeString
10
4600.743224
20
3082.439759
70
0
0
VERTEX
8
ShapeString
10
4590.081726
20
3042.638642
70
0
0
VERTEX
8
ShapeString
10
4579.814962
20
3002.731868
70
0
0
VERTEX
8
ShapeString
10
4569.943773
20
2962.722399
70
0
0
VERTEX
8
ShapeString
10
4560.469000
20
2922.613195
70
0
0
VERTEX
8
ShapeString
10
4551.391483
20
2882.407218
70
0
0
VERTEX
8
ShapeString
10
4542.712062
20
2842.107428
70
0
0
VERTEX
8
ShapeString
10
4534.431578
20
2801.716786
70
0
0
VERTEX
8
ShapeString
10
4526.550872
20
2761.238253
70
0
0
VERTEX
8
ShapeString
10
4519.070784
20
2720.674791
70
0
0
VERTEX
8
ShapeString
10
4511.992154
20
2680.029360
70
0
0
VERTEX
8
ShapeString
10
4505.315824
20
2639.304921
70
0
0
VERTEX
8
ShapeString
10
4499.042633
20
2598.504436
70
0
0
VERTEX
8
ShapeString
10
4493.173423
20
2557.630864
70
0
0
VERTEX
8
ShapeString
10
4487.709034
20
2516.687168
70
0
0
VERTEX
8
ShapeString
10
4482.650306
20
2475.676307
70
0
0
VERTEX
8
ShapeString
10
4477.998080
20
2434.601244
70
0
0
VERTEX
8
ShapeString
10
4473.753197
20
2393.464938
70
0
0
VERTEX
8
ShapeString
10
4469.916496
20
2352.270352
70
0
0
VERTEX
8
ShapeString
10
4466.488820
20
2311.020445
70
0
0
VERTEX
8
ShapeString
10
4463.471007
20
2269.718179
70
0
0
VERTEX
8
ShapeString
10
4460.863899
20
2228.366516
70
0
0
VERTEX
8
ShapeString
10
4458.668337
20
2186.968414
70
0
0
VERTEX
8
ShapeString
10
4456.885160
20
2145.526837
70
0
0
VERTEX
8
ShapeString
10
4455.515209
20
2104.044745
70
0
0
VERTEX
8
ShapeString
10
4454.559326
20
2062.525098
70
0
0
VERTEX
8
ShapeString
10
4454.018350
20
2020.970857
70
0
0
VERTEX
8
ShapeString
10
4453.893122
20
1979.384985
70
0
0
VERTEX
8
ShapeString
10
4454.184482
20
1937.770441
70
0
0
VERTEX
8
ShapeString
10
4454.893272
20
1896.130186
70
0
0
VERTEX
8
ShapeString
10
4456.020331
20
1854.467182
70
0
0
VERTEX
8
ShapeString
10
4457.566500
20
1812.784390
70
0
0
SEQEND
8
ShapeString
0
POLYLINE
8
ShapeString
62
7
70
0
10
0.000000
20
0.000000
66
1
0
VERTEX
8
ShapeString
10
5108.241640
20
1366.955998
70
0
0
VERTEX
8
ShapeString
10
5107.683072
20
1369.177449
70
0
0
VERTEX
8
ShapeString
10
5106.723507
20
1371.182663
70
0
0
VERTEX
8
ShapeString
10
5105.414230
20
1372.933360
70
0
0
VERTEX
8
ShapeString
10
5103.806524
20
1374.391256
70
0
0
VERTEX
8
ShapeString
10
5101.951673
20
1375.518069
70
0
0
VERTEX
8
ShapeString
10
5099.900961
20
1376.275517
70
0
0
VERTEX
8
ShapeString
10
5097.705673
20
1376.625318
70
0
0
VERTEX
8
ShapeString
10
5095.417093
20
1376.529190
70
0
0
VERTEX
8
ShapeString
10
5093.193461
20
1375.979369
70
0
0
VERTEX
8
ShapeString
10
5091.184485
20
1375.027704
70
0
0
VERTEX
8
ShapeString
10
5089.428649
20
1373.725327
70
0
0
VERTEX
8
ShapeString
10
5087.964437
20
1372.123371
70
0
0
VERTEX
8
ShapeString
10
5086.830332
20
1370.272970
70
0
0
VERTEX
8
ShapeString
10
5086.064819
20
1368.225255
70
0
0
VERTEX
8
ShapeString
10
5085.706380
20
1366.031361
70
0
0
VERTEX
8
ShapeString
10
5085.793500
20
1363.742420
70
0
0
VERTEX
8
ShapeString
10
5086.352068
20
1361.520969
70
0
0
VERTEX
8
ShapeString
10
5087.311633
20
1359.515755
70
0
0
VERTEX
8
ShapeString
10
5088.620910
20
1357.765058
70
0
0
VERTEX
8
ShapeString
10
5090.228616
20
1356.307162
70
0
0
VERTEX
8
ShapeString
10
5092.083467
20
1355.180349
70
0
0
VERTEX
8
ShapeString
10
5094.134179
20
1354.422901
70
0
0
VERTEX
8
ShapeString
10
5096.329467
20
1354.073100
70
0
0
VERTEX
8
ShapeString
10
5098.618047
20
1354.169228
70
0
0
VERTEX
8
ShapeString
10
5100.841679
20
1354.719049
70
0
0
VERTEX
8
ShapeString
10
5102.850655
20
1355.670714
70
0
0
VERTEX
8
ShapeString
10
5104.606491
20
1356.973091
70
0
0
VERTEX
8
ShapeString
10
5106.070703
20
1358.575047
70
0
0
VERTEX
8
ShapeString
10
5107.204808
20
1360.425448
70
0
0
VERTEX
8
ShapeString
10
5107.970321
20
1362.473163
70
0
0
VERTEX
8
ShapeString
10
5108.328760
20
1364.667057
70
0
0
VERTEX
8
ShapeString
10
5108.241640
20
1366.955998
70
0
0
VERTEX
8
ShapeString
10
5108.241640
20
1366.955998
70
0
0
SEQEND
8
ShapeString
0
POLYLINE
8
ShapeString
62
7
70
0
10
0.000000
20
0.000000
66
1
0
VERTEX
8
ShapeString
10
5636.876950
20
1389.915244
70
0
0
VERTEX
8
ShapeString
10
5636.324131
20
1392.143530
70
0
0
VERTEX
8
ShapeString
10
5635.367939
20
1394.155652
70
0
0
VERTEX
8
ShapeString
10
5634.059927
20
1395.912991
70
0
0
VERTEX
8
ShapeString
10
5632.451646
20
1397.376930
70
0
0
VERTEX
8
ShapeString
10
5630.594648
20
1398.508852
70
0
0
VERTEX
8
ShapeString
10
5628.540486
20
1399.270137
70
0
0
VERTEX
8
ShapeString
10
5626.340711
20
1399.622169
70
0
0
VERTEX
8
ShapeString
10
5624.046876
20
1399.526329
70
0
0
VERTEX
8
ShapeString
10
5621.818281
20
1398.974758
70
0
0
VERTEX
8
ShapeString
10
5619.805624
20
1398.019692
70
0
0
VERTEX
8
ShapeString
10
5618.047553
20
1396.712664
70
0
0
VERTEX
8
ShapeString
10
5616.582713
20
1395.105203
70
0
0
VERTEX
8
ShapeString
10
5615.449753
20
1393.248839
70
0
0
VERTEX
8
ShapeString
10
5614.687317
20
1391.195103
70
0
0
VERTEX
8
ShapeString
10
5614.334054
20
1388.995526
70
0
0
VERTEX
8
ShapeString
10
5614.428610
20
1386.701637
70
0
0
VERTEX
8
ShapeString
10
5614.981429
20
1384.473351
70
0
0
VERTEX
8
ShapeString
10
5615.937621
20
1382.461229
70
0
0
VERTEX
8
ShapeString
10
5617.245633
20
1380.703890
70
0
0
VERTEX
8
ShapeString
10
5618.853914
20
1379.239951
70
0
0
VERTEX
8
ShapeString
10
5620.710912
20
1378.108029
70
0
0
VERTEX
8
ShapeString
10
5622.765074
20
1377.346744
70
0
0
VERTEX
8
ShapeString
10
5624.964849
20
1376.994712
70
0
0
VERTEX
8
ShapeString
10
5627.258684
20
1377.090552
70
0
0
VERTEX
8
ShapeString
10
5629.487279
20
1377.642123
70
0
0
VERTEX
8
ShapeString
10
5631.499936
20
1378.597189
70
0
0
VERTEX
8
ShapeString
10
5633.258007
20
1379.904217
70
0
0
VERTEX
8
ShapeString
10
5634.722847
20
1381.511678
70
0
0
VERTEX
8
ShapeString
10
5635.855807
20
1383.368042
70
0
0
VERTEX
8
ShapeString
10
5636.618243
20
1385.421778
70
0
0
VERTEX
8
ShapeString
10
5636.971506
20
1387.621355
70
0
0
VERTEX
8
ShapeString
10
5636.876950
20
1389.915244
70
0
0
VERTEX
8
ShapeString
10
5636.876950
20
1389.915244
70
0
0
SEQEND
8
ShapeString
0
POLYLINE
8
ShapeString
62
7
70
0
10
0.000000
20
0.000000
66
1
0
VERTEX
8
ShapeString
10
5792.239237
20
3185.423500
70
0
0
VERTEX
8
ShapeString
10
5791.686923
20
3187.652383
70
0
0
VERTEX
8
ShapeString
10
5790.731028
20
3189.665109
70
0
0
VERTEX
8
ShapeString
10
5789.423128
20
3191.423030
70
0
0
VERTEX
8
ShapeString
10
5787.814798
20
3192.887499
70
0
0
VERTEX
8
ShapeString
10
5785.957613
20
3194.019868
70
0
0
VERTEX
8
ShapeString
10
5783.903150
20
3194.781490
70
0
0
VERTEX
8
ShapeString
10
5781.702983
20
3195.133718
70
0
0
VERTEX
8
ShapeString
10
5779.408687
20
3195.037905
70
0
0
VERTEX
8
ShapeString
10
5777.179658
20
3194.486181
70
0
0
VERTEX
8
ShapeString
10
5775.166679
20
3193.530818
70
0
0
VERTEX
8
ShapeString
10
5773.408412
20
3192.223384
70
0
0
VERTEX
8
ShapeString
10
5771.943517
20
3190.615441
70
0
0
VERTEX
8
ShapeString
10
5770.810657
20
3188.758557
70
0
0
VERTEX
8
ShapeString
10
5770.048491
20
3186.704295
70
0
0
VERTEX
8
ShapeString
10
5769.695681
20
3184.504221
70
0
0
VERTEX
8
ShapeString
10
5769.790887
20
3182.209900
70
0
0
VERTEX
8
ShapeString
10
5770.343201
20
3179.981017
70
0
0
VERTEX
8
ShapeString
10
5771.299096
20
3177.968291
70
0
0
VERTEX
8
ShapeString
10
5772.606996
20
3176.210370
70
0
0
VERTEX
8
ShapeString
10
5774.215326
20
3174.745901
70
0
0
VERTEX
8
ShapeString
10
5776.072511
20
3173.613532
70
0
0
VERTEX
8
ShapeString
10
5778.126974
20
3172.851910
70
0
0
VERTEX
8
ShapeString
10
5780.327141
20
3172.499682
70
0
0
VERTEX
8
ShapeString
10
5782.621437
20
3172.595495
70
0
0
VERTEX
8
ShapeString
10
5784.850466
20
3173.147219
70
0
0
VERTEX
8
ShapeString
10
5786.863445
20
3174.102582
70
0
0
VERTEX
8
ShapeString
10
5788.621712
20
3175.410016
70
0
0
VERTEX
8
ShapeString
10
5790.086606
20
3177.017959
70
0
0
VERTEX
8
ShapeString
10
5791.219467
20
3178.874843
70
0
0
VERTEX
8
ShapeString
10
5791.981633
20
3180.929105
70
0
0
VERTEX
8
ShapeString
10
5792.334443
20
3183.129179
70
0
0
VERTEX
8
ShapeString
10
5792.239237
20
3185.423500
70
0
0
VERTEX
8
ShapeString
10
5792.239237
20
3185.423500
70
0
0
SEQEND
8
ShapeString
0
POLYLINE
8
ShapeString
62
7
70
0
10
0.000000
20
0.000000
66
1
0
VERTEX
8
ShapeString
10
5398.585500
20
3319.151600
70
0
0
VERTEX
8
ShapeString
10
5398.029595
20
3321.376223
70
0
0
VERTEX
8
ShapeString
10
5397.071592
20
3323.384642
70
0
0
VERTEX
8
ShapeString
10
5395.762899
20
3325.138420
70
0
0
VERTEX
8
ShapeString
10
5394.154925
20
3326.599118
70
0
0
VERTEX
8
ShapeString
10
5392.299077
20
3327.728300
70
0
0
VERTEX
8
ShapeString
10
5390.246764
20
3328.487526
70
0
0
VERTEX
8
ShapeString
10
5388.049395
20
3328.838361
70
0
0
VERTEX
8
ShapeString
10
5385.758377
20
3328.742366
70
0
0
VERTEX
8
ShapeString
10
5383.532443
20
3328.191733
70
0
0
VERTEX
8
ShapeString
10
5381.521760
20
3327.238491
70
0
0
VERTEX
8
ShapeString
10
5379.764887
20
3325.933956
70
0
0
VERTEX
8
ShapeString
10
5378.300384
20
3324.329447
70
0
0
VERTEX
8
ShapeString
10
5377.166809
20
3322.476279
70
0
0
VERTEX
8
ShapeString
10
5376.402722
20
3320.425771
70
0
0
VERTEX
8
ShapeString
10
5376.046683
20
3318.229239
70
0
0
VERTEX
8
ShapeString
10
5376.137250
20
3315.938000
70
0
0
VERTEX
8
ShapeString
10
5376.693155
20
3313.713377
70
0
0
VERTEX
8
ShapeString
10
5377.651158
20
3311.704958
70
0
0
VERTEX
8
ShapeString
10
5378.959851
20
3309.951180
70
0
0
VERTEX
8
ShapeString
10
5380.567825
20
3308.490482
70
0
0
VERTEX
8
ShapeString
10
5382.423673
20
3307.361300
70
0
0
VERTEX
8
ShapeString
10
5384.475986
20
3306.602074
70
0
0
VERTEX
8
ShapeString
10
5386.673355
20
3306.251239
70
0
0
VERTEX
8
ShapeString
10
5388.964373
20
3306.347234
70
0
0
VERTEX
8
ShapeString
10
5391.190307
20
3306.897867
70
0
0
VERTEX
8
ShapeString
10
5393.200990
20
3307.851109
70
0
0
VERTEX
8
ShapeString
10
5394.957863
20
3309.155644
70
0
0
VERTEX
8
ShapeString
10
5396.422366
20
3310.760153
70
0
0
VERTEX
8
ShapeString
10
5397.555941
20
3312.613321
70
0
0
VERTEX
8
ShapeString
10
5398.320028
20
3314.663829
70
0
0
VERTEX
8
ShapeString
10
5398.676067
20
3316.860361
70
0
0
VERTEX
8
ShapeString
10
5398.585500
20
3319.151600
70
0
0
VERTEX
8
ShapeString
10
5398.585500
20
3319.151600
70
0
0
SEQEND
8
ShapeString
0
POLYLINE
8
ShapeString
62
7
70
0
10
0.000000
20
0.000000
66
1
0
VERTEX
8
ShapeString
10
6340.127970
20
4133.486800
70
0
0
VERTEX
8
ShapeString
10
6339.572194
20
4135.711576
70
0
0
VERTEX
8
ShapeString
10
6338.614267
20
4137.720149
70
0
0
VERTEX
8
ShapeString
10
6337.305602
20
4139.474075
70
0
0
VERTEX
8
ShapeString
10
6335.697615
20
4140.934909
70
0
0
VERTEX
8
ShapeString
10
6333.841720
20
4142.064205
70
0
0
VERTEX
8
ShapeString
10
6331.789330
20
4142.823517
70
0
0
VERTEX
8
ShapeString
10
6329.591861
20
4143.174402
70
0
0
VERTEX
8
ShapeString
10
6327.300726
20
4143.078413
70
0
0
VERTEX
8
ShapeString
10
6325.074681
20
4142.527741
70
0
0
VERTEX
8
ShapeString
10
6323.063916
20
4141.574423
70
0
0
VERTEX
8
ShapeString
10
6321.306994
20
4140.269784
70
0
0
VERTEX
8
ShapeString
10
6319.842476
20
4138.665152
70
0
0
VERTEX
8
ShapeString
10
6318.708927
20
4136.811851
70
0
0
VERTEX
8
ShapeString
10
6317.944909
20
4134.761208
70
0
0
VERTEX
8
ShapeString
10
6317.588986
20
4132.564549
70
0
0
VERTEX
8
ShapeString
10
6317.679720
20
4130.273200
70
0
0
VERTEX
8
ShapeString
10
6318.235496
20
4128.048424
70
0
0
VERTEX
8
ShapeString
10
6319.193423
20
4126.039851
70
0
0
VERTEX
8
ShapeString
10
6320.502088
20
4124.285925
70
0
0
VERTEX
8
ShapeString
10
6322.110075
20
4122.825091
70
0
0
VERTEX
8
ShapeString
10
6323.965970
20
4121.695795
70
0
0
VERTEX
8
ShapeString
10
6326.018360
20
4120.936483
70
0
0
VERTEX
8
ShapeString
10
6328.215829
20
4120.585598
70
0
0
VERTEX
8
ShapeString
10
6330.506964
20
4120.681587
70
0
0
VERTEX
8
ShapeString
10
6332.733009
20
4121.232259
70
0
0
VERTEX
8
ShapeString
10
6334.743774
20
4122.185577
70
0
0
VERTEX
8
ShapeString
10
6336.500696
20
4123.490216
70
0
0
VERTEX
8
ShapeString
10
6337.965214
20
4125.094848
70
0
0
VERTEX
8
ShapeString
10
6339.098763
20
4126.948149
70
0
0
VERTEX
8
ShapeString
10
6339.862781
20
4128.998792
70
0
0
VERTEX
8
ShapeString
10
6340.218704
20
4131.195451
70
0
0
VERTEX
8
ShapeString
10
6340.127970
20
4133.486800
70
0
0
VERTEX
8
ShapeString
10
6340.127970
20
4133.486800
70
0
0
SEQEND
8
ShapeString
0
POLYLINE
8
ShapeString
62
7
70
0
10
0.000000
20
0.000000
66
1
0
VERTEX
8
ShapeString
10
6156.405740
20
3889.069600
70
0
0
VERTEX
8
ShapeString
10
6155.852796
20
3891.297738
70
0
0
VERTEX
8
ShapeString
10
6154.896532
20
3893.309710
70
0
0
VERTEX
8
ShapeString
10
6153.588492
20
3895.066905
70
0
0
VERTEX
8
ShapeString
10
6151.980224
20
3896.530714
70
0
0
VERTEX
8
ShapeString
10
6150.123273
20
3897.662525
70
0
0
VERTEX
8
ShapeString
10
6148.069186
20
3898.423728
70
0
0
VERTEX
8
ShapeString
10
6145.869509
20
3898.775712
70
0
0
VERTEX
8
ShapeString
10
6143.575787
20
3898.679866
70
0
0
VERTEX
8
ShapeString
10
6141.347300
20
3898.128333
70
0
0
VERTEX
8
ShapeString
10
6139.334723
20
3897.173342
70
0
0
VERTEX
8
ShapeString
10
6137.576699
20
3895.866416
70
0
0
VERTEX
8
ShapeString
10
6136.111873
20
3894.259075
70
0
0
VERTEX
8
ShapeString
10
6134.978886
20
3892.402841
70
0
0
VERTEX
8
ShapeString
10
6134.216383
20
3890.349236
70
0
0
VERTEX
8
ShapeString
10
6133.863007
20
3888.149782
70
0
0
VERTEX
8
ShapeString
10
6133.957400
20
3885.856000
70
0
0
VERTEX
8
ShapeString
10
6134.510344
20
3883.627862
70
0
0
VERTEX
8
ShapeString
10
6135.466608
20
3881.615890
70
0
0
VERTEX
8
ShapeString
10
6136.774648
20
3879.858695
70
0
0
VERTEX
8
ShapeString
10
6138.382916
20
3878.394886
70
0
0
VERTEX
8
ShapeString
10
6140.239867
20
3877.263075
70
0
0
VERTEX
8
ShapeString
10
6142.293954
20
3876.501872
70
0
0
VERTEX
8
ShapeString
10
6144.493631
20
3876.149888
70
0
0
VERTEX
8
ShapeString
10
6146.787353
20
3876.245734
70
0
0
VERTEX
8
ShapeString
10
6149.015840
20
3876.797267
70
0
0
VERTEX
8
ShapeString
10
6151.028417
20
3877.752258
70
0
0
VERTEX
8
ShapeString
10
6152.786441
20
3879.059184
70
0
0
VERTEX
8
ShapeString
10
6154.251267
20
3880.666525
70
0
0
VERTEX
8
ShapeString
10
6155.384254
20
3882.522759
70
0
0
VERTEX
8
ShapeString
10
6156.146757
20
3884.576364
70
0
0
VERTEX
8
ShapeString
10
6156.500133
20
3886.775818
70
0
0
VERTEX
8
ShapeString
10
6156.405740
20
3889.069600
70
0
0
VERTEX
8
ShapeString
10
6156.405740
20
3889.069600
70
0
0
SEQEND
8
ShapeString
0
POLYLINE
8
ShapeString
62
7
70
0
10
0.000000
20
0.000000
66
1
0
VERTEX
8
ShapeString
10
5820.310937
20
4112.505900
70
0
0
VERTEX
8
ShapeString
10
5819.758700
20
4114.734874
70
0
0
VERTEX
8
ShapeString
10
5818.802850
20
4116.747693
70
0
0
VERTEX
8
ShapeString
10
5817.494967
20
4118.505702
70
0
0
VERTEX
8
ShapeString
10
5815.886630
20
4119.970252
70
0
0
VERTEX
8
ShapeString
10
5814.029417
20
4121.102689
70
0
0
VERTEX
8
ShapeString
10
5811.974907
20
4121.864363
70
0
0
VERTEX
8
ShapeString
10
5809.774680
20
4122.216621
70
0
0
VERTEX
8
ShapeString
10
5807.480315
20
4122.120811
70
0
0
VERTEX
8
ShapeString
10
5805.251219
20
4121.569063
70
0
0
VERTEX
8
ShapeString
10
5803.238191
20
4120.613656
70
0
0
VERTEX
8
ShapeString
10
5801.479894
20
4119.306159
70
0
0
VERTEX
8
ShapeString
10
5800.014992
20
4117.698143
70
0
0
VERTEX
8
ShapeString
10
5798.882147
20
4115.841178
70
0
0
VERTEX
8
ShapeString
10
5798.120022
20
4113.786836
70
0
0
VERTEX
8
ShapeString
10
5797.767281
20
4111.586687
70
0
0
VERTEX
8
ShapeString
10
5797.862587
20
4109.292300
70
0
0
VERTEX
8
ShapeString
10
5798.414824
20
4107.063326
70
0
0
VERTEX
8
ShapeString
10
5799.370674
20
4105.050507
70
0
0
VERTEX
8
ShapeString
10
5800.678557
20
4103.292498
70
0
0
VERTEX
8
ShapeString
10
5802.286894
20
4101.827948
70
0
0
VERTEX
8
ShapeString
10
5804.144107
20
4100.695511
70
0
0
VERTEX
8
ShapeString
10
5806.198616
20
4099.933837
70
0
0
VERTEX
8
ShapeString
10
5808.398844
20
4099.581579
70
0
0
VERTEX
8
ShapeString
10
5810.693209
20
4099.677389
70
0
0
VERTEX
8
ShapeString
10
5812.922305
20
4100.229137
70
0
0
VERTEX
8
ShapeString
10
5814.935333
20
4101.184544
70
0
0
VERTEX
8
ShapeString
10
5816.693630
20
4102.492041
70
0
0
VERTEX
8
ShapeString
10
5818.158532
20
4104.100057
70
0
0
VERTEX
8
ShapeString
10
5819.291377
20
4105.957022
70
0
0
VERTEX
8
ShapeString
10
5820.053502
20
4108.011364
70
0
0
VERTEX
8
ShapeString
10
5820.406243
20
4110.211513
70
0
0
VERTEX
8
ShapeString
10
5820.310937
20
4112.505900
70
0
0
VERTEX
8
ShapeString
10
5820.310937
20
4112.505900
70
0
0
SEQEND
8
ShapeString
0
POLYLINE
8
ShapeString
62
7
70
0
10
0.000000
20
0.000000
66
1
0
VERTEX
8
ShapeString
10
6032.080540
20
4394.236200
70
0
0
VERTEX
8
ShapeString
10
6031.527596
20
4396.464338
70
0
0
VERTEX
8
ShapeString
10
6030.571332
20
4398.476310
70
0
0
VERTEX
8
ShapeString
10
6029.263292
20
4400.233505
70
0
0
VERTEX
8
ShapeString
10
6027.655024
20
4401.697314
70
0
0
VERTEX
8
ShapeString
10
6025.798073
20
4402.829125
70
0
0
VERTEX
8
ShapeString
10
6023.743986
20
4403.590328
70
0
0
VERTEX
8
ShapeString
10
6021.544309
20
4403.942312
70
0
0
VERTEX
8
ShapeString
10
6019.250587
20
4403.846466
70
0
0
VERTEX
8
ShapeString
10
6017.022100
20
4403.294933
70
0
0
VERTEX
8
ShapeString
10
6015.009523
20
4402.339942
70
0
0
VERTEX
8
ShapeString
10
6013.251499
20
4401.033016
70
0
0
VERTEX
8
ShapeString
10
6011.786673
20
4399.425675
70
0
0
VERTEX
8
ShapeString
10
6010.653686
20
4397.569441
70
0
0
VERTEX
8
ShapeString
10
6009.891183
20
4395.515836
70
0
0
VERTEX
8
ShapeString
10
6009.537807
20
4393.316382
70
0
0
VERTEX
8
ShapeString
10
6009.632200
20
4391.022600
70
0
0
VERTEX
8
ShapeString
10
6010.185144
20
4388.794462
70
0
0
VERTEX
8
ShapeString
10
6011.141408
20
4386.782490
70
0
0
VERTEX
8
ShapeString
10
6012.449448
20
4385.025295
70
0
0
VERTEX
8
ShapeString
10
6014.057716
20
4383.561486
70
0
0
VERTEX
8
ShapeString
10
6015.914667
20
4382.429675
70
0
0
VERTEX
8
ShapeString
10
6017.968754
20
4381.668472
70
0
0
VERTEX
8
ShapeString
10
6020.168431
20
4381.316488
70
0
0
VERTEX
8
ShapeString
10
6022.462153
20
4381.412334
70
0
0
VERTEX
8
ShapeString
10
6024.690640
20
4381.963867
70
0
0
VERTEX
8
ShapeString
10
6026.703217
20
4382.918858
70
0
0
VERTEX
8
ShapeString
10
6028.461241
20
4384.225784
70
0
0
VERTEX
8
ShapeString
10
6029.926067
20
4385.833125
70
0
0
VERTEX
8
ShapeString
10
6031.059054
20
4387.689359
70
0
0
VERTEX
8
ShapeString
10
6031.821557
20
4389.742964
70
0
0
VERTEX
8
ShapeString
10
6032.174933
20
4391.942418
70
0
0
VERTEX
8
ShapeString
10
6032.080540
20
4394.236200
70
0
0
VERTEX
8
ShapeString
10
6032.080540
20
4394.236200
70
0
0
SEQEND
8
ShapeString
0
POLYLINE
8
ShapeString
62
7
70
0
10
0.000000
20
0.000000
66
1
0
VERTEX
8
ShapeString
10
5383.782940
20
1380.042344
70
0
0
VERTEX
8
ShapeString
10
5383.331246
20
1382.313297
70
0
0
VERTEX
8
ShapeString
10
5382.666191
20
1384.485706
70
0
0
VERTEX
8
ShapeString
10
5381.800598
20
1386.549998
70
0
0
VERTEX
8
ShapeString
10
5380.747289
20
1388.496601
70
0
0
VERTEX
8
ShapeString
10
5379.519088
20
1390.315939
70
0
0
VERTEX
8
ShapeString
10
5378.128819
20
1391.998441
70
0
0
VERTEX
8
ShapeString
10
5376.589305
20
1393.534532
70
0
0
VERTEX
8
ShapeString
10
5374.913368
20
1394.914639
70
0
0
VERTEX
8
ShapeString
10
5373.113833
20
1396.129189
70
0
0
VERTEX
8
ShapeString
10
5371.203522
20
1397.168609
70
0
0
VERTEX
8
ShapeString
10
5369.195259
20
1398.023325
70
0
0
VERTEX
8
ShapeString
10
5367.101867
20
1398.683764
70
0
0
VERTEX
8
ShapeString
10
5364.936170
20
1399.140352
70
0
0
VERTEX
8
ShapeString
10
5362.710990
20
1399.383516
70
0
0
VERTEX
8
ShapeString
10
5360.439150
20
1399.403683
70
0
0
VERTEX
8
ShapeString
10
5358.133475
20
1399.191279
70
0
0
VERTEX
8
ShapeString
10
5355.860813
20
1398.748268
70
0
0
VERTEX
8
ShapeString
10
5353.685877
20
1398.091520
70
0
0
VERTEX
8
ShapeString
10
5351.618292
20
1397.233823
70
0
0
VERTEX
8
ShapeString
10
5349.667678
20
1396.187961
70
0
0
VERTEX
8
ShapeString
10
5347.843659
20
1394.966723
70
0
0
VERTEX
8
ShapeString
10
5346.155856
20
1393.582895
70
0
0
VERTEX
8
ShapeString
10
5344.613893
20
1392.049262
70
0
0
VERTEX
8
ShapeString
10
5343.227390
20
1390.378613
70
0
0
VERTEX
8
ShapeString
10
5342.005971
20
1388.583732
70
0
0
VERTEX
8
ShapeString
10
5340.959258
20
1386.677408
70
0
0
VERTEX
8
ShapeString
10
5340.096873
20
1384.672427
70
0
0
VERTEX
8
ShapeString
10
5339.428438
20
1382.581574
70
0
0
VERTEX
8
ShapeString
10
5338.963576
20
1380.417637
70
0
0
VERTEX
8
ShapeString
10
5338.711909
20
1378.193403
70
0
0
VERTEX
8
ShapeString
10
5338.683060
20
1375.921657
70
0
0
VERTEX
8
ShapeString
10
5338.886650
20
1373.615187
70
0
0
VERTEX
8
ShapeString
10
5339.338344
20
1371.344234
70
0
0
VERTEX
8
ShapeString
10
5340.003399
20
1369.171825
70
0
0
VERTEX
8
ShapeString
10
5340.868992
20
1367.107533
70
0
0
VERTEX
8
ShapeString
10
5341.922301
20
1365.160930
70
0
0
VERTEX
8
ShapeString
10
5343.150502
20
1363.341592
70
0
0
VERTEX
8
ShapeString
10
5344.540771
20
1361.659090
70
0
0
VERTEX
8
ShapeString
10
5346.080285
20
1360.122999
70
0
0
VERTEX
8
ShapeString
10
5347.756222
20
1358.742892
70
0
0
VERTEX
8
ShapeString
10
5349.555757
20
1357.528342
70
0
0
VERTEX
8
ShapeString
10
5351.466068
20
1356.488922
70
0
0
VERTEX
8
ShapeString
10
5353.474331
20
1355.634206
70
0
0
VERTEX
8
ShapeString
10
5355.567723
20
1354.973767
70
0
0
VERTEX
8
ShapeString
10
5357.733420
20
1354.517179
70
0
0
VERTEX
8
ShapeString
10
5359.958600
20
1354.274015
70
0
0
VERTEX
8
ShapeString
10
5362.230440
20
1354.253848
70
0
0
VERTEX
8
ShapeString
10
5364.536115
20
1354.466252
70
0
0
VERTEX
8
ShapeString
10
5366.808777
20
1354.909263
70
0
0
VERTEX
8
ShapeString
10
5368.983713
20
1355.566011
70
0
0
VERTEX
8
ShapeString
10
5371.051298
20
1356.423708
70
0
0
VERTEX
8
ShapeString
10
5373.001912
20
1357.469570
70
0
0
VERTEX
8
ShapeString
10
5374.825931
20
1358.690808
70
0
0
VERTEX
8
ShapeString
10
5376.513734
20
1360.074636
70
0
0
VERTEX
8
ShapeString
10
5378.055697
20
1361.608269
70
0
0
VERTEX
8
ShapeString
10
5379.442200
20
1363.278918
70
0
0
VERTEX
8
ShapeString
10
5380.663619
20
1365.073799
70
0
0
VERTEX
8
ShapeString
10
5381.710332
20
1366.980123
70
0
0
VERTEX
8
ShapeString
10
5382.572717
20
1368.985104
70
0
0
VERTEX
8
ShapeString
10
5383.241152
20
1371.075957
70
0
0
VERTEX
8
ShapeString
10
5383.706014
20
1373.239894
70
0
0
VERTEX
8
ShapeString
10
5383.957681
20
1375.464128
70
0
0
VERTEX
8
ShapeString
10
5383.986530
20
1377.735874
70
0
0
VERTEX
8
ShapeString
10
5383.782940
20
1380.042344
70
0
0
VERTEX
8
ShapeString
10
5383.782940
20
1380.042344
70
0
0
SEQEND
8
ShapeString
0
POLYLINE
8
ShapeString
62
7
70
0
10
0.000000
20
0.000000
66
1
0
VERTEX
8
ShapeString
10
5606.636500
20
3253.894300
70
0
0
VERTEX
8
ShapeString
10
5606.189918
20
3256.170684
70
0
0
VERTEX
8
ShapeString
10
5605.528968
20
3258.348620
70
0
0
VERTEX
8
ShapeString
10
5604.666528
20
3260.418469
70
0
0
VERTEX
8
ShapeString
10
5603.615474
20
3262.370588
70
0
0
VERTEX
8
ShapeString
10
5602.388684
20
3264.195338
70
0
0
VERTEX
8
ShapeString
10
5600.999034
20
3265.883078
70
0
0
VERTEX
8
ShapeString
10
5599.459401
20
3267.424167
70
0
0
VERTEX
8
ShapeString
10
5597.782663
20
3268.808965
70
0
0
VERTEX
8
ShapeString
10
5595.981696
20
3270.027831
70
0
0
VERTEX
8
ShapeString
10
5594.069377
20
3271.071124
70
0
0
VERTEX
8
ShapeString
10
5592.058583
20
3271.929204
70
0
0
VERTEX
8
ShapeString
10
5589.962192
20
3272.592430
70
0
0
VERTEX
8
ShapeString
10
5587.793079
20
3273.051162
70
0
0
VERTEX
8
ShapeString
10
5585.564123
20
3273.295759
70
0
0
VERTEX
8
ShapeString
10
5583.288199
20
3273.316580
70
0
0
VERTEX
8
ShapeString
10
5580.978185
20
3273.103984
70
0
0
VERTEX
8
ShapeString
10
5578.701305
20
3272.659940
70
0
0
VERTEX
8
ShapeString
10
5576.522633
20
3272.001418
70
0
0
VERTEX
8
ShapeString
10
5574.451825
20
3271.141286
70
0
0
VERTEX
8
ShapeString
10
5572.498535
20
3270.092409
70
0
0
VERTEX
8
ShapeString
10
5570.672419
20
3268.867654
70
0
0
VERTEX
8
ShapeString
10
5568.983131
20
3267.479886
70
0
0
VERTEX
8
ShapeString
10
5567.440326
20
3265.941973
70
0
0
VERTEX
8
ShapeString
10
5566.053660
20
3264.266779
70
0
0
VERTEX
8
ShapeString
10
5564.832787
20
3262.467172
70
0
0
VERTEX
8
ShapeString
10
5563.787363
20
3260.556017
70
0
0
VERTEX
8
ShapeString
10
5562.927042
20
3258.546181
70
0
0
VERTEX
8
ShapeString
10
5562.261479
20
3256.450530
70
0
0
VERTEX
8
ShapeString
10
5561.800329
20
3254.281931
70
0
0
VERTEX
8
ShapeString
10
5561.553248
20
3252.053248
70
0
0
VERTEX
8
ShapeString
10
5561.529890
20
3249.777349
70
0
0
VERTEX
8
ShapeString
10
5561.739910
20
3247.467100
70
0
0
VERTEX
8
ShapeString
10
5562.186492
20
3245.190716
70
0
0
VERTEX
8
ShapeString
10
5562.847442
20
3243.012780
70
0
0
VERTEX
8
ShapeString
10
5563.709882
20
3240.942931
70
0
0
VERTEX
8
ShapeString
10
5564.760936
20
3238.990812
70
0
0
VERTEX
8
ShapeString
10
5565.987726
20
3237.166062
70
0
0
VERTEX
8
ShapeString
10
5567.377376
20
3235.478322
70
0
0
VERTEX
8
ShapeString
10
5568.917009
20
3233.937233
70
0
0
VERTEX
8
ShapeString
10
5570.593747
20
3232.552435
70
0
0
VERTEX
8
ShapeString
10
5572.394714
20
3231.333569
70
0
0
VERTEX
8
ShapeString
10
5574.307033
20
3230.290276
70
0
0
VERTEX
8
ShapeString
10
5576.317827
20
3229.432196
70
0
0
VERTEX
8
ShapeString
10
5578.414218
20
3228.768970
70
0
0
VERTEX
8
ShapeString
10
5580.583331
20
3228.310238
70
0
0
VERTEX
8
ShapeString
10
5582.812287
20
3228.065641
70
0
0
VERTEX
8
ShapeString
10
5585.088211
20
3228.044820
70
0
0
VERTEX
8
ShapeString
10
5587.398225
20
3228.257416
70
0
0
VERTEX
8
ShapeString
10
5589.675105
20
3228.701460
70
0
0
VERTEX
8
ShapeString
10
5591.853777
20
3229.359982
70
0
0
VERTEX
8
ShapeString
10
5593.924585
20
3230.220114
70
0
0
VERTEX
8
ShapeString
10
5595.877875
20
3231.268991
70
0
0
VERTEX
8
ShapeString
10
5597.703991
20
3232.493746
70
0
0
VERTEX
8
ShapeString
10
5599.393279
20
3233.881514
70
0
0
VERTEX
8
ShapeString
10
5600.936084
20
3235.419427
70
0
0
VERTEX
8
ShapeString
10
5602.322750
20
3237.094621
70
0
0
VERTEX
8
ShapeString
10
5603.543623
20
3238.894228
70
0
0
VERTEX
8
ShapeString
10
5604.589047
20
3240.805383
70
0
0
VERTEX
8
ShapeString
10
5605.449368
20
3242.815219
70
0
0
VERTEX
8
ShapeString
10
5606.114931
20
3244.910870
70
0
0
VERTEX
8
ShapeString
10
5606.576081
20
3247.079469
70
0
0
VERTEX
8
ShapeString
10
5606.823162
20
3249.308152
70
0
0
VERTEX
8
ShapeString
10
5606.846520
20
3251.584051
70
0
0
VERTEX
8
ShapeString
10
5606.636500
20
3253.894300
70
0
0
VERTEX
8
ShapeString
10
5606.636500
20
3253.894300
70
0
0
SEQEND
8
ShapeString
0
POLYLINE
8
ShapeString
62
7
70
0
10
0.000000
20
0.000000
66
1
0
VERTEX
8
ShapeString
10
5042.757520
20
1173.465360
70
0
0
VERTEX
8
ShapeString
10
5045.235437
20
1185.188545
70
0
0
VERTEX
8
ShapeString
10
5047.521419
20
1196.945010
70
0
0
VERTEX
8
ShapeString
10
5049.615260
20
1208.732397
70
0
0
VERTEX
8
ShapeString
10
5051.516758
20
1220.548347
70
0
0
VERTEX
8
ShapeString
10
5053.225707
20
1232.390502
70
0
0
VERTEX
8
ShapeString
10
5054.741902
20
1244.256503
70
0
0
VERTEX
8
ShapeString
10
5056.065139
20
1256.143992
70
0
0
VERTEX
8
ShapeString
10
5057.195213
20
1268.050611
70
0
0
VERTEX
8
ShapeString
10
5058.131921
20
1279.974000
70
0
0
VERTEX
8
ShapeString
10
5058.875056
20
1291.911801
70
0
0
VERTEX
8
ShapeString
10
5059.424416
20
1303.861656
70
0
0
VERTEX
8
ShapeString
10
5059.779794
20
1315.821207
70
0
0
VERTEX
8
ShapeString
10
5059.940988
20
1327.788094
70
0
0
VERTEX
8
ShapeString
10
5059.907791
20
1339.759959
70
0
0
VERTEX
8
ShapeString
10
5059.680000
20
1351.734445
70
0
0
VERTEX
8
ShapeString
10
5059.257410
20
1363.709191
70
0
0
SEQEND
8
ShapeString
0
POLYLINE
8
ShapeString
62
7
70
0
10
0.000000
20
0.000000
66
1
0
VERTEX
8
ShapeString
10
6020.198670
20
4442.592800
70
0
0
VERTEX
8
ShapeString
10
6003.745570
20
4422.292858
70
0
0
VERTEX
8
ShapeString
10
5987.424733
20
4401.906197
70
0
0
VERTEX
8
ShapeString
10
5971.236363
20
4381.433472
70
0
0
VERTEX
8
ShapeString
10
5955.180666
20
4360.875343
70
0
0
VERTEX
8
ShapeString
10
5939.257846
20
4340.232466
70
0
0
VERTEX
8
ShapeString
10
5923.468110
20
4319.505498
70
0
0
VERTEX
8
ShapeString
10
5907.811661
20
4298.695097
70
0
0
VERTEX
8
ShapeString
10
5892.288706
20
4277.801919
70
0
0
VERTEX
8
ShapeString
10
5876.899450
20
4256.826623
70
0
0
VERTEX
8
ShapeString
10
5861.644096
20
4235.769864
70
0
0
VERTEX
8
ShapeString
10
5846.522852
20
4214.632301
70
0
0
VERTEX
8
ShapeString
10
5831.535921
20
4193.414591
70
0
0
VERTEX
8
ShapeString
10
5816.683509
20
4172.117391
70
0
0
VERTEX
8
ShapeString
10
5801.965821
20
4150.741358
70
0
0
VERTEX
8
ShapeString
10
5787.383062
20
4129.287149
70
0
0
VERTEX
8
ShapeString
10
5772.935437
20
4107.755423
70
0
0
VERTEX
8
ShapeString
10
5758.623152
20
4086.146835
70
0
0
VERTEX
8
ShapeString
10
5744.446411
20
4064.462043
70
0
0
VERTEX
8
ShapeString
10
5730.405420
20
4042.701705
70
0
0
VERTEX
8
ShapeString
10
5716.500384
20
4020.866477
70
0
0
VERTEX
8
ShapeString
10
5702.731508
20
3998.957017
70
0
0
VERTEX
8
ShapeString
10
5689.098996
20
3976.973983
70
0
0
VERTEX
8
ShapeString
10
5675.603055
20
3954.918031
70
0
0
VERTEX
8
ShapeString
10
5662.243889
20
3932.789818
70
0
0
VERTEX
8
ShapeString
10
5649.021704
20
3910.590003
70
0
0
VERTEX
8
ShapeString
10
5635.936704
20
3888.319241
70
0
0
VERTEX
8
ShapeString
10
5622.989095
20
3865.978191
70
0
0
VERTEX
8
ShapeString
10
5610.179081
20
3843.567509
70
0
0
VERTEX
8
ShapeString
10
5597.506869
20
3821.087853
70
0
0
VERTEX
8
ShapeString
10
5584.972663
20
3798.539881
70
0
0
VERTEX
8
ShapeString
10
5572.576667
20
3775.924248
70
0
0
VERTEX
8
ShapeString
10
5560.319089
20
3753.241614
70
0
0
VERTEX
8
ShapeString
10
5548.200131
20
3730.492634
70
0
0
VERTEX
8
ShapeString
10
5536.220001
20
3707.677966
70
0
0
VERTEX
8
ShapeString
10
5524.378902
20
3684.798267
70
0
0
VERTEX
8
ShapeString
10
5512.677039
20
3661.854195
70
0
0
VERTEX
8
ShapeString
10
5501.114619
20
3638.846407
70
0
0
VERTEX
8
ShapeString
10
5489.691846
20
3615.775559
70
0
0
VERTEX
8
ShapeString
10
5478.408925
20
3592.642310
70
0
0
VERTEX
8
ShapeString
10
5467.266062
20
3569.447317
70
0
0
VERTEX
8
ShapeString
10
5456.263461
20
3546.191236
70
0
0
VERTEX
8
ShapeString
10
5445.401328
20
3522.874725
70
0
0
VERTEX
8
ShapeString
10
5434.679867
20
3499.498442
70
0
0
VERTEX
8
ShapeString
10
5424.099285
20
3476.063043
70
0
0
VERTEX
8
ShapeString
10
5413.659785
20
3452.569185
70
0
0
VERTEX
8
ShapeString
10
5403.361573
20
3429.017527
70
0
0
VERTEX
8
ShapeString
10
5393.204855
20
3405.408724
70
0
0
VERTEX
8
ShapeString
10
5383.189836
20
3381.743436
70
0
0
VERTEX
8
ShapeString
10
5373.316719
20
3358.022317
70
0
0
VERTEX
8
ShapeString
10
5363.585712
20
3334.246027
70
0
0
VERTEX
8
ShapeString
10
5353.997018
20
3310.415222
70
0
0
VERTEX
8
ShapeString
10
5344.550843
20
3286.530559
70
0
0
VERTEX
8
ShapeString
10
5335.247392
20
3262.592696
70
0
0
VERTEX
8
ShapeString
10
5326.086871
20
3238.602290
70
0
0
VERTEX
8
ShapeString
10
5317.069484
20
3214.559998
70
0
0
VERTEX
8
ShapeString
10
5308.195436
20
3190.466478
70
0
0
VERTEX
8
ShapeString
10
5299.464933
20
3166.322386
70
0
0
VERTEX
8
ShapeString
10
5290.878179
20
3142.128379
70
0
0
VERTEX
8
ShapeString
10
5282.435381
20
3117.885116
70
0
0
VERTEX
8
ShapeString
10
5274.136742
20
3093.593254
70
0
0
VERTEX
8
ShapeString
10
5265.982468
20
3069.253448
70
0
0
VERTEX
8
ShapeString
10
5257.972765
20
3044.866358
70
0
0
VERTEX
8
ShapeString
10
5250.107837
20
3020.432640
70
0
0
VERTEX
8
ShapeString
10
5242.387890
20
2995.952951
70
0
0
VERTEX
8
ShapeString
10
5234.813128
20
2971.427948
70
0
0
VERTEX
8
ShapeString
10
5227.383757
20
2946.858290
70
0
0
VERTEX
8
ShapeString
10
5220.099981
20
2922.244632
70
0
0
VERTEX
8
ShapeString
10
5212.962007
20
2897.587633
70
0
0
VERTEX
8
ShapeString
10
5205.970039
20
2872.887949
70
0
0
VERTEX
8
ShapeString
10
5199.124282
20
2848.146238
70
0
0
VERTEX
8
ShapeString
10
5192.424942
20
2823.363157
70
0
0
VERTEX
8
ShapeString
10
5185.872223
20
2798.539363
70
0
0
VERTEX
8
ShapeString
10
5179.466331
20
2773.675513
70
0
0
VERTEX
8
ShapeString
10
5173.207470
20
2748.772266
70
0
0
VERTEX
8
ShapeString
10
5167.095847
20
2723.830277
70
0
0
VERTEX
8
ShapeString
10
5161.131665
20
2698.850205
70
0
0
VERTEX
8
ShapeString
10
5155.315131
20
2673.832705
70
0
0
VERTEX
8
ShapeString
10
5149.646449
20
2648.778437
70
0
0
VERTEX
8
ShapeString
10
5144.125824
20
2623.688057
70
0
0
VERTEX
8
ShapeString
10
5138.753462
20
2598.562221
70
0
0
VERTEX
8
ShapeString
10
5133.529568
20
2573.401589
70
0
0
VERTEX
8
ShapeString
10
5128.454347
20
2548.206815
70
0
0
VERTEX
8
ShapeString
10
5123.528003
20
2522.978559
70
0
0
VERTEX
8
ShapeString
10
5118.750743
20
2497.717477
70
0
0
VERTEX
8
ShapeString
10
5114.122770
20
2472.424226
70
0
0
VERTEX
8
ShapeString
10
5109.644292
20
2447.099464
70
0
0
VERTEX
8
ShapeString
10
5105.315511
20
2421.743848
70
0
0
VERTEX
8
ShapeString
10
5101.136634
20
2396.358035
70
0
0
VERTEX
8
ShapeString
10
5097.107866
20
2370.942682
70
0
0
VERTEX
8
ShapeString
10
5093.229412
20
2345.498447
70
0
0
VERTEX
8
ShapeString
10
5089.501477
20
2320.025986
70
0
0
VERTEX
8
ShapeString
10
5085.924266
20
2294.525958
70
0
0
VERTEX
8
ShapeString
10
5082.497984
20
2268.999019
70
0
0
VERTEX
8
ShapeString
10
5079.222837
20
2243.445826
70
0
0
VERTEX
8
ShapeString
10
5076.099029
20
2217.867038
70
0
0
VERTEX
8
ShapeString
10
5073.126766
20
2192.263310
70
0
0
VERTEX
8
ShapeString
10
5070.306252
20
2166.635301
70
0
0
VERTEX
8
ShapeString
10
5067.637694
20
2140.983667
70
0
0
VERTEX
8
ShapeString
10
5065.121295
20
2115.309066
70
0
0
VERTEX
8
ShapeString
10
5062.757262
20
2089.612155
70
0
0
VERTEX
8
ShapeString
10
5060.545799
20
2063.893591
70
0
0
VERTEX
8
ShapeString
10
5058.487111
20
2038.154032
70
0
0
VERTEX
8
ShapeString
10
5056.581404
20
2012.394134
70
0
0
VERTEX
8
ShapeString
10
5054.828882
20
1986.614556
70
0
0
VERTEX
8
ShapeString
10
5053.229752
20
1960.815953
70
0
0
VERTEX
8
ShapeString
10
5051.784217
20
1934.998984
70
0
0
VERTEX
8
ShapeString
10
5050.492483
20
1909.164306
70
0
0
VERTEX
8
ShapeString
10
5049.354756
20
1883.312576
70
0
0
VERTEX
8
ShapeString
10
5048.371240
20
1857.444451
70
0
0
VERTEX
8
ShapeString
10
5047.542140
20
1831.560588
70
0
0
VERTEX
8
ShapeString
10
5046.867662
20
1805.661645
70
0
0
VERTEX
8
ShapeString
10
5046.348011
20
1779.748279
70
0
0
VERTEX
8
ShapeString
10
5045.983392
20
1753.821147
70
0
0
VERTEX
8
ShapeString
10
5045.774009
20
1727.880907
70
0
0
VERTEX
8
ShapeString
10
5045.720069
20
1701.928215
70
0
0
VERTEX
8
ShapeString
10
5045.821776
20
1675.963729
70
0
0
VERTEX
8
ShapeString
10
5046.079335
20
1649.988106
70
0
0
VERTEX
8
ShapeString
10
5046.492952
20
1624.002003
70
0
0
VERTEX
8
ShapeString
10
5047.062831
20
1598.006078
70
0
0
VERTEX
8
ShapeString
10
5047.789178
20
1572.000988
70
0
0
VERTEX
8
ShapeString
10
5048.672198
20
1545.987390
70
0
0
VERTEX
8
ShapeString
10
5049.712096
20
1519.965942
70
0
0
VERTEX
8
ShapeString
10
5050.909077
20
1493.937300
70
0
0
VERTEX
8
ShapeString
10
5052.263347
20
1467.902121
70
0
0
VERTEX
8
ShapeString
10
5053.775110
20
1441.861064
70
0
0
VERTEX
8
ShapeString
10
5055.444571
20
1415.814785
70
0
0
VERTEX
8
ShapeString
10
5057.271936
20
1389.763942
70
0
0
VERTEX
8
ShapeString
10
5059.257410
20
1363.709191
70
0
0
SEQEND
8
ShapeString
0
POLYLINE
8
ShapeString
62
7
70
0
10
0.000000
20
0.000000
66
1
0
VERTEX
8
ShapeString
10
6020.194050
20
4442.590500
70
0
0
VERTEX
8
ShapeString
10
6374.929860
20
4142.431300
70
0
0
SEQEND
8
ShapeString
0
POLYLINE
8
ShapeString
62
7
70
0
10
0.000000
20
0.000000
66
1
0
VERTEX
8
ShapeString
10
6374.929860
20
4142.431300
70
0
0
VERTEX
8
ShapeString
10
6359.904008
20
4124.544675
70
0
0
VERTEX
8
ShapeString
10
6345.018316
20
4106.566548
70
0
0
VERTEX
8
ShapeString
10
6330.272997
20
4088.497741
70
0
0
VERTEX
8
ShapeString
10
6315.668263
20
4070.339077
70
0
0
VERTEX
8
ShapeString
10
6301.204327
20
4052.091378
70
0
0
VERTEX
8
ShapeString
10
6286.881401
20
4033.755467
70
0
0
VERTEX
8
ShapeString
10
6272.699699
20
4015.332165
70
0
0
VERTEX
8
ShapeString
10
6258.659432
20
3996.822295
70
0
0
VERTEX
8
ShapeString
10
6244.760814
20
3978.226680
70
0
0
VERTEX
8
ShapeString
10
6231.004056
20
3959.546142
70
0
0
VERTEX
8
ShapeString
10
6217.389372
20
3940.781502
70
0
0
VERTEX
8
ShapeString
10
6203.916974
20
3921.933585
70
0
0
VERTEX
8
ShapeString
10
6190.587074
20
3903.003211
70
0
0
VERTEX
8
ShapeString
10
6177.399885
20
3883.991203
70
0
0
VERTEX
8
ShapeString
10
6164.355621
20
3864.898384
70
0
0
VERTEX
8
ShapeString
10
6151.454492
20
3845.725576
70
0
0
VERTEX
8
ShapeString
10
6138.696712
20
3826.473602
70
0
0
VERTEX
8
ShapeString
10
6126.082494
20
3807.143283
70
0
0
VERTEX
8
ShapeString
10
6113.612050
20
3787.735442
70
0
0
VERTEX
8
ShapeString
10
6101.285592
20
3768.250901
70
0
0
VERTEX
8
ShapeString
10
6089.103334
20
3748.690484
70
0
0
VERTEX
8
ShapeString
10
6077.065487
20
3729.055011
70
0
0
VERTEX
8
ShapeString
10
6065.172265
20
3709.345306
70
0
0
VERTEX
8
ShapeString
10
6053.423880
20
3689.562191
70
0
0
VERTEX
8
ShapeString
10
6041.820544
20
3669.706488
70
0
0
VERTEX
8
ShapeString
10
6030.362470
20
3649.779020
70
0
0
VERTEX
8
ShapeString
10
6019.049872
20
3629.780608
70
0
0
VERTEX
8
ShapeString
10
6007.882960
20
3609.712076
70
0
0
VERTEX
8
ShapeString
10
5996.861948
20
3589.574245
70
0
0
VERTEX
8
ShapeString
10
5985.987048
20
3569.367939
70
0
0
VERTEX
8
ShapeString
10
5975.258474
20
3549.093979
70
0
0
VERTEX
8
ShapeString
10
5964.676437
20
3528.753187
70
0
0
VERTEX
8
ShapeString
10
5954.241150
20
3508.346387
70
0
0
VERTEX
8
ShapeString
10
5943.952826
20
3487.874400
70
0
0
VERTEX
8
ShapeString
10
5933.811678
20
3467.338049
70
0
0
VERTEX
8
ShapeString
10
5923.817917
20
3446.738156
70
0
0
VERTEX
8
ShapeString
10
5913.971757
20
3426.075544
70
0
0
VERTEX
8
ShapeString
10
5904.273410
20
3405.351034
70
0
0
VERTEX
8
ShapeString
10
5894.723088
20
3384.565450
70
0
0
VERTEX
8
ShapeString
10
5885.321005
20
3363.719613
70
0
0
VERTEX
8
ShapeString
10
5876.067372
20
3342.814347
70
0
0
VERTEX
8
ShapeString
10
5866.962403
20
3321.850472
70
0
0
VERTEX
8
ShapeString
10
5858.006310
20
3300.828813
70
0
0
VERTEX
8
ShapeString
10
5849.199305
20
3279.750190
70
0
0
VERTEX
8
ShapeString
10
5840.541601
20
3258.615427
70
0
0
VERTEX
8
ShapeString
10
5832.033412
20
3237.425345
70
0
0
VERTEX
8
ShapeString
10
5823.674948
20
3216.180768
70
0
0
VERTEX
8
ShapeString
10
5815.466423
20
3194.882517
70
0
0
VERTEX
8
ShapeString
10
5807.408050
20
3173.531415
70
0
0
VERTEX
8
ShapeString
10
5799.500041
20
3152.128284
70
0
0
VERTEX
8
ShapeString
10
5791.742608
20
3130.673947
70
0
0
VERTEX
8
ShapeString
10
5784.135965
20
3109.169226
70
0
0
VERTEX
8
ShapeString
10
5776.680323
20
3087.614943
70
0
0
VERTEX
8
ShapeString
10
5769.375896
20
3066.011920
70
0
0
VERTEX
8
ShapeString
10
5762.222895
20
3044.360981
70
0
0
VERTEX
8
ShapeString
10
5755.221534
20
3022.662947
70
0
0
VERTEX
8
ShapeString
10
5748.372026
20
3000.918640
70
0
0
VERTEX
8
ShapeString
10
5741.674581
20
2979.128884
70
0
0
VERTEX
8
ShapeString
10
5735.129414
20
2957.294500
70
0
0
VERTEX
8
ShapeString
10
5728.736737
20
2935.416311
70
0
0
VERTEX
8
ShapeString
10
5722.496763
20
2913.495139
70
0
0
VERTEX
8
ShapeString
10
5716.409703
20
2891.531807
70
0
0
VERTEX
8
ShapeString
10
5710.475771
20
2869.527136
70
0
0
VERTEX
8
ShapeString
10
5704.695179
20
2847.481950
70
0
0
VERTEX
8
ShapeString
10
5699.068139
20
2825.397070
70
0
0
VERTEX
8
ShapeString
10
5693.594865
20
2803.273319
70
0
0
VERTEX
8
ShapeString
10
5688.275569
20
2781.111520
70
0
0
VERTEX
8
ShapeString
10
5683.110464
20
2758.912494
70
0
0
VERTEX
8
ShapeString
10
5678.099761
20
2736.677064
70
0
0
VERTEX
8
ShapeString
10
5673.243674
20
2714.406053
70
0
0
VERTEX
8
ShapeString
10
5668.542415
20
2692.100282
70
0
0
VERTEX
8
ShapeString
10
5663.996197
20
2669.760575
70
0
0
VERTEX
8
ShapeString
10
5659.605233
20
2647.387753
70
0
0
VERTEX
8
ShapeString
10
5655.369734
20
2624.982638
70
0
0
VERTEX
8
ShapeString
10
5651.289914
20
2602.546054
70
0
0
VERTEX
8
ShapeString
10
5647.365985
20
2580.078823
70
0
0
VERTEX
8
ShapeString
10
5643.598159
20
2557.581766
70
0
0
VERTEX
8
ShapeString
10
5639.986650
20
2535.055707
70
0
0
VERTEX
8
ShapeString
10
5636.531670
20
2512.501467
70
0
0
VERTEX
8
ShapeString
10
5633.233431
20
2489.919869
70
0
0
VERTEX
8
ShapeString
10
5630.092146
20
2467.311736
70
0
0
VERTEX
8
ShapeString
10
5627.108028
20
2444.677889
70
0
0
VERTEX
8
ShapeString
10
5624.281289
20
2422.019151
70
0
0
VERTEX
8
ShapeString
10
5621.612141
20
2399.336345
70
0
0
VERTEX
8
ShapeString
10
5619.100798
20
2376.630293
70
0
0
VERTEX
8
ShapeString
10
5616.747472
20
2353.901816
70
0
0
VERTEX
8
ShapeString
10
5614.552376
20
2331.151739
70
0
0
VERTEX
8
ShapeString
10
5612.515721
20
2308.380882
70
0
0
VERTEX
8
ShapeString
10
5610.637721
20
2285.590068
70
0
0
VERTEX
8
ShapeString
10
5608.918588
20
2262.780120
70
0
0
VERTEX
8
ShapeString
10
5607.358536
20
2239.951859
70
0
0
VERTEX
8
ShapeString
10
5605.957775
20
2217.106109
70
0
0
VERTEX
8
ShapeString
10
5604.716519
20
2194.243692
70
0
0
VERTEX
8
ShapeString
10
5603.634981
20
2171.365430
70
0
0
VERTEX
8
ShapeString
10
5602.713374
20
2148.472145
70
0
0
VERTEX
8
ShapeString
10
5601.951908
20
2125.564659
70
0
0
VERTEX
8
ShapeString
10
5601.350799
20
2102.643796
70
0
0
VERTEX
8
ShapeString
10
5600.910256
20
2079.710378
70
0
0
VERTEX
8
ShapeString
10
5600.630495
20
2056.765226
70
0
0
VERTEX
8
ShapeString
10
5600.511726
20
2033.809163
70
0
0
VERTEX
8
ShapeString
10
5600.554163
20
2010.843012
70
0
0
VERTEX
8
ShapeString
10
5600.758019
20
1987.867595
70
0
0
VERTEX
8
ShapeString
10
5601.123505
20
1964.883734
70
0
0
VERTEX
8
ShapeString
10
5601.650834
20
1941.892251
70
0
0
VERTEX
8
ShapeString
10
5602.340219
20
1918.893970
70
0
0
VERTEX
8
ShapeString
10
5603.191873
20
1895.889711
70
0
0
VERTEX
8
ShapeString
10
5604.206008
20
1872.880299
70
0
0
VERTEX
8
ShapeString
10
5605.382836
20
1849.866555
70
0
0
VERTEX
8
ShapeString
10
5606.722571
20
1826.849300
70
0
0
VERTEX
8
ShapeString
10
5608.225425
20
1803.829359
70
0
0
VERTEX
8
ShapeString
10
5609.891610
20
1780.807553
70
0
0
VERTEX
8
ShapeString
10
5611.721339
20
1757.784704
70
0
0
VERTEX
8
ShapeString
10
5613.714824
20
1734.761636
70
0
0
VERTEX
8
ShapeString
10
5615.872279
20
1711.739169
70
0
0
VERTEX
8
ShapeString
10
5618.193915
20
1688.718127
70
0
0
VERTEX
8
ShapeString
10
5620.679946
20
1665.699332
70
0
0
VERTEX
8
ShapeString
10
5623.330584
20
1642.683606
70
0
0
VERTEX
8
ShapeString
10
5626.146041
20
1619.671772
70
0
0
VERTEX
8
ShapeString
10
5629.126530
20
1596.664651
70
0
0
VERTEX
8
ShapeString
10
5632.272264
20
1573.663067
70
0
0
VERTEX
8
ShapeString
10
5635.583455
20
1550.667842
70
0
0
VERTEX
8
ShapeString
10
5639.060315
20
1527.679798
70
0
0
VERTEX
8
ShapeString
10
5642.703059
20
1504.699757
70
0
0
VERTEX
8
ShapeString
10
5646.511897
20
1481.728542
70
0
0
VERTEX
8
ShapeString
10
5650.487042
20
1458.766976
70
0
0
VERTEX
8
ShapeString
10
5654.628708
20
1435.815879
70
0
0
VERTEX
8
ShapeString
10
5658.937106
20
1412.876076
70
0
0
VERTEX
8
ShapeString
10
5663.412450
20
1389.948388
70
0
0
SEQEND
8
ShapeString
0
POLYLINE
8
ShapeString
62
7
70
0
10
0.000000
20
0.000000
66
1
0
VERTEX
8
ShapeString
10
5663.412450
20
1389.948388
70
0
0
VERTEX
8
ShapeString
10
5664.028470
20
1378.740821
70
0
0
VERTEX
8
ShapeString
10
5664.901271
20
1367.560778
70
0
0
VERTEX
8
ShapeString
10
5666.029856
20
1356.412573
70
0
0
VERTEX
8
ShapeString
10
5667.413228
20
1345.300520
70
0
0
VERTEX
8
ShapeString
10
5669.050391
20
1334.228931
70
0
0
VERTEX
8
ShapeString
10
5670.940348
20
1323.202121
70
0
0
VERTEX
8
ShapeString
10
5673.082103
20
1312.224403
70
0
0
VERTEX
8
ShapeString
10
5675.474659
20
1301.300090
70
0
0
VERTEX
8
ShapeString
10
5678.117018
20
1290.433496
70
0
0
VERTEX
8
ShapeString
10
5681.008186
20
1279.628934
70
0
0
VERTEX
8
ShapeString
10
5684.147164
20
1268.890717
70
0
0
VERTEX
8
ShapeString
10
5687.532957
20
1258.223160
70
0
0
VERTEX
8
ShapeString
10
5691.164567
20
1247.630575
70
0
0
VERTEX
8
ShapeString
10
5695.040998
20
1237.117276
70
0
0
VERTEX
8
ShapeString
10
5699.161254
20
1226.687577
70
0
0
VERTEX
8
ShapeString
10
5703.524337
20
1216.345790
70
0
0
SEQEND
8
ShapeString
0
POLYLINE
8
ShapeString
62
7
70
0
10
0.000000
20
0.000000
66
1
0
VERTEX
8
ShapeString
10
5042.757520
20
1173.465360
70
0
0
VERTEX
8
ShapeString
10
5049.873456
20
1162.724448
70
0
0
VERTEX
8
ShapeString
10
5057.315834
20
1152.278533
70
0
0
VERTEX
8
ShapeString
10
5065.075266
20
1142.132373
70
0
0
VERTEX
8
ShapeString
10
5073.142361
20
1132.290725
70
0
0
VERTEX
8
ShapeString
10
5081.507730
20
1122.758345
70
0
0
VERTEX
8
ShapeString
10
5090.161983
20
1113.539991
70
0
0
VERTEX
8
ShapeString
10
5099.095731
20
1104.640419
70
0
0
VERTEX
8
ShapeString
10
5108.299584
20
1096.064387
70
0
0
VERTEX
8
ShapeString
10
5117.764153
20
1087.816650
70
0
0
VERTEX
8
ShapeString
10
5127.480048
20
1079.901967
70
0
0
VERTEX
8
ShapeString
10
5137.437880
20
1072.325093
70
0
0
VERTEX
8
ShapeString
10
5147.628258
20
1065.090786
70
0
0
VERTEX
8
ShapeString
10
5158.041794
20
1058.203803
70
0
0
VERTEX
8
ShapeString
10
5168.669098
20
1051.668901
70
0
0
VERTEX
8
ShapeString
10
5179.500780
20
1045.490836
70
0
0
VERTEX
8
ShapeString
10
5190.527451
20
1039.674365
70
0
0
VERTEX
8
ShapeString
10
5201.739721
20
1034.224246
70
0
0
VERTEX
8
ShapeString
10
5213.128201
20
1029.145235
70
0
0
VERTEX
8
ShapeString
10
5224.683500
20
1024.442089
70
0
0
VERTEX
8
ShapeString
10
5236.396231
20
1020.119565
70
0
0
VERTEX
8
ShapeString
10
5248.257002
20
1016.182420
70
0
0
VERTEX
8
ShapeString
10
5260.256425
20
1012.635411
70
0
0
VERTEX
8
ShapeString
10
5272.385109
20
1009.483294
70
0
0
VERTEX
8
ShapeString
10
5284.633666
20
1006.730827
70
0
0
VERTEX
8
ShapeString
10
5296.992706
20
1004.382766
70
0
0
VERTEX
8
ShapeString
10
5309.452839
20
1002.443869
70
0
0
VERTEX
8
ShapeString
10
5322.004675
20
1000.918891
70
0
0
VERTEX
8
ShapeString
10
5334.638826
20
999.812591
70
0
0
VERTEX
8
ShapeString
10
5347.345901
20
999.129725
70
0
0
VERTEX
8
ShapeString
10
5360.116510
20
998.875050
70
0
0
VERTEX
8
ShapeString
10
5372.941266
20
999.053323
70
0
0
VERTEX
8
ShapeString
10
5385.810777
20
999.669300
70
0
0
VERTEX
8
ShapeString
10
5398.651959
20
1000.721817
70
0
0
VERTEX
8
ShapeString
10
5411.392189
20
1002.202583
70
0
0
VERTEX
8
ShapeString
10
5424.022771
20
1004.105667
70
0
0
VERTEX
8
ShapeString
10
5436.535010
20
1006.425139
70
0
0
VERTEX
8
ShapeString
10
5448.920208
20
1009.155069
70
0
0
VERTEX
8
ShapeString
10
5461.169671
20
1012.289525
70
0
0
VERTEX
8
ShapeString
10
5473.274702
20
1015.822577
70
0
0
VERTEX
8
ShapeString
10
5485.226605
20
1019.748296
70
0
0
VERTEX
8
ShapeString
10
5497.016684
20
1024.060749
70
0
0
VERTEX
8
ShapeString
10
5508.636243
20
1028.754007
70
0
0
VERTEX
8
ShapeString
10
5520.076587
20
1033.822139
70
0
0
VERTEX
8
ShapeString
10
5531.329019
20
1039.259214
70
0
0
VERTEX
8
ShapeString
10
5542.384843
20
1045.059302
70
0
0
VERTEX
8
ShapeString
10
5553.235363
20
1051.216473
70
0
0
VERTEX
8
ShapeString
10
5563.871883
20
1057.724795
70
0
0
VERTEX
8
ShapeString
10
5574.285707
20
1064.578339
70
0
0
VERTEX
8
ShapeString
10
5584.468140
20
1071.771173
70
0
0
VERTEX
8
ShapeString
10
5594.410485
20
1079.297367
70
0
0
VERTEX
8
ShapeString
10
5604.104046
20
1087.150991
70
0
0
VERTEX
8
ShapeString
10
5613.540127
20
1095.326114
70
0
0
VERTEX
8
ShapeString
10
5622.710033
20
1103.816806
70
0
0
VERTEX
8
ShapeString
10
5631.605067
20
1112.617135
70
0
0
VERTEX
8
ShapeString
10
5640.216533
20
1121.721171
70
0
0
VERTEX
8
ShapeString
10
5648.535735
20
1131.122985
70
0
0
VERTEX
8
ShapeString
10
5656.553977
20
1140.816645
70
0
0
VERTEX
8
ShapeString
10
5664.262564
20
1150.796220
70
0
0
VERTEX
8
ShapeString
10
5671.652799
20
1161.055780
70
0
0
VERTEX
8
ShapeString
10
5678.715986
20
1171.589395
70
0
0
VERTEX
8
ShapeString
10
5685.443429
20
1182.391134
70
0
0
VERTEX
8
ShapeString
10
5691.826433
20
1193.455067
70
0
0
VERTEX
8
ShapeString
10
5697.856301
20
1204.775262
70
0
0
VERTEX
8
ShapeString
10
5703.524337
20
1216.345790
70
0
0
SEQEND
8
ShapeString
0
POLYLINE
8
ShapeString
62
7
70
0
10
0.000000
20
0.000000
66
1
0
VERTEX
8
ShapeString
10
6459.893050
20
940.978940
70
0
0
VERTEX
8
ShapeString
10
6459.196600
20
943.163527
70
0
0
VERTEX
8
ShapeString
10
6458.112676
20
945.106763
70
0
0
VERTEX
8
ShapeString
10
6456.695020
20
946.773567
70
0
0
VERTEX
8
ShapeString
10
6454.997378
20
948.128858
70
0
0
VERTEX
8
ShapeString
10
6453.073492
20
949.137553
70
0
0
VERTEX
8
ShapeString
10
6450.977106
20
949.764570
70
0
0
VERTEX
8
ShapeString
10
6448.761965
20
949.974828
70
0
0
VERTEX
8
ShapeString
10
6446.481812
20
949.733246
70
0
0
VERTEX
8
ShapeString
10
6444.295531
20
949.042132
70
0
0
VERTEX
8
ShapeString
10
6442.349654
20
947.962955
70
0
0
VERTEX
8
ShapeString
10
6440.679394
20
946.549373
70
0
0
VERTEX
8
ShapeString
10
6439.319963
20
944.855044
70
0
0
VERTEX
8
ShapeString
10
6438.306574
20
942.933626
70
0
0
VERTEX
8
ShapeString
10
6437.674441
20
940.838778
70
0
0
VERTEX
8
ShapeString
10
6437.458775
20
938.624156
70
0
0
VERTEX
8
ShapeString
10
6437.694790
20
936.343420
70
0
0
VERTEX
8
ShapeString
10
6438.391240
20
934.158833
70
0
0
VERTEX
8
ShapeString
10
6439.475164
20
932.215597
70
0
0
VERTEX
8
ShapeString
10
6440.892820
20
930.548793
70
0
0
VERTEX
8
ShapeString
10
6442.590462
20
929.193502
70
0
0
VERTEX
8
ShapeString
10
6444.514348
20
928.184807
70
0
0
VERTEX
8
ShapeString
10
6446.610734
20
927.557790
70
0
0
VERTEX
8
ShapeString
10
6448.825875
20
927.347532
70
0
0
VERTEX
8
ShapeString
10
6451.106028
20
927.589114
70
0
0
VERTEX
8
ShapeString
10
6453.292309
20
928.280228
70
0
0
VERTEX
8
ShapeString
10
6455.238186
20
929.359405
70
0
0
VERTEX
8
ShapeString
10
6456.908446
20
930.772987
70
0
0
VERTEX
8
ShapeString
10
6458.267877
20
932.467316
70
0
0
VERTEX
8
ShapeString
10
6459.281266
20
934.388734
70
0
0
VERTEX
8
ShapeString
10
6459.913399
20
936.483582
70
0
0
VERTEX
8
ShapeString
10
6460.129065
20
938.698204
70
0
0
VERTEX
8
ShapeString
10
6459.893050
20
940.978940
70
0
0
VERTEX
8
ShapeString
10
6459.893050
20
940.978940
70
0
0
SEQEND
8
ShapeString
0
POLYLINE
8
ShapeString
62
7
70
0
10
0.000000
20
0.000000
66
1
0
VERTEX
8
ShapeString
10
6435.512020
20
294.063300
70
0
0
VERTEX
8
ShapeString
10
6434.815754
20
296.248143
70
0
0
VERTEX
8
ShapeString
10
6433.731928
20
298.191631
70
0
0
VERTEX
8
ShapeString
10
6432.314297
20
299.858672
70
0
0
VERTEX
8
ShapeString
10
6430.616615
20
301.214172
70
0
0
VERTEX
8
ShapeString
10
6428.692636
20
302.223039
70
0
0
VERTEX
8
ShapeString
10
6426.596116
20
302.850179
70
0
0
VERTEX
8
ShapeString
10
6424.380807
20
303.060500
70
0
0
VERTEX
8
ShapeString
10
6422.100466
20
302.818907
70
0
0
VERTEX
8
ShapeString
10
6419.914013
20
302.127711
70
0
0
VERTEX
8
ShapeString
10
6417.968016
20
301.048397
70
0
0
VERTEX
8
ShapeString
10
6416.297691
20
299.634636
70
0
0
VERTEX
8
ShapeString
10
6414.938256
20
297.940104
70
0
0
VERTEX
8
ShapeString
10
6413.924929
20
296.018471
70
0
0
VERTEX
8
ShapeString
10
6413.292927
20
293.923411
70
0
0
VERTEX
8
ShapeString
10
6413.077468
20
291.708596
70
0
0
VERTEX
8
ShapeString
10
6413.313770
20
289.427700
70
0
0
VERTEX
8
ShapeString
10
6414.010036
20
287.242857
70
0
0
VERTEX
8
ShapeString
10
6415.093862
20
285.299369
70
0
0
VERTEX
8
ShapeString
10
6416.511493
20
283.632328
70
0
0
VERTEX
8
ShapeString
10
6418.209175
20
282.276828
70
0
0
VERTEX
8
ShapeString
10
6420.133154
20
281.267961
70
0
0
VERTEX
8
ShapeString
10
6422.229674
20
280.640821
70
0
0
VERTEX
8
ShapeString
10
6424.444983
20
280.430500
70
0
0
VERTEX
8
ShapeString
10
6426.725324
20
280.672093
70
0
0
VERTEX
8
ShapeString
10
6428.911777
20
281.363289
70
0
0
VERTEX
8
ShapeString
10
6430.857774
20
282.442603
70
0
0
VERTEX
8
ShapeString
10
6432.528099
20
283.856364
70
0
0
VERTEX
8
ShapeString
10
6433.887534
20
285.550896
70
0
0
VERTEX
8
ShapeString
10
6434.900861
20
287.472529
70
0
0
VERTEX
8
ShapeString
10
6435.532863
20
289.567589
70
0
0
VERTEX
8
ShapeString
10
6435.748322
20
291.782404
70
0
0
VERTEX
8
ShapeString
10
6435.512020
20
294.063300
70
0
0
VERTEX
8
ShapeString
10
6435.512020
20
294.063300
70
0
0
SEQEND
8
ShapeString
0
POLYLINE
8
ShapeString
62
7
70
0
10
0.000000
20
0.000000
66
1
0
VERTEX
8
ShapeString
10
6367.355680
20
1212.569250
70
0
0
VERTEX
8
ShapeString
10
6366.662183
20
1214.757835
70
0
0
VERTEX
8
ShapeString
10
6365.579889
20
1216.705025
70
0
0
VERTEX
8
ShapeString
10
6364.162702
20
1218.375563
70
0
0
VERTEX
8
ShapeString
10
6362.464528
20
1219.734190
70
0
0
VERTEX
8
ShapeString
10
6360.539269
20
1220.745646
70
0
0
VERTEX
8
ShapeString
10
6358.440831
20
1221.374673
70
0
0
VERTEX
8
ShapeString
10
6356.223119
20
1221.586012
70
0
0
VERTEX
8
ShapeString
10
6353.940036
20
1221.344404
70
0
0
VERTEX
8
ShapeString
10
6351.751061
20
1220.652141
70
0
0
VERTEX
8
ShapeString
10
6349.803261
20
1219.570945
70
0
0
VERTEX
8
ShapeString
10
6348.131924
20
1218.154701
70
0
0
VERTEX
8
ShapeString
10
6346.772340
20
1216.457292
70
0
0
VERTEX
8
ShapeString
10
6345.759798
20
1214.532604
70
0
0
VERTEX
8
ShapeString
10
6345.129588
20
1212.434521
70
0
0
VERTEX
8
ShapeString
10
6344.916999
20
1210.216928
70
0
0
VERTEX
8
ShapeString
10
6345.157320
20
1207.933710
70
0
0
VERTEX
8
ShapeString
10
6345.850817
20
1205.745125
70
0
0
VERTEX
8
ShapeString
10
6346.933111
20
1203.797935
70
0
0
VERTEX
8
ShapeString
10
6348.350298
20
1202.127397
70
0
0
VERTEX
8
ShapeString
10
6350.048472
20
1200.768770
70
0
0
VERTEX
8
ShapeString
10
6351.973731
20
1199.757314
70
0
0
VERTEX
8
ShapeString
10
6354.072169
20
1199.128287
70
0
0
VERTEX
8
ShapeString
10
6356.289881
20
1198.916948
70
0
0
VERTEX
8
ShapeString
10
6358.572964
20
1199.158556
70
0
0
VERTEX
8
ShapeString
10
6360.761939
20
1199.850819
70
0
0
VERTEX
8
ShapeString
10
6362.709739
20
1200.932015
70
0
0
VERTEX
8
ShapeString
10
6364.381076
20
1202.348259
70
0
0
VERTEX
8
ShapeString
10
6365.740660
20
1204.045668
70
0
0
VERTEX
8
ShapeString
10
6366.753202
20
1205.970356
70
0
0
VERTEX
8
ShapeString
10
6367.383412
20
1208.068439
70
0
0
VERTEX
8
ShapeString
10
6367.596001
20
1210.286032
70
0
0
VERTEX
8
ShapeString
10
6367.355680
20
1212.569250
70
0
0
VERTEX
8
ShapeString
10
6367.355680
20
1212.569250
70
0
0
SEQEND
8
ShapeString
0
POLYLINE
8
ShapeString
62
7
70
0
10
0.000000
20
0.000000
66
1
0
VERTEX
8
ShapeString
10
6408.150300
20
3014.324800
70
0
0
VERTEX
8
ShapeString
10
6407.457144
20
3016.513852
70
0
0
VERTEX
8
ShapeString
10
6406.375037
20
3018.461504
70
0
0
VERTEX
8
ShapeString
10
6404.957901
20
3020.132476
70
0
0
VERTEX
8
ShapeString
10
6403.259660
20
3021.491490
70
0
0
VERTEX
8
ShapeString
10
6401.334238
20
3022.503266
70
0
0
VERTEX
8
ShapeString
10
6399.235557
20
3023.132523
70
0
0
VERTEX
8
ShapeString
10
6397.017542
20
3023.343983
70
0
0
VERTEX
8
ShapeString
10
6394.734117
20
3023.102366
70
0
0
VERTEX
8
ShapeString
10
6392.544827
20
3022.409962
70
0
0
VERTEX
8
ShapeString
10
6390.596803
20
3021.328524
70
0
0
VERTEX
8
ShapeString
10
6388.925343
20
3019.911963
70
0
0
VERTEX
8
ShapeString
10
6387.565746
20
3018.214189
70
0
0
VERTEX
8
ShapeString
10
6386.553309
20
3016.289115
70
0
0
VERTEX
8
ShapeString
10
6385.923330
20
3014.190651
70
0
0
VERTEX
8
ShapeString
10
6385.711108
20
3011.972709
70
0
0
VERTEX
8
ShapeString
10
6385.951940
20
3009.689200
70
0
0
VERTEX
8
ShapeString
10
6386.645096
20
3007.500148
70
0
0
VERTEX
8
ShapeString
10
6387.727203
20
3005.552496
70
0
0
VERTEX
8
ShapeString
10
6389.144339
20
3003.881524
70
0
0
VERTEX
8
ShapeString
10
6390.842580
20
3002.522510
70
0
0
VERTEX
8
ShapeString
10
6392.768002
20
3001.510734
70
0
0
VERTEX
8
ShapeString
10
6394.866683
20
3000.881477
70
0
0
VERTEX
8
ShapeString
10
6397.084698
20
3000.670017
70
0
0
VERTEX
8
ShapeString
10
6399.368123
20
3000.911634
70
0
0
VERTEX
8
ShapeString
10
6401.557413
20
3001.604038
70
0
0
VERTEX
8
ShapeString
10
6403.505437
20
3002.685476
70
0
0
VERTEX
8
ShapeString
10
6405.176897
20
3004.102037
70
0
0
VERTEX
8
ShapeString
10
6406.536494
20
3005.799811
70
0
0
VERTEX
8
ShapeString
10
6407.548931
20
3007.724885
70
0
0
VERTEX
8
ShapeString
10
6408.178910
20
3009.823349
70
0
0
VERTEX
8
ShapeString
10
6408.391132
20
3012.041291
70
0
0
VERTEX
8
ShapeString
10
6408.150300
20
3014.324800
70
0
0
VERTEX
8
ShapeString
10
6408.150300
20
3014.324800
70
0
0
SEQEND
8
ShapeString
0
POLYLINE
8
ShapeString
62
7
70
0
10
0.000000
20
0.000000
66
1
0
VERTEX
8
ShapeString
10
6006.784880
20
3122.732700
70
0
0
VERTEX
8
ShapeString
10
6006.088318
20
3124.917132
70
0
0
VERTEX
8
ShapeString
10
6005.004332
20
3126.860217
70
0
0
VERTEX
8
ShapeString
10
6003.586660
20
3128.526877
70
0
0
VERTEX
8
ShapeString
10
6001.889039
20
3129.882040
70
0
0
VERTEX
8
ShapeString
10
5999.965207
20
3130.890630
70
0
0
VERTEX
8
ShapeString
10
5997.868902
20
3131.517571
70
0
0
VERTEX
8
ShapeString
10
5995.653860
20
3131.727790
70
0
0
VERTEX
8
ShapeString
10
5993.373820
20
3131.486210
70
0
0
VERTEX
8
ShapeString
10
5991.187643
20
3130.795142
70
0
0
VERTEX
8
ShapeString
10
5989.241840
20
3129.716045
70
0
0
VERTEX
8
ShapeString
10
5987.571620
20
3128.302568
70
0
0
VERTEX
8
ShapeString
10
5986.212193
20
3126.608359
70
0
0
VERTEX
8
ShapeString
10
5985.198770
20
3124.687069
70
0
0
VERTEX
8
ShapeString
10
5984.566560
20
3122.592346
70
0
0
VERTEX
8
ShapeString
10
5984.350774
20
3120.377840
70
0
0
VERTEX
8
ShapeString
10
5984.586620
20
3118.097200
70
0
0
VERTEX
8
ShapeString
10
5985.283182
20
3115.912768
70
0
0
VERTEX
8
ShapeString
10
5986.367168
20
3113.969683
70
0
0
VERTEX
8
ShapeString
10
5987.784840
20
3112.303023
70
0
0
VERTEX
8
ShapeString
10
5989.482461
20
3110.947860
70
0
0
VERTEX
8
ShapeString
10
5991.406293
20
3109.939270
70
0
0
VERTEX
8
ShapeString
10
5993.502598
20
3109.312329
70
0
0
VERTEX
8
ShapeString
10
5995.717640
20
3109.102110
70
0
0
VERTEX
8
ShapeString
10
5997.997680
20
3109.343690
70
0
0
VERTEX
8
ShapeString
10
6000.183857
20
3110.034758
70
0
0
VERTEX
8
ShapeString
10
6002.129660
20
3111.113855
70
0
0
VERTEX
8
ShapeString
10
6003.799880
20
3112.527332
70
0
0
VERTEX
8
ShapeString
10
6005.159307
20
3114.221541
70
0
0
VERTEX
8
ShapeString
10
6006.172730
20
3116.142831
70
0
0
VERTEX
8
ShapeString
10
6006.804940
20
3118.237554
70
0
0
VERTEX
8
ShapeString
10
6007.020726
20
3120.452060
70
0
0
VERTEX
8
ShapeString
10
6006.784880
20
3122.732700
70
0
0
VERTEX
8
ShapeString
10
6006.784880
20
3122.732700
70
0
0
SEQEND
8
ShapeString
0
POLYLINE
8
ShapeString
62
7
70
1
10
0.000000
20
0.000000
66
1
0
VERTEX
8
ShapeString
10
6185.697900
20
1201.290580
70
0
0
VERTEX
8
ShapeString
10
6184.582363
20
1206.023704
70
0
0
VERTEX
8
ShapeString
10
6183.243175
20
1210.644882
70
0
0
VERTEX
8
ShapeString
10
6181.687358
20
1215.149519
70
0
0
VERTEX
8
ShapeString
10
6179.921932
20
1219.533022
70
0
0
VERTEX
8
ShapeString
10
6177.953920
20
1223.790796
70
0
0
VERTEX
8
ShapeString
10
6175.790343
20
1227.918247
70
0
0
VERTEX
8
ShapeString
10
6173.438222
20
1231.910782
70
0
0
VERTEX
8
ShapeString
10
6170.904580
20
1235.763807
70
0
0
VERTEX
8
ShapeString
10
6168.196436
20
1239.472727
70
0
0
VERTEX
8
ShapeString
10
6165.320814
20
1243.032949
70
0
0
VERTEX
8
ShapeString
10
6162.284733
20
1246.439879
70
0
0
VERTEX
8
ShapeString
10
6159.095217
20
1249.688923
70
0
0
VERTEX
8
ShapeString
10
6155.759286
20
1252.775486
70
0
0
VERTEX
8
ShapeString
10
6152.283962
20
1255.694976
70
0
0
VERTEX
8
ShapeString
10
6148.676266
20
1258.442797
70
0
0
VERTEX
8
ShapeString
10
6144.943220
20
1261.014357
70
0
0
VERTEX
8
ShapeString
10
6141.091845
20
1263.405060
70
0
0
VERTEX
8
ShapeString
10
6137.129163
20
1265.610314
70
0
0
VERTEX
8
ShapeString
10
6133.062195
20
1267.625524
70
0
0
VERTEX
8
ShapeString
10
6128.897963
20
1269.446095
70
0
0
VERTEX
8
ShapeString
10
6124.643488
20
1271.067436
70
0
0
VERTEX
8
ShapeString
10
6120.305792
20
1272.484950
70
0
0
VERTEX
8
ShapeString
10
6115.891897
20
1273.694045
70
0
0
VERTEX
8
ShapeString
10
6111.408823
20
1274.690126
70
0
0
VERTEX
8
ShapeString
10
6106.863592
20
1275.468600
70
0
0
VERTEX
8
ShapeString
10
6102.263225
20
1276.024872
70
0
0
VERTEX
8
ShapeString
10
6097.614745
20
1276.354348
70
0
0
VERTEX
8
ShapeString
10
6092.925173
20
1276.452436
70
0
0
VERTEX
8
ShapeString
10
6088.201530
20
1276.314539
70
0
0
VERTEX
8
ShapeString
10
6083.450837
20
1275.936066
70
0
0
VERTEX
8
ShapeString
10
6078.680116
20
1275.312421
70
0
0
VERTEX
8
ShapeString
10
6073.896389
20
1274.439011
70
0
0
VERTEX
8
ShapeString
10
6069.162905
20
1273.325004
70
0
0
VERTEX
8
ShapeString
10
6064.541295
20
1271.987309
70
0
0
VERTEX
8
ShapeString
10
6060.036155
20
1270.432947
70
0
0
VERTEX
8
ShapeString
10
6055.652083
20
1268.668938
70
0
0
VERTEX
8
ShapeString
10
6051.393673
20
1266.702301
70
0
0
VERTEX
8
ShapeString
10
6047.265523
20
1264.540058
70
0
0
VERTEX
8
ShapeString
10
6043.272228
20
1262.189227
70
0
0
VERTEX
8
ShapeString
10
6039.418385
20
1259.656830
70
0
0
VERTEX
8
ShapeString
10
6035.708590
20
1256.949885
70
0
0
VERTEX
8
ShapeString
10
6032.147439
20
1254.075412
70
0
0
VERTEX
8
ShapeString
10
6028.739528
20
1251.040433
70
0
0
VERTEX
8
ShapeString
10
6025.489454
20
1247.851967
70
0
0
VERTEX
8
ShapeString
10
6022.401813
20
1244.517033
70
0
0
VERTEX
8
ShapeString
10
6019.481201
20
1241.042652
70
0
0
VERTEX
8
ShapeString
10
6016.732214
20
1237.435844
70
0
0
VERTEX
8
ShapeString
10
6014.159448
20
1233.703629
70
0
0
VERTEX
8
ShapeString
10
6011.767501
20
1229.853027
70
0
0
VERTEX
8
ShapeString
10
6009.560967
20
1225.891058
70
0
0
VERTEX
8
ShapeString
10
6007.544443
20
1221.824741
70
0
0
VERTEX
8
ShapeString
10
6005.722526
20
1217.661098
70
0
0
VERTEX
8
ShapeString
10
6004.099811
20
1213.407147
70
0
0
VERTEX
8
ShapeString
10
6002.680895
20
1209.069909
70
0
0
VERTEX
8
ShapeString
10
6001.470375
20
1204.656404
70
0
0
VERTEX
8
ShapeString
10
6000.472845
20
1200.173652
70
0
0
VERTEX
8
ShapeString
10
5999.692903
20
1195.628673
70
0
0
VERTEX
8
ShapeString
10
5999.135144
20
1191.028487
70
0
0
VERTEX
8
ShapeString
10
5998.804166
20
1186.380113
70
0
0
VERTEX
8
ShapeString
10
5998.704564
20
1181.690573
70
0
0
VERTEX
8
ShapeString
10
5998.840934
20
1176.966885
70
0
0
VERTEX
8
ShapeString
10
5999.217872
20
1172.216071
70
0
0
VERTEX
8
ShapeString
10
5999.839976
20
1167.445149
70
0
0
VERTEX
8
ShapeString
10
6000.711840
20
1162.661140
70
0
0
VERTEX
8
ShapeString
10
6001.827377
20
1157.928016
70
0
0
VERTEX
8
ShapeString
10
6003.166565
20
1153.306838
70
0
0
VERTEX
8
ShapeString
10
6004.722382
20
1148.802201
70
0
0
VERTEX
8
ShapeString
10
6006.487808
20
1144.418698
70
0
0
VERTEX
8
ShapeString
10
6008.455820
20
1140.160924
70
0
0
VERTEX
8
ShapeString
10
6010.619397
20
1136.033473
70
0
0
VERTEX
8
ShapeString
10
6012.971518
20
1132.040938
70
0
0
VERTEX
8
ShapeString
10
6015.505160
20
1128.187913
70
0
0
VERTEX
8
ShapeString
10
6018.213304
20
1124.478993
70
0
0
VERTEX
8
ShapeString
10
6021.088926
20
1120.918771
70
0
0
VERTEX
8
ShapeString
10
6024.125007
20
1117.511841
70
0
0
VERTEX
8
ShapeString
10
6027.314523
20
1114.262797
70
0
0
VERTEX
8
ShapeString
10
6030.650454
20
1111.176234
70
0
0
VERTEX
8
ShapeString
10
6034.125778
20
1108.256744
70
0
0
VERTEX
8
ShapeString
10
6037.733474
20
1105.508923
70
0
0
VERTEX
8
ShapeString
10
6041.466520
20
1102.937363
70
0
0
VERTEX
8
ShapeString
10
6045.317895
20
1100.546660
70
0
0
VERTEX
8
ShapeString
10
6049.280577
20
1098.341406
70
0
0
VERTEX
8
ShapeString
10
6053.347545
20
1096.326196
70
0
0
VERTEX
8
ShapeString
10
6057.511777
20
1094.505625
70
0
0
VERTEX
8
ShapeString
10
6061.766252
20
1092.884284
70
0
0
VERTEX
8
ShapeString
10
6066.103948
20
1091.466770
70
0
0
VERTEX
8
ShapeString
10
6070.517843
20
1090.257675
70
0
0
VERTEX
8
ShapeString
10
6075.000917
20
1089.261594
70
0
0
VERTEX
8
ShapeString
10
6079.546148
20
1088.483120
70
0
0
VERTEX
8
ShapeString
10
6084.146515
20
1087.926848
70
0
0
VERTEX
8
ShapeString
10
6088.794995
20
1087.597372
70
0
0
VERTEX
8
ShapeString
10
6093.484567
20
1087.499284
70
0
0
VERTEX
8
ShapeString
10
6098.208210
20
1087.637181
70
0
0
VERTEX
8
ShapeString
10
6102.958903
20
1088.015654
70
0
0
VERTEX
8
ShapeString
10
6107.729624
20
1088.639299
70
0
0
VERTEX
8
ShapeString
10
6112.513351
20
1089.512709
70
0
0
VERTEX
8
ShapeString
10
6117.246835
20
1090.626716
70
0
0
VERTEX
8
ShapeString
10
6121.868445
20
1091.964411
70
0
0
VERTEX
8
ShapeString
10
6126.373585
20
1093.518773
70
0
0
VERTEX
8
ShapeString
10
6130.757657
20
1095.282782
70
0
0
VERTEX
8
ShapeString
10
6135.016067
20
1097.249419
70
0
0
VERTEX
8
ShapeString
10
6139.144217
20
1099.411662
70
0
0
VERTEX
8
ShapeString
10
6143.137512
20
1101.762493
70
0
0
VERTEX
8
ShapeString
10
6146.991355
20
1104.294890
70
0
0
VERTEX
8
ShapeString
10
6150.701150
20
1107.001835
70
0
0
VERTEX
8
ShapeString
10
6154.262301
20
1109.876308
70
0
0
VERTEX
8
ShapeString
10
6157.670212
20
1112.911287
70
0
0
VERTEX
8
ShapeString
10
6160.920286
20
1116.099753
70
0
0
VERTEX
8
ShapeString
10
6164.007927
20
1119.434687
70
0
0
VERTEX
8
ShapeString
10
6166.928539
20
1122.909068
70
0
0
VERTEX
8
ShapeString
10
6169.677526
20
1126.515876
70
0
0
VERTEX
8
ShapeString
10
6172.250292
20
1130.248091
70
0
0
VERTEX
8
ShapeString
10
6174.642239
20
1134.098693
70
0
0
VERTEX
8
ShapeString
10
6176.848773
20
1138.060662
70
0
0
VERTEX
8
ShapeString
10
6178.865297
20
1142.126979
70
0
0
VERTEX
8
ShapeString
10
6180.687214
20
1146.290622
70
0
0
VERTEX
8
ShapeString
10
6182.309929
20
1150.544573
70
0
0
VERTEX
8
ShapeString
10
6183.728845
20
1154.881811
70
0
0
VERTEX
8
ShapeString
10
6184.939365
20
1159.295316
70
0
0
VERTEX
8
ShapeString
10
6185.936895
20
1163.778068
70
0
0
VERTEX
8
ShapeString
10
6186.716837
20
1168.323047
70
0
0
VERTEX
8
ShapeString
10
6187.274596
20
1172.923233
70
0
0
VERTEX
8
ShapeString
10
6187.605574
20
1177.571607
70
0
0
VERTEX
8
ShapeString
10
6187.705176
20
1182.261147
70
0
0
VERTEX
8
ShapeString
10
6187.568806
20
1186.984835
70
0
0
VERTEX
8
ShapeString
10
6187.191868
20
1191.735649
70
0
0
VERTEX
8
ShapeString
10
6186.569764
20
1196.506571
70
0
0
VERTEX
8
ShapeString
10
6185.697900
20
1201.290580
70
0
0
VERTEX
8
ShapeString
10
6185.697900
20
1201.290580
70
0
0
SEQEND
8
ShapeString
0
POLYLINE
8
ShapeString
62
7
70
0
10
0.000000
20
0.000000
66
1
0
VERTEX
8
ShapeString
10
6288.861500
20
3085.525700
70
0
0
VERTEX
8
ShapeString
10
6287.747214
20
3090.260247
70
0
0
VERTEX
8
ShapeString
10
6286.409148
20
3094.882856
70
0
0
VERTEX
8
ShapeString
10
6284.854326
20
3099.388928
70
0
0
VERTEX
8
ShapeString
10
6283.089774
20
3103.773866
70
0
0
VERTEX
8
ShapeString
10
6281.122517
20
3108.033071
70
0
0
VERTEX
8
ShapeString
10
6278.959580
20
3112.161946
70
0
0
VERTEX
8
ShapeString
10
6276.607988
20
3116.155893
70
0
0
VERTEX
8
ShapeString
10
6274.074766
20
3120.010314
70
0
0
VERTEX
8
ShapeString
10
6271.366940
20
3123.720612
70
0
0
VERTEX
8
ShapeString
10
6268.491533
20
3127.282187
70
0
0
VERTEX
8
ShapeString
10
6265.455572
20
3130.690442
70
0
0
VERTEX
8
ShapeString
10
6262.266082
20
3133.940779
70
0
0
VERTEX
8
ShapeString
10
6258.930087
20
3137.028601
70
0
0
VERTEX
8
ShapeString
10
6255.454613
20
3139.949309
70
0
0
VERTEX
8
ShapeString
10
6251.846684
20
3142.698306
70
0
0
VERTEX
8
ShapeString
10
6248.113327
20
3145.270993
70
0
0
VERTEX
8
ShapeString
10
6244.261565
20
3147.662773
70
0
0
VERTEX
8
ShapeString
10
6240.298424
20
3149.869047
70
0
0
VERTEX
8
ShapeString
10
6236.230930
20
3151.885218
70
0
0
VERTEX
8
ShapeString
10
6232.066106
20
3153.706688
70
0
0
VERTEX
8
ShapeString
10
6227.810979
20
3155.328858
70
0
0
VERTEX
8
ShapeString
10
6223.472574
20
3156.747132
70
0
0
VERTEX
8
ShapeString
10
6219.057915
20
3157.956910
70
0
0
VERTEX
8
ShapeString
10
6214.574027
20
3158.953596
70
0
0
VERTEX
8
ShapeString
10
6210.027936
20
3159.732591
70
0
0
VERTEX
8
ShapeString
10
6205.426667
20
3160.289297
70
0
0
VERTEX
8
ShapeString
10
6200.777245
20
3160.619116
70
0
0
VERTEX
8
ShapeString
10
6196.086695
20
3160.717451
70
0
0
VERTEX
8
ShapeString
10
6191.362042
20
3160.579703
70
0
0
VERTEX
8
ShapeString
10
6186.610310
20
3160.201275
70
0
0
VERTEX
8
ShapeString
10
6181.838527
20
3159.577568
70
0
0
VERTEX
8
ShapeString
10
6177.053715
20
3158.703985
70
0
0
VERTEX
8
ShapeString
10
6172.319168
20
3157.589699
70
0
0
VERTEX
8
ShapeString
10
6167.696559
20
3156.251633
70
0
0
VERTEX
8
ShapeString
10
6163.190487
20
3154.696811
70
0
0
VERTEX
8
ShapeString
10
6158.805549
20
3152.932259
70
0
0
VERTEX
8
ShapeString
10
6154.546344
20
3150.965002
70
0
0
VERTEX
8
ShapeString
10
6150.417469
20
3148.802065
70
0
0
VERTEX
8
ShapeString
10
6146.423522
20
3146.450473
70
0
0
VERTEX
8
ShapeString
10
6142.569101
20
3143.917251
70
0
0
VERTEX
8
ShapeString
10
6138.858803
20
3141.209425
70
0
0
VERTEX
8
ShapeString
10
6135.297228
20
3138.334018
70
0
0
VERTEX
8
ShapeString
10
6131.888973
20
3135.298057
70
0
0
VERTEX
8
ShapeString
10
6128.638636
20
3132.108567
70
0
0
VERTEX
8
ShapeString
10
6125.550814
20
3128.772572
70
0
0
VERTEX
8
ShapeString
10
6122.630106
20
3125.297098
70
0
0
VERTEX
8
ShapeString
10
6119.881109
20
3121.689169
70
0
0
VERTEX
8
ShapeString
10
6117.308422
20
3117.955812
70
0
0
VERTEX
8
ShapeString
10
6114.916642
20
3114.104050
70
0
0
VERTEX
8
ShapeString
10
6112.710368
20
3110.140909
70
0
0
VERTEX
8
ShapeString
10
6110.694197
20
3106.073415
70
0
0
VERTEX
8
ShapeString
10
6108.872727
20
3101.908591
70
0
0
VERTEX
8
ShapeString
10
6107.250557
20
3097.653464
70
0
0
VERTEX
8
ShapeString
10
6105.832283
20
3093.315059
70
0
0
VERTEX
8
ShapeString
10
6104.622505
20
3088.900400
70
0
0
VERTEX
8
ShapeString
10
6103.625819
20
3084.416512
70
0
0
VERTEX
8
ShapeString
10
6102.846824
20
3079.870421
70
0
0
VERTEX
8
ShapeString
10
6102.290118
20
3075.269152
70
0
0
VERTEX
8
ShapeString
10
6101.960299
20
3070.619730
70
0
0
VERTEX
8
ShapeString
10
6101.861964
20
3065.929180
70
0
0
VERTEX
8
ShapeString
10
6101.999712
20
3061.204527
70
0
0
VERTEX
8
ShapeString
10
6102.378140
20
3056.452795
70
0
0
VERTEX
8
ShapeString
10
6103.001847
20
3051.681012
70
0
0
VERTEX
8
ShapeString
10
6103.875430
20
3046.896200
70
0
0
VERTEX
8
ShapeString
10
6105.367513
20
3040.775368
70
0
0
VERTEX
8
ShapeString
10
6107.247247
20
3034.814466
70
0
0
VERTEX
8
ShapeString
10
6109.501384
20
3029.028312
70
0
0
VERTEX
8
ShapeString
10
6112.116680
20
3023.431724
70
0
0
VERTEX
8
ShapeString
10
6115.079887
20
3018.039518
70
0
0
VERTEX
8
ShapeString
10
6118.377761
20
3012.866512
70
0
0
VERTEX
8
ShapeString
10
6121.997054
20
3007.927523
70
0
0
VERTEX
8
ShapeString
10
6125.924522
20
3003.237368
70
0
0
VERTEX
8
ShapeString
10
6130.146918
20
2998.810866
70
0
0
VERTEX
8
ShapeString
10
6134.650996
20
2994.662833
70
0
0
VERTEX
8
ShapeString
10
6139.423510
20
2990.808086
70
0
0
VERTEX
8
ShapeString
10
6144.451214
20
2987.261443
70
0
0
VERTEX
8
ShapeString
10
6149.720862
20
2984.037722
70
0
0
VERTEX
8
ShapeString
10
6155.219209
20
2981.151739
70
0
0
VERTEX
8
ShapeString
10
6160.933007
20
2978.618311
70
0
0
VERTEX
8
ShapeString
10
6166.849012
20
2976.452257
70
0
0
VERTEX
8
ShapeString
10
6172.895850
20
2974.684023
70
0
0
VERTEX
8
ShapeString
10
6178.998009
20
2973.331469
70
0
0
VERTEX
8
ShapeString
10
6185.136034
20
2972.390532
70
0
0
VERTEX
8
ShapeString
10
6191.290469
20
2971.857150
70
0
0
VERTEX
8
ShapeString
10
6197.441860
20
2971.727260
70
0
0
VERTEX
8
ShapeString
10
6203.570752
20
2971.996800
70
0
0
VERTEX
8
ShapeString
10
6209.657688
20
2972.661705
70
0
0
VERTEX
8
ShapeString
10
6215.683215
20
2973.717915
70
0
0
VERTEX
8
ShapeString
10
6221.627877
20
2975.161366
70
0
0
VERTEX
8
ShapeString
10
6227.472218
20
2976.987995
70
0
0
VERTEX
8
ShapeString
10
6233.196783
20
2979.193740
70
0
0
VERTEX
8
ShapeString
10
6238.782118
20
2981.774538
70
0
0
VERTEX
8
ShapeString
10
6244.208767
20
2984.726327
70
0
0
VERTEX
8
ShapeString
10
6249.457275
20
2988.045043
70
0
0
VERTEX
8
ShapeString
10
6254.508187
20
2991.726624
70
0
0
VERTEX
8
ShapeString
10
6259.342047
20
2995.767007
70
0
0
VERTEX
8
ShapeString
10
6263.896801
20
3000.119605
70
0
0
VERTEX
8
ShapeString
10
6268.119227
20
3004.727953
70
0
0
VERTEX
8
ShapeString
10
6272.003114
20
3009.573170
70
0
0
VERTEX
8
ShapeString
10
6275.542255
20
3014.636377
70
0
0
VERTEX
8
ShapeString
10
6278.730438
20
3019.898693
70
0
0
VERTEX
8
ShapeString
10
6281.561456
20
3025.341238
70
0
0
VERTEX
8
ShapeString
10
6284.029099
20
3030.945133
70
0
0
VERTEX
8
ShapeString
10
6286.127158
20
3036.691497
70
0
0
VERTEX
8
ShapeString
10
6287.849424
20
3042.561450
70
0
0
VERTEX
8
ShapeString
10
6289.189687
20
3048.536113
70
0
0
VERTEX
8
ShapeString
10
6290.141738
20
3054.596604
70
0
0
VERTEX
8
ShapeString
10
6290.699369
20
3060.724045
70
0
0
VERTEX
8
ShapeString
10
6290.856370
20
3066.899555
70
0
0
VERTEX
8
ShapeString
10
6290.606531
20
3073.104254
70
0
0
VERTEX
8
ShapeString
10
6289.943644
20
3079.319263
70
0
0
VERTEX
8
ShapeString
10
6288.861500
20
3085.525700
70
0
0
VERTEX
8
ShapeString
10
6288.861500
20
3085.525700
70
0
0
SEQEND
8
ShapeString
0
POLYLINE
8
ShapeString
62
7
70
0
10
0.000000
20
0.000000
66
1
0
VERTEX
8
ShapeString
10
6396.720330
20
101.083400
70
0
0
VERTEX
8
ShapeString
10
6389.682788
20
104.078496
70
0
0
VERTEX
8
ShapeString
10
6382.576770
20
106.771246
70
0
0
VERTEX
8
ShapeString
10
6375.410683
20
109.163409
70
0
0
VERTEX
8
ShapeString
10
6368.192934
20
111.256737
70
0
0
VERTEX
8
ShapeString
10
6360.931932
20
113.052989
70
0
0
VERTEX
8
ShapeString
10
6353.636084
20
114.553918
70
0
0
VERTEX
8
ShapeString
10
6346.313797
20
115.761282
70
0
0
VERTEX
8
ShapeString
10
6338.973479
20
116.676835
70
0
0
VERTEX
8
ShapeString
10
6331.623538
20
117.302333
70
0
0
VERTEX
8
ShapeString
10
6324.272381
20
117.639532
70
0
0
VERTEX
8
ShapeString
10
6316.928416
20
117.690188
70
0
0
VERTEX
8
ShapeString
10
6309.600050
20
117.456057
70
0
0
VERTEX
8
ShapeString
10
6302.295691
20
116.938893
70
0
0
VERTEX
8
ShapeString
10
6295.023747
20
116.140453
70
0
0
VERTEX
8
ShapeString
10
6287.792624
20
115.062493
70
0
0
VERTEX
8
ShapeString
10
6280.610731
20
113.706768
70
0
0
VERTEX
8
ShapeString
10
6273.486475
20
112.075034
70
0
0
VERTEX
8
ShapeString
10
6266.428264
20
110.169046
70
0
0
VERTEX
8
ShapeString
10
6259.444506
20
107.990561
70
0
0
VERTEX
8
ShapeString
10
6252.543607
20
105.541333
70
0
0
VERTEX
8
ShapeString
10
6245.733976
20
102.823119
70
0
0
VERTEX
8
ShapeString
10
6239.024020
20
99.837675
70
0
0
VERTEX
8
ShapeString
10
6232.422146
20
96.586756
70
0
0
VERTEX
8
ShapeString
10
6225.936762
20
93.072117
70
0
0
VERTEX
8
ShapeString
10
6219.576277
20
89.295515
70
0
0
VERTEX
8
ShapeString
10
6213.349096
20
85.258705
70
0
0
VERTEX
8
ShapeString
10
6207.263629
20
80.963443
70
0
0
VERTEX
8
ShapeString
10
6201.328282
20
76.411485
70
0
0
VERTEX
8
ShapeString
10
6195.551463
20
71.604585
70
0
0
VERTEX
8
ShapeString
10
6189.941580
20
66.544501
70
0
0
VERTEX
8
ShapeString
10
6184.507039
20
61.232987
70
0
0
VERTEX
8
ShapeString
10
6179.256250
20
55.671800
70
0
0
SEQEND
8
ShapeString
0
POLYLINE
8
ShapeString
62
7
70
0
10
0.000000
20
0.000000
66
1
0
VERTEX
8
ShapeString
10
6396.723300
20
101.083400
70
0
0
VERTEX
8
ShapeString
10
6714.162920
20
807.263940
70
0
0
SEQEND
8
ShapeString
0
POLYLINE
8
ShapeString
62
7
70
0
10
0.000000
20
0.000000
66
1
0
VERTEX
8
ShapeString
10
6393.835280
20
1214.290910
70
0
0
VERTEX
8
ShapeString
10
6394.847950
20
1205.600219
70
0
0
VERTEX
8
ShapeString
10
6396.012392
20
1196.951725
70
0
0
VERTEX
8
ShapeString
10
6397.327396
20
1188.346966
70
0
0
VERTEX
8
ShapeString
10
6398.791751
20
1179.787480
70
0
0
VERTEX
8
ShapeString
10
6400.404245
20
1171.274807
70
0
0
VERTEX
8
ShapeString
10
6402.163668
20
1162.810486
70
0
0
VERTEX
8
ShapeString
10
6404.068809
20
1154.396055
70
0
0
VERTEX
8
ShapeString
10
6406.118456
20
1146.033053
70
0
0
VERTEX
8
ShapeString
10
6408.311398
20
1137.723020
70
0
0
VERTEX
8
ShapeString
10
6410.646425
20
1129.467492
70
0
0
VERTEX
8
ShapeString
10
6413.122325
20
1121.268011
70
0
0
VERTEX
8
ShapeString
10
6415.737887
20
1113.126114
70
0
0
VERTEX
8
ShapeString
10
6421.383154
20
1097.021227
70
0
0
VERTEX
8
ShapeString
10
6427.572538
20
1081.165144
70
0
0
VERTEX
8
ShapeString
10
6434.296350
20
1065.570175
70
0
0
VERTEX
8
ShapeString
10
6441.544902
20
1050.248630
70
0
0
VERTEX
8
ShapeString
10
6449.308506
20
1035.212819
70
0
0
VERTEX
8
ShapeString
10
6457.577473
20
1020.475053
70
0
0
VERTEX
8
ShapeString
10
6466.342115
20
1006.047643
70
0
0
VERTEX
8
ShapeString
10
6475.592743
20
991.942899
70
0
0
VERTEX
8
ShapeString
10
6485.319669
20
978.173131
70
0
0
VERTEX
8
ShapeString
10
6495.513206
20
964.750650
70
0
0
VERTEX
8
ShapeString
10
6506.163664
20
951.687767
70
0
0
VERTEX
8
ShapeString
10
6517.261354
20
938.996791
70
0
0
VERTEX
8
ShapeString
10
6528.796590
20
926.690034
70
0
0
VERTEX
8
ShapeString
10
6540.759682
20
914.779806
70
0
0
VERTEX
8
ShapeString
10
6553.140942
20
903.278417
70
0
0
VERTEX
8
ShapeString
10
6565.930682
20
892.198178
70
0
0
VERTEX
8
ShapeString
10
6579.119214
20
881.551399
70
0
0
VERTEX
8
ShapeString
10
6592.696848
20
871.350391
70
0
0
VERTEX
8
ShapeString
10
6606.653897
20
861.607464
70
0
0
VERTEX
8
ShapeString
10
6620.980672
20
852.334929
70
0
0
VERTEX
8
ShapeString
10
6628.279680
20
847.878905
70
0
0
VERTEX
8
ShapeString
10
6635.667486
20
843.545096
70
0
0
VERTEX
8
ShapeString
10
6643.142879
20
839.335040
70
0
0
VERTEX
8
ShapeString
10
6650.704649
20
835.250276
70
0
0
VERTEX
8
ShapeString
10
6658.351584
20
831.292342
70
0
0
VERTEX
8
ShapeString
10
6666.082473
20
827.462778
70
0
0
VERTEX
8
ShapeString
10
6673.896106
20
823.763123
70
0
0
VERTEX
8
ShapeString
10
6681.791270
20
820.194915
70
0
0
VERTEX
8
ShapeString
10
6689.766756
20
816.759692
70
0
0
VERTEX
8
ShapeString
10
6697.821352
20
813.458995
70
0
0
VERTEX
8
ShapeString
10
6705.953847
20
810.294361
70
0
0
VERTEX
8
ShapeString
10
6714.163030
20
807.267330
70
0
0
SEQEND
8
ShapeString
0
POLYLINE
8
ShapeString
62
7
70
0
10
0.000000
20
0.000000
66
1
0
VERTEX
8
ShapeString
10
6721.382270
20
3690.498400
70
0
0
VERTEX
8
ShapeString
10
6701.351292
20
3655.256563
70
0
0
VERTEX
8
ShapeString
10
6681.781560
20
3619.813120
70
0
0
VERTEX
8
ShapeString
10
6662.673662
20
3584.172527
70
0
0
VERTEX
8
ShapeString
10
6644.028189
20
3548.339242
70
0
0
VERTEX
8
ShapeString
10
6625.845730
20
3512.317722
70
0
0
VERTEX
8
ShapeString
10
6608.126874
20
3476.112424
70
0
0
VERTEX
8
ShapeString
10
6590.872212
20
3439.727806
70
0
0
VERTEX
8
ShapeString
10
6574.082333
20
3403.168325
70
0
0
VERTEX
8
ShapeString
10
6557.757826
20
3366.438439
70
0
0
VERTEX
8
ShapeString
10
6541.899281
20
3329.542604
70
0
0
VERTEX
8
ShapeString
10
6526.507288
20
3292.485278
70
0
0
VERTEX
8
ShapeString
10
6511.582436
20
3255.270918
70
0
0
VERTEX
8
ShapeString
10
6497.125314
20
3217.903982
70
0
0
VERTEX
8
ShapeString
10
6483.136514
20
3180.388927
70
0
0
VERTEX
8
ShapeString
10
6469.616623
20
3142.730210
70
0
0
VERTEX
8
ShapeString
10
6456.566232
20
3104.932289
70
0
0
VERTEX
8
ShapeString
10
6443.985930
20
3066.999621
70
0
0
VERTEX
8
ShapeString
10
6431.876307
20
3028.936662
70
0
0
VERTEX
8
ShapeString
10
6420.237953
20
2990.747872
70
0
0
VERTEX
8
ShapeString
10
6409.071457
20
2952.437705
70
0
0
VERTEX
8
ShapeString
10
6398.377408
20
2914.010622
70
0
0
VERTEX
8
ShapeString
10
6388.156396
20
2875.471077
70
0
0
VERTEX
8
ShapeString
10
6378.409012
20
2836.823529
70
0
0
VERTEX
8
ShapeString
10
6369.135844
20
2798.072435
70
0
0
VERTEX
8
ShapeString
10
6360.337482
20
2759.222253
70
0
0
VERTEX
8
ShapeString
10
6352.014516
20
2720.277439
70
0
0
VERTEX
8
ShapeString
10
6344.167535
20
2681.242451
70
0
0
VERTEX
8
ShapeString
10
6336.797129
20
2642.121746
70
0
0
VERTEX
8
ShapeString
10
6329.903887
20
2602.919782
70
0
0
VERTEX
8
ShapeString
10
6323.488400
20
2563.641016
70
0
0
VERTEX
8
ShapeString
10
6317.551256
20
2524.289905
70
0
0
VERTEX
8
ShapeString
10
6312.093046
20
2484.870907
70
0
0
VERTEX
8
ShapeString
10
6307.114358
20
2445.388478
70
0
0
VERTEX
8
ShapeString
10
6302.615783
20
2405.847077
70
0
0
VERTEX
8
ShapeString
10
6298.597910
20
2366.251160
70
0
0
VERTEX
8
ShapeString
10
6295.061329
20
2326.605184
70
0
0
VERTEX
8
ShapeString
10
6292.006629
20
2286.913608
70
0
0
VERTEX
8
ShapeString
10
6289.434400
20
2247.180888
70
0
0
VERTEX
8
ShapeString
10
6287.345232
20
2207.411482
70
0
0
VERTEX
8
ShapeString
10
6285.739713
20
2167.609847
70
0
0
VERTEX
8
ShapeString
10
6284.618435
20
2127.780440
70
0
0
VERTEX
8
ShapeString
10
6283.981986
20
2087.927719
70
0
0
VERTEX
8
ShapeString
10
6283.830955
20
2048.056141
70
0
0
VERTEX
8
ShapeString
10
6284.165934
20
2008.170162
70
0
0
VERTEX
8
ShapeString
10
6284.987510
20
1968.274242
70
0
0
VERTEX
8
ShapeString
10
6286.296274
20
1928.372836
70
0
0
VERTEX
8
ShapeString
10
6288.092816
20
1888.470403
70
0
0
VERTEX
8
ShapeString
10
6290.377724
20
1848.571399
70
0
0
VERTEX
8
ShapeString
10
6293.151589
20
1808.680282
70
0
0
VERTEX
8
ShapeString
10
6296.415000
20
1768.801508
70
0
0
VERTEX
8
ShapeString
10
6300.168547
20
1728.939537
70
0
0
VERTEX
8
ShapeString
10
6304.412819
20
1689.098824
70
0
0
VERTEX
8
ShapeString
10
6309.148407
20
1649.283827
70
0
0
VERTEX
8
ShapeString
10
6314.375898
20
1609.499003
70
0
0
VERTEX
8
ShapeString
10
6320.095884
20
1569.748810
70
0
0
VERTEX
8
ShapeString
10
6326.308954
20
1530.037705
70
0
0
VERTEX
8
ShapeString
10
6333.015697
20
1490.370146
70
0
0
VERTEX
8
ShapeString
10
6340.216703
20
1450.750589
70
0
0
VERTEX
8
ShapeString
10
6347.912562
20
1411.183491
70
0
0
VERTEX
8
ShapeString
10
6356.103863
20
1371.673311
70
0
0
VERTEX
8
ShapeString
10
6364.791195
20
1332.224506
70
0
0
VERTEX
8
ShapeString
10
6373.975149
20
1292.841532
70
0
0
VERTEX
8
ShapeString
10
6383.656314
20
1253.528848
70
0
0
VERTEX
8
ShapeString
10
6393.835280
20
1214.290910
70
0
0
SEQEND
8
ShapeString
0
POLYLINE
8
ShapeString
62
7
70
0
10
0.000000
20
0.000000
66
1
0
VERTEX
8
ShapeString
10
6088.675050
20
221.635600
70
0
0
VERTEX
8
ShapeString
10
6088.270434
20
223.085411
70
0
0
VERTEX
8
ShapeString
10
6087.686105
20
224.451343
70
0
0
VERTEX
8
ShapeString
10
6086.934776
20
225.719172
70
0
0
VERTEX
8
ShapeString
10
6086.029166
20
226.874673
70
0
0
VERTEX
8
ShapeString
10
6084.981990
20
227.903621
70
0
0
VERTEX
8
ShapeString
10
6083.805964
20
228.791791
70
0
0
VERTEX
8
ShapeString
10
6082.513804
20
229.524960
70
0
0
VERTEX
8
ShapeString
10
6081.118227
20
230.088901
70
0
0
VERTEX
8
ShapeString
10
6079.660346
20
230.463399
70
0
0
VERTEX
8
ShapeString
10
6078.185249
20
230.640321
70
0
0
VERTEX
8
ShapeString
10
6076.711613
20
230.623566
70
0
0
VERTEX
8
ShapeString
10
6075.258115
20
230.417035
70
0
0
VERTEX
8
ShapeString
10
6073.843432
20
230.024628
70
0
0
VERTEX
8
ShapeString
10
6072.486241
20
229.450245
70
0
0
VERTEX
8
ShapeString
10
6071.205218
20
228.697786
70
0
0
VERTEX
8
ShapeString
10
6070.019042
20
227.771151
70
0
0
VERTEX
8
ShapeString
10
6068.965777
20
226.695838
70
0
0
VERTEX
8
ShapeString
10
6068.075010
20
225.506828
70
0
0
VERTEX
8
ShapeString
10
6067.352702
20
224.222244
70
0
0
VERTEX
8
ShapeString
10
6066.804814
20
222.860212
70
0
0
VERTEX
8
ShapeString
10
6066.437307
20
221.438857
70
0
0
VERTEX
8
ShapeString
10
6066.256142
20
219.976303
70
0
0
VERTEX
8
ShapeString
10
6066.267279
20
218.490676
70
0
0
VERTEX
8
ShapeString
10
6066.476680
20
217.000100
70
0
0
VERTEX
8
ShapeString
10
6066.881296
20
215.550289
70
0
0
VERTEX
8
ShapeString
10
6067.465625
20
214.184357
70
0
0
VERTEX
8
ShapeString
10
6068.216954
20
212.916528
70
0
0
VERTEX
8
ShapeString
10
6069.122564
20
211.761027
70
0
0
VERTEX
8
ShapeString
10
6070.169740
20
210.732079
70
0
0
VERTEX
8
ShapeString
10
6071.345766
20
209.843909
70
0
0
VERTEX
8
ShapeString
10
6072.637926
20
209.110740
70
0
0
VERTEX
8
ShapeString
10
6074.033503
20
208.546799
70
0
0
VERTEX
8
ShapeString
10
6075.491384
20
208.172301
70
0
0
VERTEX
8
ShapeString
10
6076.966481
20
207.995379
70
0
0
VERTEX
8
ShapeString
10
6078.440117
20
208.012134
70
0
0
VERTEX
8
ShapeString
10
6079.893615
20
208.218665
70
0
0
VERTEX
8
ShapeString
10
6081.308298
20
208.611072
70
0
0
VERTEX
8
ShapeString
10
6082.665489
20
209.185455
70
0
0
VERTEX
8
ShapeString
10
6083.946512
20
209.937914
70
0
0
VERTEX
8
ShapeString
10
6085.132688
20
210.864549
70
0
0
VERTEX
8
ShapeString
10
6086.185953
20
211.939862
70
0
0
VERTEX
8
ShapeString
10
6087.076720
20
213.128872
70
0
0
VERTEX
8
ShapeString
10
6087.799028
20
214.413456
70
0
0
VERTEX
8
ShapeString
10
6088.346916
20
215.775488
70
0
0
VERTEX
8
ShapeString
10
6088.714423
20
217.196843
70
0
0
VERTEX
8
ShapeString
10
6088.895588
20
218.659397
70
0
0
VERTEX
8
ShapeString
10
6088.884451
20
220.145024
70
0
0
VERTEX
8
ShapeString
10
6088.675050
20
221.635600
70
0
0
VERTEX
8
ShapeString
10
6088.675050
20
221.635600
70
0
0
SEQEND
8
ShapeString
0
POLYLINE
8
ShapeString
62
7
70
0
10
0.000000
20
0.000000
66
1
0
VERTEX
8
ShapeString
10
5829.361210
20
852.552770
70
0
0
VERTEX
8
ShapeString
10
5828.667412
20
854.740948
70
0
0
VERTEX
8
ShapeString
10
5827.584952
20
856.687737
70
0
0
VERTEX
8
ShapeString
10
5826.167717
20
858.357896
70
0
0
VERTEX
8
ShapeString
10
5824.469596
20
859.716183
70
0
0
VERTEX
8
ShapeString
10
5822.544477
20
860.727359
70
0
0
VERTEX
8
ShapeString
10
5820.446248
20
861.356181
70
0
0
VERTEX
8
ShapeString
10
5818.228797
20
861.567410
70
0
0
VERTEX
8
ShapeString
10
5815.946012
20
861.325804
70
0
0
VERTEX
8
ShapeString
10
5813.757311
20
860.633658
70
0
0
VERTEX
8
ShapeString
10
5811.809705
20
859.552667
70
0
0
VERTEX
8
ShapeString
10
5810.138478
20
858.136693
70
0
0
VERTEX
8
ShapeString
10
5808.778909
20
856.439597
70
0
0
VERTEX
8
ShapeString
10
5807.766282
20
854.515242
70
0
0
VERTEX
8
ShapeString
10
5807.135876
20
852.417488
70
0
0
VERTEX
8
ShapeString
10
5806.922974
20
850.200196
70
0
0
VERTEX
8
ShapeString
10
5807.162857
20
847.917230
70
0
0
VERTEX
8
ShapeString
10
5807.856655
20
845.729052
70
0
0
VERTEX
8
ShapeString
10
5808.939115
20
843.782263
70
0
0
VERTEX
8
ShapeString
10
5810.356350
20
842.112104
70
0
0
VERTEX
8
ShapeString
10
5812.054471
20
840.753817
70
0
0
VERTEX
8
ShapeString
10
5813.979590
20
839.742641
70
0
0
VERTEX
8
ShapeString
10
5816.077819
20
839.113819
70
0
0
VERTEX
8
ShapeString
10
5818.295270
20
838.902590
70
0
0
VERTEX
8
ShapeString
10
5820.578055
20
839.144196
70
0
0
VERTEX
8
ShapeString
10
5822.766756
20
839.836342
70
0
0
VERTEX
8
ShapeString
10
5824.714362
20
840.917333
70
0
0
VERTEX
8
ShapeString
10
5826.385589
20
842.333307
70
0
0
VERTEX
8
ShapeString
10
5827.745158
20
844.030403
70
0
0
VERTEX
8
ShapeString
10
5828.757785
20
845.954758
70
0
0
VERTEX
8
ShapeString
10
5829.388191
20
848.052512
70
0
0
VERTEX
8
ShapeString
10
5829.601093
20
850.269804
70
0
0
VERTEX
8
ShapeString
10
5829.361210
20
852.552770
70
0
0
VERTEX
8
ShapeString
10
5829.361210
20
852.552770
70
0
0
SEQEND
8
ShapeString
0
POLYLINE
8
ShapeString
62
7
70
0
10
0.000000
20
0.000000
66
1
0
VERTEX
8
ShapeString
10
5841.252400
20
1156.018110
70
0
0
VERTEX
8
ShapeString
10
5840.555897
20
1158.202625
70
0
0
VERTEX
8
ShapeString
10
5839.471942
20
1160.145790
70
0
0
VERTEX
8
ShapeString
10
5838.054278
20
1161.812527
70
0
0
VERTEX
8
ShapeString
10
5836.356644
20
1163.167757
70
0
0
VERTEX
8
ShapeString
10
5834.432782
20
1164.176402
70
0
0
VERTEX
8
ShapeString
10
5832.336433
20
1164.803382
70
0
0
VERTEX
8
ShapeString
10
5830.121337
20
1165.013620
70
0
0
VERTEX
8
ShapeString
10
5827.841236
20
1164.772037
70
0
0
VERTEX
8
ShapeString
10
5825.655004
20
1164.080943
70
0
0
VERTEX
8
ShapeString
10
5823.709162
20
1163.001801
70
0
0
VERTEX
8
ShapeString
10
5822.038922
20
1161.588265
70
0
0
VERTEX
8
ShapeString
10
5820.679494
20
1159.893991
70
0
0
VERTEX
8
ShapeString
10
5819.666091
20
1157.972631
70
0
0
VERTEX
8
ShapeString
10
5819.033924
20
1155.877840
70
0
0
VERTEX
8
ShapeString
10
5818.818205
20
1153.663272
70
0
0
VERTEX
8
ShapeString
10
5819.054144
20
1151.382580
70
0
0
VERTEX
8
ShapeString
10
5819.750647
20
1149.198065
70
0
0
VERTEX
8
ShapeString
10
5820.834602
20
1147.254900
70
0
0
VERTEX
8
ShapeString
10
5822.252266
20
1145.588163
70
0
0
VERTEX
8
ShapeString
10
5823.949900
20
1144.232933
70
0
0
VERTEX
8
ShapeString
10
5825.873762
20
1143.224288
70
0
0
VERTEX
8
ShapeString
10
5827.970111
20
1142.597308
70
0
0
VERTEX
8
ShapeString
10
5830.185207
20
1142.387070
70
0
0
VERTEX
8
ShapeString
10
5832.465308
20
1142.628653
70
0
0
VERTEX
8
ShapeString
10
5834.651540
20
1143.319747
70
0
0
VERTEX
8
ShapeString
10
5836.597382
20
1144.398889
70
0
0
VERTEX
8
ShapeString
10
5838.267622
20
1145.812425
70
0
0
VERTEX
8
ShapeString
10
5839.627050
20
1147.506699
70
0
0
VERTEX
8
ShapeString
10
5840.640453
20
1149.428059
70
0
0
VERTEX
8
ShapeString
10
5841.272620
20
1151.522850
70
0
0
VERTEX
8
ShapeString
10
5841.488339
20
1153.737418
70
0
0
VERTEX
8
ShapeString
10
5841.252400
20
1156.018110
70
0
0
VERTEX
8
ShapeString
10
5841.252400
20
1156.018110
70
0
0
SEQEND
8
ShapeString
0
POLYLINE
8
ShapeString
62
7
70
0
10
0.000000
20
0.000000
66
1
0
VERTEX
8
ShapeString
10
6322.633840
20
3920.413500
70
0
0
VERTEX
8
ShapeString
10
6721.381460
20
3690.498500
70
0
0
SEQEND
8
ShapeString
0
POLYLINE
8
ShapeString
62
7
70
0
10
0.000000
20
0.000000
66
1
0
VERTEX
8
ShapeString
10
5605.730600
20
575.800550
70
0
0
VERTEX
8
ShapeString
10
5618.765640
20
590.564901
70
0
0
VERTEX
8
ShapeString
10
5631.367778
20
605.630029
70
0
0
VERTEX
8
ShapeString
10
5643.533878
20
620.986299
70
0
0
VERTEX
8
ShapeString
10
5655.260802
20
636.624079
70
0
0
VERTEX
8
ShapeString
10
5666.545414
20
652.533733
70
0
0
VERTEX
8
ShapeString
10
5677.384577
20
668.705629
70
0
0
VERTEX
8
ShapeString
10
5687.775155
20
685.130131
70
0
0
VERTEX
8
ShapeString
10
5697.714011
20
701.797607
70
0
0
VERTEX
8
ShapeString
10
5707.198007
20
718.698423
70
0
0
VERTEX
8
ShapeString
10
5716.224008
20
735.822944
70
0
0
VERTEX
8
ShapeString
10
5724.788877
20
753.161536
70
0
0
VERTEX
8
ShapeString
10
5732.889477
20
770.704567
70
0
0
VERTEX
8
ShapeString
10
5740.522671
20
788.442401
70
0
0
VERTEX
8
ShapeString
10
5747.685322
20
806.365405
70
0
0
VERTEX
8
ShapeString
10
5754.374295
20
824.463945
70
0
0
VERTEX
8
ShapeString
10
5760.586451
20
842.728387
70
0
0
VERTEX
8
ShapeString
10
5766.318655
20
861.149098
70
0
0
VERTEX
8
ShapeString
10
5771.567770
20
879.716443
70
0
0
VERTEX
8
ShapeString
10
5776.330659
20
898.420789
70
0
0
VERTEX
8
ShapeString
10
5780.604185
20
917.252501
70
0
0
VERTEX
8
ShapeString
10
5784.385211
20
936.201946
70
0
0
VERTEX
8
ShapeString
10
5787.670602
20
955.259490
70
0
0
VERTEX
8
ShapeString
10
5790.457219
20
974.415499
70
0
0
VERTEX
8
ShapeString
10
5792.741928
20
993.660339
70
0
0
VERTEX
8
ShapeString
10
5794.521589
20
1012.984376
70
0
0
VERTEX
8
ShapeString
10
5795.793068
20
1032.377976
70
0
0
VERTEX
8
ShapeString
10
5796.553228
20
1051.831506
70
0
0
VERTEX
8
ShapeString
10
5796.798930
20
1071.335331
70
0
0
VERTEX
8
ShapeString
10
5796.527040
20
1090.879818
70
0
0
VERTEX
8
ShapeString
10
5795.734420
20
1110.455333
70
0
0
VERTEX
8
ShapeString
10
5794.417934
20
1130.052242
70
0
0
VERTEX
8
ShapeString
10
5792.574444
20
1149.660910
70
0
0
SEQEND
8
ShapeString
0
POLYLINE
8
ShapeString
62
7
70
0
10
0.000000
20
0.000000
66
1
0
VERTEX
8
ShapeString
10
6179.254320
20
55.670800
70
0
0
VERTEX
8
ShapeString
10
5605.732840
20
575.797650
70
0
0
SEQEND
8
ShapeString
0
POLYLINE
8
ShapeString
62
7
70
0
10
0.000000
20
0.000000
66
1
0
VERTEX
8
ShapeString
10
6322.637420
20
3920.414100
70
0
0
VERTEX
8
ShapeString
10
6300.306607
20
3881.008246
70
0
0
VERTEX
8
ShapeString
10
6278.407725
20
3841.405515
70
0
0
VERTEX
8
ShapeString
10
6256.941453
20
3801.609463
70
0
0
VERTEX
8
ShapeString
10
6235.908472
20
3761.623644
70
0
0
VERTEX
8
ShapeString
10
6215.309461
20
3721.451614
70
0
0
VERTEX
8
ShapeString
10
6195.145102
20
3681.096927
70
0
0
VERTEX
8
ShapeString
10
6175.416074
20
3640.563141
70
0
0
VERTEX
8
ShapeString
10
6156.123057
20
3599.853809
70
0
0
VERTEX
8
ShapeString
10
6137.266731
20
3558.972486
70
0
0
VERTEX
8
ShapeString
10
6118.847777
20
3517.922729
70
0
0
VERTEX
8
ShapeString
10
6100.866875
20
3476.708092
70
0
0
VERTEX
8
ShapeString
10
6083.324705
20
3435.332130
70
0
0
VERTEX
8
ShapeString
10
6066.221946
20
3393.798399
70
0
0
VERTEX
8
ShapeString
10
6049.559280
20
3352.110454
70
0
0
VERTEX
8
ShapeString
10
6033.337385
20
3310.271850
70
0
0
VERTEX
8
ShapeString
10
6017.556943
20
3268.286142
70
0
0
VERTEX
8
ShapeString
10
6002.218634
20
3226.156887
70
0
0
VERTEX
8
ShapeString
10
5987.323137
20
3183.887638
70
0
0
VERTEX
8
ShapeString
10
5972.871133
20
3141.481951
70
0
0
VERTEX
8
ShapeString
10
5958.863302
20
3098.943381
70
0
0
VERTEX
8
ShapeString
10
5945.300324
20
3056.275484
70
0
0
VERTEX
8
ShapeString
10
5932.182880
20
3013.481815
70
0
0
VERTEX
8
ShapeString
10
5919.511648
20
2970.565929
70
0
0
VERTEX
8
ShapeString
10
5907.287310
20
2927.531381
70
0
0
VERTEX
8
ShapeString
10
5895.510546
20
2884.381726
70
0
0
VERTEX
8
ShapeString
10
5884.182036
20
2841.120520
70
0
0
VERTEX
8
ShapeString
10
5873.302459
20
2797.751319
70
0
0
VERTEX
8
ShapeString
10
5862.872496
20
2754.277676
70
0
0
VERTEX
8
ShapeString
10
5852.892828
20
2710.703148
70
0
0
VERTEX
8
ShapeString
10
5843.364134
20
2667.031289
70
0
0
VERTEX
8
ShapeString
10
5834.287094
20
2623.265656
70
0
0
VERTEX
8
ShapeString
10
5825.662389
20
2579.409802
70
0
0
VERTEX
8
ShapeString
10
5817.490699
20
2535.467284
70
0
0
VERTEX
8
ShapeString
10
5809.772703
20
2491.441657
70
0
0
VERTEX
8
ShapeString
10
5802.509083
20
2447.336475
70
0
0
VERTEX
8
ShapeString
10
5795.700517
20
2403.155294
70
0
0
VERTEX
8
ShapeString
10
5789.347687
20
2358.901670
70
0
0
VERTEX
8
ShapeString
10
5783.451273
20
2314.579157
70
0
0
VERTEX
8
ShapeString
10
5778.011954
20
2270.191311
70
0
0
VERTEX
8
ShapeString
10
5773.030411
20
2225.741687
70
0
0
VERTEX
8
ShapeString
10
5768.507323
20
2181.233840
70
0
0
VERTEX
8
ShapeString
10
5764.443372
20
2136.671326
70
0
0
VERTEX
8
ShapeString
10
5760.839236
20
2092.057699
70
0
0
VERTEX
8
ShapeString
10
5757.695597
20
2047.396515
70
0
0
VERTEX
8
ShapeString
10
5755.013134
20
2002.691330
70
0
0
VERTEX
8
ShapeString
10
5752.792528
20
1957.945697
70
0
0
VERTEX
8
ShapeString
10
5751.034459
20
1913.163174
70
0
0
VERTEX
8
ShapeString
10
5749.739606
20
1868.347314
70
0
0
VERTEX
8
ShapeString
10
5748.908650
20
1823.501673
70
0
0
VERTEX
8
ShapeString
10
5748.542272
20
1778.629807
70
0
0
VERTEX
8
ShapeString
10
5748.641150
20
1733.735270
70
0
0
VERTEX
8
ShapeString
10
5749.205966
20
1688.821618
70
0
0
VERTEX
8
ShapeString
10
5750.237400
20
1643.892406
70
0
0
VERTEX
8
ShapeString
10
5751.736131
20
1598.951189
70
0
0
VERTEX
8
ShapeString
10
5753.702840
20
1554.001522
70
0
0
VERTEX
8
ShapeString
10
5756.138207
20
1509.046962
70
0
0
VERTEX
8
ShapeString
10
5759.042912
20
1464.091062
70
0
0
VERTEX
8
ShapeString
10
5762.417635
20
1419.137378
70
0
0
VERTEX
8
ShapeString
10
5766.263057
20
1374.189466
70
0
0
VERTEX
8
ShapeString
10
5770.579856
20
1329.250881
70
0
0
VERTEX
8
ShapeString
10
5775.368715
20
1284.325177
70
0
0
VERTEX
8
ShapeString
10
5780.630312
20
1239.415911
70
0
0
VERTEX
8
ShapeString
10
5786.365329
20
1194.526637
70
0
0
VERTEX
8
ShapeString
10
5792.574444
20
1149.660910
70
0
0
SEQEND
8
ShapeString
0
POLYLINE
8
ShapeString
62
7
70
0
10
0.000000
20
0.000000
66
1
0
VERTEX
8
ShapeString
10
4465.242000
20
1289.757310
70
0
0
VERTEX
8
ShapeString
10
4463.092970
20
1290.555483
70
0
0
VERTEX
8
ShapeString
10
4460.895111
20
1290.899958
70
0
0
VERTEX
8
ShapeString
10
4458.709148
20
1290.811406
70
0
0
VERTEX
8
ShapeString
10
4456.595802
20
1290.310500
70
0
0
VERTEX
8
ShapeString
10
4454.615796
20
1289.417910
70
0
0
VERTEX
8
ShapeString
10
4452.829853
20
1288.154309
70
0
0
VERTEX
8
ShapeString
10
4451.298696
20
1286.540369
70
0
0
VERTEX
8
ShapeString
10
4450.083048
20
1284.596761
70
0
0
VERTEX
8
ShapeString
10
4449.279012
20
1282.449918
70
0
0
VERTEX
8
ShapeString
10
4448.928539
20
1280.253008
70
0
0
VERTEX
8
ShapeString
10
4449.011124
20
1278.066811
70
0
0
VERTEX
8
ShapeString
10
4449.506260
20
1275.952105
70
0
0
VERTEX
8
ShapeString
10
4450.393442
20
1273.969671
70
0
0
VERTEX
8
ShapeString
10
4451.652163
20
1272.180286
70
0
0
VERTEX
8
ShapeString
10
4453.261918
20
1270.644729
70
0
0
VERTEX
8
ShapeString
10
4455.202200
20
1269.423780
70
0
0
VERTEX
8
ShapeString
10
4457.351230
20
1268.625607
70
0
0
VERTEX
8
ShapeString
10
4459.549089
20
1268.281132
70
0
0
VERTEX
8
ShapeString
10
4461.735052
20
1268.369684
70
0
0
VERTEX
8
ShapeString
10
4463.848398
20
1268.870590
70
0
0
VERTEX
8
ShapeString
10
4465.828404
20
1269.763180
70
0
0
VERTEX
8
ShapeString
10
4467.614347
20
1271.026781
70
0
0
VERTEX
8
ShapeString
10
4469.145504
20
1272.640721
70
0
0
VERTEX
8
ShapeString
10
4470.361152
20
1274.584329
70
0
0
VERTEX
8
ShapeString
10
4471.165188
20
1276.731172
70
0
0
VERTEX
8
ShapeString
10
4471.515661
20
1278.928082
70
0
0
VERTEX
8
ShapeString
10
4471.433076
20
1281.114279
70
0
0
VERTEX
8
ShapeString
10
4470.937940
20
1283.228985
70
0
0
VERTEX
8
ShapeString
10
4470.050758
20
1285.211419
70
0
0
VERTEX
8
ShapeString
10
4468.792037
20
1287.000804
70
0
0
VERTEX
8
ShapeString
10
4467.182282
20
1288.536361
70
0
0
VERTEX
8
ShapeString
10
4465.242000
20
1289.757310
70
0
0
VERTEX
8
ShapeString
10
4465.242000
20
1289.757310
70
0
0
SEQEND
8
ShapeString
0
POLYLINE
8
ShapeString
62
7
70
0
10
0.000000
20
0.000000
66
1
0
VERTEX
8
ShapeString
10
4422.569400
20
2885.617900
70
0
0
VERTEX
8
ShapeString
10
4420.420657
20
2886.415044
70
0
0
VERTEX
8
ShapeString
10
4418.223253
20
2886.758719
70
0
0
VERTEX
8
ShapeString
10
4416.037860
20
2886.669594
70
0
0
VERTEX
8
ShapeString
10
4413.925150
20
2886.168336
70
0
0
VERTEX
8
ShapeString
10
4411.945794
20
2885.275614
70
0
0
VERTEX
8
ShapeString
10
4410.160463
20
2884.012096
70
0
0
VERTEX
8
ShapeString
10
4408.629830
20
2882.398449
70
0
0
VERTEX
8
ShapeString
10
4407.414564
20
2880.455341
70
0
0
VERTEX
8
ShapeString
10
4406.610690
20
2878.309107
70
0
0
VERTEX
8
ShapeString
10
4406.260130
20
2876.112791
70
0
0
VERTEX
8
ShapeString
10
4406.342405
20
2873.927130
70
0
0
VERTEX
8
ShapeString
10
4406.837038
20
2871.812859
70
0
0
VERTEX
8
ShapeString
10
4407.723552
20
2869.830715
70
0
0
VERTEX
8
ShapeString
10
4408.981469
20
2868.041433
70
0
0
VERTEX
8
ShapeString
10
4410.590311
20
2866.505749
70
0
0
VERTEX
8
ShapeString
10
4412.529600
20
2865.284400
70
0
0
VERTEX
8
ShapeString
10
4414.678343
20
2864.487256
70
0
0
VERTEX
8
ShapeString
10
4416.875747
20
2864.143581
70
0
0
VERTEX
8
ShapeString
10
4419.061140
20
2864.232706
70
0
0
VERTEX
8
ShapeString
10
4421.173850
20
2864.733964
70
0
0
VERTEX
8
ShapeString
10
4423.153206
20
2865.626686
70
0
0
VERTEX
8
ShapeString
10
4424.938537
20
2866.890204
70
0
0
VERTEX
8
ShapeString
10
4426.469170
20
2868.503851
70
0
0
VERTEX
8
ShapeString
10
4427.684436
20
2870.446959
70
0
0
VERTEX
8
ShapeString
10
4428.488310
20
2872.593193
70
0
0
VERTEX
8
ShapeString
10
4428.838870
20
2874.789509
70
0
0
VERTEX
8
ShapeString
10
4428.756595
20
2876.975170
70
0
0
VERTEX
8
ShapeString
10
4428.261962
20
2879.089441
70
0
0
VERTEX
8
ShapeString
10
4427.375448
20
2881.071585
70
0
0
VERTEX
8
ShapeString
10
4426.117531
20
2882.860867
70
0
0
VERTEX
8
ShapeString
10
4424.508689
20
2884.396551
70
0
0
VERTEX
8
ShapeString
10
4422.569400
20
2885.617900
70
0
0
VERTEX
8
ShapeString
10
4422.569400
20
2885.617900
70
0
0
SEQEND
8
ShapeString
0
POLYLINE
8
ShapeString
62
7
70
0
10
0.000000
20
0.000000
66
1
0
VERTEX
8
ShapeString
10
4016.055200
20
2972.753600
70
0
0
VERTEX
8
ShapeString
10
4013.905338
20
2973.554773
70
0
0
VERTEX
8
ShapeString
10
4011.706159
20
2973.901579
70
0
0
VERTEX
8
ShapeString
10
4009.518535
20
2973.814702
70
0
0
VERTEX
8
ShapeString
10
4007.403337
20
2973.314823
70
0
0
VERTEX
8
ShapeString
10
4005.421439
20
2972.422626
70
0
0
VERTEX
8
ShapeString
10
4003.633711
20
2971.158793
70
0
0
VERTEX
8
ShapeString
10
4002.101025
20
2969.544005
70
0
0
VERTEX
8
ShapeString
10
4000.884254
20
2967.598947
70
0
0
VERTEX
8
ShapeString
10
4000.079737
20
2965.450334
70
0
0
VERTEX
8
ShapeString
10
3999.729510
20
2963.251697
70
0
0
VERTEX
8
ShapeString
10
3999.812984
20
2961.063940
70
0
0
VERTEX
8
ShapeString
10
4000.309572
20
2958.947968
70
0
0
VERTEX
8
ShapeString
10
4001.198685
20
2956.964683
70
0
0
VERTEX
8
ShapeString
10
4002.459736
20
2955.174991
70
0
0
VERTEX
8
ShapeString
10
4004.072137
20
2953.639796
70
0
0
VERTEX
8
ShapeString
10
4006.015300
20
2952.420000
70
0
0
VERTEX
8
ShapeString
10
4008.165162
20
2951.618827
70
0
0
VERTEX
8
ShapeString
10
4010.364341
20
2951.272021
70
0
0
VERTEX
8
ShapeString
10
4012.551965
20
2951.358898
70
0
0
VERTEX
8
ShapeString
10
4014.667163
20
2951.858777
70
0
0
VERTEX
8
ShapeString
10
4016.649061
20
2952.750974
70
0
0
VERTEX
8
ShapeString
10
4018.436789
20
2954.014807
70
0
0
VERTEX
8
ShapeString
10
4019.969475
20
2955.629595
70
0
0
VERTEX
8
ShapeString
10
4021.186246
20
2957.574653
70
0
0
VERTEX
8
ShapeString
10
4021.990763
20
2959.723266
70
0
0
VERTEX
8
ShapeString
10
4022.340990
20
2961.921903
70
0
0
VERTEX
8
ShapeString
10
4022.257516
20
2964.109660
70
0
0
VERTEX
8
ShapeString
10
4021.760928
20
2966.225632
70
0
0
VERTEX
8
ShapeString
10
4020.871815
20
2968.208917
70
0
0
VERTEX
8
ShapeString
10
4019.610764
20
2969.998609
70
0
0
VERTEX
8
ShapeString
10
4017.998363
20
2971.533804
70
0
0
VERTEX
8
ShapeString
10
4016.055200
20
2972.753600
70
0
0
VERTEX
8
ShapeString
10
4016.055200
20
2972.753600
70
0
0
SEQEND
8
ShapeString
0
POLYLINE
8
ShapeString
62
7
70
0
10
0.000000
20
0.000000
66
1
0
VERTEX
8
ShapeString
10
4836.581760
20
4309.861500
70
0
0
VERTEX
8
ShapeString
10
4835.190917
20
4310.437032
70
0
0
VERTEX
8
ShapeString
10
4833.755281
20
4310.819363
70
0
0
VERTEX
8
ShapeString
10
4832.293892
20
4311.009731
70
0
0
VERTEX
8
ShapeString
10
4830.825789
20
4311.009375
70
0
0
VERTEX
8
ShapeString
10
4829.370012
20
4310.819533
70
0
0
VERTEX
8
ShapeString
10
4827.945601
20
4310.441445
70
0
0
VERTEX
8
ShapeString
10
4826.571595
20
4309.876347
70
0
0
VERTEX
8
ShapeString
10
4825.267035
20
4309.125479
70
0
0
VERTEX
8
ShapeString
10
4824.073188
20
4308.208740
70
0
0
VERTEX
8
ShapeString
10
4823.024262
20
4307.156609
70
0
0
VERTEX
8
ShapeString
10
4822.128703
20
4305.986192
70
0
0
VERTEX
8
ShapeString
10
4821.394960
20
4304.714600
70
0
0
VERTEX
8
ShapeString
10
4820.831479
20
4303.358939
70
0
0
VERTEX
8
ShapeString
10
4820.446708
20
4301.936319
70
0
0
VERTEX
8
ShapeString
10
4820.249095
20
4300.463846
70
0
0
VERTEX
8
ShapeString
10
4820.247085
20
4298.958629
70
0
0
VERTEX
8
ShapeString
10
4820.444081
20
4297.466358
70
0
0
VERTEX
8
ShapeString
10
4820.830790
20
4296.031895
70
0
0
VERTEX
8
ShapeString
10
4821.396621
20
4294.671111
70
0
0
VERTEX
8
ShapeString
10
4822.130981
20
4293.399875
70
0
0
VERTEX
8
ShapeString
10
4823.023277
20
4292.234056
70
0
0
VERTEX
8
ShapeString
10
4824.062917
20
4291.189524
70
0
0
VERTEX
8
ShapeString
10
4825.239309
20
4290.282149
70
0
0
VERTEX
8
ShapeString
10
4826.541860
20
4289.527800
70
0
0
VERTEX
8
ShapeString
10
4827.932703
20
4288.952268
70
0
0
VERTEX
8
ShapeString
10
4829.368339
20
4288.569937
70
0
0
VERTEX
8
ShapeString
10
4830.829728
20
4288.379569
70
0
0
VERTEX
8
ShapeString
10
4832.297831
20
4288.379925
70
0
0
VERTEX
8
ShapeString
10
4833.753608
20
4288.569767
70
0
0
VERTEX
8
ShapeString
10
4835.178019
20
4288.947856
70
0
0
VERTEX
8
ShapeString
10
4836.552025
20
4289.512953
70
0
0
VERTEX
8
ShapeString
10
4837.856585
20
4290.263821
70
0
0
VERTEX
8
ShapeString
10
4839.050432
20
4291.180560
70
0
0
VERTEX
8
ShapeString
10
4840.099359
20
4292.232692
70
0
0
VERTEX
8
ShapeString
10
4840.994917
20
4293.403108
70
0
0
VERTEX
8
ShapeString
10
4841.728660
20
4294.674700
70
0
0
VERTEX
8
ShapeString
10
4842.292141
20
4296.030361
70
0
0
VERTEX
8
ShapeString
10
4842.676912
20
4297.452982
70
0
0
VERTEX
8
ShapeString
10
4842.874526
20
4298.925454
70
0
0
VERTEX
8
ShapeString
10
4842.876535
20
4300.430671
70
0
0
VERTEX
8
ShapeString
10
4842.679540
20
4301.922942
70
0
0
VERTEX
8
ShapeString
10
4842.292830
20
4303.357405
70
0
0
VERTEX
8
ShapeString
10
4841.726999
20
4304.718189
70
0
0
VERTEX
8
ShapeString
10
4840.992639
20
4305.989425
70
0
0
VERTEX
8
ShapeString
10
4840.100343
20
4307.155244
70
0
0
VERTEX
8
ShapeString
10
4839.060703
20
4308.199776
70
0
0
VERTEX
8
ShapeString
10
4837.884311
20
4309.107151
70
0
0
VERTEX
8
ShapeString
10
4836.581760
20
4309.861500
70
0
0
VERTEX
8
ShapeString
10
4836.581760
20
4309.861500
70
0
0
SEQEND
8
ShapeString
0
POLYLINE
8
ShapeString
62
7
70
0
10
0.000000
20
0.000000
66
1
0
VERTEX
8
ShapeString
10
4741.583600
20
4360.369000
70
0
0
VERTEX
8
ShapeString
10
4739.434857
20
4361.166144
70
0
0
VERTEX
8
ShapeString
10
4737.237453
20
4361.509819
70
0
0
VERTEX
8
ShapeString
10
4735.052060
20
4361.420694
70
0
0
VERTEX
8
ShapeString
10
4732.939350
20
4360.919436
70
0
0
VERTEX
8
ShapeString
10
4730.959994
20
4360.026714
70
0
0
VERTEX
8
ShapeString
10
4729.174663
20
4358.763196
70
0
0
VERTEX
8
ShapeString
10
4727.644030
20
4357.149549
70
0
0
VERTEX
8
ShapeString
10
4726.428764
20
4355.206441
70
0
0
VERTEX
8
ShapeString
10
4725.624890
20
4353.060207
70
0
0
VERTEX
8
ShapeString
10
4725.274330
20
4350.863891
70
0
0
VERTEX
8
ShapeString
10
4725.356605
20
4348.678230
70
0
0
VERTEX
8
ShapeString
10
4725.851238
20
4346.563959
70
0
0
VERTEX
8
ShapeString
10
4726.737752
20
4344.581815
70
0
0
VERTEX
8
ShapeString
10
4727.995669
20
4342.792533
70
0
0
VERTEX
8
ShapeString
10
4729.604511
20
4341.256849
70
0
0
VERTEX
8
ShapeString
10
4731.543800
20
4340.035500
70
0
0
VERTEX
8
ShapeString
10
4733.692543
20
4339.238356
70
0
0
VERTEX
8
ShapeString
10
4735.889947
20
4338.894681
70
0
0
VERTEX
8
ShapeString
10
4738.075340
20
4338.983806
70
0
0
VERTEX
8
ShapeString
10
4740.188050
20
4339.485064
70
0
0
VERTEX
8
ShapeString
10
4742.167406
20
4340.377786
70
0
0
VERTEX
8
ShapeString
10
4743.952737
20
4341.641304
70
0
0
VERTEX
8
ShapeString
10
4745.483370
20
4343.254951
70
0
0
VERTEX
8
ShapeString
10
4746.698636
20
4345.198059
70
0
0
VERTEX
8
ShapeString
10
4747.502510
20
4347.344293
70
0
0
VERTEX
8
ShapeString
10
4747.853070
20
4349.540609
70
0
0
VERTEX
8
ShapeString
10
4747.770795
20
4351.726270
70
0
0
VERTEX
8
ShapeString
10
4747.276162
20
4353.840541
70
0
0
VERTEX
8
ShapeString
10
4746.389648
20
4355.822685
70
0
0
VERTEX
8
ShapeString
10
4745.131731
20
4357.611967
70
0
0
VERTEX
8
ShapeString
10
4743.522889
20
4359.147651
70
0
0
VERTEX
8
ShapeString
10
4741.583600
20
4360.369000
70
0
0
VERTEX
8
ShapeString
10
4741.583600
20
4360.369000
70
0
0
SEQEND
8
ShapeString
0
POLYLINE
8
ShapeString
62
7
70
0
10
0.000000
20
0.000000
66
1
0
VERTEX
8
ShapeString
10
4731.647100
20
4232.402700
70
0
0
VERTEX
8
ShapeString
10
4727.233482
20
4234.441606
70
0
0
VERTEX
8
ShapeString
10
4722.770150
20
4236.235503
70
0
0
VERTEX
8
ShapeString
10
4718.265046
20
4237.787086
70
0
0
VERTEX
8
ShapeString
10
4713.726112
20
4239.099048
70
0
0
VERTEX
8
ShapeString
10
4709.161288
20
4240.174083
70
0
0
VERTEX
8
ShapeString
10
4704.578518
20
4241.014886
70
0
0
VERTEX
8
ShapeString
10
4699.985741
20
4241.624151
70
0
0
VERTEX
8
ShapeString
10
4695.390899
20
4242.004573
70
0
0
VERTEX
8
ShapeString
10
4690.801935
20
4242.158844
70
0
0
VERTEX
8
ShapeString
10
4686.226789
20
4242.089660
70
0
0
VERTEX
8
ShapeString
10
4681.673404
20
4241.799715
70
0
0
VERTEX
8
ShapeString
10
4677.149720
20
4241.291702
70
0
0
VERTEX
8
ShapeString
10
4672.663679
20
4240.568316
70
0
0
VERTEX
8
ShapeString
10
4668.223224
20
4239.632251
70
0
0
VERTEX
8
ShapeString
10
4663.836294
20
4238.486201
70
0
0
VERTEX
8
ShapeString
10
4659.510832
20
4237.132861
70
0
0
VERTEX
8
ShapeString
10
4655.254779
20
4235.574924
70
0
0
VERTEX
8
ShapeString
10
4651.076078
20
4233.815085
70
0
0
VERTEX
8
ShapeString
10
4646.982668
20
4231.856038
70
0
0
VERTEX
8
ShapeString
10
4642.982493
20
4229.700477
70
0
0
VERTEX
8
ShapeString
10
4639.083493
20
4227.351096
70
0
0
VERTEX
8
ShapeString
10
4635.293610
20
4224.810590
70
0
0
VERTEX
8
ShapeString
10
4631.620785
20
4222.081651
70
0
0
VERTEX
8
ShapeString
10
4628.072960
20
4219.166976
70
0
0
VERTEX
8
ShapeString
10
4624.658077
20
4216.069257
70
0
0
VERTEX
8
ShapeString
10
4621.384077
20
4212.791190
70
0
0
VERTEX
8
ShapeString
10
4618.258902
20
4209.335467
70
0
0
VERTEX
8
ShapeString
10
4615.290492
20
4205.704784
70
0
0
VERTEX
8
ShapeString
10
4612.486791
20
4201.901835
70
0
0
VERTEX
8
ShapeString
10
4609.855738
20
4197.929313
70
0
0
VERTEX
8
ShapeString
10
4607.405276
20
4193.789912
70
0
0
VERTEX
8
ShapeString
10
4605.143346
20
4189.486328
70
0
0
VERTEX
8
ShapeString
10
4603.101716
20
4185.073970
70
0
0
VERTEX
8
ShapeString
10
4601.305063
20
4180.611747
70
0
0
VERTEX
8
ShapeString
10
4599.750699
20
4176.107602
70
0
0
VERTEX
8
ShapeString
10
4598.435935
20
4171.569478
70
0
0
VERTEX
8
ShapeString
10
4597.358081
20
4167.005319
70
0
0
VERTEX
8
ShapeString
10
4596.514448
20
4162.423069
70
0
0
VERTEX
8
ShapeString
10
4595.902347
20
4157.830669
70
0
0
VERTEX
8
ShapeString
10
4595.519089
20
4153.236063
70
0
0
VERTEX
8
ShapeString
10
4595.361984
20
4148.647195
70
0
0
VERTEX
8
ShapeString
10
4595.428343
20
4144.072008
70
0
0
VERTEX
8
ShapeString
10
4595.715477
20
4139.518444
70
0
0
VERTEX
8
ShapeString
10
4596.220697
20
4134.994447
70
0
0
VERTEX
8
ShapeString
10
4596.941313
20
4130.507961
70
0
0
VERTEX
8
ShapeString
10
4597.874636
20
4126.066928
70
0
0
VERTEX
8
ShapeString
10
4599.017976
20
4121.679291
70
0
0
VERTEX
8
ShapeString
10
4600.368646
20
4117.352995
70
0
0
VERTEX
8
ShapeString
10
4601.923954
20
4113.095981
70
0
0
VERTEX
8
ShapeString
10
4603.681213
20
4108.916193
70
0
0
VERTEX
8
ShapeString
10
4605.637732
20
4104.821575
70
0
0
VERTEX
8
ShapeString
10
4607.790823
20
4100.820069
70
0
0
VERTEX
8
ShapeString
10
4610.137796
20
4096.919620
70
0
0
VERTEX
8
ShapeString
10
4612.675962
20
4093.128168
70
0
0
VERTEX
8
ShapeString
10
4615.402632
20
4089.453660
70
0
0
VERTEX
8
ShapeString
10
4618.315116
20
4085.904036
70
0
0
VERTEX
8
ShapeString
10
4621.410725
20
4082.487241
70
0
0
VERTEX
8
ShapeString
10
4624.686771
20
4079.211217
70
0
0
VERTEX
8
ShapeString
10
4628.140563
20
4076.083909
70
0
0
VERTEX
8
ShapeString
10
4631.769412
20
4073.113258
70
0
0
VERTEX
8
ShapeString
10
4635.570630
20
4070.307209
70
0
0
VERTEX
8
ShapeString
10
4639.541527
20
4067.673704
70
0
0
VERTEX
8
ShapeString
10
4643.679413
20
4065.220686
70
0
0
VERTEX
8
ShapeString
10
4647.981600
20
4062.956100
70
0
0
VERTEX
8
ShapeString
10
4652.395218
20
4060.917194
70
0
0
VERTEX
8
ShapeString
10
4656.858550
20
4059.123297
70
0
0
VERTEX
8
ShapeString
10
4661.363654
20
4057.571714
70
0
0
VERTEX
8
ShapeString
10
4665.902588
20
4056.259752
70
0
0
VERTEX
8
ShapeString
10
4670.467412
20
4055.184717
70
0
0
VERTEX
8
ShapeString
10
4675.050182
20
4054.343914
70
0
0
VERTEX
8
ShapeString
10
4679.642959
20
4053.734649
70
0
0
VERTEX
8
ShapeString
10
4684.237801
20
4053.354227
70
0
0
VERTEX
8
ShapeString
10
4688.826765
20
4053.199956
70
0
0
VERTEX
8
ShapeString
10
4693.401911
20
4053.269140
70
0
0
VERTEX
8
ShapeString
10
4697.955296
20
4053.559085
70
0
0
VERTEX
8
ShapeString
10
4702.478980
20
4054.067098
70
0
0
VERTEX
8
ShapeString
10
4706.965021
20
4054.790484
70
0
0
VERTEX
8
ShapeString
10
4711.405476
20
4055.726549
70
0
0
VERTEX
8
ShapeString
10
4715.792406
20
4056.872599
70
0
0
VERTEX
8
ShapeString
10
4720.117868
20
4058.225939
70
0
0
VERTEX
8
ShapeString
10
4724.373921
20
4059.783876
70
0
0
VERTEX
8
ShapeString
10
4728.552622
20
4061.543715
70
0
0
VERTEX
8
ShapeString
10
4732.646032
20
4063.502762
70
0
0
VERTEX
8
ShapeString
10
4736.646207
20
4065.658323
70
0
0
VERTEX
8
ShapeString
10
4740.545207
20
4068.007704
70
0
0
VERTEX
8
ShapeString
10
4744.335090
20
4070.548210
70
0
0
VERTEX
8
ShapeString
10
4748.007915
20
4073.277149
70
0
0
VERTEX
8
ShapeString
10
4751.555740
20
4076.191824
70
0
0
VERTEX
8
ShapeString
10
4754.970623
20
4079.289543
70
0
0
VERTEX
8
ShapeString
10
4758.244623
20
4082.567610
70
0
0
VERTEX
8
ShapeString
10
4761.369798
20
4086.023333
70
0
0
VERTEX
8
ShapeString
10
4764.338208
20
4089.654016
70
0
0
VERTEX
8
ShapeString
10
4767.141909
20
4093.456965
70
0
0
VERTEX
8
ShapeString
10
4769.772962
20
4097.429487
70
0
0
VERTEX
8
ShapeString
10
4772.223424
20
4101.568888
70
0
0
VERTEX
8
ShapeString
10
4774.485354
20
4105.872472
70
0
0
VERTEX
8
ShapeString
10
4776.526984
20
4110.284830
70
0
0
VERTEX
8
ShapeString
10
4778.323637
20
4114.747053
70
0
0
VERTEX
8
ShapeString
10
4779.878001
20
4119.251198
70
0
0
VERTEX
8
ShapeString
10
4781.192765
20
4123.789322
70
0
0
VERTEX
8
ShapeString
10
4782.270619
20
4128.353481
70
0
0
VERTEX
8
ShapeString
10
4783.114252
20
4132.935731
70
0
0
VERTEX
8
ShapeString
10
4783.726353
20
4137.528131
70
0
0
VERTEX
8
ShapeString
10
4784.109611
20
4142.122737
70
0
0
VERTEX
8
ShapeString
10
4784.266716
20
4146.711605
70
0
0
VERTEX
8
ShapeString
10
4784.200357
20
4151.286792
70
0
0
VERTEX
8
ShapeString
10
4783.913223
20
4155.840356
70
0
0
VERTEX
8
ShapeString
10
4783.408003
20
4160.364353
70
0
0
VERTEX
8
ShapeString
10
4782.687387
20
4164.850839
70
0
0
VERTEX
8
ShapeString
10
4781.754064
20
4169.291872
70
0
0
VERTEX
8
ShapeString
10
4780.610724
20
4173.679509
70
0
0
VERTEX
8
ShapeString
10
4779.260054
20
4178.005805
70
0
0
VERTEX
8
ShapeString
10
4777.704746
20
4182.262819
70
0
0
VERTEX
8
ShapeString
10
4775.947487
20
4186.442607
70
0
0
VERTEX
8
ShapeString
10
4773.990968
20
4190.537225
70
0
0
VERTEX
8
ShapeString
10
4771.837877
20
4194.538731
70
0
0
VERTEX
8
ShapeString
10
4769.490904
20
4198.439180
70
0
0
VERTEX
8
ShapeString
10
4766.952738
20
4202.230632
70
0
0
VERTEX
8
ShapeString
10
4764.226068
20
4205.905140
70
0
0
VERTEX
8
ShapeString
10
4761.313584
20
4209.454764
70
0
0
VERTEX
8
ShapeString
10
4758.217975
20
4212.871559
70
0
0
VERTEX
8
ShapeString
10
4754.941929
20
4216.147583
70
0
0
VERTEX
8
ShapeString
10
4751.488137
20
4219.274891
70
0
0
VERTEX
8
ShapeString
10
4747.859288
20
4222.245542
70
0
0
VERTEX
8
ShapeString
10
4744.058070
20
4225.051591
70
0
0
VERTEX
8
ShapeString
10
4740.087173
20
4227.685096
70
0
0
VERTEX
8
ShapeString
10
4735.949287
20
4230.138114
70
0
0
VERTEX
8
ShapeString
10
4731.647100
20
4232.402700
70
0
0
VERTEX
8
ShapeString
10
4731.647100
20
4232.402700
70
0
0
SEQEND
8
ShapeString
0
POLYLINE
8
ShapeString
62
7
70
0
10
0.000000
20
0.000000
66
1
0
VERTEX
8
ShapeString
10
4256.125100
20
3003.742300
70
0
0
VERTEX
8
ShapeString
10
4251.711810
20
3005.779449
70
0
0
VERTEX
8
ShapeString
10
4247.248887
20
3007.571681
70
0
0
VERTEX
8
ShapeString
10
4242.744269
20
3009.121688
70
0
0
VERTEX
8
ShapeString
10
4238.205891
20
3010.432166
70
0
0
VERTEX
8
ShapeString
10
4233.641690
20
3011.505807
70
0
0
VERTEX
8
ShapeString
10
4229.059603
20
3012.345306
70
0
0
VERTEX
8
ShapeString
10
4224.467566
20
3012.953356
70
0
0
VERTEX
8
ShapeString
10
4219.873516
20
3013.332651
70
0
0
VERTEX
8
ShapeString
10
4215.285389
20
3013.485885
70
0
0
VERTEX
8
ShapeString
10
4210.711121
20
3013.415752
70
0
0
VERTEX
8
ShapeString
10
4206.158650
20
3013.124945
70
0
0
VERTEX
8
ShapeString
10
4201.635911
20
3012.616158
70
0
0
VERTEX
8
ShapeString
10
4197.150841
20
3011.892086
70
0
0
VERTEX
8
ShapeString
10
4192.711377
20
3010.955422
70
0
0
VERTEX
8
ShapeString
10
4188.325454
20
3009.808859
70
0
0
VERTEX
8
ShapeString
10
4184.001011
20
3008.455092
70
0
0
VERTEX
8
ShapeString
10
4179.745982
20
3006.896814
70
0
0
VERTEX
8
ShapeString
10
4175.568305
20
3005.136720
70
0
0
VERTEX
8
ShapeString
10
4171.475916
20
3003.177502
70
0
0
VERTEX
8
ShapeString
10
4167.476751
20
3001.021855
70
0
0
VERTEX
8
ShapeString
10
4163.578747
20
2998.672473
70
0
0
VERTEX
8
ShapeString
10
4159.789841
20
2996.132048
70
0
0
VERTEX
8
ShapeString
10
4156.117969
20
2993.403277
70
0
0
VERTEX
8
ShapeString
10
4152.571067
20
2990.488851
70
0
0
VERTEX
8
ShapeString
10
4149.157072
20
2987.391465
70
0
0
VERTEX
8
ShapeString
10
4145.883920
20
2984.113812
70
0
0
VERTEX
8
ShapeString
10
4142.759549
20
2980.658587
70
0
0
VERTEX
8
ShapeString
10
4139.791893
20
2977.028483
70
0
0
VERTEX
8
ShapeString
10
4136.988891
20
2973.226194
70
0
0
VERTEX
8
ShapeString
10
4134.358478
20
2969.254413
70
0
0
VERTEX
8
ShapeString
10
4131.908591
20
2965.115836
70
0
0
VERTEX
8
ShapeString
10
4129.647166
20
2960.813154
70
0
0
VERTEX
8
ShapeString
10
4127.605949
20
2956.401744
70
0
0
VERTEX
8
ShapeString
10
4125.809604
20
2951.940475
70
0
0
VERTEX
8
ShapeString
10
4124.255445
20
2947.437288
70
0
0
VERTEX
8
ShapeString
10
4122.940784
20
2942.900120
70
0
0
VERTEX
8
ShapeString
10
4121.862936
20
2938.336911
70
0
0
VERTEX
8
ShapeString
10
4121.019214
20
2933.755600
70
0
0
VERTEX
8
ShapeString
10
4120.406931
20
2929.164125
70
0
0
VERTEX
8
ShapeString
10
4120.023401
20
2924.570427
70
0
0
VERTEX
8
ShapeString
10
4119.865937
20
2919.982443
70
0
0
VERTEX
8
ShapeString
10
4119.931854
20
2915.408112
70
0
0
VERTEX
8
ShapeString
10
4120.218464
20
2910.855375
70
0
0
VERTEX
8
ShapeString
10
4120.723081
20
2906.332169
70
0
0
VERTEX
8
ShapeString
10
4121.443018
20
2901.846433
70
0
0
VERTEX
8
ShapeString
10
4122.375590
20
2897.406107
70
0
0
VERTEX
8
ShapeString
10
4123.518109
20
2893.019130
70
0
0
VERTEX
8
ShapeString
10
4124.867889
20
2888.693440
70
0
0
VERTEX
8
ShapeString
10
4126.422243
20
2884.436977
70
0
0
VERTEX
8
ShapeString
10
4128.178486
20
2880.257679
70
0
0
VERTEX
8
ShapeString
10
4130.133930
20
2876.163485
70
0
0
VERTEX
8
ShapeString
10
4132.285890
20
2872.162335
70
0
0
VERTEX
8
ShapeString
10
4134.631678
20
2868.262167
70
0
0
VERTEX
8
ShapeString
10
4137.168608
20
2864.470921
70
0
0
VERTEX
8
ShapeString
10
4139.893994
20
2860.796535
70
0
0
VERTEX
8
ShapeString
10
4142.805149
20
2857.246948
70
0
0
VERTEX
8
ShapeString
10
4145.899386
20
2853.830099
70
0
0
VERTEX
8
ShapeString
10
4149.174020
20
2850.553927
70
0
0
VERTEX
8
ShapeString
10
4152.626364
20
2847.426372
70
0
0
VERTEX
8
ShapeString
10
4156.253730
20
2844.455371
70
0
0
VERTEX
8
ShapeString
10
4160.053434
20
2841.648865
70
0
0
VERTEX
8
ShapeString
10
4164.022788
20
2839.014792
70
0
0
VERTEX
8
ShapeString
10
4168.159105
20
2836.561090
70
0
0
VERTEX
8
ShapeString
10
4172.459700
20
2834.295700
70
0
0
VERTEX
8
ShapeString
10
4176.872990
20
2832.258551
70
0
0
VERTEX
8
ShapeString
10
4181.335913
20
2830.466319
70
0
0
VERTEX
8
ShapeString
10
4185.840531
20
2828.916312
70
0
0
VERTEX
8
ShapeString
10
4190.378909
20
2827.605834
70
0
0
VERTEX
8
ShapeString
10
4194.943110
20
2826.532193
70
0
0
VERTEX
8
ShapeString
10
4199.525197
20
2825.692694
70
0
0
VERTEX
8
ShapeString
10
4204.117234
20
2825.084644
70
0
0
VERTEX
8
ShapeString
10
4208.711284
20
2824.705349
70
0
0
VERTEX
8
ShapeString
10
4213.299411
20
2824.552115
70
0
0
VERTEX
8
ShapeString
10
4217.873679
20
2824.622248
70
0
0
VERTEX
8
ShapeString
10
4222.426150
20
2824.913055
70
0
0
VERTEX
8
ShapeString
10
4226.948889
20
2825.421842
70
0
0
VERTEX
8
ShapeString
10
4231.433959
20
2826.145914
70
0
0
VERTEX
8
ShapeString
10
4235.873423
20
2827.082578
70
0
0
VERTEX
8
ShapeString
10
4240.259346
20
2828.229141
70
0
0
VERTEX
8
ShapeString
10
4244.583789
20
2829.582908
70
0
0
VERTEX
8
ShapeString
10
4248.838818
20
2831.141186
70
0
0
VERTEX
8
ShapeString
10
4253.016495
20
2832.901280
70
0
0
VERTEX
8
ShapeString
10
4257.108884
20
2834.860498
70
0
0
VERTEX
8
ShapeString
10
4261.108049
20
2837.016145
70
0
0
VERTEX
8
ShapeString
10
4265.006053
20
2839.365527
70
0
0
VERTEX
8
ShapeString
10
4268.794959
20
2841.905952
70
0
0
VERTEX
8
ShapeString
10
4272.466831
20
2844.634723
70
0
0
VERTEX
8
ShapeString
10
4276.013733
20
2847.549149
70
0
0
VERTEX
8
ShapeString
10
4279.427728
20
2850.646535
70
0
0
VERTEX
8
ShapeString
10
4282.700880
20
2853.924188
70
0
0
VERTEX
8
ShapeString
10
4285.825251
20
2857.379413
70
0
0
VERTEX
8
ShapeString
10
4288.792907
20
2861.009517
70
0
0
VERTEX
8
ShapeString
10
4291.595909
20
2864.811806
70
0
0
VERTEX
8
ShapeString
10
4294.226322
20
2868.783587
70
0
0
VERTEX
8
ShapeString
10
4296.676209
20
2872.922164
70
0
0
VERTEX
8
ShapeString
10
4298.937634
20
2877.224846
70
0
0
VERTEX
8
ShapeString
10
4300.978851
20
2881.636256
70
0
0
VERTEX
8
ShapeString
10
4302.775196
20
2886.097525
70
0
0
VERTEX
8
ShapeString
10
4304.329355
20
2890.600712
70
0
0
VERTEX
8
ShapeString
10
4305.644016
20
2895.137880
70
0
0
VERTEX
8
ShapeString
10
4306.721864
20
2899.701089
70
0
0
VERTEX
8
ShapeString
10
4307.565586
20
2904.282400
70
0
0
VERTEX
8
ShapeString
10
4308.177869
20
2908.873875
70
0
0
VERTEX
8
ShapeString
10
4308.561399
20
2913.467573
70
0
0
VERTEX
8
ShapeString
10
4308.718863
20
2918.055557
70
0
0
VERTEX
8
ShapeString
10
4308.652946
20
2922.629888
70
0
0
VERTEX
8
ShapeString
10
4308.366336
20
2927.182625
70
0
0
VERTEX
8
ShapeString
10
4307.861719
20
2931.705831
70
0
0
VERTEX
8
ShapeString
10
4307.141782
20
2936.191567
70
0
0
VERTEX
8
ShapeString
10
4306.209210
20
2940.631893
70
0
0
VERTEX
8
ShapeString
10
4305.066691
20
2945.018870
70
0
0
VERTEX
8
ShapeString
10
4303.716911
20
2949.344560
70
0
0
VERTEX
8
ShapeString
10
4302.162557
20
2953.601023
70
0
0
VERTEX
8
ShapeString
10
4300.406314
20
2957.780321
70
0
0
VERTEX
8
ShapeString
10
4298.450870
20
2961.874515
70
0
0
VERTEX
8
ShapeString
10
4296.298910
20
2965.875665
70
0
0
VERTEX
8
ShapeString
10
4293.953122
20
2969.775833
70
0
0
VERTEX
8
ShapeString
10
4291.416192
20
2973.567079
70
0
0
VERTEX
8
ShapeString
10
4288.690806
20
2977.241465
70
0
0
VERTEX
8
ShapeString
10
4285.779651
20
2980.791052
70
0
0
VERTEX
8
ShapeString
10
4282.685414
20
2984.207901
70
0
0
VERTEX
8
ShapeString
10
4279.410780
20
2987.484073
70
0
0
VERTEX
8
ShapeString
10
4275.958436
20
2990.611628
70
0
0
VERTEX
8
ShapeString
10
4272.331070
20
2993.582629
70
0
0
VERTEX
8
ShapeString
10
4268.531366
20
2996.389135
70
0
0
VERTEX
8
ShapeString
10
4264.562012
20
2999.023208
70
0
0
VERTEX
8
ShapeString
10
4260.425695
20
3001.476910
70
0
0
VERTEX
8
ShapeString
10
4256.125100
20
3003.742300
70
0
0
VERTEX
8
ShapeString
10
4256.125100
20
3003.742300
70
0
0
SEQEND
8
ShapeString
0
POLYLINE
8
ShapeString
62
7
70
0
10
0.000000
20
0.000000
66
1
0
VERTEX
8
ShapeString
10
4898.388160
20
4036.787200
70
0
0
VERTEX
8
ShapeString
10
4901.179662
20
4042.206441
70
0
0
VERTEX
8
ShapeString
10
4903.818218
20
4047.663889
70
0
0
VERTEX
8
ShapeString
10
4906.304596
20
4053.157037
70
0
0
VERTEX
8
ShapeString
10
4908.639564
20
4058.683377
70
0
0
VERTEX
8
ShapeString
10
4910.823887
20
4064.240402
70
0
0
VERTEX
8
ShapeString
10
4912.858334
20
4069.825604
70
0
0
VERTEX
8
ShapeString
10
4916.480666
20
4081.070515
70
0
0
VERTEX
8
ShapeString
10
4919.512697
20
4092.398049
70
0
0
VERTEX
8
ShapeString
10
4921.960564
20
4103.788148
70
0
0
VERTEX
8
ShapeString
10
4923.830403
20
4115.220755
70
0
0
VERTEX
8
ShapeString
10
4925.128351
20
4126.675812
70
0
0
VERTEX
8
ShapeString
10
4925.860546
20
4138.133260
70
0
0
VERTEX
8
ShapeString
10
4926.033124
20
4149.573040
70
0
0
VERTEX
8
ShapeString
10
4925.652222
20
4160.975096
70
0
0
VERTEX
8
ShapeString
10
4924.723977
20
4172.319367
70
0
0
VERTEX
8
ShapeString
10
4923.254527
20
4183.585797
70
0
0
VERTEX
8
ShapeString
10
4921.250007
20
4194.754328
70
0
0
VERTEX
8
ShapeString
10
4918.716555
20
4205.804900
70
0
0
VERTEX
8
ShapeString
10
4915.660308
20
4216.717455
70
0
0
VERTEX
8
ShapeString
10
4912.087402
20
4227.471936
70
0
0
VERTEX
8
ShapeString
10
4908.003975
20
4238.048285
70
0
0
VERTEX
8
ShapeString
10
4903.416164
20
4248.426442
70
0
0
VERTEX
8
ShapeString
10
4898.330105
20
4258.586351
70
0
0
VERTEX
8
ShapeString
10
4892.751936
20
4268.507952
70
0
0
VERTEX
8
ShapeString
10
4886.687793
20
4278.171187
70
0
0
VERTEX
8
ShapeString
10
4880.143813
20
4287.555999
70
0
0
VERTEX
8
ShapeString
10
4873.126133
20
4296.642328
70
0
0
VERTEX
8
ShapeString
10
4865.640890
20
4305.410118
70
0
0
VERTEX
8
ShapeString
10
4857.694222
20
4313.839309
70
0
0
VERTEX
8
ShapeString
10
4849.292264
20
4321.909844
70
0
0
VERTEX
8
ShapeString
10
4840.441154
20
4329.601663
70
0
0
VERTEX
8
ShapeString
10
4831.147029
20
4336.894710
70
0
0
VERTEX
8
ShapeString
10
4826.335753
20
4340.385425
70
0
0
VERTEX
8
ShapeString
10
4821.416025
20
4343.768926
70
0
0
VERTEX
8
ShapeString
10
4816.388612
20
4347.042704
70
0
0
VERTEX
8
ShapeString
10
4811.254280
20
4350.204252
70
0
0
VERTEX
8
ShapeString
10
4806.013798
20
4353.251063
70
0
0
VERTEX
8
ShapeString
10
4800.667931
20
4356.180630
70
0
0
VERTEX
8
ShapeString
10
4795.249662
20
4358.974018
70
0
0
VERTEX
8
ShapeString
10
4789.793133
20
4361.614474
70
0
0
VERTEX
8
ShapeString
10
4784.300851
20
4364.102765
70
0
0
VERTEX
8
ShapeString
10
4778.775325
20
4366.439656
70
0
0
VERTEX
8
ShapeString
10
4773.219060
20
4368.625914
70
0
0
VERTEX
8
ShapeString
10
4767.634566
20
4370.662306
70
0
0
VERTEX
8
ShapeString
10
4756.390918
20
4374.288552
70
0
0
VERTEX
8
ShapeString
10
4745.064440
20
4377.324527
70
0
0
VERTEX
8
ShapeString
10
4733.675193
20
4379.776358
70
0
0
VERTEX
8
ShapeString
10
4722.243238
20
4381.650177
70
0
0
VERTEX
8
ShapeString
10
4710.788634
20
4382.952114
70
0
0
VERTEX
8
ShapeString
10
4699.331442
20
4383.688297
70
0
0
VERTEX
8
ShapeString
10
4687.891722
20
4383.864858
70
0
0
VERTEX
8
ShapeString
10
4676.489535
20
4383.487925
70
0
0
VERTEX
8
ShapeString
10
4665.144940
20
4382.563630
70
0
0
VERTEX
8
ShapeString
10
4653.877999
20
4381.098101
70
0
0
VERTEX
8
ShapeString
10
4642.708772
20
4379.097470
70
0
0
VERTEX
8
ShapeString
10
4631.657319
20
4376.567865
70
0
0
VERTEX
8
ShapeString
10
4620.743700
20
4373.515417
70
0
0
VERTEX
8
ShapeString
10
4609.987975
20
4369.946256
70
0
0
VERTEX
8
ShapeString
10
4599.410206
20
4365.866511
70
0
0
VERTEX
8
ShapeString
10
4589.030452
20
4361.282313
70
0
0
VERTEX
8
ShapeString
10
4578.868774
20
4356.199792
70
0
0
VERTEX
8
ShapeString
10
4568.945231
20
4350.625077
70
0
0
VERTEX
8
ShapeString
10
4559.279885
20
4344.564298
70
0
0
VERTEX
8
ShapeString
10
4549.892796
20
4338.023586
70
0
0
VERTEX
8
ShapeString
10
4540.804024
20
4331.009070
70
0
0
VERTEX
8
ShapeString
10
4532.033629
20
4323.526880
70
0
0
VERTEX
8
ShapeString
10
4523.601672
20
4315.583146
70
0
0
VERTEX
8
ShapeString
10
4515.528213
20
4307.183999
70
0
0
VERTEX
8
ShapeString
10
4507.833312
20
4298.335567
70
0
0
VERTEX
8
ShapeString
10
4500.537030
20
4289.043982
70
0
0
VERTEX
8
ShapeString
10
4497.044640
20
4284.233922
70
0
0
VERTEX
8
ShapeString
10
4493.659427
20
4279.315372
70
0
0
VERTEX
8
ShapeString
10
4490.383899
20
4274.289099
70
0
0
VERTEX
8
ShapeString
10
4487.220564
20
4269.155868
70
0
0
VERTEX
8
ShapeString
10
4484.171928
20
4263.916446
70
0
0
VERTEX
8
ShapeString
10
4481.240500
20
4258.571600
70
0
0
SEQEND
8
ShapeString
0
POLYLINE
8
ShapeString
62
7
70
0
10
0.000000
20
0.000000
66
1
0
VERTEX
8
ShapeString
10
4481.240500
20
4258.571600
70
0
0
VERTEX
8
ShapeString
10
4460.134504
20
4222.594067
70
0
0
VERTEX
8
ShapeString
10
4439.406991
20
4186.435438
70
0
0
VERTEX
8
ShapeString
10
4419.058622
20
4150.098719
70
0
0
VERTEX
8
ShapeString
10
4399.090061
20
4113.586914
70
0
0
VERTEX
8
ShapeString
10
4379.501970
20
4076.903032
70
0
0
VERTEX
8
ShapeString
10
4360.295010
20
4040.050076
70
0
0
VERTEX
8
ShapeString
10
4341.469844
20
4003.031054
70
0
0
VERTEX
8
ShapeString
10
4323.027134
20
3965.848970
70
0
0
VERTEX
8
ShapeString
10
4304.967543
20
3928.506831
70
0
0
VERTEX
8
ShapeString
10
4287.291733
20
3891.007643
70
0
0
VERTEX
8
ShapeString
10
4270.000366
20
3853.354412
70
0
0
VERTEX
8
ShapeString
10
4253.094104
20
3815.550142
70
0
0
VERTEX
8
ShapeString
10
4236.573610
20
3777.597842
70
0
0
VERTEX
8
ShapeString
10
4220.439546
20
3739.500515
70
0
0
VERTEX
8
ShapeString
10
4204.692575
20
3701.261168
70
0
0
VERTEX
8
ShapeString
10
4189.333357
20
3662.882807
70
0
0
VERTEX
8
ShapeString
10
4174.362557
20
3624.368437
70
0
0
VERTEX
8
ShapeString
10
4159.780836
20
3585.721066
70
0
0
VERTEX
8
ShapeString
10
4145.588856
20
3546.943697
70
0
0
VERTEX
8
ShapeString
10
4131.787280
20
3508.039338
70
0
0
VERTEX
8
ShapeString
10
4118.376770
20
3469.010994
70
0
0
VERTEX
8
ShapeString
10
4105.357988
20
3429.861672
70
0
0
VERTEX
8
ShapeString
10
4092.731597
20
3390.594376
70
0
0
VERTEX
8
ShapeString
10
4080.498258
20
3351.212112
70
0
0
VERTEX
8
ShapeString
10
4068.658635
20
3311.717888
70
0
0
VERTEX
8
ShapeString
10
4057.213389
20
3272.114708
70
0
0
VERTEX
8
ShapeString
10
4046.163182
20
3232.405578
70
0
0
VERTEX
8
ShapeString
10
4035.508678
20
3192.593505
70
0
0
VERTEX
8
ShapeString
10
4025.250537
20
3152.681493
70
0
0
VERTEX
8
ShapeString
10
4015.389424
20
3112.672550
70
0
0
VERTEX
8
ShapeString
10
4005.925998
20
3072.569680
70
0
0
VERTEX
8
ShapeString
10
3996.860924
20
3032.375890
70
0
0
VERTEX
8
ShapeString
10
3988.194864
20
2992.094186
70
0
0
VERTEX
8
ShapeString
10
3979.928479
20
2951.727573
70
0
0
VERTEX
8
ShapeString
10
3972.062431
20
2911.279057
70
0
0
VERTEX
8
ShapeString
10
3964.597384
20
2870.751645
70
0
0
VERTEX
8
ShapeString
10
3957.534000
20
2830.148341
70
0
0
VERTEX
8
ShapeString
10
3950.872940
20
2789.472152
70
0
0
VERTEX
8
ShapeString
10
3944.614867
20
2748.726085
70
0
0
VERTEX
8
ShapeString
10
3938.760444
20
2707.913143
70
0
0
VERTEX
8
ShapeString
10
3933.310332
20
2667.036334
70
0
0
VERTEX
8
ShapeString
10
3928.265194
20
2626.098664
70
0
0
VERTEX
8
ShapeString
10
3923.625692
20
2585.103137
70
0
0
VERTEX
8
ShapeString
10
3919.392488
20
2544.052761
70
0
0
VERTEX
8
ShapeString
10
3915.566246
20
2502.950541
70
0
0
VERTEX
8
ShapeString
10
3912.147626
20
2461.799482
70
0
0
VERTEX
8
ShapeString
10
3909.137291
20
2420.602591
70
0
0
VERTEX
8
ShapeString
10
3906.535904
20
2379.362874
70
0
0
VERTEX
8
ShapeString
10
3904.344127
20
2338.083336
70
0
0
VERTEX
8
ShapeString
10
3902.562622
20
2296.766983
70
0
0
VERTEX
8
ShapeString
10
3901.192051
20
2255.416821
70
0
0
VERTEX
8
ShapeString
10
3900.233077
20
2214.035857
70
0
0
VERTEX
8
ShapeString
10
3899.686362
20
2172.627095
70
0
0
VERTEX
8
ShapeString
10
3899.552568
20
2131.193542
70
0
0
VERTEX
8
ShapeString
10
3899.832358
20
2089.738203
70
0
0
VERTEX
8
ShapeString
10
3900.526394
20
2048.264085
70
0
0
VERTEX
8
ShapeString
10
3901.635337
20
2006.774193
70
0
0
VERTEX
8
ShapeString
10
3903.159851
20
1965.271534
70
0
0
VERTEX
8
ShapeString
10
3905.100598
20
1923.759112
70
0
0
VERTEX
8
ShapeString
10
3907.458239
20
1882.239934
70
0
0
VERTEX
8
ShapeString
10
3910.233438
20
1840.717007
70
0
0
VERTEX
8
ShapeString
10
3913.426856
20
1799.193334
70
0
0
VERTEX
8
ShapeString
10
3917.039156
20
1757.671923
70
0
0
VERTEX
8
ShapeString
10
3921.071000
20
1716.155780
70
0
0
SEQEND
8
ShapeString
0
POLYLINE
8
ShapeString
62
7
70
0
10
0.000000
20
0.000000
66
1
0
VERTEX
8
ShapeString
10
4898.388160
20
4036.787200
70
0
0
VERTEX
8
ShapeString
10
4879.023008
20
4004.199365
70
0
0
VERTEX
8
ShapeString
10
4860.010396
20
3971.441402
70
0
0
VERTEX
8
ShapeString
10
4841.350948
20
3938.516187
70
0
0
VERTEX
8
ShapeString
10
4823.045290
20
3905.426596
70
0
0
VERTEX
8
ShapeString
10
4805.094050
20
3872.175506
70
0
0
VERTEX
8
ShapeString
10
4787.497853
20
3838.765793
70
0
0
VERTEX
8
ShapeString
10
4770.257325
20
3805.200333
70
0
0
VERTEX
8
ShapeString
10
4753.373092
20
3771.482002
70
0
0
VERTEX
8
ShapeString
10
4736.845781
20
3737.613677
70
0
0
VERTEX
8
ShapeString
10
4720.676017
20
3703.598234
70
0
0
VERTEX
8
ShapeString
10
4704.864427
20
3669.438548
70
0
0
VERTEX
8
ShapeString
10
4689.411636
20
3635.137498
70
0
0
VERTEX
8
ShapeString
10
4674.318271
20
3600.697957
70
0
0
VERTEX
8
ShapeString
10
4659.584958
20
3566.122804
70
0
0
VERTEX
8
ShapeString
10
4645.212322
20
3531.414913
70
0
0
VERTEX
8
ShapeString
10
4631.200991
20
3496.577162
70
0
0
VERTEX
8
ShapeString
10
4617.551589
20
3461.612426
70
0
0
VERTEX
8
ShapeString
10
4604.264744
20
3426.523582
70
0
0
VERTEX
8
ShapeString
10
4591.341081
20
3391.313506
70
0
0
VERTEX
8
ShapeString
10
4578.781227
20
3355.985074
70
0
0
VERTEX
8
ShapeString
10
4566.585807
20
3320.541163
70
0
0
VERTEX
8
ShapeString
10
4554.755447
20
3284.984648
70
0
0
VERTEX
8
ShapeString
10
4543.290774
20
3249.318407
70
0
0
VERTEX
8
ShapeString
10
4532.192414
20
3213.545314
70
0
0
VERTEX
8
ShapeString
10
4521.460993
20
3177.668247
70
0
0
VERTEX
8
ShapeString
10
4511.097137
20
3141.690082
70
0
0
VERTEX
8
ShapeString
10
4501.101471
20
3105.613694
70
0
0
VERTEX
8
ShapeString
10
4491.474623
20
3069.441961
70
0
0
VERTEX
8
ShapeString
10
4482.217218
20
3033.177758
70
0
0
VERTEX
8
ShapeString
10
4473.329882
20
2996.823962
70
0
0
VERTEX
8
ShapeString
10
4464.813242
20
2960.383449
70
0
0
VERTEX
8
ShapeString
10
4456.667923
20
2923.859094
70
0
0
VERTEX
8
ShapeString
10
4448.894552
20
2887.253775
70
0
0
VERTEX
8
ShapeString
10
4441.493754
20
2850.570368
70
0
0
VERTEX
8
ShapeString
10
4434.466156
20
2813.811748
70
0
0
VERTEX
8
ShapeString
10
4427.812384
20
2776.980793
70
0
0
VERTEX
8
ShapeString
10
4421.533064
20
2740.080378
70
0
0
VERTEX
8
ShapeString
10
4415.628822
20
2703.113379
70
0
0
VERTEX
8
ShapeString
10
4410.100284
20
2666.082674
70
0
0
VERTEX
8
ShapeString
10
4404.948076
20
2628.991137
70
0
0
VERTEX
8
ShapeString
10
4400.172825
20
2591.841645
70
0
0
VERTEX
8
ShapeString
10
4395.775156
20
2554.637075
70
0
0
VERTEX
8
ShapeString
10
4391.755695
20
2517.380303
70
0
0
VERTEX
8
ShapeString
10
4388.115070
20
2480.074205
70
0
0
VERTEX
8
ShapeString
10
4384.853904
20
2442.721657
70
0
0
VERTEX
8
ShapeString
10
4381.972826
20
2405.325536
70
0
0
VERTEX
8
ShapeString
10
4379.472460
20
2367.888717
70
0
0
VERTEX
8
ShapeString
10
4377.353434
20
2330.414077
70
0
0
VERTEX
8
ShapeString
10
4375.616372
20
2292.904492
70
0
0
VERTEX
8
ShapeString
10
4374.261902
20
2255.362839
70
0
0
VERTEX
8
ShapeString
10
4373.290649
20
2217.791994
70
0
0
VERTEX
8
ShapeString
10
4372.703239
20
2180.194832
70
0
0
VERTEX
8
ShapeString
10
4372.500299
20
2142.574231
70
0
0
VERTEX
8
ShapeString
10
4372.682454
20
2104.933066
70
0
0
VERTEX
8
ShapeString
10
4373.250331
20
2067.274213
70
0
0
VERTEX
8
ShapeString
10
4374.204555
20
2029.600550
70
0
0
VERTEX
8
ShapeString
10
4375.545753
20
1991.914951
70
0
0
VERTEX
8
ShapeString
10
4377.274552
20
1954.220294
70
0
0
VERTEX
8
ShapeString
10
4379.391576
20
1916.519455
70
0
0
VERTEX
8
ShapeString
10
4381.897452
20
1878.815309
70
0
0
VERTEX
8
ShapeString
10
4384.792807
20
1841.110734
70
0
0
VERTEX
8
ShapeString
10
4388.078265
20
1803.408605
70
0
0
VERTEX
8
ShapeString
10
4391.754454
20
1765.711798
70
0
0
VERTEX
8
ShapeString
10
4395.822000
20
1728.023190
70
0
0
SEQEND
8
ShapeString
0
POLYLINE
8
ShapeString
62
7
70
0
10
0.000000
20
0.000000
66
1
0
VERTEX
8
ShapeString
10
3972.766300
20
1581.521890
70
0
0
VERTEX
8
ShapeString
10
3970.616463
20
1582.322954
70
0
0
VERTEX
8
ShapeString
10
3968.417327
20
1582.669675
70
0
0
VERTEX
8
ShapeString
10
3966.229759
20
1582.582733
70
0
0
VERTEX
8
ShapeString
10
3964.114626
20
1582.082811
70
0
0
VERTEX
8
ShapeString
10
3962.132794
20
1581.190593
70
0
0
VERTEX
8
ShapeString
10
3960.345132
20
1579.926760
70
0
0
VERTEX
8
ShapeString
10
3958.812504
20
1578.311994
70
0
0
VERTEX
8
ShapeString
10
3957.595779
20
1576.366979
70
0
0
VERTEX
8
ShapeString
10
3956.791289
20
1574.218422
70
0
0
VERTEX
8
ShapeString
10
3956.441063
20
1572.019841
70
0
0
VERTEX
8
ShapeString
10
3956.524518
20
1569.832137
70
0
0
VERTEX
8
ShapeString
10
3957.021067
20
1567.716210
70
0
0
VERTEX
8
ShapeString
10
3957.910125
20
1565.732959
70
0
0
VERTEX
8
ShapeString
10
3959.171107
20
1563.943284
70
0
0
VERTEX
8
ShapeString
10
3960.783427
20
1562.408084
70
0
0
VERTEX
8
ShapeString
10
3962.726500
20
1561.188260
70
0
0
VERTEX
8
ShapeString
10
3964.876337
20
1560.387196
70
0
0
VERTEX
8
ShapeString
10
3967.075473
20
1560.040475
70
0
0
VERTEX
8
ShapeString
10
3969.263041
20
1560.127417
70
0
0
VERTEX
8
ShapeString
10
3971.378174
20
1560.627339
70
0
0
VERTEX
8
ShapeString
10
3973.360006
20
1561.519557
70
0
0
VERTEX
8
ShapeString
10
3975.147668
20
1562.783390
70
0
0
VERTEX
8
ShapeString
10
3976.680296
20
1564.398156
70
0
0
VERTEX
8
ShapeString
10
3977.897021
20
1566.343171
70
0
0
VERTEX
8
ShapeString
10
3978.701511
20
1568.491728
70
0
0
VERTEX
8
ShapeString
10
3979.051737
20
1570.690309
70
0
0
VERTEX
8
ShapeString
10
3978.968282
20
1572.878013
70
0
0
VERTEX
8
ShapeString
10
3978.471733
20
1574.993940
70
0
0
VERTEX
8
ShapeString
10
3977.582675
20
1576.977191
70
0
0
VERTEX
8
ShapeString
10
3976.321693
20
1578.766866
70
0
0
VERTEX
8
ShapeString
10
3974.709373
20
1580.302066
70
0
0
VERTEX
8
ShapeString
10
3972.766300
20
1581.521890
70
0
0
VERTEX
8
ShapeString
10
3972.766300
20
1581.521890
70
0
0
SEQEND
8
ShapeString
0
POLYLINE
8
ShapeString
62
7
70
0
10
0.000000
20
0.000000
66
1
0
VERTEX
8
ShapeString
10
4381.444000
20
1657.869540
70
0
0
VERTEX
8
ShapeString
10
4379.294864
20
1658.668092
70
0
0
VERTEX
8
ShapeString
10
4377.096839
20
1659.012861
70
0
0
VERTEX
8
ShapeString
10
4374.910665
20
1658.924521
70
0
0
VERTEX
8
ShapeString
10
4372.797085
20
1658.423743
70
0
0
VERTEX
8
ShapeString
10
4370.816840
20
1657.531203
70
0
0
VERTEX
8
ShapeString
10
4369.030672
20
1656.267572
70
0
0
VERTEX
8
ShapeString
10
4367.499323
20
1654.653524
70
0
0
VERTEX
8
ShapeString
10
4366.283533
20
1652.709732
70
0
0
VERTEX
8
ShapeString
10
4365.479437
20
1650.562664
70
0
0
VERTEX
8
ShapeString
10
4365.128997
20
1648.365536
70
0
0
VERTEX
8
ShapeString
10
4365.211696
20
1646.179141
70
0
0
VERTEX
8
ShapeString
10
4365.707017
20
1644.064276
70
0
0
VERTEX
8
ShapeString
10
4366.594444
20
1642.081734
70
0
0
VERTEX
8
ShapeString
10
4367.853461
20
1640.292311
70
0
0
VERTEX
8
ShapeString
10
4369.463552
20
1638.756802
70
0
0
VERTEX
8
ShapeString
10
4371.404200
20
1637.536000
70
0
0
VERTEX
8
ShapeString
10
4373.553336
20
1636.737448
70
0
0
VERTEX
8
ShapeString
10
4375.751361
20
1636.392679
70
0
0
VERTEX
8
ShapeString
10
4377.937535
20
1636.481019
70
0
0
VERTEX
8
ShapeString
10
4380.051115
20
1636.981797
70
0
0
VERTEX
8
ShapeString
10
4382.031360
20
1637.874337
70
0
0
VERTEX
8
ShapeString
10
4383.817528
20
1639.137968
70
0
0
VERTEX
8
ShapeString
10
4385.348877
20
1640.752016
70
0
0
VERTEX
8
ShapeString
10
4386.564667
20
1642.695808
70
0
0
VERTEX
8
ShapeString
10
4387.368763
20
1644.842876
70
0
0
VERTEX
8
ShapeString
10
4387.719203
20
1647.040004
70
0
0
VERTEX
8
ShapeString
10
4387.636504
20
1649.226399
70
0
0
VERTEX
8
ShapeString
10
4387.141183
20
1651.341264
70
0
0
VERTEX
8
ShapeString
10
4386.253756
20
1653.323806
70
0
0
VERTEX
8
ShapeString
10
4384.994739
20
1655.113229
70
0
0
VERTEX
8
ShapeString
10
4383.384648
20
1656.648738
70
0
0
VERTEX
8
ShapeString
10
4381.444000
20
1657.869540
70
0
0
VERTEX
8
ShapeString
10
4381.444000
20
1657.869540
70
0
0
SEQEND
8
ShapeString
0
POLYLINE
8
ShapeString
62
7
70
0
10
0.000000
20
0.000000
66
1
0
VERTEX
8
ShapeString
10
4076.010900
20
1183.068170
70
0
0
VERTEX
8
ShapeString
10
4073.860098
20
1183.872754
70
0
0
VERTEX
8
ShapeString
10
4071.659421
20
1184.222211
70
0
0
VERTEX
8
ShapeString
10
4069.469913
20
1184.137237
70
0
0
VERTEX
8
ShapeString
10
4067.352614
20
1183.638526
70
0
0
VERTEX
8
ShapeString
10
4065.368568
20
1182.746773
70
0
0
VERTEX
8
ShapeString
10
4063.578814
20
1181.482672
70
0
0
VERTEX
8
ShapeString
10
4062.044396
20
1179.866920
70
0
0
VERTEX
8
ShapeString
10
4060.826355
20
1177.920209
70
0
0
VERTEX
8
ShapeString
10
4060.021301
20
1175.769582
70
0
0
VERTEX
8
ShapeString
10
4059.671363
20
1173.568982
70
0
0
VERTEX
8
ShapeString
10
4059.755859
20
1171.379455
70
0
0
VERTEX
8
ShapeString
10
4060.254108
20
1169.262048
70
0
0
VERTEX
8
ShapeString
10
4061.145428
20
1167.277806
70
0
0
VERTEX
8
ShapeString
10
4062.409138
20
1165.487777
70
0
0
VERTEX
8
ShapeString
10
4064.024555
20
1163.953006
70
0
0
VERTEX
8
ShapeString
10
4065.971000
20
1162.734540
70
0
0
VERTEX
8
ShapeString
10
4068.121802
20
1161.929956
70
0
0
VERTEX
8
ShapeString
10
4070.322479
20
1161.580499
70
0
0
VERTEX
8
ShapeString
10
4072.511987
20
1161.665473
70
0
0
VERTEX
8
ShapeString
10
4074.629286
20
1162.164184
70
0
0
VERTEX
8
ShapeString
10
4076.613332
20
1163.055937
70
0
0
VERTEX
8
ShapeString
10
4078.403086
20
1164.320038
70
0
0
VERTEX
8
ShapeString
10
4079.937504
20
1165.935790
70
0
0
VERTEX
8
ShapeString
10
4081.155545
20
1167.882501
70
0
0
VERTEX
8
ShapeString
10
4081.960599
20
1170.033128
70
0
0
VERTEX
8
ShapeString
10
4082.310537
20
1172.233728
70
0
0
VERTEX
8
ShapeString
10
4082.226041
20
1174.423255
70
0
0
VERTEX
8
ShapeString
10
4081.727792
20
1176.540662
70
0
0
VERTEX
8
ShapeString
10
4080.836472
20
1178.524904
70
0
0
VERTEX
8
ShapeString
10
4079.572762
20
1180.314933
70
0
0
VERTEX
8
ShapeString
10
4077.957345
20
1181.849704
70
0
0
VERTEX
8
ShapeString
10
4076.010900
20
1183.068170
70
0
0
VERTEX
8
ShapeString
10
4076.010900
20
1183.068170
70
0
0
SEQEND
8
ShapeString
0
POLYLINE
8
ShapeString
62
7
70
0
10
0.000000
20
0.000000
66
1
0
VERTEX
8
ShapeString
10
4188.681400
20
849.116630
70
0
0
VERTEX
8
ShapeString
10
4186.532657
20
849.913774
70
0
0
VERTEX
8
ShapeString
10
4184.335253
20
850.257449
70
0
0
VERTEX
8
ShapeString
10
4182.149860
20
850.168324
70
0
0
VERTEX
8
ShapeString
10
4180.037150
20
849.667066
70
0
0
VERTEX
8
ShapeString
10
4178.057794
20
848.774344
70
0
0
VERTEX
8
ShapeString
10
4176.272463
20
847.510826
70
0
0
VERTEX
8
ShapeString
10
4174.741830
20
845.897179
70
0
0
VERTEX
8
ShapeString
10
4173.526564
20
843.954071
70
0
0
VERTEX
8
ShapeString
10
4172.722690
20
841.807837
70
0
0
VERTEX
8
ShapeString
10
4172.372130
20
839.611521
70
0
0
VERTEX
8
ShapeString
10
4172.454405
20
837.425860
70
0
0
VERTEX
8
ShapeString
10
4172.949038
20
835.311589
70
0
0
VERTEX
8
ShapeString
10
4173.835552
20
833.329445
70
0
0
VERTEX
8
ShapeString
10
4175.093469
20
831.540163
70
0
0
VERTEX
8
ShapeString
10
4176.702311
20
830.004479
70
0
0
VERTEX
8
ShapeString
10
4178.641600
20
828.783130
70
0
0
VERTEX
8
ShapeString
10
4180.790343
20
827.985986
70
0
0
VERTEX
8
ShapeString
10
4182.987747
20
827.642311
70
0
0
VERTEX
8
ShapeString
10
4185.173140
20
827.731436
70
0
0
VERTEX
8
ShapeString
10
4187.285850
20
828.232694
70
0
0
VERTEX
8
ShapeString
10
4189.265206
20
829.125416
70
0
0
VERTEX
8
ShapeString
10
4191.050537
20
830.388934
70
0
0
VERTEX
8
ShapeString
10
4192.581170
20
832.002581
70
0
0
VERTEX
8
ShapeString
10
4193.796436
20
833.945689
70
0
0
VERTEX
8
ShapeString
10
4194.600310
20
836.091923
70
0
0
VERTEX
8
ShapeString
10
4194.950870
20
838.288239
70
0
0
VERTEX
8
ShapeString
10
4194.868595
20
840.473900
70
0
0
VERTEX
8
ShapeString
10
4194.373962
20
842.588171
70
0
0
VERTEX
8
ShapeString
10
4193.487448
20
844.570315
70
0
0
VERTEX
8
ShapeString
10
4192.229531
20
846.359597
70
0
0
VERTEX
8
ShapeString
10
4190.620689
20
847.895281
70
0
0
VERTEX
8
ShapeString
10
4188.681400
20
849.116630
70
0
0
VERTEX
8
ShapeString
10
4188.681400
20
849.116630
70
0
0
SEQEND
8
ShapeString
0
POLYLINE
8
ShapeString
62
7
70
0
10
0.000000
20
0.000000
66
1
0
VERTEX
8
ShapeString
10
4562.990200
20
1000.035230
70
0
0
VERTEX
8
ShapeString
10
4560.839951
20
1000.837808
70
0
0
VERTEX
8
ShapeString
10
4558.640157
20
1001.185707
70
0
0
VERTEX
8
ShapeString
10
4556.451757
20
1001.099615
70
0
0
VERTEX
8
ShapeString
10
4554.335695
20
1000.600218
70
0
0
VERTEX
8
ShapeString
10
4552.352912
20
999.708204
70
0
0
VERTEX
8
ShapeString
10
4550.564350
20
998.444262
70
0
0
VERTEX
8
ShapeString
10
4549.030951
20
996.829078
70
0
0
VERTEX
8
ShapeString
10
4547.813657
20
994.883340
70
0
0
VERTEX
8
ShapeString
10
4547.008919
20
992.733899
70
0
0
VERTEX
8
ShapeString
10
4546.658811
20
990.534454
70
0
0
VERTEX
8
ShapeString
10
4546.742705
20
988.345970
70
0
0
VERTEX
8
ShapeString
10
4547.239977
20
986.229407
70
0
0
VERTEX
8
ShapeString
10
4548.129998
20
984.245729
70
0
0
VERTEX
8
ShapeString
10
4549.392143
20
982.455899
70
0
0
VERTEX
8
ShapeString
10
4551.005786
20
980.920878
70
0
0
VERTEX
8
ShapeString
10
4552.950300
20
979.701630
70
0
0
VERTEX
8
ShapeString
10
4555.100549
20
978.899052
70
0
0
VERTEX
8
ShapeString
10
4557.300343
20
978.551153
70
0
0
VERTEX
8
ShapeString
10
4559.488743
20
978.637245
70
0
0
VERTEX
8
ShapeString
10
4561.604805
20
979.136642
70
0
0
VERTEX
8
ShapeString
10
4563.587588
20
980.028656
70
0
0
VERTEX
8
ShapeString
10
4565.376150
20
981.292598
70
0
0
VERTEX
8
ShapeString
10
4566.909549
20
982.907782
70
0
0
VERTEX
8
ShapeString
10
4568.126843
20
984.853520
70
0
0
VERTEX
8
ShapeString
10
4568.931581
20
987.002961
70
0
0
VERTEX
8
ShapeString
10
4569.281689
20
989.202406
70
0
0
VERTEX
8
ShapeString
10
4569.197795
20
991.390890
70
0
0
VERTEX
8
ShapeString
10
4568.700523
20
993.507453
70
0
0
VERTEX
8
ShapeString
10
4567.810502
20
995.491131
70
0
0
VERTEX
8
ShapeString
10
4566.548357
20
997.280961
70
0
0
VERTEX
8
ShapeString
10
4564.934714
20
998.815982
70
0
0
VERTEX
8
ShapeString
10
4562.990200
20
1000.035230
70
0
0
VERTEX
8
ShapeString
10
4562.990200
20
1000.035230
70
0
0
SEQEND
8
ShapeString
0
POLYLINE
8
ShapeString
62
7
70
0
10
0.000000
20
0.000000
66
1
0
VERTEX
8
ShapeString
10
4213.918000
20
1694.252250
70
0
0
VERTEX
8
ShapeString
10
4209.504375
20
1696.291181
70
0
0
VERTEX
8
ShapeString
10
4205.041036
20
1698.085102
70
0
0
VERTEX
8
ShapeString
10
4200.535924
20
1699.636707
70
0
0
VERTEX
8
ShapeString
10
4195.996980
20
1700.948689
70
0
0
VERTEX
8
ShapeString
10
4191.432146
20
1702.023744
70
0
0
VERTEX
8
ShapeString
10
4186.849364
20
1702.864565
70
0
0
VERTEX
8
ShapeString
10
4182.256575
20
1703.473847
70
0
0
VERTEX
8
ShapeString
10
4177.661721
20
1703.854283
70
0
0
VERTEX
8
ShapeString
10
4173.072743
20
1704.008568
70
0
0
VERTEX
8
ShapeString
10
4168.497584
20
1703.939397
70
0
0
VERTEX
8
ShapeString
10
4163.944184
20
1703.649462
70
0
0
VERTEX
8
ShapeString
10
4159.420485
20
1703.141459
70
0
0
VERTEX
8
ShapeString
10
4154.934430
20
1702.418081
70
0
0
VERTEX
8
ShapeString
10
4150.493959
20
1701.482023
70
0
0
VERTEX
8
ShapeString
10
4146.107014
20
1700.335979
70
0
0
VERTEX
8
ShapeString
10
4141.781537
20
1698.982643
70
0
0
VERTEX
8
ShapeString
10
4137.525469
20
1697.424709
70
0
0
VERTEX
8
ShapeString
10
4133.346752
20
1695.664871
70
0
0
VERTEX
8
ShapeString
10
4129.253327
20
1693.705824
70
0
0
VERTEX
8
ShapeString
10
4125.253137
20
1691.550262
70
0
0
VERTEX
8
ShapeString
10
4121.354123
20
1689.200879
70
0
0
VERTEX
8
ShapeString
10
4117.564226
20
1686.660369
70
0
0
VERTEX
8
ShapeString
10
4113.891388
20
1683.931426
70
0
0
VERTEX
8
ShapeString
10
4110.343550
20
1681.016744
70
0
0
VERTEX
8
ShapeString
10
4106.928655
20
1677.919019
70
0
0
VERTEX
8
ShapeString
10
4103.654643
20
1674.640942
70
0
0
VERTEX
8
ShapeString
10
4100.529457
20
1671.185210
70
0
0
VERTEX
8
ShapeString
10
4097.561038
20
1667.554516
70
0
0
VERTEX
8
ShapeString
10
4094.757328
20
1663.751554
70
0
0
VERTEX
8
ShapeString
10
4092.126267
20
1659.779019
70
0
0
VERTEX
8
ShapeString
10
4089.675799
20
1655.639604
70
0
0
VERTEX
8
ShapeString
10
4087.413864
20
1651.336005
70
0
0
VERTEX
8
ShapeString
10
4085.372229
20
1646.923630
70
0
0
VERTEX
8
ShapeString
10
4083.575574
20
1642.461391
70
0
0
VERTEX
8
ShapeString
10
4082.021210
20
1637.957230
70
0
0
VERTEX
8
ShapeString
10
4080.706447
20
1633.419090
70
0
0
VERTEX
8
ShapeString
10
4079.628595
20
1628.854916
70
0
0
VERTEX
8
ShapeString
10
4078.784967
20
1624.272650
70
0
0
VERTEX
8
ShapeString
10
4078.172872
20
1619.680235
70
0
0
VERTEX
8
ShapeString
10
4077.789620
20
1615.085615
70
0
0
VERTEX
8
ShapeString
10
4077.632524
20
1610.496732
70
0
0
VERTEX
8
ShapeString
10
4077.698893
20
1605.921531
70
0
0
VERTEX
8
ShapeString
10
4077.986038
20
1601.367955
70
0
0
VERTEX
8
ShapeString
10
4078.491269
20
1596.843946
70
0
0
VERTEX
8
ShapeString
10
4079.211899
20
1592.357448
70
0
0
VERTEX
8
ShapeString
10
4080.145236
20
1587.916404
70
0
0
VERTEX
8
ShapeString
10
4081.288593
20
1583.528758
70
0
0
VERTEX
8
ShapeString
10
4082.639278
20
1579.202453
70
0
0
VERTEX
8
ShapeString
10
4084.194605
20
1574.945431
70
0
0
VERTEX
8
ShapeString
10
4085.951882
20
1570.765637
70
0
0
VERTEX
8
ShapeString
10
4087.908420
20
1566.671013
70
0
0
VERTEX
8
ShapeString
10
4090.061532
20
1562.669503
70
0
0
VERTEX
8
ShapeString
10
4092.408526
20
1558.769050
70
0
0
VERTEX
8
ShapeString
10
4094.946714
20
1554.977597
70
0
0
VERTEX
8
ShapeString
10
4097.673406
20
1551.303088
70
0
0
VERTEX
8
ShapeString
10
4100.585913
20
1547.753466
70
0
0
VERTEX
8
ShapeString
10
4103.681546
20
1544.336673
70
0
0
VERTEX
8
ShapeString
10
4106.957616
20
1541.060654
70
0
0
VERTEX
8
ShapeString
10
4110.411433
20
1537.933351
70
0
0
VERTEX
8
ShapeString
10
4114.040308
20
1534.962708
70
0
0
VERTEX
8
ShapeString
10
4117.841551
20
1532.156669
70
0
0
VERTEX
8
ShapeString
10
4121.812474
20
1529.523175
70
0
0
VERTEX
8
ShapeString
10
4125.950387
20
1527.070171
70
0
0
VERTEX
8
ShapeString
10
4130.252600
20
1524.805600
70
0
0
VERTEX
8
ShapeString
10
4134.666225
20
1522.766669
70
0
0
VERTEX
8
ShapeString
10
4139.129564
20
1520.972748
70
0
0
VERTEX
8
ShapeString
10
4143.634676
20
1519.421143
70
0
0
VERTEX
8
ShapeString
10
4148.173620
20
1518.109161
70
0
0
VERTEX
8
ShapeString
10
4152.738454
20
1517.034106
70
0
0
VERTEX
8
ShapeString
10
4157.321236
20
1516.193285
70
0
0
VERTEX
8
ShapeString
10
4161.914025
20
1515.584003
70
0
0
VERTEX
8
ShapeString
10
4166.508879
20
1515.203567
70
0
0
VERTEX
8
ShapeString
10
4171.097857
20
1515.049282
70
0
0
VERTEX
8
ShapeString
10
4175.673016
20
1515.118453
70
0
0
VERTEX
8
ShapeString
10
4180.226416
20
1515.408388
70
0
0
VERTEX
8
ShapeString
10
4184.750115
20
1515.916391
70
0
0
VERTEX
8
ShapeString
10
4189.236170
20
1516.639769
70
0
0
VERTEX
8
ShapeString
10
4193.676641
20
1517.575827
70
0
0
VERTEX
8
ShapeString
10
4198.063586
20
1518.721871
70
0
0
VERTEX
8
ShapeString
10
4202.389063
20
1520.075207
70
0
0
VERTEX
8
ShapeString
10
4206.645131
20
1521.633141
70
0
0
VERTEX
8
ShapeString
10
4210.823848
20
1523.392979
70
0
0
VERTEX
8
ShapeString
10
4214.917273
20
1525.352026
70
0
0
VERTEX
8
ShapeString
10
4218.917463
20
1527.507588
70
0
0
VERTEX
8
ShapeString
10
4222.816477
20
1529.856971
70
0
0
VERTEX
8
ShapeString
10
4226.606374
20
1532.397481
70
0
0
VERTEX
8
ShapeString
10
4230.279212
20
1535.126424
70
0
0
VERTEX
8
ShapeString
10
4233.827050
20
1538.041106
70
0
0
VERTEX
8
ShapeString
10
4237.241945
20
1541.138831
70
0
0
VERTEX
8
ShapeString
10
4240.515957
20
1544.416908
70
0
0
VERTEX
8
ShapeString
10
4243.641143
20
1547.872640
70
0
0
VERTEX
8
ShapeString
10
4246.609562
20
1551.503334
70
0
0
VERTEX
8
ShapeString
10
4249.413272
20
1555.306296
70
0
0
VERTEX
8
ShapeString
10
4252.044333
20
1559.278831
70
0
0
VERTEX
8
ShapeString
10
4254.494801
20
1563.418246
70
0
0
VERTEX
8
ShapeString
10
4256.756736
20
1567.721845
70
0
0
VERTEX
8
ShapeString
10
4258.798371
20
1572.134220
70
0
0
VERTEX
8
ShapeString
10
4260.595026
20
1576.596459
70
0
0
VERTEX
8
ShapeString
10
4262.149390
20
1581.100620
70
0
0
VERTEX
8
ShapeString
10
4263.464153
20
1585.638760
70
0
0
VERTEX
8
ShapeString
10
4264.542005
20
1590.202934
70
0
0
VERTEX
8
ShapeString
10
4265.385633
20
1594.785200
70
0
0
VERTEX
8
ShapeString
10
4265.997728
20
1599.377615
70
0
0
VERTEX
8
ShapeString
10
4266.380980
20
1603.972235
70
0
0
VERTEX
8
ShapeString
10
4266.538076
20
1608.561118
70
0
0
VERTEX
8
ShapeString
10
4266.471707
20
1613.136319
70
0
0
VERTEX
8
ShapeString
10
4266.184562
20
1617.689895
70
0
0
VERTEX
8
ShapeString
10
4265.679331
20
1622.213904
70
0
0
VERTEX
8
ShapeString
10
4264.958701
20
1626.700402
70
0
0
VERTEX
8
ShapeString
10
4264.025364
20
1631.141446
70
0
0
VERTEX
8
ShapeString
10
4262.882007
20
1635.529092
70
0
0
VERTEX
8
ShapeString
10
4261.531322
20
1639.855397
70
0
0
VERTEX
8
ShapeString
10
4259.975995
20
1644.112419
70
0
0
VERTEX
8
ShapeString
10
4258.218718
20
1648.292213
70
0
0
VERTEX
8
ShapeString
10
4256.262180
20
1652.386837
70
0
0
VERTEX
8
ShapeString
10
4254.109068
20
1656.388347
70
0
0
VERTEX
8
ShapeString
10
4251.762074
20
1660.288800
70
0
0
VERTEX
8
ShapeString
10
4249.223886
20
1664.080253
70
0
0
VERTEX
8
ShapeString
10
4246.497194
20
1667.754762
70
0
0
VERTEX
8
ShapeString
10
4243.584687
20
1671.304384
70
0
0
VERTEX
8
ShapeString
10
4240.489054
20
1674.721177
70
0
0
VERTEX
8
ShapeString
10
4237.212984
20
1677.997196
70
0
0
VERTEX
8
ShapeString
10
4233.759167
20
1681.124499
70
0
0
VERTEX
8
ShapeString
10
4230.130292
20
1684.095142
70
0
0
VERTEX
8
ShapeString
10
4226.329049
20
1686.901181
70
0
0
VERTEX
8
ShapeString
10
4222.358126
20
1689.534675
70
0
0
VERTEX
8
ShapeString
10
4218.220213
20
1691.987679
70
0
0
VERTEX
8
ShapeString
10
4213.918000
20
1694.252250
70
0
0
VERTEX
8
ShapeString
10
4213.918000
20
1694.252250
70
0
0
SEQEND
8
ShapeString
0
POLYLINE
8
ShapeString
62
7
70
0
10
0.000000
20
0.000000
66
1
0
VERTEX
8
ShapeString
10
3921.071000
20
1716.155780
70
0
0
VERTEX
8
ShapeString
10
3923.069736
20
1697.362375
70
0
0
VERTEX
8
ShapeString
10
3925.223213
20
1678.588340
70
0
0
VERTEX
8
ShapeString
10
3927.531268
20
1659.834625
70
0
0
VERTEX
8
ShapeString
10
3929.993742
20
1641.102180
70
0
0
VERTEX
8
ShapeString
10
3932.610472
20
1622.391957
70
0
0
VERTEX
8
ShapeString
10
3935.381299
20
1603.704906
70
0
0
VERTEX
8
ShapeString
10
3938.306060
20
1585.041978
70
0
0
VERTEX
8
ShapeString
10
3941.384595
20
1566.404124
70
0
0
VERTEX
8
ShapeString
10
3944.616742
20
1547.792294
70
0
0
VERTEX
8
ShapeString
10
3948.002341
20
1529.207440
70
0
0
VERTEX
8
ShapeString
10
3951.541231
20
1510.650511
70
0
0
VERTEX
8
ShapeString
10
3955.233250
20
1492.122459
70
0
0
VERTEX
8
ShapeString
10
3959.078238
20
1473.624234
70
0
0
VERTEX
8
ShapeString
10
3963.076033
20
1455.156787
70
0
0
VERTEX
8
ShapeString
10
3967.226474
20
1436.721069
70
0
0
VERTEX
8
ShapeString
10
3971.529400
20
1418.318030
70
0
0
SEQEND
8
ShapeString
0
POLYLINE
8
ShapeString
62
7
70
0
10
0.000000
20
0.000000
66
1
0
VERTEX
8
ShapeString
10
4395.822000
20
1728.023190
70
0
0
VERTEX
8
ShapeString
10
4398.033580
20
1709.263233
70
0
0
VERTEX
8
ShapeString
10
4400.420809
20
1690.526073
70
0
0
VERTEX
8
ShapeString
10
4402.983503
20
1671.812942
70
0
0
VERTEX
8
ShapeString
10
4405.721473
20
1653.125072
70
0
0
VERTEX
8
ShapeString
10
4408.634534
20
1634.463693
70
0
0
VERTEX
8
ShapeString
10
4411.722500
20
1615.830037
70
0
0
VERTEX
8
ShapeString
10
4414.985184
20
1597.225335
70
0
0
VERTEX
8
ShapeString
10
4418.422400
20
1578.650820
70
0
0
SEQEND
8
ShapeString
0
POLYLINE
8
ShapeString
62
7
70
0
10
0.000000
20
0.000000
66
1
0
VERTEX
8
ShapeString
10
4418.422400
20
1578.650820
70
0
0
VERTEX
8
ShapeString
10
4426.131809
20
1539.366803
70
0
0
VERTEX
8
ShapeString
10
4434.318948
20
1500.190279
70
0
0
VERTEX
8
ShapeString
10
4442.982555
20
1461.125551
70
0
0
VERTEX
8
ShapeString
10
4452.121367
20
1422.176921
70
0
0
VERTEX
8
ShapeString
10
4461.734121
20
1383.348691
70
0
0
VERTEX
8
ShapeString
10
4471.819555
20
1344.645164
70
0
0
VERTEX
8
ShapeString
10
4482.376406
20
1306.070641
70
0
0
VERTEX
8
ShapeString
10
4493.403412
20
1267.629426
70
0
0
VERTEX
8
ShapeString
10
4504.899309
20
1229.325820
70
0
0
VERTEX
8
ShapeString
10
4516.862835
20
1191.164125
70
0
0
VERTEX
8
ShapeString
10
4529.292728
20
1153.148644
70
0
0
VERTEX
8
ShapeString
10
4542.187725
20
1115.283680
70
0
0
VERTEX
8
ShapeString
10
4555.546563
20
1077.573534
70
0
0
VERTEX
8
ShapeString
10
4569.367980
20
1040.022509
70
0
0
VERTEX
8
ShapeString
10
4583.650713
20
1002.634907
70
0
0
VERTEX
8
ShapeString
10
4598.393500
20
965.415030
70
0
0
SEQEND
8
ShapeString
0
POLYLINE
8
ShapeString
62
7
70
0
10
0.000000
20
0.000000
66
1
0
VERTEX
8
ShapeString
10
4171.503100
20
793.298330
70
0
0
VERTEX
8
ShapeString
10
4598.393100
20
965.419230
70
0
0
SEQEND
8
ShapeString
0
POLYLINE
8
ShapeString
62
7
70
0
10
0.000000
20
0.000000
66
1
0
VERTEX
8
ShapeString
10
3971.529400
20
1418.318030
70
0
0
VERTEX
8
ShapeString
10
3981.234259
20
1378.411226
70
0
0
VERTEX
8
ShapeString
10
3991.315534
20
1338.604518
70
0
0
VERTEX
8
ShapeString
10
4001.772382
20
1298.900541
70
0
0
VERTEX
8
ShapeString
10
4012.603959
20
1259.301931
70
0
0
VERTEX
8
ShapeString
10
4023.809421
20
1219.811324
70
0
0
VERTEX
8
ShapeString
10
4035.387927
20
1180.431355
70
0
0
VERTEX
8
ShapeString
10
4047.338631
20
1141.164661
70
0
0
VERTEX
8
ShapeString
10
4059.660692
20
1102.013876
70
0
0
VERTEX
8
ShapeString
10
4072.353265
20
1062.981637
70
0
0
VERTEX
8
ShapeString
10
4085.415508
20
1024.070578
70
0
0
VERTEX
8
ShapeString
10
4098.846577
20
985.283337
70
0
0
VERTEX
8
ShapeString
10
4112.645629
20
946.622548
70
0
0
VERTEX
8
ShapeString
10
4126.811821
20
908.090847
70
0
0
VERTEX
8
ShapeString
10
4141.344308
20
869.690870
70
0
0
VERTEX
8
ShapeString
10
4156.242249
20
831.425252
70
0
0
VERTEX
8
ShapeString
10
4171.504800
20
793.296630
70
0
0
SEQEND
8
ShapeString
0
POLYLINE
8
Layer 1
62
7
70
0
10
0.000000
20
0.000000
66
1
0
VERTEX
8
Layer 1
10
1434.363400
20
1743.524990
70
0
0
VERTEX
8
Layer 1
10
1432.265247
20
1744.452843
70
0
0
VERTEX
8
Layer 1
10
1430.090782
20
1744.930133
70
0
0
VERTEX
8
Layer 1
10
1427.901990
20
1744.973869
70
0
0
VERTEX
8
Layer 1
10
1425.760858
20
1744.601065
70
0
0
VERTEX
8
Layer 1
10
1423.729374
20
1743.828731
70
0
0
VERTEX
8
Layer 1
10
1421.869524
20
1742.673880
70
0
0
VERTEX
8
Layer 1
10
1420.243295
20
1741.153523
70
0
0
VERTEX
8
Layer 1
10
1418.912673
20
1739.284673
70
0
0
VERTEX
8
Layer 1
10
1417.981374
20
1737.188047
70
0
0
VERTEX
8
Layer 1
10
1417.500513
20
1735.014369
70
0
0
VERTEX
8
Layer 1
10
1417.453180
20
1732.825651
70
0
0
VERTEX
8
Layer 1
10
1417.822466
20
1730.683910
70
0
0
VERTEX
8
Layer 1
10
1418.591461
20
1728.651160
70
0
0
VERTEX
8
Layer 1
10
1419.743255
20
1726.789415
70
0
0
VERTEX
8
Layer 1
10
1421.260938
20
1725.160690
70
0
0
VERTEX
8
Layer 1
10
1423.127600
20
1723.827000
70
0
0
VERTEX
8
Layer 1
10
1425.225753
20
1722.899147
70
0
0
VERTEX
8
Layer 1
10
1427.400218
20
1722.421857
70
0
0
VERTEX
8
Layer 1
10
1429.589010
20
1722.378121
70
0
0
VERTEX
8
Layer 1
10
1431.730142
20
1722.750925
70
0
0
VERTEX
8
Layer 1
10
1433.761626
20
1723.523259
70
0
0
VERTEX
8
Layer 1
10
1435.621476
20
1724.678110
70
0
0
VERTEX
8
Layer 1
10
1437.247705
20
1726.198467
70
0
0
VERTEX
8
Layer 1
10
1438.578327
20
1728.067317
70
0
0
VERTEX
8
Layer 1
10
1439.509626
20
1730.163943
70
0
0
VERTEX
8
Layer 1
10
1439.990487
20
1732.337621
70
0
0
VERTEX
8
Layer 1
10
1440.037820
20
1734.526339
70
0
0
VERTEX
8
Layer 1
10
1439.668534
20
1736.668080
70
0
0
VERTEX
8
Layer 1
10
1438.899539
20
1738.700830
70
0
0
VERTEX
8
Layer 1
10
1437.747745
20
1740.562575
70
0
0
VERTEX
8
Layer 1
10
1436.230062
20
1742.191300
70
0
0
VERTEX
8
Layer 1
10
1434.363400
20
1743.524990
70
0
0
VERTEX
8
Layer 1
10
1434.363400
20
1743.524990
70
0
0
SEQEND
8
Layer 1
0
POLYLINE
8
Layer 1
62
7
70
0
10
0.000000
20
0.000000
66
1
0
VERTEX
8
Layer 1
10
1846.870100
20
1795.338810
70
0
0
VERTEX
8
Layer 1
10
1844.771637
20
1796.268119
70
0
0
VERTEX
8
Layer 1
10
1842.596609
20
1796.746558
70
0
0
VERTEX
8
Layer 1
10
1840.407073
20
1796.791140
70
0
0
VERTEX
8
Layer 1
10
1838.265088
20
1796.418878
70
0
0
VERTEX
8
Layer 1
10
1836.232713
20
1795.646784
70
0
0
VERTEX
8
Layer 1
10
1834.372006
20
1794.491871
70
0
0
VERTEX
8
Layer 1
10
1832.745026
20
1792.971152
70
0
0
VERTEX
8
Layer 1
10
1831.413830
20
1791.101639
70
0
0
VERTEX
8
Layer 1
10
1830.482255
20
1789.004181
70
0
0
VERTEX
8
Layer 1
10
1830.001466
20
1786.829671
70
0
0
VERTEX
8
Layer 1
10
1829.954518
20
1784.640185
70
0
0
VERTEX
8
Layer 1
10
1830.324466
20
1782.497799
70
0
0
VERTEX
8
Layer 1
10
1831.094364
20
1780.464591
70
0
0
VERTEX
8
Layer 1
10
1832.247266
20
1778.602637
70
0
0
VERTEX
8
Layer 1
10
1833.766226
20
1776.974015
70
0
0
VERTEX
8
Layer 1
10
1835.634300
20
1775.640800
70
0
0
VERTEX
8
Layer 1
10
1837.732763
20
1774.711491
70
0
0
VERTEX
8
Layer 1
10
1839.907791
20
1774.233052
70
0
0
VERTEX
8
Layer 1
10
1842.097327
20
1774.188470
70
0
0
VERTEX
8
Layer 1
10
1844.239312
20
1774.560732
70
0
0
VERTEX
8
Layer 1
10
1846.271687
20
1775.332826
70
0
0
VERTEX
8
Layer 1
10
1848.132394
20
1776.487739
70
0
0
VERTEX
8
Layer 1
10
1849.759374
20
1778.008458
70
0
0
VERTEX
8
Layer 1
10
1851.090570
20
1779.877971
70
0
0
VERTEX
8
Layer 1
10
1852.022145
20
1781.975429
70
0
0
VERTEX
8
Layer 1
10
1852.502934
20
1784.149939
70
0
0
VERTEX
8
Layer 1
10
1852.549882
20
1786.339425
70
0
0
VERTEX
8
Layer 1
10
1852.179934
20
1788.481811
70
0
0
VERTEX
8
Layer 1
10
1851.410036
20
1790.515019
70
0
0
VERTEX
8
Layer 1
10
1850.257134
20
1792.376973
70
0
0
VERTEX
8
Layer 1
10
1848.738174
20
1794.005595
70
0
0
VERTEX
8
Layer 1
10
1846.870100
20
1795.338810
70
0
0
VERTEX
8
Layer 1
10
1846.870100
20
1795.338810
70
0
0
SEQEND
8
Layer 1
0
POLYLINE
8
Layer 1
62
7
70
0
10
0.000000
20
0.000000
66
1
0
VERTEX
8
Layer 1
10
1560.630600
20
3129.691000
70
0
0
VERTEX
8
Layer 1
10
1558.531645
20
3130.622646
70
0
0
VERTEX
8
Layer 1
10
1556.355719
20
3131.102934
70
0
0
VERTEX
8
Layer 1
10
1554.164993
20
3131.148879
70
0
0
VERTEX
8
Layer 1
10
1552.021641
20
3130.777494
70
0
0
VERTEX
8
Layer 1
10
1549.987837
20
3130.005792
70
0
0
VERTEX
8
Layer 1
10
1548.125753
20
3128.850789
70
0
0
VERTEX
8
Layer 1
10
1546.497562
20
3127.329497
70
0
0
VERTEX
8
Layer 1
10
1545.165438
20
3125.458930
70
0
0
VERTEX
8
Layer 1
10
1544.233411
20
3123.360145
70
0
0
VERTEX
8
Layer 1
10
1543.752728
20
3121.184305
70
0
0
VERTEX
8
Layer 1
10
1543.706385
20
3118.993588
70
0
0
VERTEX
8
Layer 1
10
1544.077381
20
3116.850169
70
0
0
VERTEX
8
Layer 1
10
1544.848713
20
3114.816224
70
0
0
VERTEX
8
Layer 1
10
1546.003379
20
3112.953930
70
0
0
VERTEX
8
Layer 1
10
1547.524375
20
3111.325464
70
0
0
VERTEX
8
Layer 1
10
1549.394700
20
3109.993000
70
0
0
VERTEX
8
Layer 1
10
1551.493655
20
3109.061354
70
0
0
VERTEX
8
Layer 1
10
1553.669581
20
3108.581066
70
0
0
VERTEX
8
Layer 1
10
1555.860307
20
3108.535121
70
0
0
VERTEX
8
Layer 1
10
1558.003659
20
3108.906506
70
0
0
VERTEX
8
Layer 1
10
1560.037463
20
3109.678208
70
0
0
VERTEX
8
Layer 1
10
1561.899547
20
3110.833211
70
0
0
VERTEX
8
Layer 1
10
1563.527738
20
3112.354503
70
0
0
VERTEX
8
Layer 1
10
1564.859862
20
3114.225070
70
0
0
VERTEX
8
Layer 1
10
1565.791889
20
3116.323855
70
0
0
VERTEX
8
Layer 1
10
1566.272572
20
3118.499695
70
0
0
VERTEX
8
Layer 1
10
1566.318915
20
3120.690412
70
0
0
VERTEX
8
Layer 1
10
1565.947919
20
3122.833831
70
0
0
VERTEX
8
Layer 1
10
1565.176587
20
3124.867776
70
0
0
VERTEX
8
Layer 1
10
1564.021921
20
3126.730070
70
0
0
VERTEX
8
Layer 1
10
1562.500925
20
3128.358536
70
0
0
VERTEX
8
Layer 1
10
1560.630600
20
3129.691000
70
0
0
VERTEX
8
Layer 1
10
1560.630600
20
3129.691000
70
0
0
SEQEND
8
Layer 1
0
POLYLINE
8
Layer 1
62
7
70
0
10
0.000000
20
0.000000
66
1
0
VERTEX
8
Layer 1
10
1961.217800
20
3018.442200
70
0
0
VERTEX
8
Layer 1
10
1959.119508
20
3019.370707
70
0
0
VERTEX
8
Layer 1
10
1956.944790
20
3019.848512
70
0
0
VERTEX
8
Layer 1
10
1954.755664
20
3019.892628
70
0
0
VERTEX
8
Layer 1
10
1952.614149
20
3019.520067
70
0
0
VERTEX
8
Layer 1
10
1950.582265
20
3018.747840
70
0
0
VERTEX
8
Layer 1
10
1948.722030
20
3017.592962
70
0
0
VERTEX
8
Layer 1
10
1947.095464
20
3016.072442
70
0
0
VERTEX
8
Layer 1
10
1945.764585
20
3014.203294
70
0
0
VERTEX
8
Layer 1
10
1944.833162
20
3012.106295
70
0
0
VERTEX
8
Layer 1
10
1944.352333
20
3009.932243
70
0
0
VERTEX
8
Layer 1
10
1944.305173
20
3007.743181
70
0
0
VERTEX
8
Layer 1
10
1944.674757
20
3005.601150
70
0
0
VERTEX
8
Layer 1
10
1945.444157
20
3003.568195
70
0
0
VERTEX
8
Layer 1
10
1946.596448
20
3001.706356
70
0
0
VERTEX
8
Layer 1
10
1948.114704
20
3000.077677
70
0
0
VERTEX
8
Layer 1
10
1949.982000
20
2998.744200
70
0
0
VERTEX
8
Layer 1
10
1952.080292
20
2997.815693
70
0
0
VERTEX
8
Layer 1
10
1954.255010
20
2997.337888
70
0
0
VERTEX
8
Layer 1
10
1956.444136
20
2997.293772
70
0
0
VERTEX
8
Layer 1
10
1958.585651
20
2997.666333
70
0
0
VERTEX
8
Layer 1
10
1960.617535
20
2998.438560
70
0
0
VERTEX
8
Layer 1
10
1962.477770
20
2999.593438
70
0
0
VERTEX
8
Layer 1
10
1964.104336
20
3001.113958
70
0
0
VERTEX
8
Layer 1
10
1965.435215
20
3002.983106
70
0
0
VERTEX
8
Layer 1
10
1966.366638
20
3005.080105
70
0
0
VERTEX
8
Layer 1
10
1966.847467
20
3007.254157
70
0
0
VERTEX
8
Layer 1
10
1966.894627
20
3009.443219
70
0
0
VERTEX
8
Layer 1
10
1966.525043
20
3011.585250
70
0
0
VERTEX
8
Layer 1
10
1965.755643
20
3013.618205
70
0
0
VERTEX
8
Layer 1
10
1964.603352
20
3015.480044
70
0
0
VERTEX
8
Layer 1
10
1963.085096
20
3017.108723
70
0
0
VERTEX
8
Layer 1
10
1961.217800
20
3018.442200
70
0
0
VERTEX
8
Layer 1
10
1961.217800
20
3018.442200
70
0
0
SEQEND
8
Layer 1
0
POLYLINE
8
Layer 1
62
7
70
0
10
0.000000
20
0.000000
66
1
0
VERTEX
8
Layer 1
10
2367.704600
20
4471.518000
70
0
0
VERTEX
8
Layer 1
10
2365.605645
20
4472.449646
70
0
0
VERTEX
8
Layer 1
10
2363.429719
20
4472.929934
70
0
0
VERTEX
8
Layer 1
10
2361.238993
20
4472.975879
70
0
0
VERTEX
8
Layer 1
10
2359.095641
20
4472.604494
70
0
0
VERTEX
8
Layer 1
10
2357.061837
20
4471.832792
70
0
0
VERTEX
8
Layer 1
10
2355.199753
20
4470.677789
70
0
0
VERTEX
8
Layer 1
10
2353.571562
20
4469.156497
70
0
0
VERTEX
8
Layer 1
10
2352.239438
20
4467.285930
70
0
0
VERTEX
8
Layer 1
10
2351.307411
20
4465.187145
70
0
0
VERTEX
8
Layer 1
10
2350.826728
20
4463.011305
70
0
0
VERTEX
8
Layer 1
10
2350.780385
20
4460.820588
70
0
0
VERTEX
8
Layer 1
10
2351.151381
20
4458.677169
70
0
0
VERTEX
8
Layer 1
10
2351.922713
20
4456.643224
70
0
0
VERTEX
8
Layer 1
10
2353.077379
20
4454.780930
70
0
0
VERTEX
8
Layer 1
10
2354.598375
20
4453.152464
70
0
0
VERTEX
8
Layer 1
10
2356.468700
20
4451.820000
70
0
0
VERTEX
8
Layer 1
10
2358.567655
20
4450.888354
70
0
0
VERTEX
8
Layer 1
10
2360.743581
20
4450.408066
70
0
0
VERTEX
8
Layer 1
10
2362.934307
20
4450.362121
70
0
0
VERTEX
8
Layer 1
10
2365.077659
20
4450.733506
70
0
0
VERTEX
8
Layer 1
10
2367.111463
20
4451.505208
70
0
0
VERTEX
8
Layer 1
10
2368.973547
20
4452.660211
70
0
0
VERTEX
8
Layer 1
10
2370.601738
20
4454.181503
70
0
0
VERTEX
8
Layer 1
10
2371.933862
20
4456.052070
70
0
0
VERTEX
8
Layer 1
10
2372.865889
20
4458.150855
70
0
0
VERTEX
8
Layer 1
10
2373.346572
20
4460.326695
70
0
0
VERTEX
8
Layer 1
10
2373.392915
20
4462.517412
70
0
0
VERTEX
8
Layer 1
10
2373.021919
20
4464.660831
70
0
0
VERTEX
8
Layer 1
10
2372.250587
20
4466.694776
70
0
0
VERTEX
8
Layer 1
10
2371.095921
20
4468.557070
70
0
0
VERTEX
8
Layer 1
10
2369.574925
20
4470.185536
70
0
0
VERTEX
8
Layer 1
10
2367.704600
20
4471.518000
70
0
0
VERTEX
8
Layer 1
10
2367.704600
20
4471.518000
70
0
0
SEQEND
8
Layer 1
0
POLYLINE
8
Layer 1
62
7
70
0
10
0.000000
20
0.000000
66
1
0
VERTEX
8
Layer 1
10
2459.518000
20
4415.429200
70
0
0
VERTEX
8
Layer 1
10
2457.420773
20
4416.352734
70
0
0
VERTEX
8
Layer 1
10
2455.247981
20
4416.826608
70
0
0
VERTEX
8
Layer 1
10
2453.061400
20
4416.867833
70
0
0
VERTEX
8
Layer 1
10
2450.922804
20
4416.493418
70
0
0
VERTEX
8
Layer 1
10
2448.893967
20
4415.720370
70
0
0
VERTEX
8
Layer 1
10
2447.036665
20
4414.565700
70
0
0
VERTEX
8
Layer 1
10
2445.412671
20
4413.046416
70
0
0
VERTEX
8
Layer 1
10
2444.083760
20
4411.179528
70
0
0
VERTEX
8
Layer 1
10
2443.153286
20
4409.085370
70
0
0
VERTEX
8
Layer 1
10
2442.672219
20
4406.914160
70
0
0
VERTEX
8
Layer 1
10
2442.623754
20
4404.727727
70
0
0
VERTEX
8
Layer 1
10
2442.991086
20
4402.587903
70
0
0
VERTEX
8
Layer 1
10
2443.757411
20
4400.556518
70
0
0
VERTEX
8
Layer 1
10
2444.905925
20
4398.695402
70
0
0
VERTEX
8
Layer 1
10
2446.419822
20
4397.066386
70
0
0
VERTEX
8
Layer 1
10
2448.282300
20
4395.731300
70
0
0
VERTEX
8
Layer 1
10
2450.379527
20
4394.807766
70
0
0
VERTEX
8
Layer 1
10
2452.552319
20
4394.333892
70
0
0
VERTEX
8
Layer 1
10
2454.738900
20
4394.292667
70
0
0
VERTEX
8
Layer 1
10
2456.877496
20
4394.667082
70
0
0
VERTEX
8
Layer 1
10
2458.906333
20
4395.440130
70
0
0
VERTEX
8
Layer 1
10
2460.763635
20
4396.594800
70
0
0
VERTEX
8
Layer 1
10
2462.387629
20
4398.114084
70
0
0
VERTEX
8
Layer 1
10
2463.716540
20
4399.980972
70
0
0
VERTEX
8
Layer 1
10
2464.647014
20
4402.075130
70
0
0
VERTEX
8
Layer 1
10
2465.128081
20
4404.246340
70
0
0
VERTEX
8
Layer 1
10
2465.176546
20
4406.432773
70
0
0
VERTEX
8
Layer 1
10
2464.809214
20
4408.572597
70
0
0
VERTEX
8
Layer 1
10
2464.042889
20
4410.603982
70
0
0
VERTEX
8
Layer 1
10
2462.894375
20
4412.465098
70
0
0
VERTEX
8
Layer 1
10
2461.380478
20
4414.094114
70
0
0
VERTEX
8
Layer 1
10
2459.518000
20
4415.429200
70
0
0
VERTEX
8
Layer 1
10
2459.518000
20
4415.429200
70
0
0
SEQEND
8
Layer 1
0
POLYLINE
8
Layer 1
62
7
70
0
10
0.000000
20
0.000000
66
1
0
VERTEX
8
Layer 1
10
1646.234800
20
1779.280870
70
0
0
VERTEX
8
Layer 1
10
1644.162937
20
1780.326984
70
0
0
VERTEX
8
Layer 1
10
1642.037091
20
1781.143214
70
0
0
VERTEX
8
Layer 1
10
1639.872800
20
1781.733815
70
0
0
VERTEX
8
Layer 1
10
1637.685602
20
1782.103041
70
0
0
VERTEX
8
Layer 1
10
1635.491034
20
1782.255143
70
0
0
VERTEX
8
Layer 1
10
1633.304634
20
1782.194377
70
0
0
VERTEX
8
Layer 1
10
1631.141939
20
1781.924994
70
0
0
VERTEX
8
Layer 1
10
1629.018486
20
1781.451249
70
0
0
VERTEX
8
Layer 1
10
1626.949813
20
1780.777395
70
0
0
VERTEX
8
Layer 1
10
1624.951458
20
1779.907686
70
0
0
VERTEX
8
Layer 1
10
1623.038958
20
1778.846374
70
0
0
VERTEX
8
Layer 1
10
1621.227851
20
1777.597714
70
0
0
VERTEX
8
Layer 1
10
1619.533673
20
1776.165958
70
0
0
VERTEX
8
Layer 1
10
1617.971963
20
1774.555360
70
0
0
VERTEX
8
Layer 1
10
1616.558258
20
1772.770174
70
0
0
VERTEX
8
Layer 1
10
1615.308095
20
1770.814652
70
0
0
VERTEX
8
Layer 1
10
1614.261231
20
1768.743168
70
0
0
VERTEX
8
Layer 1
10
1613.444229
20
1766.617619
70
0
0
VERTEX
8
Layer 1
10
1612.852843
20
1764.453542
70
0
0
VERTEX
8
Layer 1
10
1612.482825
20
1762.266478
70
0
0
VERTEX
8
Layer 1
10
1612.329927
20
1760.071966
70
0
0
VERTEX
8
Layer 1
10
1612.389901
20
1757.885543
70
0
0
VERTEX
8
Layer 1
10
1612.658499
20
1755.722750
70
0
0
VERTEX
8
Layer 1
10
1613.131474
20
1753.599126
70
0
0
VERTEX
8
Layer 1
10
1613.804578
20
1751.530209
70
0
0
VERTEX
8
Layer 1
10
1614.673563
20
1749.531539
70
0
0
VERTEX
8
Layer 1
10
1615.734181
20
1747.618654
70
0
0
VERTEX
8
Layer 1
10
1616.982185
20
1745.807094
70
0
0
VERTEX
8
Layer 1
10
1618.413326
20
1744.112398
70
0
0
VERTEX
8
Layer 1
10
1620.023358
20
1742.550104
70
0
0
VERTEX
8
Layer 1
10
1621.808032
20
1741.135751
70
0
0
VERTEX
8
Layer 1
10
1623.763100
20
1739.884880
70
0
0
VERTEX
8
Layer 1
10
1625.834963
20
1738.838766
70
0
0
VERTEX
8
Layer 1
10
1627.960809
20
1738.022536
70
0
0
VERTEX
8
Layer 1
10
1630.125100
20
1737.431935
70
0
0
VERTEX
8
Layer 1
10
1632.312298
20
1737.062709
70
0
0
VERTEX
8
Layer 1
10
1634.506866
20
1736.910607
70
0
0
VERTEX
8
Layer 1
10
1636.693266
20
1736.971373
70
0
0
VERTEX
8
Layer 1
10
1638.855961
20
1737.240756
70
0
0
VERTEX
8
Layer 1
10
1640.979414
20
1737.714501
70
0
0
VERTEX
8
Layer 1
10
1643.048087
20
1738.388355
70
0
0
VERTEX
8
Layer 1
10
1645.046442
20
1739.258064
70
0
0
VERTEX
8
Layer 1
10
1646.958942
20
1740.319376
70
0
0
VERTEX
8
Layer 1
10
1648.770049
20
1741.568036
70
0
0
VERTEX
8
Layer 1
10
1650.464227
20
1742.999792
70
0
0
VERTEX
8
Layer 1
10
1652.025937
20
1744.610390
70
0
0
VERTEX
8
Layer 1
10
1653.439642
20
1746.395576
70
0
0
VERTEX
8
Layer 1
10
1654.689805
20
1748.351098
70
0
0
VERTEX
8
Layer 1
10
1655.736669
20
1750.422582
70
0
0
VERTEX
8
Layer 1
10
1656.553671
20
1752.548131
70
0
0
VERTEX
8
Layer 1
10
1657.145057
20
1754.712208
70
0
0
VERTEX
8
Layer 1
10
1657.515075
20
1756.899272
70
0
0
VERTEX
8
Layer 1
10
1657.667973
20
1759.093784
70
0
0
VERTEX
8
Layer 1
10
1657.607999
20
1761.280207
70
0
0
VERTEX
8
Layer 1
10
1657.339401
20
1763.443000
70
0
0
VERTEX
8
Layer 1
10
1656.866426
20
1765.566624
70
0
0
VERTEX
8
Layer 1
10
1656.193322
20
1767.635541
70
0
0
VERTEX
8
Layer 1
10
1655.324337
20
1769.634211
70
0
0
VERTEX
8
Layer 1
10
1654.263719
20
1771.547096
70
0
0
VERTEX
8
Layer 1
10
1653.015715
20
1773.358656
70
0
0
VERTEX
8
Layer 1
10
1651.584574
20
1775.053352
70
0
0
VERTEX
8
Layer 1
10
1649.974542
20
1776.615646
70
0
0
VERTEX
8
Layer 1
10
1648.189868
20
1778.029999
70
0
0
VERTEX
8
Layer 1
10
1646.234800
20
1779.280870
70
0
0
VERTEX
8
Layer 1
10
1646.234800
20
1779.280870
70
0
0
SEQEND
8
Layer 1
0
POLYLINE
8
Layer 1
62
7
70
0
10
0.000000
20
0.000000
66
1
0
VERTEX
8
Layer 1
10
1766.542100
20
3083.915600
70
0
0
VERTEX
8
Layer 1
10
1764.470132
20
3084.962391
70
0
0
VERTEX
8
Layer 1
10
1762.344118
20
3085.779232
70
0
0
VERTEX
8
Layer 1
10
1760.179603
20
3086.370376
70
0
0
VERTEX
8
Layer 1
10
1757.992133
20
3086.740076
70
0
0
VERTEX
8
Layer 1
10
1755.797252
20
3086.892586
70
0
0
VERTEX
8
Layer 1
10
1753.610507
20
3086.832161
70
0
0
VERTEX
8
Layer 1
10
1751.447443
20
3086.563052
70
0
0
VERTEX
8
Layer 1
10
1749.323605
20
3086.089514
70
0
0
VERTEX
8
Layer 1
10
1747.254539
20
3085.415799
70
0
0
VERTEX
8
Layer 1
10
1745.255789
20
3084.546163
70
0
0
VERTEX
8
Layer 1
10
1743.342902
20
3083.484858
70
0
0
VERTEX
8
Layer 1
10
1741.531423
20
3082.236137
70
0
0
VERTEX
8
Layer 1
10
1739.836898
20
3080.804254
70
0
0
VERTEX
8
Layer 1
10
1738.274871
20
3079.193463
70
0
0
VERTEX
8
Layer 1
10
1736.860888
20
3077.408017
70
0
0
VERTEX
8
Layer 1
10
1735.610495
20
3075.452169
70
0
0
VERTEX
8
Layer 1
10
1734.563468
20
3073.380321
70
0
0
VERTEX
8
Layer 1
10
1733.746385
20
3071.254400
70
0
0
VERTEX
8
Layer 1
10
1733.154994
20
3069.089952
70
0
0
VERTEX
8
Layer 1
10
1732.785045
20
3066.902524
70
0
0
VERTEX
8
Layer 1
10
1732.632284
20
3064.707661
70
0
0
VERTEX
8
Layer 1
10
1732.692461
20
3062.520909
70
0
0
VERTEX
8
Layer 1
10
1732.961323
20
3060.357814
70
0
0
VERTEX
8
Layer 1
10
1733.434619
20
3058.233922
70
0
0
VERTEX
8
Layer 1
10
1734.108097
20
3056.164779
70
0
0
VERTEX
8
Layer 1
10
1734.977506
20
3054.165931
70
0
0
VERTEX
8
Layer 1
10
1736.038593
20
3052.252923
70
0
0
VERTEX
8
Layer 1
10
1737.287108
20
3050.441302
70
0
0
VERTEX
8
Layer 1
10
1738.718797
20
3048.746613
70
0
0
VERTEX
8
Layer 1
10
1740.329410
20
3047.184402
70
0
0
VERTEX
8
Layer 1
10
1742.114695
20
3045.770216
70
0
0
VERTEX
8
Layer 1
10
1744.070400
20
3044.519600
70
0
0
VERTEX
8
Layer 1
10
1746.142368
20
3043.472809
70
0
0
VERTEX
8
Layer 1
10
1748.268382
20
3042.655968
70
0
0
VERTEX
8
Layer 1
10
1750.432897
20
3042.064824
70
0
0
VERTEX
8
Layer 1
10
1752.620367
20
3041.695124
70
0
0
VERTEX
8
Layer 1
10
1754.815248
20
3041.542614
70
0
0
VERTEX
8
Layer 1
10
1757.001993
20
3041.603039
70
0
0
VERTEX
8
Layer 1
10
1759.165057
20
3041.872148
70
0
0
VERTEX
8
Layer 1
10
1761.288895
20
3042.345686
70
0
0
VERTEX
8
Layer 1
10
1763.357961
20
3043.019401
70
0
0
VERTEX
8
Layer 1
10
1765.356711
20
3043.889037
70
0
0
VERTEX
8
Layer 1
10
1767.269598
20
3044.950342
70
0
0
VERTEX
8
Layer 1
10
1769.081077
20
3046.199063
70
0
0
VERTEX
8
Layer 1
10
1770.775602
20
3047.630946
70
0
0
VERTEX
8
Layer 1
10
1772.337629
20
3049.241737
70
0
0
VERTEX
8
Layer 1
10
1773.751612
20
3051.027183
70
0
0
VERTEX
8
Layer 1
10
1775.002005
20
3052.983031
70
0
0
VERTEX
8
Layer 1
10
1776.049032
20
3055.054879
70
0
0
VERTEX
8
Layer 1
10
1776.866115
20
3057.180800
70
0
0
VERTEX
8
Layer 1
10
1777.457506
20
3059.345248
70
0
0
VERTEX
8
Layer 1
10
1777.827455
20
3061.532676
70
0
0
VERTEX
8
Layer 1
10
1777.980216
20
3063.727539
70
0
0
VERTEX
8
Layer 1
10
1777.920039
20
3065.914291
70
0
0
VERTEX
8
Layer 1
10
1777.651177
20
3068.077386
70
0
0
VERTEX
8
Layer 1
10
1777.177881
20
3070.201278
70
0
0
VERTEX
8
Layer 1
10
1776.504403
20
3072.270421
70
0
0
VERTEX
8
Layer 1
10
1775.634994
20
3074.269269
70
0
0
VERTEX
8
Layer 1
10
1774.573907
20
3076.182277
70
0
0
VERTEX
8
Layer 1
10
1773.325392
20
3077.993898
70
0
0
VERTEX
8
Layer 1
10
1771.893703
20
3079.688587
70
0
0
VERTEX
8
Layer 1
10
1770.283090
20
3081.250798
70
0
0
VERTEX
8
Layer 1
10
1768.497805
20
3082.664984
70
0
0
VERTEX
8
Layer 1
10
1766.542100
20
3083.915600
70
0
0
VERTEX
8
Layer 1
10
1766.542100
20
3083.915600
70
0
0
SEQEND
8
Layer 1
0
POLYLINE
8
Layer 1
62
7
70
0
10
0.000000
20
0.000000
66
1
0
VERTEX
8
Layer 1
10
2314.566100
20
4281.996200
70
0
0
VERTEX
8
Layer 1
10
2312.494966
20
4283.037640
70
0
0
VERTEX
8
Layer 1
10
2310.370290
20
4283.849664
70
0
0
VERTEX
8
Layer 1
10
2308.207554
20
4284.436525
70
0
0
VERTEX
8
Layer 1
10
2306.022242
20
4284.802474
70
0
0
VERTEX
8
Layer 1
10
2303.829836
20
4284.951766
70
0
0
VERTEX
8
Layer 1
10
2301.645819
20
4284.888652
70
0
0
VERTEX
8
Layer 1
10
2299.485673
20
4284.617386
70
0
0
VERTEX
8
Layer 1
10
2297.364882
20
4284.142220
70
0
0
VERTEX
8
Layer 1
10
2295.298929
20
4283.467407
70
0
0
VERTEX
8
Layer 1
10
2293.303296
20
4282.597198
70
0
0
VERTEX
8
Layer 1
10
2291.393465
20
4281.535848
70
0
0
VERTEX
8
Layer 1
10
2289.584921
20
4280.287609
70
0
0
VERTEX
8
Layer 1
10
2287.893146
20
4278.856734
70
0
0
VERTEX
8
Layer 1
10
2286.333622
20
4277.247474
70
0
0
VERTEX
8
Layer 1
10
2284.921832
20
4275.464084
70
0
0
VERTEX
8
Layer 1
10
2283.673260
20
4273.510815
70
0
0
VERTEX
8
Layer 1
10
2282.627516
20
4271.441850
70
0
0
VERTEX
8
Layer 1
10
2281.811077
20
4269.318867
70
0
0
VERTEX
8
Layer 1
10
2281.219721
20
4267.157356
70
0
0
VERTEX
8
Layer 1
10
2280.849229
20
4264.972809
70
0
0
VERTEX
8
Layer 1
10
2280.695379
20
4262.780718
70
0
0
VERTEX
8
Layer 1
10
2280.753952
20
4260.596574
70
0
0
VERTEX
8
Layer 1
10
2281.020727
20
4258.435870
70
0
0
VERTEX
8
Layer 1
10
2281.491483
20
4256.314095
70
0
0
VERTEX
8
Layer 1
10
2282.162000
20
4254.246744
70
0
0
VERTEX
8
Layer 1
10
2283.028057
20
4252.249306
70
0
0
VERTEX
8
Layer 1
10
2284.085434
20
4250.337273
70
0
0
VERTEX
8
Layer 1
10
2285.329910
20
4248.526138
70
0
0
VERTEX
8
Layer 1
10
2286.757266
20
4246.831391
70
0
0
VERTEX
8
Layer 1
10
2288.363279
20
4245.268525
70
0
0
VERTEX
8
Layer 1
10
2290.143731
20
4243.853031
70
0
0
VERTEX
8
Layer 1
10
2292.094400
20
4242.600400
70
0
0
VERTEX
8
Layer 1
10
2294.165534
20
4241.558960
70
0
0
VERTEX
8
Layer 1
10
2296.290210
20
4240.746936
70
0
0
VERTEX
8
Layer 1
10
2298.452946
20
4240.160075
70
0
0
VERTEX
8
Layer 1
10
2300.638258
20
4239.794126
70
0
0
VERTEX
8
Layer 1
10
2302.830664
20
4239.644834
70
0
0
VERTEX
8
Layer 1
10
2305.014681
20
4239.707948
70
0
0
VERTEX
8
Layer 1
10
2307.174827
20
4239.979214
70
0
0
VERTEX
8
Layer 1
10
2309.295618
20
4240.454380
70
0
0
VERTEX
8
Layer 1
10
2311.361571
20
4241.129193
70
0
0
VERTEX
8
Layer 1
10
2313.357204
20
4241.999402
70
0
0
VERTEX
8
Layer 1
10
2315.267035
20
4243.060752
70
0
0
VERTEX
8
Layer 1
10
2317.075579
20
4244.308991
70
0
0
VERTEX
8
Layer 1
10
2318.767354
20
4245.739866
70
0
0
VERTEX
8
Layer 1
10
2320.326878
20
4247.349126
70
0
0
VERTEX
8
Layer 1
10
2321.738668
20
4249.132516
70
0
0
VERTEX
8
Layer 1
10
2322.987240
20
4251.085785
70
0
0
VERTEX
8
Layer 1
10
2324.032984
20
4253.154750
70
0
0
VERTEX
8
Layer 1
10
2324.849423
20
4255.277733
70
0
0
VERTEX
8
Layer 1
10
2325.440779
20
4257.439244
70
0
0
VERTEX
8
Layer 1
10
2325.811271
20
4259.623791
70
0
0
VERTEX
8
Layer 1
10
2325.965121
20
4261.815882
70
0
0
VERTEX
8
Layer 1
10
2325.906548
20
4264.000026
70
0
0
VERTEX
8
Layer 1
10
2325.639773
20
4266.160730
70
0
0
VERTEX
8
Layer 1
10
2325.169017
20
4268.282505
70
0
0
VERTEX
8
Layer 1
10
2324.498500
20
4270.349856
70
0
0
VERTEX
8
Layer 1
10
2323.632443
20
4272.347294
70
0
0
VERTEX
8
Layer 1
10
2322.575066
20
4274.259327
70
0
0
VERTEX
8
Layer 1
10
2321.330590
20
4276.070462
70
0
0
VERTEX
8
Layer 1
10
2319.903234
20
4277.765209
70
0
0
VERTEX
8
Layer 1
10
2318.297221
20
4279.328075
70
0
0
VERTEX
8
Layer 1
10
2316.516769
20
4280.743569
70
0
0
VERTEX
8
Layer 1
10
2314.566100
20
4281.996200
70
0
0
VERTEX
8
Layer 1
10
2314.566100
20
4281.996200
70
0
0
SEQEND
8
Layer 1
0
POLYLINE
8
Layer 1
62
7
70
0
10
0.000000
20
0.000000
66
1
0
VERTEX
8
Layer 1
10
1390.798000
20
1881.004990
70
0
0
VERTEX
8
Layer 1
10
1391.671212
20
1862.125777
70
0
0
VERTEX
8
Layer 1
10
1392.700044
20
1843.256661
70
0
0
VERTEX
8
Layer 1
10
1393.884392
20
1824.398601
70
0
0
VERTEX
8
Layer 1
10
1395.224154
20
1805.552555
70
0
0
VERTEX
8
Layer 1
10
1396.719223
20
1786.719481
70
0
0
VERTEX
8
Layer 1
10
1398.369497
20
1767.900339
70
0
0
VERTEX
8
Layer 1
10
1400.174872
20
1749.096087
70
0
0
VERTEX
8
Layer 1
10
1402.135243
20
1730.307684
70
0
0
VERTEX
8
Layer 1
10
1404.250506
20
1711.536088
70
0
0
VERTEX
8
Layer 1
10
1406.520558
20
1692.782258
70
0
0
VERTEX
8
Layer 1
10
1408.945295
20
1674.047153
70
0
0
VERTEX
8
Layer 1
10
1411.524611
20
1655.331731
70
0
0
VERTEX
8
Layer 1
10
1414.258404
20
1636.636951
70
0
0
VERTEX
8
Layer 1
10
1417.146569
20
1617.963772
70
0
0
VERTEX
8
Layer 1
10
1420.189002
20
1599.313152
70
0
0
VERTEX
8
Layer 1
10
1423.385600
20
1580.686050
70
0
0
SEQEND
8
Layer 1
0
POLYLINE
8
Layer 1
62
7
70
0
10
0.000000
20
0.000000
66
1
0
VERTEX
8
Layer 1
10
1423.385600
20
1580.686050
70
0
0
VERTEX
8
Layer 1
10
1428.353776
20
1552.964182
70
0
0
VERTEX
8
Layer 1
10
1433.501970
20
1525.276089
70
0
0
VERTEX
8
Layer 1
10
1438.830007
20
1497.622646
70
0
0
VERTEX
8
Layer 1
10
1444.337707
20
1470.004729
70
0
0
VERTEX
8
Layer 1
10
1450.024895
20
1442.423214
70
0
0
VERTEX
8
Layer 1
10
1455.891391
20
1414.878975
70
0
0
VERTEX
8
Layer 1
10
1461.937018
20
1387.372889
70
0
0
VERTEX
8
Layer 1
10
1468.161600
20
1359.905830
70
0
0
SEQEND
8
Layer 1
0
POLYLINE
8
Layer 1
62
7
70
0
10
0.000000
20
0.000000
66
1
0
VERTEX
8
Layer 1
10
1468.161600
20
1359.905830
70
0
0
VERTEX
8
Layer 1
10
1922.828900
20
1455.846010
70
0
0
SEQEND
8
Layer 1
0
POLYLINE
8
Layer 1
62
7
70
0
10
0.000000
20
0.000000
66
1
0
VERTEX
8
Layer 1
10
1879.049400
20
1714.052930
70
0
0
VERTEX
8
Layer 1
10
1883.389906
20
1681.594644
70
0
0
VERTEX
8
Layer 1
10
1888.054601
20
1649.183845
70
0
0
VERTEX
8
Layer 1
10
1893.043072
20
1616.822956
70
0
0
VERTEX
8
Layer 1
10
1898.354909
20
1584.514400
70
0
0
VERTEX
8
Layer 1
10
1903.989702
20
1552.260602
70
0
0
VERTEX
8
Layer 1
10
1909.947038
20
1520.063986
70
0
0
VERTEX
8
Layer 1
10
1916.226508
20
1487.926974
70
0
0
VERTEX
8
Layer 1
10
1922.827700
20
1455.851990
70
0
0
SEQEND
8
Layer 1
0
POLYLINE
8
Layer 1
62
7
70
0
10
0.000000
20
0.000000
66
1
0
VERTEX
8
Layer 1
10
1865.406500
20
1864.508080
70
0
0
VERTEX
8
Layer 1
10
1866.494209
20
1845.649556
70
0
0
VERTEX
8
Layer 1
10
1867.758615
20
1826.803303
70
0
0
VERTEX
8
Layer 1
10
1869.199606
20
1807.970560
70
0
0
VERTEX
8
Layer 1
10
1870.817069
20
1789.152570
70
0
0
VERTEX
8
Layer 1
10
1872.610893
20
1770.350571
70
0
0
VERTEX
8
Layer 1
10
1874.580964
20
1751.565805
70
0
0
VERTEX
8
Layer 1
10
1876.727171
20
1732.799511
70
0
0
VERTEX
8
Layer 1
10
1879.049400
20
1714.052930
70
0
0
SEQEND
8
Layer 1
0
POLYLINE
8
Layer 1
62
7
70
0
10
0.000000
20
0.000000
66
1
0
VERTEX
8
Layer 1
10
2504.908000
20
4139.151300
70
0
0
VERTEX
8
Layer 1
10
2483.631916
20
4107.777676
70
0
0
VERTEX
8
Layer 1
10
2462.697585
20
4076.213180
70
0
0
VERTEX
8
Layer 1
10
2442.105804
20
4044.460648
70
0
0
VERTEX
8
Layer 1
10
2421.857369
20
4012.522912
70
0
0
VERTEX
8
Layer 1
10
2401.953078
20
3980.402806
70
0
0
VERTEX
8
Layer 1
10
2382.393728
20
3948.103164
70
0
0
VERTEX
8
Layer 1
10
2363.180114
20
3915.626819
70
0
0
VERTEX
8
Layer 1
10
2344.313033
20
3882.976606
70
0
0
VERTEX
8
Layer 1
10
2325.793283
20
3850.155359
70
0
0
VERTEX
8
Layer 1
10
2307.621660
20
3817.165910
70
0
0
VERTEX
8
Layer 1
10
2289.798960
20
3784.011094
70
0
0
VERTEX
8
Layer 1
10
2272.325980
20
3750.693744
70
0
0
VERTEX
8
Layer 1
10
2255.203517
20
3717.216694
70
0
0
VERTEX
8
Layer 1
10
2238.432368
20
3683.582778
70
0
0
VERTEX
8
Layer 1
10
2222.013329
20
3649.794829
70
0
0
VERTEX
8
Layer 1
10
2205.947197
20
3615.855682
70
0
0
VERTEX
8
Layer 1
10
2190.234769
20
3581.768170
70
0
0
VERTEX
8
Layer 1
10
2174.876841
20
3547.535127
70
0
0
VERTEX
8
Layer 1
10
2159.874210
20
3513.159386
70
0
0
VERTEX
8
Layer 1
10
2145.227673
20
3478.643781
70
0
0
VERTEX
8
Layer 1
10
2130.938026
20
3443.991146
70
0
0
VERTEX
8
Layer 1
10
2117.006066
20
3409.204315
70
0
0
VERTEX
8
Layer 1
10
2103.432590
20
3374.286121
70
0
0
VERTEX
8
Layer 1
10
2090.218395
20
3339.239399
70
0
0
VERTEX
8
Layer 1
10
2077.364276
20
3304.066981
70
0
0
VERTEX
8
Layer 1
10
2064.871032
20
3268.771702
70
0
0
VERTEX
8
Layer 1
10
2052.739458
20
3233.356395
70
0
0
VERTEX
8
Layer 1
10
2040.970351
20
3197.823894
70
0
0
VERTEX
8
Layer 1
10
2029.564508
20
3162.177033
70
0
0
VERTEX
8
Layer 1
10
2018.522725
20
3126.418646
70
0
0
VERTEX
8
Layer 1
10
2007.845800
20
3090.551566
70
0
0
VERTEX
8
Layer 1
10
1997.534529
20
3054.578627
70
0
0
VERTEX
8
Layer 1
10
1987.589708
20
3018.502662
70
0
0
VERTEX
8
Layer 1
10
1978.012135
20
2982.326507
70
0
0
VERTEX
8
Layer 1
10
1968.802606
20
2946.052993
70
0
0
VERTEX
8
Layer 1
10
1959.961917
20
2909.684955
70
0
0
VERTEX
8
Layer 1
10
1951.490866
20
2873.225227
70
0
0
VERTEX
8
Layer 1
10
1943.390249
20
2836.676642
70
0
0
VERTEX
8
Layer 1
10
1935.660862
20
2800.042035
70
0
0
VERTEX
8
Layer 1
10
1928.303503
20
2763.324238
70
0
0
VERTEX
8
Layer 1
10
1921.318969
20
2726.526086
70
0
0
VERTEX
8
Layer 1
10
1914.708055
20
2689.650412
70
0
0
VERTEX
8
Layer 1
10
1908.471558
20
2652.700050
70
0
0
VERTEX
8
Layer 1
10
1902.610276
20
2615.677834
70
0
0
VERTEX
8
Layer 1
10
1897.125004
20
2578.586598
70
0
0
VERTEX
8
Layer 1
10
1892.016540
20
2541.429175
70
0
0
VERTEX
8
Layer 1
10
1887.285680
20
2504.208398
70
0
0
VERTEX
8
Layer 1
10
1882.933221
20
2466.927103
70
0
0
VERTEX
8
Layer 1
10
1878.959960
20
2429.588122
70
0
0
VERTEX
8
Layer 1
10
1875.366693
20
2392.194289
70
0
0
VERTEX
8
Layer 1
10
1872.154217
20
2354.748438
70
0
0
VERTEX
8
Layer 1
10
1869.323329
20
2317.253403
70
0
0
VERTEX
8
Layer 1
10
1866.874825
20
2279.712017
70
0
0
VERTEX
8
Layer 1
10
1864.809502
20
2242.127114
70
0
0
VERTEX
8
Layer 1
10
1863.128157
20
2204.501529
70
0
0
VERTEX
8
Layer 1
10
1861.831586
20
2166.838093
70
0
0
VERTEX
8
Layer 1
10
1860.920586
20
2129.139642
70
0
0
VERTEX
8
Layer 1
10
1860.395954
20
2091.409009
70
0
0
VERTEX
8
Layer 1
10
1860.258487
20
2053.649028
70
0
0
VERTEX
8
Layer 1
10
1860.508980
20
2015.862533
70
0
0
VERTEX
8
Layer 1
10
1861.148232
20
1978.052356
70
0
0
VERTEX
8
Layer 1
10
1862.177038
20
1940.221333
70
0
0
VERTEX
8
Layer 1
10
1863.596195
20
1902.372296
70
0
0
VERTEX
8
Layer 1
10
1865.406500
20
1864.508080
70
0
0
SEQEND
8
Layer 1
0
POLYLINE
8
Layer 1
62
7
70
0
10
0.000000
20
0.000000
66
1
0
VERTEX
8
Layer 1
10
2504.908000
20
4139.151300
70
0
0
VERTEX
8
Layer 1
10
2508.019347
20
4144.394332
70
0
0
VERTEX
8
Layer 1
10
2510.980272
20
4149.684666
70
0
0
VERTEX
8
Layer 1
10
2513.791392
20
4155.019753
70
0
0
VERTEX
8
Layer 1
10
2516.453322
20
4160.397044
70
0
0
VERTEX
8
Layer 1
10
2518.966678
20
4165.813989
70
0
0
VERTEX
8
Layer 1
10
2521.332077
20
4171.268039
70
0
0
VERTEX
8
Layer 1
10
2525.621468
20
4182.277253
70
0
0
VERTEX
8
Layer 1
10
2529.326421
20
4193.404291
70
0
0
VERTEX
8
Layer 1
10
2532.451865
20
4204.628758
70
0
0
VERTEX
8
Layer 1
10
2535.002729
20
4215.930256
70
0
0
VERTEX
8
Layer 1
10
2536.983941
20
4227.288389
70
0
0
VERTEX
8
Layer 1
10
2538.400430
20
4238.682763
70
0
0
VERTEX
8
Layer 1
10
2539.257123
20
4250.092979
70
0
0
VERTEX
8
Layer 1
10
2539.558949
20
4261.498643
70
0
0
VERTEX
8
Layer 1
10
2539.310837
20
4272.879358
70
0
0
VERTEX
8
Layer 1
10
2538.517715
20
4284.214729
70
0
0
VERTEX
8
Layer 1
10
2537.184511
20
4295.484358
70
0
0
VERTEX
8
Layer 1
10
2535.316154
20
4306.667850
70
0
0
VERTEX
8
Layer 1
10
2532.917572
20
4317.744810
70
0
0
VERTEX
8
Layer 1
10
2529.993694
20
4328.694839
70
0
0
VERTEX
8
Layer 1
10
2526.549447
20
4339.497544
70
0
0
VERTEX
8
Layer 1
10
2522.589761
20
4350.132527
70
0
0
VERTEX
8
Layer 1
10
2518.119563
20
4360.579392
70
0
0
VERTEX
8
Layer 1
10
2513.143782
20
4370.817744
70
0
0
VERTEX
8
Layer 1
10
2507.667347
20
4380.827186
70
0
0
VERTEX
8
Layer 1
10
2501.695185
20
4390.587321
70
0
0
VERTEX
8
Layer 1
10
2495.232226
20
4400.077755
70
0
0
VERTEX
8
Layer 1
10
2488.283397
20
4409.278091
70
0
0
VERTEX
8
Layer 1
10
2480.853627
20
4418.167933
70
0
0
VERTEX
8
Layer 1
10
2472.947845
20
4426.726884
70
0
0
VERTEX
8
Layer 1
10
2464.570978
20
4434.934549
70
0
0
VERTEX
8
Layer 1
10
2455.727955
20
4442.770531
70
0
0
VERTEX
8
Layer 1
10
2451.133175
20
4446.542768
70
0
0
VERTEX
8
Layer 1
10
2446.423704
20
4450.214435
70
0
0
VERTEX
8
Layer 1
10
2441.600159
20
4453.782983
70
0
0
VERTEX
8
Layer 1
10
2436.663155
20
4457.245864
70
0
0
VERTEX
8
Layer 1
10
2431.613308
20
4460.600527
70
0
0
VERTEX
8
Layer 1
10
2426.451235
20
4463.844422
70
0
0
VERTEX
8
Layer 1
10
2421.208739
20
4466.956672
70
0
0
VERTEX
8
Layer 1
10
2415.918915
20
4469.918509
70
0
0
VERTEX
8
Layer 1
10
2410.584312
20
4472.730547
70
0
0
VERTEX
8
Layer 1
10
2405.207480
20
4475.393404
70
0
0
VERTEX
8
Layer 1
10
2399.790968
20
4477.907694
70
0
0
VERTEX
8
Layer 1
10
2394.337326
20
4480.274033
70
0
0
VERTEX
8
Layer 1
10
2383.328851
20
4484.565320
70
0
0
VERTEX
8
Layer 1
10
2372.202451
20
4488.272190
70
0
0
VERTEX
8
Layer 1
10
2360.978523
20
4491.399568
70
0
0
VERTEX
8
Layer 1
10
2349.677465
20
4493.952379
70
0
0
VERTEX
8
Layer 1
10
2338.319673
20
4495.935548
70
0
0
VERTEX
8
Layer 1
10
2326.925544
20
4497.354000
70
0
0
VERTEX
8
Layer 1
10
2315.515475
20
4498.212659
70
0
0
VERTEX
8
Layer 1
10
2304.109863
20
4498.516450
70
0
0
VERTEX
8
Layer 1
10
2292.729106
20
4498.270299
70
0
0
VERTEX
8
Layer 1
10
2281.393599
20
4497.479130
70
0
0
VERTEX
8
Layer 1
10
2270.123740
20
4496.147868
70
0
0
VERTEX
8
Layer 1
10
2258.939926
20
4494.281438
70
0
0
VERTEX
8
Layer 1
10
2247.862554
20
4491.884764
70
0
0
VERTEX
8
Layer 1
10
2236.912020
20
4488.962772
70
0
0
VERTEX
8
Layer 1
10
2226.108723
20
4485.520387
70
0
0
VERTEX
8
Layer 1
10
2215.473058
20
4481.562533
70
0
0
VERTEX
8
Layer 1
10
2205.025422
20
4477.094135
70
0
0
VERTEX
8
Layer 1
10
2194.786213
20
4472.120119
70
0
0
VERTEX
8
Layer 1
10
2184.775828
20
4466.645408
70
0
0
VERTEX
8
Layer 1
10
2175.014663
20
4460.674928
70
0
0
VERTEX
8
Layer 1
10
2165.523116
20
4454.213604
70
0
0
VERTEX
8
Layer 1
10
2156.321583
20
4447.266360
70
0
0
VERTEX
8
Layer 1
10
2147.430462
20
4439.838122
70
0
0
VERTEX
8
Layer 1
10
2138.870148
20
4431.933814
70
0
0
VERTEX
8
Layer 1
10
2130.661040
20
4423.558361
70
0
0
VERTEX
8
Layer 1
10
2122.823535
20
4414.716689
70
0
0
VERTEX
8
Layer 1
10
2119.050507
20
4410.122559
70
0
0
VERTEX
8
Layer 1
10
2115.378028
20
4405.413721
70
0
0
VERTEX
8
Layer 1
10
2111.808648
20
4400.590791
70
0
0
VERTEX
8
Layer 1
10
2108.344917
20
4395.654383
70
0
0
VERTEX
8
Layer 1
10
2104.989385
20
4390.605114
70
0
0
VERTEX
8
Layer 1
10
2101.744600
20
4385.443600
70
0
0
SEQEND
8
Layer 1
0
POLYLINE
8
Layer 1
62
7
70
0
10
0.000000
20
0.000000
66
1
0
VERTEX
8
Layer 1
10
2101.744600
20
4385.443600
70
0
0
VERTEX
8
Layer 1
10
2078.528417
20
4350.790249
70
0
0
VERTEX
8
Layer 1
10
2055.679231
20
4315.933530
70
0
0
VERTEX
8
Layer 1
10
2033.197881
20
4280.876403
70
0
0
VERTEX
8
Layer 1
10
2011.085209
20
4245.621830
70
0
0
VERTEX
8
Layer 1
10
1989.342054
20
4210.172771
70
0
0
VERTEX
8
Layer 1
10
1967.969258
20
4174.532187
70
0
0
VERTEX
8
Layer 1
10
1946.967661
20
4138.703041
70
0
0
VERTEX
8
Layer 1
10
1926.338104
20
4102.688291
70
0
0
VERTEX
8
Layer 1
10
1906.081426
20
4066.490900
70
0
0
VERTEX
8
Layer 1
10
1886.198470
20
4030.113828
70
0
0
VERTEX
8
Layer 1
10
1866.690074
20
3993.560037
70
0
0
VERTEX
8
Layer 1
10
1847.557080
20
3956.832487
70
0
0
VERTEX
8
Layer 1
10
1828.800328
20
3919.934139
70
0
0
VERTEX
8
Layer 1
10
1810.420659
20
3882.867954
70
0
0
VERTEX
8
Layer 1
10
1792.418914
20
3845.636894
70
0
0
VERTEX
8
Layer 1
10
1774.795932
20
3808.243918
70
0
0
VERTEX
8
Layer 1
10
1757.552555
20
3770.691989
70
0
0
VERTEX
8
Layer 1
10
1740.689623
20
3732.984067
70
0
0
VERTEX
8
Layer 1
10
1724.207976
20
3695.123113
70
0
0
VERTEX
8
Layer 1
10
1708.108456
20
3657.112087
70
0
0
VERTEX
8
Layer 1
10
1692.391902
20
3618.953952
70
0
0
VERTEX
8
Layer 1
10
1677.059155
20
3580.651668
70
0
0
VERTEX
8
Layer 1
10
1662.111056
20
3542.208195
70
0
0
VERTEX
8
Layer 1
10
1647.548446
20
3503.626496
70
0
0
VERTEX
8
Layer 1
10
1633.372164
20
3464.909530
70
0
0
VERTEX
8
Layer 1
10
1619.583051
20
3426.060259
70
0
0
VERTEX
8
Layer 1
10
1606.181949
20
3387.081644
70
0
0
VERTEX
8
Layer 1
10
1593.169697
20
3347.976646
70
0
0
VERTEX
8
Layer 1
10
1580.547136
20
3308.748225
70
0
0
VERTEX
8
Layer 1
10
1568.315106
20
3269.399343
70
0
0
VERTEX
8
Layer 1
10
1556.474449
20
3229.932960
70
0
0
VERTEX
8
Layer 1
10
1545.026004
20
3190.352039
70
0
0
VERTEX
8
Layer 1
10
1533.970613
20
3150.659538
70
0
0
VERTEX
8
Layer 1
10
1523.309115
20
3110.858420
70
0
0
VERTEX
8
Layer 1
10
1513.042352
20
3070.951646
70
0
0
VERTEX
8
Layer 1
10
1503.171163
20
3030.942176
70
0
0
VERTEX
8
Layer 1
10
1493.696390
20
2990.832972
70
0
0
VERTEX
8
Layer 1
10
1484.618873
20
2950.626994
70
0
0
VERTEX
8
Layer 1
10
1475.939452
20
2910.327203
70
0
0
VERTEX
8
Layer 1
10
1467.658968
20
2869.936561
70
0
0
VERTEX
8
Layer 1
10
1459.778262
20
2829.458028
70
0
0
VERTEX
8
Layer 1
10
1452.298175
20
2788.894565
70
0
0
VERTEX
8
Layer 1
10
1445.219545
20
2748.249133
70
0
0
VERTEX
8
Layer 1
10
1438.543215
20
2707.524694
70
0
0
VERTEX
8
Layer 1
10
1432.270025
20
2666.724207
70
0
0
VERTEX
8
Layer 1
10
1426.400815
20
2625.850635
70
0
0
VERTEX
8
Layer 1
10
1420.936426
20
2584.906938
70
0
0
VERTEX
8
Layer 1
10
1415.877699
20
2543.896077
70
0
0
VERTEX
8
Layer 1
10
1411.225473
20
2502.821013
70
0
0
VERTEX
8
Layer 1
10
1406.980590
20
2461.684707
70
0
0
VERTEX
8
Layer 1
10
1403.143890
20
2420.490120
70
0
0
VERTEX
8
Layer 1
10
1399.716214
20
2379.240212
70
0
0
VERTEX
8
Layer 1
10
1396.698402
20
2337.937946
70
0
0
VERTEX
8
Layer 1
10
1394.091295
20
2296.586282
70
0
0
VERTEX
8
Layer 1
10
1391.895732
20
2255.188180
70
0
0
VERTEX
8
Layer 1
10
1390.112556
20
2213.746602
70
0
0
VERTEX
8
Layer 1
10
1388.742606
20
2172.264509
70
0
0
VERTEX
8
Layer 1
10
1387.786723
20
2130.744861
70
0
0
VERTEX
8
Layer 1
10
1387.245747
20
2089.190620
70
0
0
VERTEX
8
Layer 1
10
1387.120520
20
2047.604747
70
0
0
VERTEX
8
Layer 1
10
1387.411880
20
2005.990203
70
0
0
VERTEX
8
Layer 1
10
1388.120671
20
1964.349948
70
0
0
VERTEX
8
Layer 1
10
1389.247730
20
1922.686943
70
0
0
VERTEX
8
Layer 1
10
1390.793900
20
1881.004150
70
0
0
SEQEND
8
Layer 1
0
POLYLINE
8
Layer 1
62
7
70
0
10
0.000000
20
0.000000
66
1
0
VERTEX
8
Layer 1
10
2041.469000
20
1435.175760
70
0
0
VERTEX
8
Layer 1
10
2040.909722
20
1437.396363
70
0
0
VERTEX
8
Layer 1
10
2039.949740
20
1439.400722
70
0
0
VERTEX
8
Layer 1
10
2038.640307
20
1441.150595
70
0
0
VERTEX
8
Layer 1
10
2037.032672
20
1442.607743
70
0
0
VERTEX
8
Layer 1
10
2035.178088
20
1443.733923
70
0
0
VERTEX
8
Layer 1
10
2033.127803
20
1444.490896
70
0
0
VERTEX
8
Layer 1
10
2030.933071
20
1444.840420
70
0
0
VERTEX
8
Layer 1
10
2028.645141
20
1444.744256
70
0
0
VERTEX
8
Layer 1
10
2026.422124
20
1444.194651
70
0
0
VERTEX
8
Layer 1
10
2024.413604
20
1443.243406
70
0
0
VERTEX
8
Layer 1
10
2022.658046
20
1441.941604
70
0
0
VERTEX
8
Layer 1
10
2021.193913
20
1440.340329
70
0
0
VERTEX
8
Layer 1
10
2020.059668
20
1438.490666
70
0
0
VERTEX
8
Layer 1
10
2019.293775
20
1436.443697
70
0
0
VERTEX
8
Layer 1
10
2018.934698
20
1434.250507
70
0
0
VERTEX
8
Layer 1
10
2019.020900
20
1431.962180
70
0
0
VERTEX
8
Layer 1
10
2019.580178
20
1429.741577
70
0
0
VERTEX
8
Layer 1
10
2020.540160
20
1427.737218
70
0
0
VERTEX
8
Layer 1
10
2021.849593
20
1425.987345
70
0
0
VERTEX
8
Layer 1
10
2023.457228
20
1424.530197
70
0
0
VERTEX
8
Layer 1
10
2025.311812
20
1423.404017
70
0
0
VERTEX
8
Layer 1
10
2027.362097
20
1422.647044
70
0
0
VERTEX
8
Layer 1
10
2029.556829
20
1422.297520
70
0
0
VERTEX
8
Layer 1
10
2031.844759
20
1422.393684
70
0
0
VERTEX
8
Layer 1
10
2034.067776
20
1422.943289
70
0
0
VERTEX
8
Layer 1
10
2036.076296
20
1423.894534
70
0
0
VERTEX
8
Layer 1
10
2037.831854
20
1425.196336
70
0
0
VERTEX
8
Layer 1
10
2039.295987
20
1426.797611
70
0
0
VERTEX
8
Layer 1
10
2040.430232
20
1428.647274
70
0
0
VERTEX
8
Layer 1
10
2041.196125
20
1430.694243
70
0
0
VERTEX
8
Layer 1
10
2041.555202
20
1432.887433
70
0
0
VERTEX
8
Layer 1
10
2041.469000
20
1435.175760
70
0
0
VERTEX
8
Layer 1
10
2041.469000
20
1435.175760
70
0
0
SEQEND
8
Layer 1
0
POLYLINE
8
Layer 1
62
7
70
0
10
0.000000
20
0.000000
66
1
0
VERTEX
8
Layer 1
10
2570.104400
20
1458.135000
70
0
0
VERTEX
8
Layer 1
10
2569.792857
20
1459.607623
70
0
0
VERTEX
8
Layer 1
10
2569.296626
20
1461.007972
70
0
0
VERTEX
8
Layer 1
10
2568.627493
20
1462.321042
70
0
0
VERTEX
8
Layer 1
10
2567.797242
20
1463.531829
70
0
0
VERTEX
8
Layer 1
10
2566.817659
20
1464.625328
70
0
0
VERTEX
8
Layer 1
10
2565.700529
20
1465.586533
70
0
0
VERTEX
8
Layer 1
10
2564.457638
20
1466.400439
70
0
0
VERTEX
8
Layer 1
10
2563.100770
20
1467.052042
70
0
0
VERTEX
8
Layer 1
10
2561.669670
20
1467.518549
70
0
0
VERTEX
8
Layer 1
10
2560.208817
20
1467.788975
70
0
0
VERTEX
8
Layer 1
10
2558.737098
20
1467.866024
70
0
0
VERTEX
8
Layer 1
10
2557.273400
20
1467.752400
70
0
0
VERTEX
8
Layer 1
10
2555.836611
20
1467.450805
70
0
0
VERTEX
8
Layer 1
10
2554.445618
20
1466.963945
70
0
0
VERTEX
8
Layer 1
10
2553.119309
20
1466.294523
70
0
0
VERTEX
8
Layer 1
10
2551.876571
20
1465.445242
70
0
0
VERTEX
8
Layer 1
10
2550.757013
20
1464.439127
70
0
0
VERTEX
8
Layer 1
10
2549.792391
20
1463.309204
70
0
0
VERTEX
8
Layer 1
10
2548.989805
20
1462.073182
70
0
0
VERTEX
8
Layer 1
10
2548.356358
20
1460.748770
70
0
0
VERTEX
8
Layer 1
10
2547.899152
20
1459.353677
70
0
0
VERTEX
8
Layer 1
10
2547.625289
20
1457.905612
70
0
0
VERTEX
8
Layer 1
10
2547.541871
20
1456.422283
70
0
0
VERTEX
8
Layer 1
10
2547.656000
20
1454.921400
70
0
0
VERTEX
8
Layer 1
10
2547.967543
20
1453.448778
70
0
0
VERTEX
8
Layer 1
10
2548.463774
20
1452.048428
70
0
0
VERTEX
8
Layer 1
10
2549.132908
20
1450.735358
70
0
0
VERTEX
8
Layer 1
10
2549.963158
20
1449.524571
70
0
0
VERTEX
8
Layer 1
10
2550.942741
20
1448.431072
70
0
0
VERTEX
8
Layer 1
10
2552.059871
20
1447.469867
70
0
0
VERTEX
8
Layer 1
10
2553.302762
20
1446.655961
70
0
0
VERTEX
8
Layer 1
10
2554.659630
20
1446.004358
70
0
0
VERTEX
8
Layer 1
10
2556.090730
20
1445.537851
70
0
0
VERTEX
8
Layer 1
10
2557.551583
20
1445.267425
70
0
0
VERTEX
8
Layer 1
10
2559.023303
20
1445.190376
70
0
0
VERTEX
8
Layer 1
10
2560.487000
20
1445.304000
70
0
0
VERTEX
8
Layer 1
10
2561.923789
20
1445.605595
70
0
0
VERTEX
8
Layer 1
10
2563.314782
20
1446.092455
70
0
0
VERTEX
8
Layer 1
10
2564.641091
20
1446.761877
70
0
0
VERTEX
8
Layer 1
10
2565.883830
20
1447.611158
70
0
0
VERTEX
8
Layer 1
10
2567.003387
20
1448.617273
70
0
0
VERTEX
8
Layer 1
10
2567.968010
20
1449.747196
70
0
0
VERTEX
8
Layer 1
10
2568.770595
20
1450.983218
70
0
0
VERTEX
8
Layer 1
10
2569.404042
20
1452.307630
70
0
0
VERTEX
8
Layer 1
10
2569.861248
20
1453.702723
70
0
0
VERTEX
8
Layer 1
10
2570.135111
20
1455.150788
70
0
0
VERTEX
8
Layer 1
10
2570.218529
20
1456.634117
70
0
0
VERTEX
8
Layer 1
10
2570.104400
20
1458.135000
70
0
0
VERTEX
8
Layer 1
10
2570.104400
20
1458.135000
70
0
0
SEQEND
8
Layer 1
0
POLYLINE
8
Layer 1
62
7
70
0
10
0.000000
20
0.000000
66
1
0
VERTEX
8
Layer 1
10
2725.466600
20
3253.643300
70
0
0
VERTEX
8
Layer 1
10
2724.911148
20
3255.868465
70
0
0
VERTEX
8
Layer 1
10
2723.953410
20
3257.877432
70
0
0
VERTEX
8
Layer 1
10
2722.644816
20
3259.631736
70
0
0
VERTEX
8
Layer 1
10
2721.036794
20
3261.092914
70
0
0
VERTEX
8
Layer 1
10
2719.180775
20
3262.222500
70
0
0
VERTEX
8
Layer 1
10
2717.128187
20
3262.982032
70
0
0
VERTEX
8
Layer 1
10
2714.930461
20
3263.333044
70
0
0
VERTEX
8
Layer 1
10
2712.639025
20
3263.237072
70
0
0
VERTEX
8
Layer 1
10
2710.412697
20
3262.686300
70
0
0
VERTEX
8
Layer 1
10
2708.401721
20
3261.732789
70
0
0
VERTEX
8
Layer 1
10
2706.644668
20
3260.427887
70
0
0
VERTEX
8
Layer 1
10
2705.180113
20
3258.822941
70
0
0
VERTEX
8
Layer 1
10
2704.046625
20
3256.969301
70
0
0
VERTEX
8
Layer 1
10
2703.282780
20
3254.918315
70
0
0
VERTEX
8
Layer 1
10
2702.927147
20
3252.721332
70
0
0
VERTEX
8
Layer 1
10
2703.018300
20
3250.429700
70
0
0
VERTEX
8
Layer 1
10
2703.573752
20
3248.204535
70
0
0
VERTEX
8
Layer 1
10
2704.531490
20
3246.195568
70
0
0
VERTEX
8
Layer 1
10
2705.840084
20
3244.441264
70
0
0
VERTEX
8
Layer 1
10
2707.448106
20
3242.980086
70
0
0
VERTEX
8
Layer 1
10
2709.304125
20
3241.850500
70
0
0
VERTEX
8
Layer 1
10
2711.356713
20
3241.090968
70
0
0
VERTEX
8
Layer 1
10
2713.554439
20
3240.739956
70
0
0
VERTEX
8
Layer 1
10
2715.845875
20
3240.835928
70
0
0
VERTEX
8
Layer 1
10
2718.072203
20
3241.386700
70
0
0
VERTEX
8
Layer 1
10
2720.083179
20
3242.340211
70
0
0
VERTEX
8
Layer 1
10
2721.840232
20
3243.645113
70
0
0
VERTEX
8
Layer 1
10
2723.304787
20
3245.250059
70
0
0
VERTEX
8
Layer 1
10
2724.438275
20
3247.103699
70
0
0
VERTEX
8
Layer 1
10
2725.202120
20
3249.154685
70
0
0
VERTEX
8
Layer 1
10
2725.557753
20
3251.351668
70
0
0
VERTEX
8
Layer 1
10
2725.466600
20
3253.643300
70
0
0
VERTEX
8
Layer 1
10
2725.466600
20
3253.643300
70
0
0
SEQEND
8
Layer 1
0
POLYLINE
8
Layer 1
62
7
70
0
10
0.000000
20
0.000000
66
1
0
VERTEX
8
Layer 1
10
2331.812900
20
3387.371400
70
0
0
VERTEX
8
Layer 1
10
2331.255651
20
3389.594424
70
0
0
VERTEX
8
Layer 1
10
2330.296859
20
3391.601228
70
0
0
VERTEX
8
Layer 1
10
2328.987870
20
3393.353452
70
0
0
VERTEX
8
Layer 1
10
2327.380030
20
3394.812737
70
0
0
VERTEX
8
Layer 1
10
2325.524683
20
3395.940723
70
0
0
VERTEX
8
Layer 1
10
2323.473177
20
3396.699053
70
0
0
VERTEX
8
Layer 1
10
2321.276857
20
3397.049365
70
0
0
VERTEX
8
Layer 1
10
2318.987067
20
3396.953302
70
0
0
VERTEX
8
Layer 1
10
2316.762294
20
3396.403077
70
0
0
VERTEX
8
Layer 1
10
2314.752472
20
3395.450629
70
0
0
VERTEX
8
Layer 1
10
2312.996122
20
3394.147182
70
0
0
VERTEX
8
Layer 1
10
2311.531766
20
3392.543959
70
0
0
VERTEX
8
Layer 1
10
2310.397924
20
3390.692185
70
0
0
VERTEX
8
Layer 1
10
2309.633118
20
3388.643084
70
0
0
VERTEX
8
Layer 1
10
2309.275870
20
3386.447881
70
0
0
VERTEX
8
Layer 1
10
2309.364700
20
3384.157800
70
0
0
VERTEX
8
Layer 1
10
2309.921949
20
3381.934776
70
0
0
VERTEX
8
Layer 1
10
2310.880741
20
3379.927972
70
0
0
VERTEX
8
Layer 1
10
2312.189730
20
3378.175748
70
0
0
VERTEX
8
Layer 1
10
2313.797570
20
3376.716463
70
0
0
VERTEX
8
Layer 1
10
2315.652917
20
3375.588477
70
0
0
VERTEX
8
Layer 1
10
2317.704423
20
3374.830147
70
0
0
VERTEX
8
Layer 1
10
2319.900743
20
3374.479835
70
0
0
VERTEX
8
Layer 1
10
2322.190533
20
3374.575898
70
0
0
VERTEX
8
Layer 1
10
2324.415306
20
3375.126123
70
0
0
VERTEX
8
Layer 1
10
2326.425128
20
3376.078571
70
0
0
VERTEX
8
Layer 1
10
2328.181478
20
3377.382018
70
0
0
VERTEX
8
Layer 1
10
2329.645834
20
3378.985241
70
0
0
VERTEX
8
Layer 1
10
2330.779676
20
3380.837015
70
0
0
VERTEX
8
Layer 1
10
2331.544482
20
3382.886116
70
0
0
VERTEX
8
Layer 1
10
2331.901730
20
3385.081319
70
0
0
VERTEX
8
Layer 1
10
2331.812900
20
3387.371400
70
0
0
VERTEX
8
Layer 1
10
2331.812900
20
3387.371400
70
0
0
SEQEND
8
Layer 1
0
POLYLINE
8
Layer 1
62
7
70
0
10
0.000000
20
0.000000
66
1
0
VERTEX
8
Layer 1
10
3273.355400
20
4201.706600
70
0
0
VERTEX
8
Layer 1
10
3272.801923
20
4203.934102
70
0
0
VERTEX
8
Layer 1
10
3271.845345
20
4205.945432
70
0
0
VERTEX
8
Layer 1
10
3270.537189
20
4207.702009
70
0
0
VERTEX
8
Layer 1
10
3268.928975
20
4209.165256
70
0
0
VERTEX
8
Layer 1
10
3267.072225
20
4210.296591
70
0
0
VERTEX
8
Layer 1
10
3265.018460
20
4211.057437
70
0
0
VERTEX
8
Layer 1
10
3262.819201
20
4211.409213
70
0
0
VERTEX
8
Layer 1
10
3260.525969
20
4211.313340
70
0
0
VERTEX
8
Layer 1
10
3258.297944
20
4210.761970
70
0
0
VERTEX
8
Layer 1
10
3256.285711
20
4209.807295
70
0
0
VERTEX
8
Layer 1
10
3254.527897
20
4208.500800
70
0
0
VERTEX
8
Layer 1
10
3253.063130
20
4206.893971
70
0
0
VERTEX
8
Layer 1
10
3251.930039
20
4205.038292
70
0
0
VERTEX
8
Layer 1
10
3251.167252
20
4202.985247
70
0
0
VERTEX
8
Layer 1
10
3250.813396
20
4200.786321
70
0
0
VERTEX
8
Layer 1
10
3250.907100
20
4198.493000
70
0
0
VERTEX
8
Layer 1
10
3251.460577
20
4196.265498
70
0
0
VERTEX
8
Layer 1
10
3252.417155
20
4194.254168
70
0
0
VERTEX
8
Layer 1
10
3253.725311
20
4192.497591
70
0
0
VERTEX
8
Layer 1
10
3255.333525
20
4191.034344
70
0
0
VERTEX
8
Layer 1
10
3257.190275
20
4189.903009
70
0
0
VERTEX
8
Layer 1
10
3259.244040
20
4189.142163
70
0
0
VERTEX
8
Layer 1
10
3261.443299
20
4188.790387
70
0
0
VERTEX
8
Layer 1
10
3263.736531
20
4188.886260
70
0
0
VERTEX
8
Layer 1
10
3265.964556
20
4189.437630
70
0
0
VERTEX
8
Layer 1
10
3267.976789
20
4190.392305
70
0
0
VERTEX
8
Layer 1
10
3269.734603
20
4191.698800
70
0
0
VERTEX
8
Layer 1
10
3271.199370
20
4193.305629
70
0
0
VERTEX
8
Layer 1
10
3272.332461
20
4195.161308
70
0
0
VERTEX
8
Layer 1
10
3273.095248
20
4197.214353
70
0
0
VERTEX
8
Layer 1
10
3273.449104
20
4199.413279
70
0
0
VERTEX
8
Layer 1
10
3273.355400
20
4201.706600
70
0
0
VERTEX
8
Layer 1
10
3273.355400
20
4201.706600
70
0
0
SEQEND
8
Layer 1
0
POLYLINE
8
Layer 1
62
7
70
0
10
0.000000
20
0.000000
66
1
0
VERTEX
8
Layer 1
10
3089.633100
20
3957.289400
70
0
0
VERTEX
8
Layer 1
10
3089.077870
20
3959.514827
70
0
0
VERTEX
8
Layer 1
10
3088.120262
20
3961.524059
70
0
0
VERTEX
8
Layer 1
10
3086.811716
20
3963.278618
70
0
0
VERTEX
8
Layer 1
10
3085.203673
20
3964.740028
70
0
0
VERTEX
8
Layer 1
10
3083.347572
20
3965.869811
70
0
0
VERTEX
8
Layer 1
10
3081.294852
20
3966.629489
70
0
0
VERTEX
8
Layer 1
10
3079.096954
20
3966.980587
70
0
0
VERTEX
8
Layer 1
10
3076.805317
20
3966.884626
70
0
0
VERTEX
8
Layer 1
10
3074.578799
20
3966.333787
70
0
0
VERTEX
8
Layer 1
10
3072.567681
20
3965.380146
70
0
0
VERTEX
8
Layer 1
10
3070.810544
20
3964.075065
70
0
0
VERTEX
8
Layer 1
10
3069.345964
20
3962.469908
70
0
0
VERTEX
8
Layer 1
10
3068.212522
20
3960.616039
70
0
0
VERTEX
8
Layer 1
10
3067.448794
20
3958.564823
70
0
0
VERTEX
8
Layer 1
10
3067.093361
20
3956.367622
70
0
0
VERTEX
8
Layer 1
10
3067.184800
20
3954.075800
70
0
0
VERTEX
8
Layer 1
10
3067.740030
20
3951.850373
70
0
0
VERTEX
8
Layer 1
10
3068.697638
20
3949.841141
70
0
0
VERTEX
8
Layer 1
10
3070.006184
20
3948.086582
70
0
0
VERTEX
8
Layer 1
10
3071.614227
20
3946.625172
70
0
0
VERTEX
8
Layer 1
10
3073.470328
20
3945.495389
70
0
0
VERTEX
8
Layer 1
10
3075.523048
20
3944.735711
70
0
0
VERTEX
8
Layer 1
10
3077.720946
20
3944.384613
70
0
0
VERTEX
8
Layer 1
10
3080.012583
20
3944.480574
70
0
0
VERTEX
8
Layer 1
10
3082.239101
20
3945.031413
70
0
0
VERTEX
8
Layer 1
10
3084.250219
20
3945.985054
70
0
0
VERTEX
8
Layer 1
10
3086.007356
20
3947.290135
70
0
0
VERTEX
8
Layer 1
10
3087.471936
20
3948.895292
70
0
0
VERTEX
8
Layer 1
10
3088.605378
20
3950.749161
70
0
0
VERTEX
8
Layer 1
10
3089.369106
20
3952.800377
70
0
0
VERTEX
8
Layer 1
10
3089.724539
20
3954.997578
70
0
0
VERTEX
8
Layer 1
10
3089.633100
20
3957.289400
70
0
0
VERTEX
8
Layer 1
10
3089.633100
20
3957.289400
70
0
0
SEQEND
8
Layer 1
0
POLYLINE
8
Layer 1
62
7
70
0
10
0.000000
20
0.000000
66
1
0
VERTEX
8
Layer 1
10
2753.538300
20
4180.725700
70
0
0
VERTEX
8
Layer 1
10
2752.982848
20
4182.950865
70
0
0
VERTEX
8
Layer 1
10
2752.025110
20
4184.959832
70
0
0
VERTEX
8
Layer 1
10
2750.716516
20
4186.714136
70
0
0
VERTEX
8
Layer 1
10
2749.108494
20
4188.175314
70
0
0
VERTEX
8
Layer 1
10
2747.252475
20
4189.304900
70
0
0
VERTEX
8
Layer 1
10
2745.199887
20
4190.064432
70
0
0
VERTEX
8
Layer 1
10
2743.002161
20
4190.415444
70
0
0
VERTEX
8
Layer 1
10
2740.710725
20
4190.319472
70
0
0
VERTEX
8
Layer 1
10
2738.484397
20
4189.768700
70
0
0
VERTEX
8
Layer 1
10
2736.473421
20
4188.815189
70
0
0
VERTEX
8
Layer 1
10
2734.716368
20
4187.510287
70
0
0
VERTEX
8
Layer 1
10
2733.251813
20
4185.905341
70
0
0
VERTEX
8
Layer 1
10
2732.118325
20
4184.051701
70
0
0
VERTEX
8
Layer 1
10
2731.354480
20
4182.000715
70
0
0
VERTEX
8
Layer 1
10
2730.998847
20
4179.803732
70
0
0
VERTEX
8
Layer 1
10
2731.090000
20
4177.512100
70
0
0
VERTEX
8
Layer 1
10
2731.645452
20
4175.286935
70
0
0
VERTEX
8
Layer 1
10
2732.603190
20
4173.277968
70
0
0
VERTEX
8
Layer 1
10
2733.911784
20
4171.523664
70
0
0
VERTEX
8
Layer 1
10
2735.519806
20
4170.062486
70
0
0
VERTEX
8
Layer 1
10
2737.375825
20
4168.932900
70
0
0
VERTEX
8
Layer 1
10
2739.428413
20
4168.173368
70
0
0
VERTEX
8
Layer 1
10
2741.626139
20
4167.822356
70
0
0
VERTEX
8
Layer 1
10
2743.917575
20
4167.918328
70
0
0
VERTEX
8
Layer 1
10
2746.143903
20
4168.469100
70
0
0
VERTEX
8
Layer 1
10
2748.154879
20
4169.422611
70
0
0
VERTEX
8
Layer 1
10
2749.911932
20
4170.727513
70
0
0
VERTEX
8
Layer 1
10
2751.376487
20
4172.332459
70
0
0
VERTEX
8
Layer 1
10
2752.509975
20
4174.186099
70
0
0
VERTEX
8
Layer 1
10
2753.273820
20
4176.237085
70
0
0
VERTEX
8
Layer 1
10
2753.629453
20
4178.434068
70
0
0
VERTEX
8
Layer 1
10
2753.538300
20
4180.725700
70
0
0
VERTEX
8
Layer 1
10
2753.538300
20
4180.725700
70
0
0
SEQEND
8
Layer 1
0
POLYLINE
8
Layer 1
62
7
70
0
10
0.000000
20
0.000000
66
1
0
VERTEX
8
Layer 1
10
2965.307900
20
4462.456000
70
0
0
VERTEX
8
Layer 1
10
2964.752670
20
4464.681427
70
0
0
VERTEX
8
Layer 1
10
2963.795062
20
4466.690659
70
0
0
VERTEX
8
Layer 1
10
2962.486516
20
4468.445218
70
0
0
VERTEX
8
Layer 1
10
2960.878473
20
4469.906628
70
0
0
VERTEX
8
Layer 1
10
2959.022372
20
4471.036411
70
0
0
VERTEX
8
Layer 1
10
2956.969652
20
4471.796089
70
0
0
VERTEX
8
Layer 1
10
2954.771754
20
4472.147187
70
0
0
VERTEX
8
Layer 1
10
2952.480117
20
4472.051226
70
0
0
VERTEX
8
Layer 1
10
2950.253599
20
4471.500387
70
0
0
VERTEX
8
Layer 1
10
2948.242481
20
4470.546746
70
0
0
VERTEX
8
Layer 1
10
2946.485344
20
4469.241665
70
0
0
VERTEX
8
Layer 1
10
2945.020764
20
4467.636508
70
0
0
VERTEX
8
Layer 1
10
2943.887322
20
4465.782639
70
0
0
VERTEX
8
Layer 1
10
2943.123594
20
4463.731423
70
0
0
VERTEX
8
Layer 1
10
2942.768161
20
4461.534222
70
0
0
VERTEX
8
Layer 1
10
2942.859600
20
4459.242400
70
0
0
VERTEX
8
Layer 1
10
2943.414830
20
4457.016973
70
0
0
VERTEX
8
Layer 1
10
2944.372438
20
4455.007741
70
0
0
VERTEX
8
Layer 1
10
2945.680984
20
4453.253182
70
0
0
VERTEX
8
Layer 1
10
2947.289027
20
4451.791772
70
0
0
VERTEX
8
Layer 1
10
2949.145128
20
4450.661989
70
0
0
VERTEX
8
Layer 1
10
2951.197848
20
4449.902311
70
0
0
VERTEX
8
Layer 1
10
2953.395746
20
4449.551213
70
0
0
VERTEX
8
Layer 1
10
2955.687383
20
4449.647174
70
0
0
VERTEX
8
Layer 1
10
2957.913901
20
4450.198013
70
0
0
VERTEX
8
Layer 1
10
2959.925019
20
4451.151654
70
0
0
VERTEX
8
Layer 1
10
2961.682156
20
4452.456735
70
0
0
VERTEX
8
Layer 1
10
2963.146736
20
4454.061892
70
0
0
VERTEX
8
Layer 1
10
2964.280178
20
4455.915761
70
0
0
VERTEX
8
Layer 1
10
2965.043906
20
4457.966977
70
0
0
VERTEX
8
Layer 1
10
2965.399339
20
4460.164178
70
0
0
VERTEX
8
Layer 1
10
2965.307900
20
4462.456000
70
0
0
VERTEX
8
Layer 1
10
2965.307900
20
4462.456000
70
0
0
SEQEND
8
Layer 1
0
POLYLINE
8
Layer 1
62
7
70
0
10
0.000000
20
0.000000
66
1
0
VERTEX
8
Layer 1
10
2317.010300
20
1448.262100
70
0
0
VERTEX
8
Layer 1
10
2316.557686
20
1450.532072
70
0
0
VERTEX
8
Layer 1
10
2315.891893
20
1452.703483
70
0
0
VERTEX
8
Layer 1
10
2315.025732
20
1454.766772
70
0
0
VERTEX
8
Layer 1
10
2313.972018
20
1456.712379
70
0
0
VERTEX
8
Layer 1
10
2312.743564
20
1458.530741
70
0
0
VERTEX
8
Layer 1
10
2311.353185
20
1460.212297
70
0
0
VERTEX
8
Layer 1
10
2309.813693
20
1461.747486
70
0
0
VERTEX
8
Layer 1
10
2308.137902
20
1463.126748
70
0
0
VERTEX
8
Layer 1
10
2306.338626
20
1464.340520
70
0
0
VERTEX
8
Layer 1
10
2304.428678
20
1465.379241
70
0
0
VERTEX
8
Layer 1
10
2302.420872
20
1466.233350
70
0
0
VERTEX
8
Layer 1
10
2300.328022
20
1466.893286
70
0
0
VERTEX
8
Layer 1
10
2298.162941
20
1467.349488
70
0
0
VERTEX
8
Layer 1
10
2295.938442
20
1467.592394
70
0
0
VERTEX
8
Layer 1
10
2293.667340
20
1467.612442
70
0
0
VERTEX
8
Layer 1
10
2291.362447
20
1467.400073
70
0
0
VERTEX
8
Layer 1
10
2289.090545
20
1466.957248
70
0
0
VERTEX
8
Layer 1
10
2286.916285
20
1466.300820
70
0
0
VERTEX
8
Layer 1
10
2284.849281
20
1465.443561
70
0
0
VERTEX
8
Layer 1
10
2282.899151
20
1464.398243
70
0
0
VERTEX
8
Layer 1
10
2281.075511
20
1463.177639
70
0
0
VERTEX
8
Layer 1
10
2279.387977
20
1461.794520
70
0
0
VERTEX
8
Layer 1
10
2277.846166
20
1460.261660
70
0
0
VERTEX
8
Layer 1
10
2276.459694
20
1458.591830
70
0
0
VERTEX
8
Layer 1
10
2275.238178
20
1456.797802
70
0
0
VERTEX
8
Layer 1
10
2274.191233
20
1454.892349
70
0
0
VERTEX
8
Layer 1
10
2273.328478
20
1452.888244
70
0
0
VERTEX
8
Layer 1
10
2272.659527
20
1450.798257
70
0
0
VERTEX
8
Layer 1
10
2272.193997
20
1448.635162
70
0
0
VERTEX
8
Layer 1
10
2271.941505
20
1446.411731
70
0
0
VERTEX
8
Layer 1
10
2271.911667
20
1444.140737
70
0
0
VERTEX
8
Layer 1
10
2272.114100
20
1441.834950
70
0
0
VERTEX
8
Layer 1
10
2272.566714
20
1439.564978
70
0
0
VERTEX
8
Layer 1
10
2273.232507
20
1437.393567
70
0
0
VERTEX
8
Layer 1
10
2274.098668
20
1435.330278
70
0
0
VERTEX
8
Layer 1
10
2275.152382
20
1433.384671
70
0
0
VERTEX
8
Layer 1
10
2276.380836
20
1431.566309
70
0
0
VERTEX
8
Layer 1
10
2277.771215
20
1429.884753
70
0
0
VERTEX
8
Layer 1
10
2279.310707
20
1428.349564
70
0
0
VERTEX
8
Layer 1
10
2280.986498
20
1426.970302
70
0
0
VERTEX
8
Layer 1
10
2282.785774
20
1425.756530
70
0
0
VERTEX
8
Layer 1
10
2284.695722
20
1424.717809
70
0
0
VERTEX
8
Layer 1
10
2286.703528
20
1423.863700
70
0
0
VERTEX
8
Layer 1
10
2288.796378
20
1423.203764
70
0
0
VERTEX
8
Layer 1
10
2290.961459
20
1422.747562
70
0
0
VERTEX
8
Layer 1
10
2293.185958
20
1422.504656
70
0
0
VERTEX
8
Layer 1
10
2295.457060
20
1422.484608
70
0
0
VERTEX
8
Layer 1
10
2297.761953
20
1422.696977
70
0
0
VERTEX
8
Layer 1
10
2300.033855
20
1423.139802
70
0
0
VERTEX
8
Layer 1
10
2302.208115
20
1423.796230
70
0
0
VERTEX
8
Layer 1
10
2304.275119
20
1424.653489
70
0
0
VERTEX
8
Layer 1
10
2306.225249
20
1425.698807
70
0
0
VERTEX
8
Layer 1
10
2308.048889
20
1426.919411
70
0
0
VERTEX
8
Layer 1
10
2309.736423
20
1428.302530
70
0
0
VERTEX
8
Layer 1
10
2311.278234
20
1429.835390
70
0
0
VERTEX
8
Layer 1
10
2312.664706
20
1431.505220
70
0
0
VERTEX
8
Layer 1
10
2313.886222
20
1433.299248
70
0
0
VERTEX
8
Layer 1
10
2314.933167
20
1435.204701
70
0
0
VERTEX
8
Layer 1
10
2315.795922
20
1437.208806
70
0
0
VERTEX
8
Layer 1
10
2316.464873
20
1439.298793
70
0
0
VERTEX
8
Layer 1
10
2316.930403
20
1441.461888
70
0
0
VERTEX
8
Layer 1
10
2317.182895
20
1443.685319
70
0
0
VERTEX
8
Layer 1
10
2317.212733
20
1445.956313
70
0
0
VERTEX
8
Layer 1
10
2317.010300
20
1448.262100
70
0
0
VERTEX
8
Layer 1
10
2317.010300
20
1448.262100
70
0
0
SEQEND
8
Layer 1
0
POLYLINE
8
Layer 1
62
7
70
0
10
0.000000
20
0.000000
66
1
0
VERTEX
8
Layer 1
10
2539.863900
20
3322.114100
70
0
0
VERTEX
8
Layer 1
10
2539.417728
20
3324.390919
70
0
0
VERTEX
8
Layer 1
10
2538.757109
20
3326.569298
70
0
0
VERTEX
8
Layer 1
10
2537.894922
20
3328.639591
70
0
0
VERTEX
8
Layer 1
10
2536.844050
20
3330.592152
70
0
0
VERTEX
8
Layer 1
10
2535.617373
20
3332.417336
70
0
0
VERTEX
8
Layer 1
10
2534.227774
20
3334.105495
70
0
0
VERTEX
8
Layer 1
10
2532.688132
20
3335.646985
70
0
0
VERTEX
8
Layer 1
10
2531.011330
20
3337.032159
70
0
0
VERTEX
8
Layer 1
10
2529.210249
20
3338.251371
70
0
0
VERTEX
8
Layer 1
10
2527.297769
20
3339.294975
70
0
0
VERTEX
8
Layer 1
10
2525.286773
20
3340.153325
70
0
0
VERTEX
8
Layer 1
10
2523.190141
20
3340.816775
70
0
0
VERTEX
8
Layer 1
10
2521.020755
20
3341.275679
70
0
0
VERTEX
8
Layer 1
10
2518.791496
20
3341.520390
70
0
0
VERTEX
8
Layer 1
10
2516.515245
20
3341.541264
70
0
0
VERTEX
8
Layer 1
10
2514.204884
20
3341.328653
70
0
0
VERTEX
8
Layer 1
10
2511.927666
20
3340.884526
70
0
0
VERTEX
8
Layer 1
10
2509.748695
20
3340.225862
70
0
0
VERTEX
8
Layer 1
10
2507.677628
20
3339.365535
70
0
0
VERTEX
8
Layer 1
10
2505.724124
20
3338.316416
70
0
0
VERTEX
8
Layer 1
10
2503.897840
20
3337.091379
70
0
0
VERTEX
8
Layer 1
10
2502.208433
20
3335.703296
70
0
0
VERTEX
8
Layer 1
10
2500.665561
20
3334.165039
70
0
0
VERTEX
8
Layer 1
10
2499.278882
20
3332.489481
70
0
0
VERTEX
8
Layer 1
10
2498.058054
20
3330.689495
70
0
0
VERTEX
8
Layer 1
10
2497.012733
20
3328.777954
70
0
0
VERTEX
8
Layer 1
10
2496.152578
20
3326.767729
70
0
0
VERTEX
8
Layer 1
10
2495.487246
20
3324.671694
70
0
0
VERTEX
8
Layer 1
10
2495.026394
20
3322.502721
70
0
0
VERTEX
8
Layer 1
10
2494.779681
20
3320.273682
70
0
0
VERTEX
8
Layer 1
10
2494.756764
20
3317.997451
70
0
0
VERTEX
8
Layer 1
10
2494.967300
20
3315.686900
70
0
0
VERTEX
8
Layer 1
10
2495.413472
20
3313.410081
70
0
0
VERTEX
8
Layer 1
10
2496.074091
20
3311.231702
70
0
0
VERTEX
8
Layer 1
10
2496.936278
20
3309.161409
70
0
0
VERTEX
8
Layer 1
10
2497.987150
20
3307.208848
70
0
0
VERTEX
8
Layer 1
10
2499.213827
20
3305.383664
70
0
0
VERTEX
8
Layer 1
10
2500.603426
20
3303.695505
70
0
0
VERTEX
8
Layer 1
10
2502.143068
20
3302.154015
70
0
0
VERTEX
8
Layer 1
10
2503.819870
20
3300.768841
70
0
0
VERTEX
8
Layer 1
10
2505.620951
20
3299.549629
70
0
0
VERTEX
8
Layer 1
10
2507.533431
20
3298.506025
70
0
0
VERTEX
8
Layer 1
10
2509.544427
20
3297.647675
70
0
0
VERTEX
8
Layer 1
10
2511.641059
20
3296.984225
70
0
0
VERTEX
8
Layer 1
10
2513.810445
20
3296.525321
70
0
0
VERTEX
8
Layer 1
10
2516.039704
20
3296.280610
70
0
0
VERTEX
8
Layer 1
10
2518.315955
20
3296.259736
70
0
0
VERTEX
8
Layer 1
10
2520.626316
20
3296.472347
70
0
0
VERTEX
8
Layer 1
10
2522.903534
20
3296.916474
70
0
0
VERTEX
8
Layer 1
10
2525.082505
20
3297.575138
70
0
0
VERTEX
8
Layer 1
10
2527.153572
20
3298.435465
70
0
0
VERTEX
8
Layer 1
10
2529.107076
20
3299.484584
70
0
0
VERTEX
8
Layer 1
10
2530.933360
20
3300.709621
70
0
0
VERTEX
8
Layer 1
10
2532.622767
20
3302.097704
70
0
0
VERTEX
8
Layer 1
10
2534.165639
20
3303.635961
70
0
0
VERTEX
8
Layer 1
10
2535.552318
20
3305.311519
70
0
0
VERTEX
8
Layer 1
10
2536.773146
20
3307.111505
70
0
0
VERTEX
8
Layer 1
10
2537.818467
20
3309.023046
70
0
0
VERTEX
8
Layer 1
10
2538.678622
20
3311.033271
70
0
0
VERTEX
8
Layer 1
10
2539.343954
20
3313.129306
70
0
0
VERTEX
8
Layer 1
10
2539.804806
20
3315.298279
70
0
0
VERTEX
8
Layer 1
10
2540.051519
20
3317.527318
70
0
0
VERTEX
8
Layer 1
10
2540.074436
20
3319.803549
70
0
0
VERTEX
8
Layer 1
10
2539.863900
20
3322.114100
70
0
0
VERTEX
8
Layer 1
10
2539.863900
20
3322.114100
70
0
0
SEQEND
8
Layer 1
0
POLYLINE
8
Layer 1
62
7
70
0
10
0.000000
20
0.000000
66
1
0
VERTEX
8
Layer 1
10
1975.984900
20
1241.685120
70
0
0
VERTEX
8
Layer 1
10
1978.462818
20
1253.408305
70
0
0
VERTEX
8
Layer 1
10
1980.748800
20
1265.164770
70
0
0
VERTEX
8
Layer 1
10
1982.842642
20
1276.952157
70
0
0
VERTEX
8
Layer 1
10
1984.744140
20
1288.768107
70
0
0
VERTEX
8
Layer 1
10
1986.453090
20
1300.610262
70
0
0
VERTEX
8
Layer 1
10
1987.969285
20
1312.476263
70
0
0
VERTEX
8
Layer 1
10
1989.292523
20
1324.363752
70
0
0
VERTEX
8
Layer 1
10
1990.422598
20
1336.270370
70
0
0
VERTEX
8
Layer 1
10
1991.359306
20
1348.193759
70
0
0
VERTEX
8
Layer 1
10
1992.102443
20
1360.131560
70
0
0
VERTEX
8
Layer 1
10
1992.651803
20
1372.081415
70
0
0
VERTEX
8
Layer 1
10
1993.007182
20
1384.040966
70
0
0
VERTEX
8
Layer 1
10
1993.168376
20
1396.007853
70
0
0
VERTEX
8
Layer 1
10
1993.135180
20
1407.979718
70
0
0
VERTEX
8
Layer 1
10
1992.907389
20
1419.954203
70
0
0
VERTEX
8
Layer 1
10
1992.484800
20
1431.928950
70
0
0
SEQEND
8
Layer 1
0
POLYLINE
8
Layer 1
62
7
70
0
10
0.000000
20
0.000000
66
1
0
VERTEX
8
Layer 1
10
2953.426100
20
4510.812600
70
0
0
VERTEX
8
Layer 1
10
2936.973000
20
4490.512658
70
0
0
VERTEX
8
Layer 1
10
2920.652161
20
4470.125996
70
0
0
VERTEX
8
Layer 1
10
2904.463791
20
4449.653272
70
0
0
VERTEX
8
Layer 1
10
2888.408093
20
4429.095143
70
0
0
VERTEX
8
Layer 1
10
2872.485273
20
4408.452265
70
0
0
VERTEX
8
Layer 1
10
2856.695536
20
4387.725297
70
0
0
VERTEX
8
Layer 1
10
2841.039088
20
4366.914896
70
0
0
VERTEX
8
Layer 1
10
2825.516132
20
4346.021718
70
0
0
VERTEX
8
Layer 1
10
2810.126875
20
4325.046421
70
0
0
VERTEX
8
Layer 1
10
2794.871521
20
4303.989663
70
0
0
VERTEX
8
Layer 1
10
2779.750276
20
4282.852100
70
0
0
VERTEX
8
Layer 1
10
2764.763344
20
4261.634389
70
0
0
VERTEX
8
Layer 1
10
2749.910932
20
4240.337189
70
0
0
VERTEX
8
Layer 1
10
2735.193243
20
4218.961156
70
0
0
VERTEX
8
Layer 1
10
2720.610484
20
4197.506947
70
0
0
VERTEX
8
Layer 1
10
2706.162859
20
4175.975220
70
0
0
VERTEX
8
Layer 1
10
2691.850573
20
4154.366632
70
0
0
VERTEX
8
Layer 1
10
2677.673832
20
4132.681840
70
0
0
VERTEX
8
Layer 1
10
2663.632840
20
4110.921502
70
0
0
VERTEX
8
Layer 1
10
2649.727803
20
4089.086274
70
0
0
VERTEX
8
Layer 1
10
2635.958926
20
4067.176814
70
0
0
VERTEX
8
Layer 1
10
2622.326415
20
4045.193779
70
0
0
VERTEX
8
Layer 1
10
2608.830473
20
4023.137827
70
0
0
VERTEX
8
Layer 1
10
2595.471307
20
4001.009614
70
0
0
VERTEX
8
Layer 1
10
2582.249121
20
3978.809798
70
0
0
VERTEX
8
Layer 1
10
2569.164120
20
3956.539037
70
0
0
VERTEX
8
Layer 1
10
2556.216511
20
3934.197986
70
0
0
VERTEX
8
Layer 1
10
2543.406497
20
3911.787304
70
0
0
VERTEX
8
Layer 1
10
2530.734284
20
3889.307649
70
0
0
VERTEX
8
Layer 1
10
2518.200077
20
3866.759676
70
0
0
VERTEX
8
Layer 1
10
2505.804081
20
3844.144043
70
0
0
VERTEX
8
Layer 1
10
2493.546502
20
3821.461408
70
0
0
VERTEX
8
Layer 1
10
2481.427544
20
3798.712428
70
0
0
VERTEX
8
Layer 1
10
2469.447413
20
3775.897760
70
0
0
VERTEX
8
Layer 1
10
2457.606314
20
3753.018061
70
0
0
VERTEX
8
Layer 1
10
2445.904451
20
3730.073988
70
0
0
VERTEX
8
Layer 1
10
2434.342030
20
3707.066200
70
0
0
VERTEX
8
Layer 1
10
2422.919257
20
3683.995352
70
0
0
VERTEX
8
Layer 1
10
2411.636336
20
3660.862103
70
0
0
VERTEX
8
Layer 1
10
2400.493472
20
3637.667109
70
0
0
VERTEX
8
Layer 1
10
2389.490871
20
3614.411028
70
0
0
VERTEX
8
Layer 1
10
2378.628737
20
3591.094517
70
0
0
VERTEX
8
Layer 1
10
2367.907276
20
3567.718233
70
0
0
VERTEX
8
Layer 1
10
2357.326693
20
3544.282834
70
0
0
VERTEX
8
Layer 1
10
2346.887193
20
3520.788976
70
0
0
VERTEX
8
Layer 1
10
2336.588981
20
3497.237317
70
0
0
VERTEX
8
Layer 1
10
2326.432262
20
3473.628515
70
0
0
VERTEX
8
Layer 1
10
2316.417242
20
3449.963226
70
0
0
VERTEX
8
Layer 1
10
2306.544126
20
3426.242107
70
0
0
VERTEX
8
Layer 1
10
2296.813118
20
3402.465817
70
0
0
VERTEX
8
Layer 1
10
2287.224424
20
3378.635011
70
0
0
VERTEX
8
Layer 1
10
2277.778248
20
3354.750348
70
0
0
VERTEX
8
Layer 1
10
2268.474797
20
3330.812485
70
0
0
VERTEX
8
Layer 1
10
2259.314275
20
3306.822079
70
0
0
VERTEX
8
Layer 1
10
2250.296888
20
3282.779786
70
0
0
VERTEX
8
Layer 1
10
2241.422840
20
3258.686265
70
0
0
VERTEX
8
Layer 1
10
2232.692336
20
3234.542173
70
0
0
VERTEX
8
Layer 1
10
2224.105582
20
3210.348166
70
0
0
VERTEX
8
Layer 1
10
2215.662783
20
3186.104903
70
0
0
VERTEX
8
Layer 1
10
2207.364144
20
3161.813040
70
0
0
VERTEX
8
Layer 1
10
2199.209870
20
3137.473234
70
0
0
VERTEX
8
Layer 1
10
2191.200167
20
3113.086144
70
0
0
VERTEX
8
Layer 1
10
2183.335238
20
3088.652425
70
0
0
VERTEX
8
Layer 1
10
2175.615290
20
3064.172736
70
0
0
VERTEX
8
Layer 1
10
2168.040528
20
3039.647733
70
0
0
VERTEX
8
Layer 1
10
2160.611157
20
3015.078074
70
0
0
VERTEX
8
Layer 1
10
2153.327381
20
2990.464416
70
0
0
VERTEX
8
Layer 1
10
2146.189407
20
2965.807416
70
0
0
VERTEX
8
Layer 1
10
2139.197438
20
2941.107732
70
0
0
VERTEX
8
Layer 1
10
2132.351681
20
2916.366021
70
0
0
VERTEX
8
Layer 1
10
2125.652341
20
2891.582939
70
0
0
VERTEX
8
Layer 1
10
2119.099621
20
2866.759145
70
0
0
VERTEX
8
Layer 1
10
2112.693729
20
2841.895295
70
0
0
VERTEX
8
Layer 1
10
2106.434868
20
2816.992047
70
0
0
VERTEX
8
Layer 1
10
2100.323244
20
2792.050058
70
0
0
VERTEX
8
Layer 1
10
2094.359063
20
2767.069985
70
0
0
VERTEX
8
Layer 1
10
2088.542528
20
2742.052486
70
0
0
VERTEX
8
Layer 1
10
2082.873846
20
2716.998217
70
0
0
VERTEX
8
Layer 1
10
2077.353221
20
2691.907836
70
0
0
VERTEX
8
Layer 1
10
2071.980859
20
2666.782001
70
0
0
VERTEX
8
Layer 1
10
2066.756964
20
2641.621367
70
0
0
VERTEX
8
Layer 1
10
2061.681742
20
2616.426594
70
0
0
VERTEX
8
Layer 1
10
2056.755399
20
2591.198337
70
0
0
VERTEX
8
Layer 1
10
2051.978138
20
2565.937255
70
0
0
VERTEX
8
Layer 1
10
2047.350166
20
2540.644003
70
0
0
VERTEX
8
Layer 1
10
2042.871687
20
2515.319241
70
0
0
VERTEX
8
Layer 1
10
2038.542906
20
2489.963624
70
0
0
VERTEX
8
Layer 1
10
2034.364029
20
2464.577811
70
0
0
VERTEX
8
Layer 1
10
2030.335261
20
2439.162458
70
0
0
VERTEX
8
Layer 1
10
2026.456806
20
2413.718222
70
0
0
VERTEX
8
Layer 1
10
2022.728871
20
2388.245761
70
0
0
VERTEX
8
Layer 1
10
2019.151660
20
2362.745732
70
0
0
VERTEX
8
Layer 1
10
2015.725378
20
2337.218793
70
0
0
VERTEX
8
Layer 1
10
2012.450230
20
2311.665600
70
0
0
VERTEX
8
Layer 1
10
2009.326422
20
2286.086811
70
0
0
VERTEX
8
Layer 1
10
2006.354159
20
2260.483083
70
0
0
VERTEX
8
Layer 1
10
2003.533645
20
2234.855073
70
0
0
VERTEX
8
Layer 1
10
2000.865086
20
2209.203439
70
0
0
VERTEX
8
Layer 1
10
1998.348687
20
2183.528838
70
0
0
VERTEX
8
Layer 1
10
1995.984654
20
2157.831926
70
0
0
VERTEX
8
Layer 1
10
1993.773191
20
2132.113362
70
0
0
VERTEX
8
Layer 1
10
1991.714503
20
2106.373802
70
0
0
VERTEX
8
Layer 1
10
1989.808796
20
2080.613904
70
0
0
VERTEX
8
Layer 1
10
1988.056274
20
2054.834325
70
0
0
VERTEX
8
Layer 1
10
1986.457143
20
2029.035722
70
0
0
VERTEX
8
Layer 1
10
1985.011608
20
2003.218753
70
0
0
VERTEX
8
Layer 1
10
1983.719875
20
1977.384074
70
0
0
VERTEX
8
Layer 1
10
1982.582147
20
1951.532344
70
0
0
VERTEX
8
Layer 1
10
1981.598631
20
1925.664218
70
0
0
VERTEX
8
Layer 1
10
1980.769531
20
1899.780355
70
0
0
VERTEX
8
Layer 1
10
1980.095053
20
1873.881412
70
0
0
VERTEX
8
Layer 1
10
1979.575402
20
1847.968045
70
0
0
VERTEX
8
Layer 1
10
1979.210782
20
1822.040913
70
0
0
VERTEX
8
Layer 1
10
1979.001400
20
1796.100672
70
0
0
VERTEX
8
Layer 1
10
1978.947459
20
1770.147980
70
0
0
VERTEX
8
Layer 1
10
1979.049166
20
1744.183493
70
0
0
VERTEX
8
Layer 1
10
1979.306725
20
1718.207870
70
0
0
VERTEX
8
Layer 1
10
1979.720342
20
1692.221767
70
0
0
VERTEX
8
Layer 1
10
1980.290221
20
1666.225841
70
0
0
VERTEX
8
Layer 1
10
1981.016568
20
1640.220751
70
0
0
VERTEX
8
Layer 1
10
1981.899588
20
1614.207152
70
0
0
VERTEX
8
Layer 1
10
1982.939486
20
1588.185703
70
0
0
VERTEX
8
Layer 1
10
1984.136467
20
1562.157061
70
0
0
VERTEX
8
Layer 1
10
1985.490737
20
1536.121882
70
0
0
VERTEX
8
Layer 1
10
1987.002500
20
1510.080824
70
0
0
VERTEX
8
Layer 1
10
1988.671961
20
1484.034545
70
0
0
VERTEX
8
Layer 1
10
1990.499326
20
1457.983701
70
0
0
VERTEX
8
Layer 1
10
1992.484800
20
1431.928950
70
0
0
SEQEND
8
Layer 1
0
POLYLINE
8
Layer 1
62
7
70
0
10
0.000000
20
0.000000
66
1
0
VERTEX
8
Layer 1
10
2953.421500
20
4510.810300
70
0
0
VERTEX
8
Layer 1
10
3308.157300
20
4210.651100
70
0
0
SEQEND
8
Layer 1
0
POLYLINE
8
Layer 1
62
7
70
0
10
0.000000
20
0.000000
66
1
0
VERTEX
8
Layer 1
10
3308.157300
20
4210.651100
70
0
0
VERTEX
8
Layer 1
10
3293.131448
20
4192.764475
70
0
0
VERTEX
8
Layer 1
10
3278.245756
20
4174.786348
70
0
0
VERTEX
8
Layer 1
10
3263.500436
20
4156.717541
70
0
0
VERTEX
8
Layer 1
10
3248.895702
20
4138.558876
70
0
0
VERTEX
8
Layer 1
10
3234.431766
20
4120.311177
70
0
0
VERTEX
8
Layer 1
10
3220.108840
20
4101.975265
70
0
0
VERTEX
8
Layer 1
10
3205.927138
20
4083.551963
70
0
0
VERTEX
8
Layer 1
10
3191.886871
20
4065.042093
70
0
0
VERTEX
8
Layer 1
10
3177.988252
20
4046.446478
70
0
0
VERTEX
8
Layer 1
10
3164.231495
20
4027.765939
70
0
0
VERTEX
8
Layer 1
10
3150.616810
20
4009.001299
70
0
0
VERTEX
8
Layer 1
10
3137.144412
20
3990.153381
70
0
0
VERTEX
8
Layer 1
10
3123.814512
20
3971.223007
70
0
0
VERTEX
8
Layer 1
10
3110.627323
20
3952.210999
70
0
0
VERTEX
8
Layer 1
10
3097.583058
20
3933.118180
70
0
0
VERTEX
8
Layer 1
10
3084.681930
20
3913.945372
70
0
0
VERTEX
8
Layer 1
10
3071.924150
20
3894.693397
70
0
0
VERTEX
8
Layer 1
10
3059.309931
20
3875.363078
70
0
0
VERTEX
8
Layer 1
10
3046.839487
20
3855.955237
70
0
0
VERTEX
8
Layer 1
10
3034.513029
20
3836.470696
70
0
0
VERTEX
8
Layer 1
10
3022.330771
20
3816.910278
70
0
0
VERTEX
8
Layer 1
10
3010.292924
20
3797.274805
70
0
0
VERTEX
8
Layer 1
10
2998.399702
20
3777.565100
70
0
0
VERTEX
8
Layer 1
10
2986.651317
20
3757.781984
70
0
0
VERTEX
8
Layer 1
10
2975.047981
20
3737.926281
70
0
0
VERTEX
8
Layer 1
10
2963.589907
20
3717.998812
70
0
0
VERTEX
8
Layer 1
10
2952.277308
20
3698.000401
70
0
0
VERTEX
8
Layer 1
10
2941.110396
20
3677.931868
70
0
0
VERTEX
8
Layer 1
10
2930.089384
20
3657.794037
70
0
0
VERTEX
8
Layer 1
10
2919.214485
20
3637.587730
70
0
0
VERTEX
8
Layer 1
10
2908.485910
20
3617.313770
70
0
0
VERTEX
8
Layer 1
10
2897.903873
20
3596.972978
70
0
0
VERTEX
8
Layer 1
10
2887.468586
20
3576.566178
70
0
0
VERTEX
8
Layer 1
10
2877.180262
20
3556.094190
70
0
0
VERTEX
8
Layer 1
10
2867.039114
20
3535.557839
70
0
0
VERTEX
8
Layer 1
10
2857.045353
20
3514.957946
70
0
0
VERTEX
8
Layer 1
10
2847.199193
20
3494.295333
70
0
0
VERTEX
8
Layer 1
10
2837.500845
20
3473.570823
70
0
0
VERTEX
8
Layer 1
10
2827.950524
20
3452.785239
70
0
0
VERTEX
8
Layer 1
10
2818.548440
20
3431.939402
70
0
0
VERTEX
8
Layer 1
10
2809.294808
20
3411.034135
70
0
0
VERTEX
8
Layer 1
10
2800.189839
20
3390.070260
70
0
0
VERTEX
8
Layer 1
10
2791.233745
20
3369.048600
70
0
0
VERTEX
8
Layer 1
10
2782.426741
20
3347.969977
70
0
0
VERTEX
8
Layer 1
10
2773.769037
20
3326.835214
70
0
0
VERTEX
8
Layer 1
10
2765.260847
20
3305.645132
70
0
0
VERTEX
8
Layer 1
10
2756.902384
20
3284.400554
70
0
0
VERTEX
8
Layer 1
10
2748.693859
20
3263.102303
70
0
0
VERTEX
8
Layer 1
10
2740.635486
20
3241.751201
70
0
0
VERTEX
8
Layer 1
10
2732.727477
20
3220.348070
70
0
0
VERTEX
8
Layer 1
10
2724.970044
20
3198.893732
70
0
0
VERTEX
8
Layer 1
10
2717.363401
20
3177.389010
70
0
0
VERTEX
8
Layer 1
10
2709.907759
20
3155.834727
70
0
0
VERTEX
8
Layer 1
10
2702.603332
20
3134.231704
70
0
0
VERTEX
8
Layer 1
10
2695.450331
20
3112.580765
70
0
0
VERTEX
8
Layer 1
10
2688.448970
20
3090.882730
70
0
0
VERTEX
8
Layer 1
10
2681.599462
20
3069.138423
70
0
0
VERTEX
8
Layer 1
10
2674.902017
20
3047.348667
70
0
0
VERTEX
8
Layer 1
10
2668.356851
20
3025.514283
70
0
0
VERTEX
8
Layer 1
10
2661.964173
20
3003.636093
70
0
0
VERTEX
8
Layer 1
10
2655.724199
20
2981.714921
70
0
0
VERTEX
8
Layer 1
10
2649.637139
20
2959.751588
70
0
0
VERTEX
8
Layer 1
10
2643.703207
20
2937.746917
70
0
0
VERTEX
8
Layer 1
10
2637.922615
20
2915.701731
70
0
0
VERTEX
8
Layer 1
10
2632.295576
20
2893.616851
70
0
0
VERTEX
8
Layer 1
10
2626.822302
20
2871.493100
70
0
0
VERTEX
8
Layer 1
10
2621.503006
20
2849.331300
70
0
0
VERTEX
8
Layer 1
10
2616.337900
20
2827.132274
70
0
0
VERTEX
8
Layer 1
10
2611.327198
20
2804.896844
70
0
0
VERTEX
8
Layer 1
10
2606.471111
20
2782.625832
70
0
0
VERTEX
8
Layer 1
10
2601.769852
20
2760.320061
70
0
0
VERTEX
8
Layer 1
10
2597.223634
20
2737.980353
70
0
0
VERTEX
8
Layer 1
10
2592.832670
20
2715.607531
70
0
0
VERTEX
8
Layer 1
10
2588.597171
20
2693.202416
70
0
0
VERTEX
8
Layer 1
10
2584.517351
20
2670.765832
70
0
0
VERTEX
8
Layer 1
10
2580.593422
20
2648.298600
70
0
0
VERTEX
8
Layer 1
10
2576.825597
20
2625.801543
70
0
0
VERTEX
8
Layer 1
10
2573.214088
20
2603.275483
70
0
0
VERTEX
8
Layer 1
10
2569.759108
20
2580.721243
70
0
0
VERTEX
8
Layer 1
10
2566.460869
20
2558.139645
70
0
0
VERTEX
8
Layer 1
10
2563.319585
20
2535.531511
70
0
0
VERTEX
8
Layer 1
10
2560.335466
20
2512.897664
70
0
0
VERTEX
8
Layer 1
10
2557.508727
20
2490.238926
70
0
0
VERTEX
8
Layer 1
10
2554.839580
20
2467.556120
70
0
0
VERTEX
8
Layer 1
10
2552.328237
20
2444.850067
70
0
0
VERTEX
8
Layer 1
10
2549.974911
20
2422.121590
70
0
0
VERTEX
8
Layer 1
10
2547.779815
20
2399.371512
70
0
0
VERTEX
8
Layer 1
10
2545.743161
20
2376.600655
70
0
0
VERTEX
8
Layer 1
10
2543.865161
20
2353.809841
70
0
0
VERTEX
8
Layer 1
10
2542.146028
20
2330.999892
70
0
0
VERTEX
8
Layer 1
10
2540.585976
20
2308.171632
70
0
0
VERTEX
8
Layer 1
10
2539.185215
20
2285.325881
70
0
0
VERTEX
8
Layer 1
10
2537.943960
20
2262.463464
70
0
0
VERTEX
8
Layer 1
10
2536.862422
20
2239.585201
70
0
0
VERTEX
8
Layer 1
10
2535.940814
20
2216.691916
70
0
0
VERTEX
8
Layer 1
10
2535.179349
20
2193.784430
70
0
0
VERTEX
8
Layer 1
10
2534.578240
20
2170.863567
70
0
0
VERTEX
8
Layer 1
10
2534.137698
20
2147.930148
70
0
0
VERTEX
8
Layer 1
10
2533.857937
20
2124.984996
70
0
0
VERTEX
8
Layer 1
10
2533.739168
20
2102.028933
70
0
0
VERTEX
8
Layer 1
10
2533.781606
20
2079.062781
70
0
0
VERTEX
8
Layer 1
10
2533.985461
20
2056.087364
70
0
0
VERTEX
8
Layer 1
10
2534.350947
20
2033.103502
70
0
0
VERTEX
8
Layer 1
10
2534.878277
20
2010.112020
70
0
0
VERTEX
8
Layer 1
10
2535.567662
20
1987.113738
70
0
0
VERTEX
8
Layer 1
10
2536.419316
20
1964.109479
70
0
0
VERTEX
8
Layer 1
10
2537.433451
20
1941.100067
70
0
0
VERTEX
8
Layer 1
10
2538.610280
20
1918.086322
70
0
0
VERTEX
8
Layer 1
10
2539.950015
20
1895.069068
70
0
0
VERTEX
8
Layer 1
10
2541.452869
20
1872.049126
70
0
0
VERTEX
8
Layer 1
10
2543.119054
20
1849.027320
70
0
0
VERTEX
8
Layer 1
10
2544.948784
20
1826.004471
70
0
0
VERTEX
8
Layer 1
10
2546.942270
20
1802.981402
70
0
0
VERTEX
8
Layer 1
10
2549.099725
20
1779.958935
70
0
0
VERTEX
8
Layer 1
10
2551.421361
20
1756.937892
70
0
0
VERTEX
8
Layer 1
10
2553.907392
20
1733.919097
70
0
0
VERTEX
8
Layer 1
10
2556.558030
20
1710.903371
70
0
0
VERTEX
8
Layer 1
10
2559.373488
20
1687.891536
70
0
0
VERTEX
8
Layer 1
10
2562.353977
20
1664.884416
70
0
0
VERTEX
8
Layer 1
10
2565.499711
20
1641.882831
70
0
0
VERTEX
8
Layer 1
10
2568.810902
20
1618.887606
70
0
0
VERTEX
8
Layer 1
10
2572.287763
20
1595.899562
70
0
0
VERTEX
8
Layer 1
10
2575.930507
20
1572.919521
70
0
0
VERTEX
8
Layer 1
10
2579.739345
20
1549.948305
70
0
0
VERTEX
8
Layer 1
10
2583.714491
20
1526.986738
70
0
0
VERTEX
8
Layer 1
10
2587.856157
20
1504.035642
70
0
0
VERTEX
8
Layer 1
10
2592.164556
20
1481.095838
70
0
0
VERTEX
8
Layer 1
10
2596.639900
20
1458.168150
70
0
0
SEQEND
8
Layer 1
0
POLYLINE
8
Layer 1
62
7
70
0
10
0.000000
20
0.000000
66
1
0
VERTEX
8
Layer 1
10
2596.639900
20
1458.168150
70
0
0
VERTEX
8
Layer 1
10
2597.255915
20
1446.960583
70
0
0
VERTEX
8
Layer 1
10
2598.128710
20
1435.780541
70
0
0
VERTEX
8
Layer 1
10
2599.257290
20
1424.632337
70
0
0
VERTEX
8
Layer 1
10
2600.640657
20
1413.520284
70
0
0
VERTEX
8
Layer 1
10
2602.277814
20
1402.448696
70
0
0
VERTEX
8
Layer 1
10
2604.167766
20
1391.421886
70
0
0
VERTEX
8
Layer 1
10
2606.309516
20
1380.444168
70
0
0
VERTEX
8
Layer 1
10
2608.702066
20
1369.519855
70
0
0
VERTEX
8
Layer 1
10
2611.344420
20
1358.653261
70
0
0
VERTEX
8
Layer 1
10
2614.235582
20
1347.848699
70
0
0
VERTEX
8
Layer 1
10
2617.374555
20
1337.110482
70
0
0
VERTEX
8
Layer 1
10
2620.760342
20
1326.442924
70
0
0
VERTEX
8
Layer 1
10
2624.391947
20
1315.850338
70
0
0
VERTEX
8
Layer 1
10
2628.268372
20
1305.337038
70
0
0
VERTEX
8
Layer 1
10
2632.388622
20
1294.907338
70
0
0
VERTEX
8
Layer 1
10
2636.751700
20
1284.565550
70
0
0
SEQEND
8
Layer 1
0
POLYLINE
8
Layer 1
62
7
70
0
10
0.000000
20
0.000000
66
1
0
VERTEX
8
Layer 1
10
1975.984900
20
1241.685120
70
0
0
VERTEX
8
Layer 1
10
1983.100836
20
1230.944208
70
0
0
VERTEX
8
Layer 1
10
1990.543215
20
1220.498295
70
0
0
VERTEX
8
Layer 1
10
1998.302646
20
1210.352135
70
0
0
VERTEX
8
Layer 1
10
2006.369741
20
1200.510488
70
0
0
VERTEX
8
Layer 1
10
2014.735110
20
1190.978109
70
0
0
VERTEX
8
Layer 1
10
2023.389364
20
1181.759756
70
0
0
VERTEX
8
Layer 1
10
2032.323111
20
1172.860185
70
0
0
VERTEX
8
Layer 1
10
2041.526965
20
1164.284153
70
0
0
VERTEX
8
Layer 1
10
2050.991533
20
1156.036417
70
0
0
VERTEX
8
Layer 1
10
2060.707428
20
1148.121734
70
0
0
VERTEX
8
Layer 1
10
2070.665260
20
1140.544861
70
0
0
VERTEX
8
Layer 1
10
2080.855638
20
1133.310555
70
0
0
VERTEX
8
Layer 1
10
2091.269173
20
1126.423573
70
0
0
VERTEX
8
Layer 1
10
2101.896477
20
1119.888671
70
0
0
VERTEX
8
Layer 1
10
2112.728159
20
1113.710607
70
0
0
VERTEX
8
Layer 1
10
2123.754829
20
1107.894137
70
0
0
VERTEX
8
Layer 1
10
2134.967099
20
1102.444018
70
0
0
VERTEX
8
Layer 1
10
2146.355579
20
1097.365007
70
0
0
VERTEX
8
Layer 1
10
2157.910878
20
1092.661862
70
0
0
VERTEX
8
Layer 1
10
2169.623608
20
1088.339338
70
0
0
VERTEX
8
Layer 1
10
2181.484379
20
1084.402193
70
0
0
VERTEX
8
Layer 1
10
2193.483801
20
1080.855184
70
0
0
VERTEX
8
Layer 1
10
2205.612485
20
1077.703068
70
0
0
VERTEX
8
Layer 1
10
2217.861041
20
1074.950601
70
0
0
VERTEX
8
Layer 1
10
2230.220081
20
1072.602541
70
0
0
VERTEX
8
Layer 1
10
2242.680213
20
1070.663643
70
0
0
VERTEX
8
Layer 1
10
2255.232049
20
1069.138666
70
0
0
VERTEX
8
Layer 1
10
2267.866199
20
1068.032367
70
0
0
VERTEX
8
Layer 1
10
2280.573273
20
1067.349501
70
0
0
VERTEX
8
Layer 1
10
2293.343882
20
1067.094826
70
0
0
VERTEX
8
Layer 1
10
2306.168637
20
1067.273098
70
0
0
VERTEX
8
Layer 1
10
2319.038148
20
1067.889076
70
0
0
VERTEX
8
Layer 1
10
2331.879329
20
1068.941593
70
0
0
VERTEX
8
Layer 1
10
2344.619559
20
1070.422358
70
0
0
VERTEX
8
Layer 1
10
2357.250140
20
1072.325442
70
0
0
VERTEX
8
Layer 1
10
2369.762378
20
1074.644914
70
0
0
VERTEX
8
Layer 1
10
2382.147576
20
1077.374844
70
0
0
VERTEX
8
Layer 1
10
2394.397038
20
1080.509300
70
0
0
VERTEX
8
Layer 1
10
2406.502069
20
1084.042352
70
0
0
VERTEX
8
Layer 1
10
2418.453971
20
1087.968070
70
0
0
VERTEX
8
Layer 1
10
2430.244050
20
1092.280523
70
0
0
VERTEX
8
Layer 1
10
2441.863609
20
1096.973780
70
0
0
VERTEX
8
Layer 1
10
2453.303952
20
1102.041912
70
0
0
VERTEX
8
Layer 1
10
2464.556383
20
1107.478987
70
0
0
VERTEX
8
Layer 1
10
2475.612207
20
1113.279074
70
0
0
VERTEX
8
Layer 1
10
2486.462727
20
1119.436244
70
0
0
VERTEX
8
Layer 1
10
2497.099247
20
1125.944566
70
0
0
VERTEX
8
Layer 1
10
2507.513071
20
1132.798109
70
0
0
VERTEX
8
Layer 1
10
2517.695503
20
1139.990943
70
0
0
VERTEX
8
Layer 1
10
2527.637848
20
1147.517137
70
0
0
VERTEX
8
Layer 1
10
2537.331409
20
1155.370760
70
0
0
VERTEX
8
Layer 1
10
2546.767490
20
1163.545883
70
0
0
VERTEX
8
Layer 1
10
2555.937395
20
1172.036573
70
0
0
VERTEX
8
Layer 1
10
2564.832429
20
1180.836902
70
0
0
VERTEX
8
Layer 1
10
2573.443895
20
1189.940938
70
0
0
VERTEX
8
Layer 1
10
2581.763097
20
1199.342751
70
0
0
VERTEX
8
Layer 1
10
2589.781339
20
1209.036410
70
0
0
VERTEX
8
Layer 1
10
2597.489926
20
1219.015984
70
0
0
VERTEX
8
Layer 1
10
2604.880161
20
1229.275544
70
0
0
VERTEX
8
Layer 1
10
2611.943348
20
1239.809158
70
0
0
VERTEX
8
Layer 1
10
2618.670792
20
1250.610897
70
0
0
VERTEX
8
Layer 1
10
2625.053796
20
1261.674828
70
0
0
VERTEX
8
Layer 1
10
2631.083664
20
1272.995023
70
0
0
VERTEX
8
Layer 1
10
2636.751700
20
1284.565550
70
0
0
SEQEND
8
Layer 1
0
POLYLINE
8
Layer 1
62
7
70
0
10
0.000000
20
0.000000
66
1
0
VERTEX
8
Layer 1
10
3393.120500
20
1009.198700
70
0
0
VERTEX
8
Layer 1
10
3392.425400
20
1011.385113
70
0
0
VERTEX
8
Layer 1
10
3391.342221
20
1013.330155
70
0
0
VERTEX
8
Layer 1
10
3389.924780
20
1014.998665
70
0
0
VERTEX
8
Layer 1
10
3388.226895
20
1016.355479
70
0
0
VERTEX
8
Layer 1
10
3386.302383
20
1017.365435
70
0
0
VERTEX
8
Layer 1
10
3384.205062
20
1017.993371
70
0
0
VERTEX
8
Layer 1
10
3381.988747
20
1018.204123
70
0
0
VERTEX
8
Layer 1
10
3379.707257
20
1017.962530
70
0
0
VERTEX
8
Layer 1
10
3377.519746
20
1017.270892
70
0
0
VERTEX
8
Layer 1
10
3375.572991
20
1016.190794
70
0
0
VERTEX
8
Layer 1
10
3373.902240
20
1014.775997
70
0
0
VERTEX
8
Layer 1
10
3372.542739
20
1013.080263
70
0
0
VERTEX
8
Layer 1
10
3371.529737
20
1011.157353
70
0
0
VERTEX
8
Layer 1
10
3370.898481
20
1009.061028
70
0
0
VERTEX
8
Layer 1
10
3370.684219
20
1006.845050
70
0
0
VERTEX
8
Layer 1
10
3370.922200
20
1004.563180
70
0
0
VERTEX
8
Layer 1
10
3371.617300
20
1002.376767
70
0
0
VERTEX
8
Layer 1
10
3372.700479
20
1000.431725
70
0
0
VERTEX
8
Layer 1
10
3374.117920
20
998.763215
70
0
0
VERTEX
8
Layer 1
10
3375.815805
20
997.406401
70
0
0
VERTEX
8
Layer 1
10
3377.740317
20
996.396445
70
0
0
VERTEX
8
Layer 1
10
3379.837638
20
995.768509
70
0
0
VERTEX
8
Layer 1
10
3382.053953
20
995.557757
70
0
0
VERTEX
8
Layer 1
10
3384.335443
20
995.799350
70
0
0
VERTEX
8
Layer 1
10
3386.522954
20
996.490988
70
0
0
VERTEX
8
Layer 1
10
3388.469709
20
997.571086
70
0
0
VERTEX
8
Layer 1
10
3390.140460
20
998.985883
70
0
0
VERTEX
8
Layer 1
10
3391.499961
20
1000.681617
70
0
0
VERTEX
8
Layer 1
10
3392.512963
20
1002.604527
70
0
0
VERTEX
8
Layer 1
10
3393.144219
20
1004.700852
70
0
0
VERTEX
8
Layer 1
10
3393.358481
20
1006.916830
70
0
0
VERTEX
8
Layer 1
10
3393.120500
20
1009.198700
70
0
0
VERTEX
8
Layer 1
10
3393.120500
20
1009.198700
70
0
0
SEQEND
8
Layer 1
0
POLYLINE
8
Layer 1
62
7
70
0
10
0.000000
20
0.000000
66
1
0
VERTEX
8
Layer 1
10
3368.739400
20
362.283060
70
0
0
VERTEX
8
Layer 1
10
3368.041886
20
364.466212
70
0
0
VERTEX
8
Layer 1
10
3366.957371
20
366.408028
70
0
0
VERTEX
8
Layer 1
10
3365.539542
20
368.073490
70
0
0
VERTEX
8
Layer 1
10
3363.842085
20
369.427579
70
0
0
VERTEX
8
Layer 1
10
3361.918687
20
370.435278
70
0
0
VERTEX
8
Layer 1
10
3359.823033
20
371.061569
70
0
0
VERTEX
8
Layer 1
10
3357.608811
20
371.271432
70
0
0
VERTEX
8
Layer 1
10
3355.329707
20
371.029849
70
0
0
VERTEX
8
Layer 1
10
3353.144393
20
370.339137
70
0
0
VERTEX
8
Layer 1
10
3351.199209
20
369.260675
70
0
0
VERTEX
8
Layer 1
10
3349.529340
20
367.848039
70
0
0
VERTEX
8
Layer 1
10
3348.169971
20
366.154807
70
0
0
VERTEX
8
Layer 1
10
3347.156287
20
364.234556
70
0
0
VERTEX
8
Layer 1
10
3346.523474
20
362.140863
70
0
0
VERTEX
8
Layer 1
10
3346.306716
20
359.927305
70
0
0
VERTEX
8
Layer 1
10
3346.541200
20
357.647460
70
0
0
VERTEX
8
Layer 1
10
3347.238714
20
355.464308
70
0
0
VERTEX
8
Layer 1
10
3348.323229
20
353.522492
70
0
0
VERTEX
8
Layer 1
10
3349.741058
20
351.857030
70
0
0
VERTEX
8
Layer 1
10
3351.438515
20
350.502941
70
0
0
VERTEX
8
Layer 1
10
3353.361913
20
349.495242
70
0
0
VERTEX
8
Layer 1
10
3355.457567
20
348.868951
70
0
0
VERTEX
8
Layer 1
10
3357.671789
20
348.659088
70
0
0
VERTEX
8
Layer 1
10
3359.950893
20
348.900671
70
0
0
VERTEX
8
Layer 1
10
3362.136207
20
349.591383
70
0
0
VERTEX
8
Layer 1
10
3364.081391
20
350.669845
70
0
0
VERTEX
8
Layer 1
10
3365.751260
20
352.082481
70
0
0
VERTEX
8
Layer 1
10
3367.110629
20
353.775713
70
0
0
VERTEX
8
Layer 1
10
3368.124313
20
355.695964
70
0
0
VERTEX
8
Layer 1
10
3368.757126
20
357.789657
70
0
0
VERTEX
8
Layer 1
10
3368.973884
20
360.003215
70
0
0
VERTEX
8
Layer 1
10
3368.739400
20
362.283060
70
0
0
VERTEX
8
Layer 1
10
3368.739400
20
362.283060
70
0
0
SEQEND
8
Layer 1
0
POLYLINE
8
Layer 1
62
7
70
0
10
0.000000
20
0.000000
66
1
0
VERTEX
8
Layer 1
10
3300.583100
20
1280.789010
70
0
0
VERTEX
8
Layer 1
10
3299.890178
20
1282.978374
70
0
0
VERTEX
8
Layer 1
10
3298.808201
20
1284.926336
70
0
0
VERTEX
8
Layer 1
10
3297.391105
20
1286.597602
70
0
0
VERTEX
8
Layer 1
10
3295.692826
20
1287.956880
70
0
0
VERTEX
8
Layer 1
10
3293.767299
20
1288.968875
70
0
0
VERTEX
8
Layer 1
10
3291.668460
20
1289.598294
70
0
0
VERTEX
8
Layer 1
10
3289.450246
20
1289.809844
70
0
0
VERTEX
8
Layer 1
10
3287.166591
20
1289.568231
70
0
0
VERTEX
8
Layer 1
10
3284.977089
20
1288.875745
70
0
0
VERTEX
8
Layer 1
10
3283.028912
20
1287.794156
70
0
0
VERTEX
8
Layer 1
10
3281.357364
20
1286.377393
70
0
0
VERTEX
8
Layer 1
10
3279.997748
20
1284.679384
70
0
0
VERTEX
8
Layer 1
10
3278.985370
20
1282.754059
70
0
0
VERTEX
8
Layer 1
10
3278.355533
20
1280.655345
70
0
0
VERTEX
8
Layer 1
10
3278.143542
20
1278.437173
70
0
0
VERTEX
8
Layer 1
10
3278.384700
20
1276.153470
70
0
0
VERTEX
8
Layer 1
10
3279.077622
20
1273.964106
70
0
0
VERTEX
8
Layer 1
10
3280.159599
20
1272.016144
70
0
0
VERTEX
8
Layer 1
10
3281.576695
20
1270.344878
70
0
0
VERTEX
8
Layer 1
10
3283.274974
20
1268.985600
70
0
0
VERTEX
8
Layer 1
10
3285.200501
20
1267.973605
70
0
0
VERTEX
8
Layer 1
10
3287.299340
20
1267.344186
70
0
0
VERTEX
8
Layer 1
10
3289.517554
20
1267.132636
70
0
0
VERTEX
8
Layer 1
10
3291.801209
20
1267.374249
70
0
0
VERTEX
8
Layer 1
10
3293.990711
20
1268.066735
70
0
0
VERTEX
8
Layer 1
10
3295.938888
20
1269.148324
70
0
0
VERTEX
8
Layer 1
10
3297.610436
20
1270.565087
70
0
0
VERTEX
8
Layer 1
10
3298.970052
20
1272.263096
70
0
0
VERTEX
8
Layer 1
10
3299.982430
20
1274.188421
70
0
0
VERTEX
8
Layer 1
10
3300.612267
20
1276.287135
70
0
0
VERTEX
8
Layer 1
10
3300.824258
20
1278.505307
70
0
0
VERTEX
8
Layer 1
10
3300.583100
20
1280.789010
70
0
0
VERTEX
8
Layer 1
10
3300.583100
20
1280.789010
70
0
0
SEQEND
8
Layer 1
0
POLYLINE
8
Layer 1
62
7
70
0
10
0.000000
20
0.000000
66
1
0
VERTEX
8
Layer 1
10
3341.377700
20
3082.544600
70
0
0
VERTEX
8
Layer 1
10
3340.684885
20
3084.734116
70
0
0
VERTEX
8
Layer 1
10
3339.602965
20
3086.682226
70
0
0
VERTEX
8
Layer 1
10
3338.185882
20
3088.353632
70
0
0
VERTEX
8
Layer 1
10
3336.487578
20
3089.713033
70
0
0
VERTEX
8
Layer 1
10
3334.561996
20
3090.725129
70
0
0
VERTEX
8
Layer 1
10
3332.463076
20
3091.354620
70
0
0
VERTEX
8
Layer 1
10
3330.244762
20
3091.566205
70
0
0
VERTEX
8
Layer 1
10
3327.960995
20
3091.324586
70
0
0
VERTEX
8
Layer 1
10
3325.771392
20
3090.632050
70
0
0
VERTEX
8
Layer 1
10
3323.823143
20
3089.550378
70
0
0
VERTEX
8
Layer 1
10
3322.151557
20
3088.133508
70
0
0
VERTEX
8
Layer 1
10
3320.791939
20
3086.435378
70
0
0
VERTEX
8
Layer 1
10
3319.779598
20
3084.509924
70
0
0
VERTEX
8
Layer 1
10
3319.149840
20
3082.411085
70
0
0
VERTEX
8
Layer 1
10
3318.937971
20
3080.192798
70
0
0
VERTEX
8
Layer 1
10
3319.179300
20
3077.909000
70
0
0
VERTEX
8
Layer 1
10
3319.872115
20
3075.719484
70
0
0
VERTEX
8
Layer 1
10
3320.954035
20
3073.771374
70
0
0
VERTEX
8
Layer 1
10
3322.371118
20
3072.099968
70
0
0
VERTEX
8
Layer 1
10
3324.069422
20
3070.740567
70
0
0
VERTEX
8
Layer 1
10
3325.995004
20
3069.728471
70
0
0
VERTEX
8
Layer 1
10
3328.093924
20
3069.098980
70
0
0
VERTEX
8
Layer 1
10
3330.312238
20
3068.887395
70
0
0
VERTEX
8
Layer 1
10
3332.596005
20
3069.129014
70
0
0
VERTEX
8
Layer 1
10
3334.785608
20
3069.821550
70
0
0
VERTEX
8
Layer 1
10
3336.733857
20
3070.903222
70
0
0
VERTEX
8
Layer 1
10
3338.405443
20
3072.320092
70
0
0
VERTEX
8
Layer 1
10
3339.765061
20
3074.018222
70
0
0
VERTEX
8
Layer 1
10
3340.777402
20
3075.943676
70
0
0
VERTEX
8
Layer 1
10
3341.407160
20
3078.042515
70
0
0
VERTEX
8
Layer 1
10
3341.619029
20
3080.260802
70
0
0
VERTEX
8
Layer 1
10
3341.377700
20
3082.544600
70
0
0
VERTEX
8
Layer 1
10
3341.377700
20
3082.544600
70
0
0
SEQEND
8
Layer 1
0
POLYLINE
8
Layer 1
62
7
70
0
10
0.000000
20
0.000000
66
1
0
VERTEX
8
Layer 1
10
2940.012300
20
3190.952500
70
0
0
VERTEX
8
Layer 1
10
2939.317028
20
3193.138679
70
0
0
VERTEX
8
Layer 1
10
2938.233755
20
3195.083491
70
0
0
VERTEX
8
Layer 1
10
2936.816289
20
3196.751783
70
0
0
VERTEX
8
Layer 1
10
2935.118436
20
3198.108403
70
0
0
VERTEX
8
Layer 1
10
2933.194006
20
3199.118200
70
0
0
VERTEX
8
Layer 1
10
2931.096804
20
3199.746019
70
0
0
VERTEX
8
Layer 1
10
2928.880640
20
3199.956711
70
0
0
VERTEX
8
Layer 1
10
2926.599322
20
3199.715121
70
0
0
VERTEX
8
Layer 1
10
2924.411968
20
3199.023552
70
0
0
VERTEX
8
Layer 1
10
2922.465325
20
3197.943574
70
0
0
VERTEX
8
Layer 1
10
2920.794635
20
3196.528935
70
0
0
VERTEX
8
Layer 1
10
2919.435141
20
3194.833382
70
0
0
VERTEX
8
Layer 1
10
2918.422088
20
3192.910664
70
0
0
VERTEX
8
Layer 1
10
2917.790717
20
3190.814529
70
0
0
VERTEX
8
Layer 1
10
2917.576274
20
3188.598725
70
0
0
VERTEX
8
Layer 1
10
2917.814000
20
3186.317000
70
0
0
VERTEX
8
Layer 1
10
2918.509272
20
3184.130821
70
0
0
VERTEX
8
Layer 1
10
2919.592545
20
3182.186009
70
0
0
VERTEX
8
Layer 1
10
2921.010011
20
3180.517717
70
0
0
VERTEX
8
Layer 1
10
2922.707864
20
3179.161097
70
0
0
VERTEX
8
Layer 1
10
2924.632294
20
3178.151300
70
0
0
VERTEX
8
Layer 1
10
2926.729496
20
3177.523481
70
0
0
VERTEX
8
Layer 1
10
2928.945660
20
3177.312789
70
0
0
VERTEX
8
Layer 1
10
2931.226978
20
3177.554379
70
0
0
VERTEX
8
Layer 1
10
2933.414332
20
3178.245948
70
0
0
VERTEX
8
Layer 1
10
2935.360975
20
3179.325926
70
0
0
VERTEX
8
Layer 1
10
2937.031665
20
3180.740565
70
0
0
VERTEX
8
Layer 1
10
2938.391159
20
3182.436118
70
0
0
VERTEX
8
Layer 1
10
2939.404212
20
3184.358836
70
0
0
VERTEX
8
Layer 1
10
2940.035583
20
3186.454971
70
0
0
VERTEX
8
Layer 1
10
2940.250026
20
3188.670775
70
0
0
VERTEX
8
Layer 1
10
2940.012300
20
3190.952500
70
0
0
VERTEX
8
Layer 1
10
2940.012300
20
3190.952500
70
0
0
SEQEND
8
Layer 1
0
POLYLINE
8
Layer 1
62
7
70
0
10
0.000000
20
0.000000
66
1
0
VERTEX
8
Layer 1
10
3118.925300
20
1269.510340
70
0
0
VERTEX
8
Layer 1
10
3117.810680
20
1274.244507
70
0
0
VERTEX
8
Layer 1
10
3116.472314
20
1278.866733
70
0
0
VERTEX
8
Layer 1
10
3114.917227
20
1283.372421
70
0
0
VERTEX
8
Layer 1
10
3113.152442
20
1287.756976
70
0
0
VERTEX
8
Layer 1
10
3111.184983
20
1292.015798
70
0
0
VERTEX
8
Layer 1
10
3109.021875
20
1296.144293
70
0
0
VERTEX
8
Layer 1
10
3106.670143
20
1300.137863
70
0
0
VERTEX
8
Layer 1
10
3104.136809
20
1303.991911
70
0
0
VERTEX
8
Layer 1
10
3101.428898
20
1307.701841
70
0
0
VERTEX
8
Layer 1
10
3098.553434
20
1311.263054
70
0
0
VERTEX
8
Layer 1
10
3095.517441
20
1314.670956
70
0
0
VERTEX
8
Layer 1
10
3092.327944
20
1317.920948
70
0
0
VERTEX
8
Layer 1
10
3088.991967
20
1321.008433
70
0
0
VERTEX
8
Layer 1
10
3085.516533
20
1323.928816
70
0
0
VERTEX
8
Layer 1
10
3081.908667
20
1326.677499
70
0
0
VERTEX
8
Layer 1
10
3078.175394
20
1329.249885
70
0
0
VERTEX
8
Layer 1
10
3074.323736
20
1331.641378
70
0
0
VERTEX
8
Layer 1
10
3070.360718
20
1333.847380
70
0
0
VERTEX
8
Layer 1
10
3066.293365
20
1335.863295
70
0
0
VERTEX
8
Layer 1
10
3062.128700
20
1337.684525
70
0
0
VERTEX
8
Layer 1
10
3057.873747
20
1339.306475
70
0
0
VERTEX
8
Layer 1
10
3053.535532
20
1340.724546
70
0
0
VERTEX
8
Layer 1
10
3049.121077
20
1341.934143
70
0
0
VERTEX
8
Layer 1
10
3044.637407
20
1342.930668
70
0
0
VERTEX
8
Layer 1
10
3040.091547
20
1343.709524
70
0
0
VERTEX
8
Layer 1
10
3035.490519
20
1344.266115
70
0
0
VERTEX
8
Layer 1
10
3030.841349
20
1344.595844
70
0
0
VERTEX
8
Layer 1
10
3026.151060
20
1344.694114
70
0
0
VERTEX
8
Layer 1
10
3021.426677
20
1344.556327
70
0
0
VERTEX
8
Layer 1
10
3016.675223
20
1344.177888
70
0
0
VERTEX
8
Layer 1
10
3011.903724
20
1343.554199
70
0
0
VERTEX
8
Layer 1
10
3007.119202
20
1342.680663
70
0
0
VERTEX
8
Layer 1
10
3002.384939
20
1341.566453
70
0
0
VERTEX
8
Layer 1
10
2997.762597
20
1340.228488
70
0
0
VERTEX
8
Layer 1
10
2993.256774
20
1338.673790
70
0
0
VERTEX
8
Layer 1
10
2988.872067
20
1336.909385
70
0
0
VERTEX
8
Layer 1
10
2984.613073
20
1334.942295
70
0
0
VERTEX
8
Layer 1
10
2980.484391
20
1332.779545
70
0
0
VERTEX
8
Layer 1
10
2976.490618
20
1330.428157
70
0
0
VERTEX
8
Layer 1
10
2972.636351
20
1327.895157
70
0
0
VERTEX
8
Layer 1
10
2968.926187
20
1325.187567
70
0
0
VERTEX
8
Layer 1
10
2965.364724
20
1322.312412
70
0
0
VERTEX
8
Layer 1
10
2961.956560
20
1319.276714
70
0
0
VERTEX
8
Layer 1
10
2958.706292
20
1316.087499
70
0
0
VERTEX
8
Layer 1
10
2955.618517
20
1312.751789
70
0
0
VERTEX
8
Layer 1
10
2952.697834
20
1309.276608
70
0
0
VERTEX
8
Layer 1
10
2949.948838
20
1305.668980
70
0
0
VERTEX
8
Layer 1
10
2947.376129
20
1301.935929
70
0
0
VERTEX
8
Layer 1
10
2944.984303
20
1298.084478
70
0
0
VERTEX
8
Layer 1
10
2942.777958
20
1294.121651
70
0
0
VERTEX
8
Layer 1
10
2940.761691
20
1290.054472
70
0
0
VERTEX
8
Layer 1
10
2938.940100
20
1285.889965
70
0
0
VERTEX
8
Layer 1
10
2937.317782
20
1281.635153
70
0
0
VERTEX
8
Layer 1
10
2935.899335
20
1277.297060
70
0
0
VERTEX
8
Layer 1
10
2934.689357
20
1272.882710
70
0
0
VERTEX
8
Layer 1
10
2933.692444
20
1268.399127
70
0
0
VERTEX
8
Layer 1
10
2932.913194
20
1263.853334
70
0
0
VERTEX
8
Layer 1
10
2932.356204
20
1259.252354
70
0
0
VERTEX
8
Layer 1
10
2932.026073
20
1254.603212
70
0
0
VERTEX
8
Layer 1
10
2931.927397
20
1249.912932
70
0
0
VERTEX
8
Layer 1
10
2932.064775
20
1245.188537
70
0
0
VERTEX
8
Layer 1
10
2932.442803
20
1240.437051
70
0
0
VERTEX
8
Layer 1
10
2933.066079
20
1235.665497
70
0
0
VERTEX
8
Layer 1
10
2933.939200
20
1230.880900
70
0
0
VERTEX
8
Layer 1
10
2935.053820
20
1226.146733
70
0
0
VERTEX
8
Layer 1
10
2936.392186
20
1221.524507
70
0
0
VERTEX
8
Layer 1
10
2937.947273
20
1217.018819
70
0
0
VERTEX
8
Layer 1
10
2939.712058
20
1212.634264
70
0
0
VERTEX
8
Layer 1
10
2941.679517
20
1208.375442
70
0
0
VERTEX
8
Layer 1
10
2943.842625
20
1204.246947
70
0
0
VERTEX
8
Layer 1
10
2946.194357
20
1200.253377
70
0
0
VERTEX
8
Layer 1
10
2948.727691
20
1196.399329
70
0
0
VERTEX
8
Layer 1
10
2951.435602
20
1192.689399
70
0
0
VERTEX
8
Layer 1
10
2954.311066
20
1189.128186
70
0
0
VERTEX
8
Layer 1
10
2957.347059
20
1185.720284
70
0
0
VERTEX
8
Layer 1
10
2960.536556
20
1182.470292
70
0
0
VERTEX
8
Layer 1
10
2963.872533
20
1179.382807
70
0
0
VERTEX
8
Layer 1
10
2967.347967
20
1176.462424
70
0
0
VERTEX
8
Layer 1
10
2970.955833
20
1173.713741
70
0
0
VERTEX
8
Layer 1
10
2974.689106
20
1171.141355
70
0
0
VERTEX
8
Layer 1
10
2978.540764
20
1168.749862
70
0
0
VERTEX
8
Layer 1
10
2982.503782
20
1166.543860
70
0
0
VERTEX
8
Layer 1
10
2986.571135
20
1164.527945
70
0
0
VERTEX
8
Layer 1
10
2990.735800
20
1162.706715
70
0
0
VERTEX
8
Layer 1
10
2994.990753
20
1161.084765
70
0
0
VERTEX
8
Layer 1
10
2999.328968
20
1159.666694
70
0
0
VERTEX
8
Layer 1
10
3003.743423
20
1158.457097
70
0
0
VERTEX
8
Layer 1
10
3008.227093
20
1157.460572
70
0
0
VERTEX
8
Layer 1
10
3012.772953
20
1156.681716
70
0
0
VERTEX
8
Layer 1
10
3017.373981
20
1156.125125
70
0
0
VERTEX
8
Layer 1
10
3022.023151
20
1155.795396
70
0
0
VERTEX
8
Layer 1
10
3026.713440
20
1155.697126
70
0
0
VERTEX
8
Layer 1
10
3031.437823
20
1155.834913
70
0
0
VERTEX
8
Layer 1
10
3036.189277
20
1156.213352
70
0
0
VERTEX
8
Layer 1
10
3040.960776
20
1156.837041
70
0
0
VERTEX
8
Layer 1
10
3045.745298
20
1157.710577
70
0
0
VERTEX
8
Layer 1
10
3050.479561
20
1158.824787
70
0
0
VERTEX
8
Layer 1
10
3055.101903
20
1160.162752
70
0
0
VERTEX
8
Layer 1
10
3059.607726
20
1161.717450
70
0
0
VERTEX
8
Layer 1
10
3063.992433
20
1163.481855
70
0
0
VERTEX
8
Layer 1
10
3068.251427
20
1165.448945
70
0
0
VERTEX
8
Layer 1
10
3072.380109
20
1167.611695
70
0
0
VERTEX
8
Layer 1
10
3076.373882
20
1169.963083
70
0
0
VERTEX
8
Layer 1
10
3080.228149
20
1172.496083
70
0
0
VERTEX
8
Layer 1
10
3083.938313
20
1175.203673
70
0
0
VERTEX
8
Layer 1
10
3087.499776
20
1178.078828
70
0
0
VERTEX
8
Layer 1
10
3090.907940
20
1181.114526
70
0
0
VERTEX
8
Layer 1
10
3094.158208
20
1184.303741
70
0
0
VERTEX
8
Layer 1
10
3097.245983
20
1187.639451
70
0
0
VERTEX
8
Layer 1
10
3100.166666
20
1191.114632
70
0
0
VERTEX
8
Layer 1
10
3102.915662
20
1194.722260
70
0
0
VERTEX
8
Layer 1
10
3105.488371
20
1198.455311
70
0
0
VERTEX
8
Layer 1
10
3107.880197
20
1202.306762
70
0
0
VERTEX
8
Layer 1
10
3110.086542
20
1206.269589
70
0
0
VERTEX
8
Layer 1
10
3112.102809
20
1210.336768
70
0
0
VERTEX
8
Layer 1
10
3113.924400
20
1214.501275
70
0
0
VERTEX
8
Layer 1
10
3115.546718
20
1218.756087
70
0
0
VERTEX
8
Layer 1
10
3116.965165
20
1223.094180
70
0
0
VERTEX
8
Layer 1
10
3118.175143
20
1227.508530
70
0
0
VERTEX
8
Layer 1
10
3119.172056
20
1231.992113
70
0
0
VERTEX
8
Layer 1
10
3119.951306
20
1236.537906
70
0
0
VERTEX
8
Layer 1
10
3120.508296
20
1241.138886
70
0
0
VERTEX
8
Layer 1
10
3120.838427
20
1245.788028
70
0
0
VERTEX
8
Layer 1
10
3120.937103
20
1250.478308
70
0
0
VERTEX
8
Layer 1
10
3120.799725
20
1255.202703
70
0
0
VERTEX
8
Layer 1
10
3120.421697
20
1259.954189
70
0
0
VERTEX
8
Layer 1
10
3119.798421
20
1264.725743
70
0
0
VERTEX
8
Layer 1
10
3118.925300
20
1269.510340
70
0
0
VERTEX
8
Layer 1
10
3118.925300
20
1269.510340
70
0
0
SEQEND
8
Layer 1
0
POLYLINE
8
Layer 1
62
7
70
0
10
0.000000
20
0.000000
66
1
0
VERTEX
8
Layer 1
10
3222.088900
20
3153.745500
70
0
0
VERTEX
8
Layer 1
10
3220.974349
20
3158.479746
70
0
0
VERTEX
8
Layer 1
10
3219.636044
20
3163.102052
70
0
0
VERTEX
8
Layer 1
10
3218.081011
20
3167.607821
70
0
0
VERTEX
8
Layer 1
10
3216.316273
20
3171.992455
70
0
0
VERTEX
8
Layer 1
10
3214.348856
20
3176.251358
70
0
0
VERTEX
8
Layer 1
10
3212.185783
20
3180.379932
70
0
0
VERTEX
8
Layer 1
10
3209.834078
20
3184.373580
70
0
0
VERTEX
8
Layer 1
10
3207.300766
20
3188.227706
70
0
0
VERTEX
8
Layer 1
10
3204.592872
20
3191.937712
70
0
0
VERTEX
8
Layer 1
10
3201.717419
20
3195.499001
70
0
0
VERTEX
8
Layer 1
10
3198.681432
20
3198.906975
70
0
0
VERTEX
8
Layer 1
10
3195.491935
20
3202.157039
70
0
0
VERTEX
8
Layer 1
10
3192.155953
20
3205.244595
70
0
0
VERTEX
8
Layer 1
10
3188.680510
20
3208.165045
70
0
0
VERTEX
8
Layer 1
10
3185.072630
20
3210.913793
70
0
0
VERTEX
8
Layer 1
10
3181.339338
20
3213.486241
70
0
0
VERTEX
8
Layer 1
10
3177.487657
20
3215.877793
70
0
0
VERTEX
8
Layer 1
10
3173.524613
20
3218.083851
70
0
0
VERTEX
8
Layer 1
10
3169.457229
20
3220.099818
70
0
0
VERTEX
8
Layer 1
10
3165.292531
20
3221.921098
70
0
0
VERTEX
8
Layer 1
10
3161.037541
20
3223.543093
70
0
0
VERTEX
8
Layer 1
10
3156.699285
20
3224.961205
70
0
0
VERTEX
8
Layer 1
10
3152.284787
20
3226.170839
70
0
0
VERTEX
8
Layer 1
10
3147.801071
20
3227.167397
70
0
0
VERTEX
8
Layer 1
10
3143.255162
20
3227.946281
70
0
0
VERTEX
8
Layer 1
10
3138.654083
20
3228.502895
70
0
0
VERTEX
8
Layer 1
10
3134.004860
20
3228.832642
70
0
0
VERTEX
8
Layer 1
10
3129.314516
20
3228.930924
70
0
0
VERTEX
8
Layer 1
10
3124.590076
20
3228.793144
70
0
0
VERTEX
8
Layer 1
10
3119.838564
20
3228.414706
70
0
0
VERTEX
8
Layer 1
10
3115.067005
20
3227.791012
70
0
0
VERTEX
8
Layer 1
10
3110.282423
20
3226.917465
70
0
0
VERTEX
8
Layer 1
10
3105.548100
20
3225.803238
70
0
0
VERTEX
8
Layer 1
10
3100.925703
20
3224.465250
70
0
0
VERTEX
8
Layer 1
10
3096.419827
20
3222.910526
70
0
0
VERTEX
8
Layer 1
10
3092.035072
20
3221.146089
70
0
0
VERTEX
8
Layer 1
10
3087.776035
20
3219.178963
70
0
0
VERTEX
8
Layer 1
10
3083.647313
20
3217.016172
70
0
0
VERTEX
8
Layer 1
10
3079.653503
20
3214.664741
70
0
0
VERTEX
8
Layer 1
10
3075.799204
20
3212.131693
70
0
0
VERTEX
8
Layer 1
10
3072.089013
20
3209.424053
70
0
0
VERTEX
8
Layer 1
10
3068.527527
20
3206.548844
70
0
0
VERTEX
8
Layer 1
10
3065.119344
20
3203.513090
70
0
0
VERTEX
8
Layer 1
10
3061.869062
20
3200.323816
70
0
0
VERTEX
8
Layer 1
10
3058.781278
20
3196.988046
70
0
0
VERTEX
8
Layer 1
10
3055.860590
20
3193.512803
70
0
0
VERTEX
8
Layer 1
10
3053.111595
20
3189.905111
70
0
0
VERTEX
8
Layer 1
10
3050.538891
20
3186.171995
70
0
0
VERTEX
8
Layer 1
10
3048.147076
20
3182.320478
70
0
0
VERTEX
8
Layer 1
10
3045.940746
20
3178.357585
70
0
0
VERTEX
8
Layer 1
10
3043.924500
20
3174.290340
70
0
0
VERTEX
8
Layer 1
10
3042.102935
20
3170.125766
70
0
0
VERTEX
8
Layer 1
10
3040.480649
20
3165.870887
70
0
0
VERTEX
8
Layer 1
10
3039.062239
20
3161.532728
70
0
0
VERTEX
8
Layer 1
10
3037.852303
20
3157.118313
70
0
0
VERTEX
8
Layer 1
10
3036.855438
20
3152.634665
70
0
0
VERTEX
8
Layer 1
10
3036.076243
20
3148.088809
70
0
0
VERTEX
8
Layer 1
10
3035.519314
20
3143.487769
70
0
0
VERTEX
8
Layer 1
10
3035.189249
20
3138.838568
70
0
0
VERTEX
8
Layer 1
10
3035.090645
20
3134.148231
70
0
0
VERTEX
8
Layer 1
10
3035.228101
20
3129.423782
70
0
0
VERTEX
8
Layer 1
10
3035.606214
20
3124.672244
70
0
0
VERTEX
8
Layer 1
10
3036.229581
20
3119.900642
70
0
0
VERTEX
8
Layer 1
10
3037.102800
20
3115.116000
70
0
0
VERTEX
8
Layer 1
10
3038.217351
20
3110.381754
70
0
0
VERTEX
8
Layer 1
10
3039.555656
20
3105.759448
70
0
0
VERTEX
8
Layer 1
10
3041.110689
20
3101.253679
70
0
0
VERTEX
8
Layer 1
10
3042.875427
20
3096.869045
70
0
0
VERTEX
8
Layer 1
10
3044.842844
20
3092.610142
70
0
0
VERTEX
8
Layer 1
10
3047.005917
20
3088.481568
70
0
0
VERTEX
8
Layer 1
10
3049.357622
20
3084.487920
70
0
0
VERTEX
8
Layer 1
10
3051.890934
20
3080.633794
70
0
0
VERTEX
8
Layer 1
10
3054.598828
20
3076.923788
70
0
0
VERTEX
8
Layer 1
10
3057.474281
20
3073.362499
70
0
0
VERTEX
8
Layer 1
10
3060.510268
20
3069.954525
70
0
0
VERTEX
8
Layer 1
10
3063.699765
20
3066.704461
70
0
0
VERTEX
8
Layer 1
10
3067.035747
20
3063.616905
70
0
0
VERTEX
8
Layer 1
10
3070.511190
20
3060.696455
70
0
0
VERTEX
8
Layer 1
10
3074.119070
20
3057.947707
70
0
0
VERTEX
8
Layer 1
10
3077.852362
20
3055.375259
70
0
0
VERTEX
8
Layer 1
10
3081.704043
20
3052.983707
70
0
0
VERTEX
8
Layer 1
10
3085.667087
20
3050.777649
70
0
0
VERTEX
8
Layer 1
10
3089.734471
20
3048.761682
70
0
0
VERTEX
8
Layer 1
10
3093.899169
20
3046.940402
70
0
0
VERTEX
8
Layer 1
10
3098.154159
20
3045.318407
70
0
0
VERTEX
8
Layer 1
10
3102.492415
20
3043.900295
70
0
0
VERTEX
8
Layer 1
10
3106.906913
20
3042.690661
70
0
0
VERTEX
8
Layer 1
10
3111.390629
20
3041.694103
70
0
0
VERTEX
8
Layer 1
10
3115.936538
20
3040.915219
70
0
0
VERTEX
8
Layer 1
10
3120.537617
20
3040.358605
70
0
0
VERTEX
8
Layer 1
10
3125.186840
20
3040.028858
70
0
0
VERTEX
8
Layer 1
10
3129.877184
20
3039.930576
70
0
0
VERTEX
8
Layer 1
10
3134.601624
20
3040.068356
70
0
0
VERTEX
8
Layer 1
10
3139.353136
20
3040.446794
70
0
0
VERTEX
8
Layer 1
10
3144.124695
20
3041.070488
70
0
0
VERTEX
8
Layer 1
10
3148.909277
20
3041.944035
70
0
0
VERTEX
8
Layer 1
10
3153.643600
20
3043.058262
70
0
0
VERTEX
8
Layer 1
10
3158.265997
20
3044.396250
70
0
0
VERTEX
8
Layer 1
10
3162.771873
20
3045.950974
70
0
0
VERTEX
8
Layer 1
10
3167.156628
20
3047.715411
70
0
0
VERTEX
8
Layer 1
10
3171.415665
20
3049.682537
70
0
0
VERTEX
8
Layer 1
10
3175.544387
20
3051.845328
70
0
0
VERTEX
8
Layer 1
10
3179.538197
20
3054.196759
70
0
0
VERTEX
8
Layer 1
10
3183.392496
20
3056.729807
70
0
0
VERTEX
8
Layer 1
10
3187.102687
20
3059.437447
70
0
0
VERTEX
8
Layer 1
10
3190.664173
20
3062.312656
70
0
0
VERTEX
8
Layer 1
10
3194.072356
20
3065.348410
70
0
0
VERTEX
8
Layer 1
10
3197.322638
20
3068.537684
70
0
0
VERTEX
8
Layer 1
10
3200.410422
20
3071.873454
70
0
0
VERTEX
8
Layer 1
10
3203.331110
20
3075.348697
70
0
0
VERTEX
8
Layer 1
10
3206.080105
20
3078.956389
70
0
0
VERTEX
8
Layer 1
10
3208.652809
20
3082.689505
70
0
0
VERTEX
8
Layer 1
10
3211.044624
20
3086.541022
70
0
0
VERTEX
8
Layer 1
10
3213.250954
20
3090.503915
70
0
0
VERTEX
8
Layer 1
10
3215.267200
20
3094.571160
70
0
0
VERTEX
8
Layer 1
10
3217.088765
20
3098.735734
70
0
0
VERTEX
8
Layer 1
10
3218.711051
20
3102.990613
70
0
0
VERTEX
8
Layer 1
10
3220.129461
20
3107.328772
70
0
0
VERTEX
8
Layer 1
10
3221.339397
20
3111.743187
70
0
0
VERTEX
8
Layer 1
10
3222.336262
20
3116.226835
70
0
0
VERTEX
8
Layer 1
10
3223.115457
20
3120.772691
70
0
0
VERTEX
8
Layer 1
10
3223.672386
20
3125.373731
70
0
0
VERTEX
8
Layer 1
10
3224.002451
20
3130.022932
70
0
0
VERTEX
8
Layer 1
10
3224.101055
20
3134.713269
70
0
0
VERTEX
8
Layer 1
10
3223.963599
20
3139.437718
70
0
0
VERTEX
8
Layer 1
10
3223.585486
20
3144.189256
70
0
0
VERTEX
8
Layer 1
10
3222.962119
20
3148.960858
70
0
0
VERTEX
8
Layer 1
10
3222.088900
20
3153.745500
70
0
0
VERTEX
8
Layer 1
10
3222.088900
20
3153.745500
70
0
0
SEQEND
8
Layer 1
0
POLYLINE
8
Layer 1
62
7
70
0
10
0.000000
20
0.000000
66
1
0
VERTEX
8
Layer 1
10
3329.947700
20
169.303160
70
0
0
VERTEX
8
Layer 1
10
3322.910160
20
172.298252
70
0
0
VERTEX
8
Layer 1
10
3315.804144
20
174.991000
70
0
0
VERTEX
8
Layer 1
10
3308.638059
20
177.383159
70
0
0
VERTEX
8
Layer 1
10
3301.420313
20
179.476485
70
0
0
VERTEX
8
Layer 1
10
3294.159314
20
181.272733
70
0
0
VERTEX
8
Layer 1
10
3286.863468
20
182.773661
70
0
0
VERTEX
8
Layer 1
10
3279.541184
20
183.981022
70
0
0
VERTEX
8
Layer 1
10
3272.200869
20
184.896573
70
0
0
VERTEX
8
Layer 1
10
3264.850931
20
185.522070
70
0
0
VERTEX
8
Layer 1
10
3257.499777
20
185.859268
70
0
0
VERTEX
8
Layer 1
10
3250.155814
20
185.909922
70
0
0
VERTEX
8
Layer 1
10
3242.827451
20
185.675790
70
0
0
VERTEX
8
Layer 1
10
3235.523095
20
185.158626
70
0
0
VERTEX
8
Layer 1
10
3228.251154
20
184.360185
70
0
0
VERTEX
8
Layer 1
10
3221.020034
20
183.282225
70
0
0
VERTEX
8
Layer 1
10
3213.838144
20
181.926500
70
0
0
VERTEX
8
Layer 1
10
3206.713892
20
180.294765
70
0
0
VERTEX
8
Layer 1
10
3199.655684
20
178.388778
70
0
0
VERTEX
8
Layer 1
10
3192.671928
20
176.210293
70
0
0
VERTEX
8
Layer 1
10
3185.771032
20
173.761067
70
0
0
VERTEX
8
Layer 1
10
3178.961403
20
171.042854
70
0
0
VERTEX
8
Layer 1
10
3172.251450
20
168.057411
70
0
0
VERTEX
8
Layer 1
10
3165.649579
20
164.806493
70
0
0
VERTEX
8
Layer 1
10
3159.164198
20
161.291856
70
0
0
VERTEX
8
Layer 1
10
3152.803714
20
157.515256
70
0
0
VERTEX
8
Layer 1
10
3146.576536
20
153.478448
70
0
0
VERTEX
8
Layer 1
10
3140.491071
20
149.183189
70
0
0
VERTEX
8
Layer 1
10
3134.555726
20
144.631232
70
0
0
VERTEX
8
Layer 1
10
3128.778909
20
139.824336
70
0
0
VERTEX
8
Layer 1
10
3123.169027
20
134.764255
70
0
0
VERTEX
8
Layer 1
10
3117.734488
20
129.452744
70
0
0
VERTEX
8
Layer 1
10
3112.483700
20
123.891560
70
0
0
SEQEND
8
Layer 1
0
POLYLINE
8
Layer 1
62
7
70
0
10
0.000000
20
0.000000
66
1
0
VERTEX
8
Layer 1
10
3329.950700
20
169.303160
70
0
0
VERTEX
8
Layer 1
10
3647.390300
20
875.483700
70
0
0
SEQEND
8
Layer 1
0
POLYLINE
8
Layer 1
62
7
70
0
10
0.000000
20
0.000000
66
1
0
VERTEX
8
Layer 1
10
3327.062700
20
1282.510670
70
0
0
VERTEX
8
Layer 1
10
3328.075369
20
1273.819980
70
0
0
VERTEX
8
Layer 1
10
3329.239811
20
1265.171486
70
0
0
VERTEX
8
Layer 1
10
3330.554815
20
1256.566727
70
0
0
VERTEX
8
Layer 1
10
3332.019169
20
1248.007242
70
0
0
VERTEX
8
Layer 1
10
3333.631663
20
1239.494570
70
0
0
VERTEX
8
Layer 1
10
3335.391086
20
1231.030249
70
0
0
VERTEX
8
Layer 1
10
3337.296225
20
1222.615819
70
0
0
VERTEX
8
Layer 1
10
3339.345872
20
1214.252818
70
0
0
VERTEX
8
Layer 1
10
3341.538814
20
1205.942784
70
0
0
VERTEX
8
Layer 1
10
3343.873840
20
1197.687257
70
0
0
VERTEX
8
Layer 1
10
3346.349739
20
1189.487776
70
0
0
VERTEX
8
Layer 1
10
3348.965301
20
1181.345879
70
0
0
VERTEX
8
Layer 1
10
3354.610567
20
1165.240994
70
0
0
VERTEX
8
Layer 1
10
3360.799949
20
1149.384912
70
0
0
VERTEX
8
Layer 1
10
3367.523760
20
1133.789943
70
0
0
VERTEX
8
Layer 1
10
3374.772311
20
1118.468398
70
0
0
VERTEX
8
Layer 1
10
3382.535913
20
1103.432588
70
0
0
VERTEX
8
Layer 1
10
3390.804878
20
1088.694823
70
0
0
VERTEX
8
Layer 1
10
3399.569519
20
1074.267413
70
0
0
VERTEX
8
Layer 1
10
3408.820145
20
1060.162669
70
0
0
VERTEX
8
Layer 1
10
3418.547070
20
1046.392901
70
0
0
VERTEX
8
Layer 1
10
3428.740605
20
1032.970421
70
0
0
VERTEX
8
Layer 1
10
3439.391061
20
1019.907537
70
0
0
VERTEX
8
Layer 1
10
3450.488750
20
1007.216562
70
0
0
VERTEX
8
Layer 1
10
3462.023984
20
994.909805
70
0
0
VERTEX
8
Layer 1
10
3473.987074
20
982.999576
70
0
0
VERTEX
8
Layer 1
10
3486.368333
20
971.498187
70
0
0
VERTEX
8
Layer 1
10
3499.158071
20
960.417947
70
0
0
VERTEX
8
Layer 1
10
3512.346600
20
949.771168
70
0
0
VERTEX
8
Layer 1
10
3525.924233
20
939.570159
70
0
0
VERTEX
8
Layer 1
10
3539.881280
20
929.827232
70
0
0
VERTEX
8
Layer 1
10
3554.208054
20
920.554696
70
0
0
VERTEX
8
Layer 1
10
3561.507060
20
916.098672
70
0
0
VERTEX
8
Layer 1
10
3568.894865
20
911.764862
70
0
0
VERTEX
8
Layer 1
10
3576.370257
20
907.554805
70
0
0
VERTEX
8
Layer 1
10
3583.932026
20
903.470040
70
0
0
VERTEX
8
Layer 1
10
3591.578960
20
899.512107
70
0
0
VERTEX
8
Layer 1
10
3599.309849
20
895.682542
70
0
0
VERTEX
8
Layer 1
10
3607.123480
20
891.982886
70
0
0
VERTEX
8
Layer 1
10
3615.018644
20
888.414677
70
0
0
VERTEX
8
Layer 1
10
3622.994129
20
884.979454
70
0
0
VERTEX
8
Layer 1
10
3631.048724
20
881.678756
70
0
0
VERTEX
8
Layer 1
10
3639.181218
20
878.514122
70
0
0
VERTEX
8
Layer 1
10
3647.390400
20
875.487090
70
0
0
SEQEND
8
Layer 1
0
POLYLINE
8
Layer 1
62
7
70
0
10
0.000000
20
0.000000
66
1
0
VERTEX
8
Layer 1
10
3654.609700
20
3758.718200
70
0
0
VERTEX
8
Layer 1
10
3634.578722
20
3723.476363
70
0
0
VERTEX
8
Layer 1
10
3615.008989
20
3688.032919
70
0
0
VERTEX
8
Layer 1
10
3595.901090
20
3652.392325
70
0
0
VERTEX
8
Layer 1
10
3577.255617
20
3616.559040
70
0
0
VERTEX
8
Layer 1
10
3559.073157
20
3580.537519
70
0
0
VERTEX
8
Layer 1
10
3541.354301
20
3544.332221
70
0
0
VERTEX
8
Layer 1
10
3524.099638
20
3507.947603
70
0
0
VERTEX
8
Layer 1
10
3507.309758
20
3471.388121
70
0
0
VERTEX
8
Layer 1
10
3490.985250
20
3434.658234
70
0
0
VERTEX
8
Layer 1
10
3475.126705
20
3397.762399
70
0
0
VERTEX
8
Layer 1
10
3459.734711
20
3360.705072
70
0
0
VERTEX
8
Layer 1
10
3444.809859
20
3323.490712
70
0
0
VERTEX
8
Layer 1
10
3430.352737
20
3286.123776
70
0
0
VERTEX
8
Layer 1
10
3416.363936
20
3248.608720
70
0
0
VERTEX
8
Layer 1
10
3402.844045
20
3210.950003
70
0
0
VERTEX
8
Layer 1
10
3389.793653
20
3173.152081
70
0
0
VERTEX
8
Layer 1
10
3377.213351
20
3135.219412
70
0
0
VERTEX
8
Layer 1
10
3365.103728
20
3097.156453
70
0
0
VERTEX
8
Layer 1
10
3353.465373
20
3058.967661
70
0
0
VERTEX
8
Layer 1
10
3342.298876
20
3020.657495
70
0
0
VERTEX
8
Layer 1
10
3331.604827
20
2982.230410
70
0
0
VERTEX
8
Layer 1
10
3321.383816
20
2943.690865
70
0
0
VERTEX
8
Layer 1
10
3311.636431
20
2905.043317
70
0
0
VERTEX
8
Layer 1
10
3302.363262
20
2866.292222
70
0
0
VERTEX
8
Layer 1
10
3293.564900
20
2827.442039
70
0
0
VERTEX
8
Layer 1
10
3285.241934
20
2788.497224
70
0
0
VERTEX
8
Layer 1
10
3277.394953
20
2749.462236
70
0
0
VERTEX
8
Layer 1
10
3270.024546
20
2710.341531
70
0
0
VERTEX
8
Layer 1
10
3263.131304
20
2671.139566
70
0
0
VERTEX
8
Layer 1
10
3256.715817
20
2631.860799
70
0
0
VERTEX
8
Layer 1
10
3250.778673
20
2592.509688
70
0
0
VERTEX
8
Layer 1
10
3245.320462
20
2553.090688
70
0
0
VERTEX
8
Layer 1
10
3240.341775
20
2513.608259
70
0
0
VERTEX
8
Layer 1
10
3235.843199
20
2474.066857
70
0
0
VERTEX
8
Layer 1
10
3231.825326
20
2434.470939
70
0
0
VERTEX
8
Layer 1
10
3228.288745
20
2394.824963
70
0
0
VERTEX
8
Layer 1
10
3225.234045
20
2355.133386
70
0
0
VERTEX
8
Layer 1
10
3222.661816
20
2315.400666
70
0
0
VERTEX
8
Layer 1
10
3220.572648
20
2275.631259
70
0
0
VERTEX
8
Layer 1
10
3218.967129
20
2235.829623
70
0
0
VERTEX
8
Layer 1
10
3217.845851
20
2196.000216
70
0
0
VERTEX
8
Layer 1
10
3217.209401
20
2156.147494
70
0
0
VERTEX
8
Layer 1
10
3217.058371
20
2116.275915
70
0
0
VERTEX
8
Layer 1
10
3217.393349
20
2076.389936
70
0
0
VERTEX
8
Layer 1
10
3218.214926
20
2036.494015
70
0
0
VERTEX
8
Layer 1
10
3219.523690
20
1996.592608
70
0
0
VERTEX
8
Layer 1
10
3221.320232
20
1956.690174
70
0
0
VERTEX
8
Layer 1
10
3223.605140
20
1916.791169
70
0
0
VERTEX
8
Layer 1
10
3226.379005
20
1876.900052
70
0
0
VERTEX
8
Layer 1
10
3229.642417
20
1837.021278
70
0
0
VERTEX
8
Layer 1
10
3233.395964
20
1797.159305
70
0
0
VERTEX
8
Layer 1
10
3237.640236
20
1757.318592
70
0
0
VERTEX
8
Layer 1
10
3242.375823
20
1717.503594
70
0
0
VERTEX
8
Layer 1
10
3247.603315
20
1677.718770
70
0
0
VERTEX
8
Layer 1
10
3253.323302
20
1637.968576
70
0
0
VERTEX
8
Layer 1
10
3259.536372
20
1598.257471
70
0
0
VERTEX
8
Layer 1
10
3266.243115
20
1558.589910
70
0
0
VERTEX
8
Layer 1
10
3273.444121
20
1518.970353
70
0
0
VERTEX
8
Layer 1
10
3281.139980
20
1479.403255
70
0
0
VERTEX
8
Layer 1
10
3289.331281
20
1439.893074
70
0
0
VERTEX
8
Layer 1
10
3298.018614
20
1400.444268
70
0
0
VERTEX
8
Layer 1
10
3307.202569
20
1361.061294
70
0
0
VERTEX
8
Layer 1
10
3316.883734
20
1321.748609
70
0
0
VERTEX
8
Layer 1
10
3327.062700
20
1282.510670
70
0
0
SEQEND
8
Layer 1
0
POLYLINE
8
Layer 1
62
7
70
0
10
0.000000
20
0.000000
66
1
0
VERTEX
8
Layer 1
10
3021.902500
20
289.855360
70
0
0
VERTEX
8
Layer 1
10
3021.209526
20
292.044648
70
0
0
VERTEX
8
Layer 1
10
3020.127521
20
293.992536
70
0
0
VERTEX
8
Layer 1
10
3018.710420
20
295.663733
70
0
0
VERTEX
8
Layer 1
10
3017.012153
20
297.022949
70
0
0
VERTEX
8
Layer 1
10
3015.086655
20
298.034894
70
0
0
VERTEX
8
Layer 1
10
3012.987857
20
298.664278
70
0
0
VERTEX
8
Layer 1
10
3010.769693
20
298.875811
70
0
0
VERTEX
8
Layer 1
10
3008.486094
20
298.634203
70
0
0
VERTEX
8
Layer 1
10
3006.296643
20
297.941743
70
0
0
VERTEX
8
Layer 1
10
3004.348502
20
296.860196
70
0
0
VERTEX
8
Layer 1
10
3002.676972
20
295.443487
70
0
0
VERTEX
8
Layer 1
10
3001.317357
20
293.745540
70
0
0
VERTEX
8
Layer 1
10
3000.304960
20
291.820280
70
0
0
VERTEX
8
Layer 1
10
2999.675082
20
289.721630
70
0
0
VERTEX
8
Layer 1
10
2999.463028
20
287.503515
70
0
0
VERTEX
8
Layer 1
10
2999.704100
20
285.219860
70
0
0
VERTEX
8
Layer 1
10
3000.397074
20
283.030572
70
0
0
VERTEX
8
Layer 1
10
3001.479079
20
281.082684
70
0
0
VERTEX
8
Layer 1
10
3002.896180
20
279.411487
70
0
0
VERTEX
8
Layer 1
10
3004.594447
20
278.052271
70
0
0
VERTEX
8
Layer 1
10
3006.519945
20
277.040326
70
0
0
VERTEX
8
Layer 1
10
3008.618743
20
276.410942
70
0
0
VERTEX
8
Layer 1
10
3010.836907
20
276.199409
70
0
0
VERTEX
8
Layer 1
10
3013.120506
20
276.441017
70
0
0
VERTEX
8
Layer 1
10
3015.309957
20
277.133477
70
0
0
VERTEX
8
Layer 1
10
3017.258098
20
278.215024
70
0
0
VERTEX
8
Layer 1
10
3018.929628
20
279.631733
70
0
0
VERTEX
8
Layer 1
10
3020.289243
20
281.329680
70
0
0
VERTEX
8
Layer 1
10
3021.301640
20
283.254940
70
0
0
VERTEX
8
Layer 1
10
3021.931518
20
285.353590
70
0
0
VERTEX
8
Layer 1
10
3022.143572
20
287.571705
70
0
0
VERTEX
8
Layer 1
10
3021.902500
20
289.855360
70
0
0
VERTEX
8
Layer 1
10
3021.902500
20
289.855360
70
0
0
SEQEND
8
Layer 1
0
POLYLINE
8
Layer 1
62
7
70
0
10
0.000000
20
0.000000
66
1
0
VERTEX
8
Layer 1
10
2762.588600
20
920.772530
70
0
0
VERTEX
8
Layer 1
10
2761.892420
20
922.957488
70
0
0
VERTEX
8
Layer 1
10
2760.808643
20
924.901091
70
0
0
VERTEX
8
Layer 1
10
2759.391028
20
926.568241
70
0
0
VERTEX
8
Layer 1
10
2757.693333
20
927.923840
70
0
0
VERTEX
8
Layer 1
10
2755.769317
20
928.932789
70
0
0
VERTEX
8
Layer 1
10
2753.672739
20
929.559992
70
0
0
VERTEX
8
Layer 1
10
2751.457358
20
929.770349
70
0
0
VERTEX
8
Layer 1
10
2749.176931
20
929.528763
70
0
0
VERTEX
8
Layer 1
10
2746.990400
20
928.837541
70
0
0
VERTEX
8
Layer 1
10
2745.044344
20
927.758175
70
0
0
VERTEX
8
Layer 1
10
2743.373982
20
926.344345
70
0
0
VERTEX
8
Layer 1
10
2742.014536
20
924.649729
70
0
0
VERTEX
8
Layer 1
10
2741.001225
20
922.728007
70
0
0
VERTEX
8
Layer 1
10
2740.369269
20
920.632857
70
0
0
VERTEX
8
Layer 1
10
2740.153887
20
918.417958
70
0
0
VERTEX
8
Layer 1
10
2740.390300
20
916.136990
70
0
0
VERTEX
8
Layer 1
10
2741.086480
20
913.952032
70
0
0
VERTEX
8
Layer 1
10
2742.170257
20
912.008429
70
0
0
VERTEX
8
Layer 1
10
2743.587872
20
910.341279
70
0
0
VERTEX
8
Layer 1
10
2745.285567
20
908.985680
70
0
0
VERTEX
8
Layer 1
10
2747.209583
20
907.976731
70
0
0
VERTEX
8
Layer 1
10
2749.306161
20
907.349528
70
0
0
VERTEX
8
Layer 1
10
2751.521542
20
907.139171
70
0
0
VERTEX
8
Layer 1
10
2753.801969
20
907.380757
70
0
0
VERTEX
8
Layer 1
10
2755.988500
20
908.071979
70
0
0
VERTEX
8
Layer 1
10
2757.934556
20
909.151345
70
0
0
VERTEX
8
Layer 1
10
2759.604918
20
910.565175
70
0
0
VERTEX
8
Layer 1
10
2760.964364
20
912.259791
70
0
0
VERTEX
8
Layer 1
10
2761.977675
20
914.181513
70
0
0
VERTEX
8
Layer 1
10
2762.609631
20
916.276663
70
0
0
VERTEX
8
Layer 1
10
2762.825013
20
918.491562
70
0
0
VERTEX
8
Layer 1
10
2762.588600
20
920.772530
70
0
0
VERTEX
8
Layer 1
10
2762.588600
20
920.772530
70
0
0
SEQEND
8
Layer 1
0
POLYLINE
8
Layer 1
62
7
70
0
10
0.000000
20
0.000000
66
1
0
VERTEX
8
Layer 1
10
2774.479800
20
1224.237870
70
0
0
VERTEX
8
Layer 1
10
2773.784790
20
1226.424406
70
0
0
VERTEX
8
Layer 1
10
2772.701660
20
1228.369570
70
0
0
VERTEX
8
Layer 1
10
2771.284234
20
1230.038194
70
0
0
VERTEX
8
Layer 1
10
2769.586332
20
1231.395110
70
0
0
VERTEX
8
Layer 1
10
2767.661777
20
1232.405151
70
0
0
VERTEX
8
Layer 1
10
2765.564392
20
1233.033148
70
0
0
VERTEX
8
Layer 1
10
2763.347998
20
1233.243933
70
0
0
VERTEX
8
Layer 1
10
2761.066418
20
1233.002338
70
0
0
VERTEX
8
Layer 1
10
2758.878824
20
1232.310664
70
0
0
VERTEX
8
Layer 1
10
2756.932011
20
1231.230503
70
0
0
VERTEX
8
Layer 1
10
2755.261226
20
1229.815623
70
0
0
VERTEX
8
Layer 1
10
2753.901721
20
1228.119793
70
0
0
VERTEX
8
Layer 1
10
2752.888746
20
1226.196781
70
0
0
VERTEX
8
Layer 1
10
2752.257551
20
1224.100356
70
0
0
VERTEX
8
Layer 1
10
2752.043385
20
1221.884286
70
0
0
VERTEX
8
Layer 1
10
2752.281500
20
1219.602340
70
0
0
VERTEX
8
Layer 1
10
2752.976510
20
1217.415804
70
0
0
VERTEX
8
Layer 1
10
2754.059640
20
1215.470640
70
0
0
VERTEX
8
Layer 1
10
2755.477066
20
1213.802016
70
0
0
VERTEX
8
Layer 1
10
2757.174968
20
1212.445100
70
0
0
VERTEX
8
Layer 1
10
2759.099523
20
1211.435059
70
0
0
VERTEX
8
Layer 1
10
2761.196908
20
1210.807062
70
0
0
VERTEX
8
Layer 1
10
2763.413302
20
1210.596277
70
0
0
VERTEX
8
Layer 1
10
2765.694882
20
1210.837872
70
0
0
VERTEX
8
Layer 1
10
2767.882476
20
1211.529546
70
0
0
VERTEX
8
Layer 1
10
2769.829289
20
1212.609707
70
0
0
VERTEX
8
Layer 1
10
2771.500074
20
1214.024587
70
0
0
VERTEX
8
Layer 1
10
2772.859579
20
1215.720417
70
0
0
VERTEX
8
Layer 1
10
2773.872554
20
1217.643429
70
0
0
VERTEX
8
Layer 1
10
2774.503749
20
1219.739854
70
0
0
VERTEX
8
Layer 1
10
2774.717915
20
1221.955924
70
0
0
VERTEX
8
Layer 1
10
2774.479800
20
1224.237870
70
0
0
VERTEX
8
Layer 1
10
2774.479800
20
1224.237870
70
0
0
SEQEND
8
Layer 1
0
POLYLINE
8
Layer 1
62
7
70
0
10
0.000000
20
0.000000
66
1
0
VERTEX
8
Layer 1
10
3255.861200
20
3988.633300
70
0
0
VERTEX
8
Layer 1
10
3654.608900
20
3758.718300
70
0
0
SEQEND
8
Layer 1
0
POLYLINE
8
Layer 1
62
7
70
0
10
0.000000
20
0.000000
66
1
0
VERTEX
8
Layer 1
10
2538.958000
20
644.020310
70
0
0
VERTEX
8
Layer 1
10
2551.993039
20
658.784662
70
0
0
VERTEX
8
Layer 1
10
2564.595175
20
673.849790
70
0
0
VERTEX
8
Layer 1
10
2576.761273
20
689.206061
70
0
0
VERTEX
8
Layer 1
10
2588.488196
20
704.843841
70
0
0
VERTEX
8
Layer 1
10
2599.772806
20
720.753496
70
0
0
VERTEX
8
Layer 1
10
2610.611968
20
736.925392
70
0
0
VERTEX
8
Layer 1
10
2621.002544
20
753.349895
70
0
0
VERTEX
8
Layer 1
10
2630.941399
20
770.017371
70
0
0
VERTEX
8
Layer 1
10
2640.425394
20
786.918187
70
0
0
VERTEX
8
Layer 1
10
2649.451393
20
804.042708
70
0
0
VERTEX
8
Layer 1
10
2658.016261
20
821.381301
70
0
0
VERTEX
8
Layer 1
10
2666.116859
20
838.924331
70
0
0
VERTEX
8
Layer 1
10
2673.750052
20
856.662166
70
0
0
VERTEX
8
Layer 1
10
2680.912702
20
874.585170
70
0
0
VERTEX
8
Layer 1
10
2687.601673
20
892.683710
70
0
0
VERTEX
8
Layer 1
10
2693.813828
20
910.948153
70
0
0
VERTEX
8
Layer 1
10
2699.546030
20
929.368863
70
0
0
VERTEX
8
Layer 1
10
2704.795144
20
947.936208
70
0
0
VERTEX
8
Layer 1
10
2709.558031
20
966.640554
70
0
0
VERTEX
8
Layer 1
10
2713.831556
20
985.472266
70
0
0
VERTEX
8
Layer 1
10
2717.612581
20
1004.421711
70
0
0
VERTEX
8
Layer 1
10
2720.897970
20
1023.479254
70
0
0
VERTEX
8
Layer 1
10
2723.684586
20
1042.635263
70
0
0
VERTEX
8
Layer 1
10
2725.969293
20
1061.880103
70
0
0
VERTEX
8
Layer 1
10
2727.748954
20
1081.204139
70
0
0
VERTEX
8
Layer 1
10
2729.020431
20
1100.597739
70
0
0
VERTEX
8
Layer 1
10
2729.780589
20
1120.051269
70
0
0
VERTEX
8
Layer 1
10
2730.026291
20
1139.555094
70
0
0
VERTEX
8
Layer 1
10
2729.754400
20
1159.099580
70
0
0
VERTEX
8
Layer 1
10
2728.961778
20
1178.675094
70
0
0
VERTEX
8
Layer 1
10
2727.645291
20
1198.272002
70
0
0
VERTEX
8
Layer 1
10
2725.801800
20
1217.880670
70
0
0
SEQEND
8
Layer 1
0
POLYLINE
8
Layer 1
62
7
70
0
10
0.000000
20
0.000000
66
1
0
VERTEX
8
Layer 1
10
3112.481700
20
123.890560
70
0
0
VERTEX
8
Layer 1
10
2538.960200
20
644.017410
70
0
0
SEQEND
8
Layer 1
0
POLYLINE
8
Layer 1
62
7
70
0
10
0.000000
20
0.000000
66
1
0
VERTEX
8
Layer 1
10
3255.864800
20
3988.633900
70
0
0
VERTEX
8
Layer 1
10
3233.533986
20
3949.228046
70
0
0
VERTEX
8
Layer 1
10
3211.635103
20
3909.625314
70
0
0
VERTEX
8
Layer 1
10
3190.168831
20
3869.829261
70
0
0
VERTEX
8
Layer 1
10
3169.135849
20
3829.843442
70
0
0
VERTEX
8
Layer 1
10
3148.536838
20
3789.671411
70
0
0
VERTEX
8
Layer 1
10
3128.372478
20
3749.316725
70
0
0
VERTEX
8
Layer 1
10
3108.643449
20
3708.782938
70
0
0
VERTEX
8
Layer 1
10
3089.350431
20
3668.073605
70
0
0
VERTEX
8
Layer 1
10
3070.494105
20
3627.192282
70
0
0
VERTEX
8
Layer 1
10
3052.075150
20
3586.142524
70
0
0
VERTEX
8
Layer 1
10
3034.094247
20
3544.927887
70
0
0
VERTEX
8
Layer 1
10
3016.552076
20
3503.551924
70
0
0
VERTEX
8
Layer 1
10
2999.449317
20
3462.018193
70
0
0
VERTEX
8
Layer 1
10
2982.786649
20
3420.330247
70
0
0
VERTEX
8
Layer 1
10
2966.564755
20
3378.491643
70
0
0
VERTEX
8
Layer 1
10
2950.784312
20
3336.505935
70
0
0
VERTEX
8
Layer 1
10
2935.446002
20
3294.376678
70
0
0
VERTEX
8
Layer 1
10
2920.550505
20
3252.107429
70
0
0
VERTEX
8
Layer 1
10
2906.098500
20
3209.701741
70
0
0
VERTEX
8
Layer 1
10
2892.090669
20
3167.163171
70
0
0
VERTEX
8
Layer 1
10
2878.527690
20
3124.495274
70
0
0
VERTEX
8
Layer 1
10
2865.410245
20
3081.701604
70
0
0
VERTEX
8
Layer 1
10
2852.739013
20
3038.785717
70
0
0
VERTEX
8
Layer 1
10
2840.514675
20
2995.751168
70
0
0
VERTEX
8
Layer 1
10
2828.737910
20
2952.601513
70
0
0
VERTEX
8
Layer 1
10
2817.409399
20
2909.340307
70
0
0
VERTEX
8
Layer 1
10
2806.529822
20
2865.971105
70
0
0
VERTEX
8
Layer 1
10
2796.099859
20
2822.497461
70
0
0
VERTEX
8
Layer 1
10
2786.120190
20
2778.922933
70
0
0
VERTEX
8
Layer 1
10
2776.591495
20
2735.251074
70
0
0
VERTEX
8
Layer 1
10
2767.514455
20
2691.485439
70
0
0
VERTEX
8
Layer 1
10
2758.889750
20
2647.629585
70
0
0
VERTEX
8
Layer 1
10
2750.718059
20
2603.687066
70
0
0
VERTEX
8
Layer 1
10
2743.000063
20
2559.661438
70
0
0
VERTEX
8
Layer 1
10
2735.736442
20
2515.556256
70
0
0
VERTEX
8
Layer 1
10
2728.927877
20
2471.375075
70
0
0
VERTEX
8
Layer 1
10
2722.575047
20
2427.121450
70
0
0
VERTEX
8
Layer 1
10
2716.678632
20
2382.798936
70
0
0
VERTEX
8
Layer 1
10
2711.239312
20
2338.411089
70
0
0
VERTEX
8
Layer 1
10
2706.257769
20
2293.961464
70
0
0
VERTEX
8
Layer 1
10
2701.734681
20
2249.453617
70
0
0
VERTEX
8
Layer 1
10
2697.670729
20
2204.891102
70
0
0
VERTEX
8
Layer 1
10
2694.066594
20
2160.277474
70
0
0
VERTEX
8
Layer 1
10
2690.922954
20
2115.616290
70
0
0
VERTEX
8
Layer 1
10
2688.240491
20
2070.911103
70
0
0
VERTEX
8
Layer 1
10
2686.019885
20
2026.165470
70
0
0
VERTEX
8
Layer 1
10
2684.261815
20
1981.382946
70
0
0
VERTEX
8
Layer 1
10
2682.966963
20
1936.567085
70
0
0
VERTEX
8
Layer 1
10
2682.136007
20
1891.721444
70
0
0
VERTEX
8
Layer 1
10
2681.769628
20
1846.849577
70
0
0
VERTEX
8
Layer 1
10
2681.868506
20
1801.955039
70
0
0
VERTEX
8
Layer 1
10
2682.433322
20
1757.041386
70
0
0
VERTEX
8
Layer 1
10
2683.464756
20
1712.112174
70
0
0
VERTEX
8
Layer 1
10
2684.963487
20
1667.170956
70
0
0
VERTEX
8
Layer 1
10
2686.930196
20
1622.221289
70
0
0
VERTEX
8
Layer 1
10
2689.365563
20
1577.266728
70
0
0
VERTEX
8
Layer 1
10
2692.270268
20
1532.310827
70
0
0
VERTEX
8
Layer 1
10
2695.644991
20
1487.357143
70
0
0
VERTEX
8
Layer 1
10
2699.490412
20
1442.409230
70
0
0
VERTEX
8
Layer 1
10
2703.807212
20
1397.470644
70
0
0
VERTEX
8
Layer 1
10
2708.596071
20
1352.544939
70
0
0
VERTEX
8
Layer 1
10
2713.857668
20
1307.635672
70
0
0
VERTEX
8
Layer 1
10
2719.592685
20
1262.746397
70
0
0
VERTEX
8
Layer 1
10
2725.801800
20
1217.880670
70
0
0
SEQEND
8
Layer 1
0
POLYLINE
8
Layer 1
62
7
70
0
10
0.000000
20
0.000000
66
1
0
VERTEX
8
Layer 1
10
1398.469400
20
1357.977070
70
0
0
VERTEX
8
Layer 1
10
1396.320370
20
1358.775243
70
0
0
VERTEX
8
Layer 1
10
1394.122511
20
1359.119718
70
0
0
VERTEX
8
Layer 1
10
1391.936548
20
1359.031166
70
0
0
VERTEX
8
Layer 1
10
1389.823202
20
1358.530260
70
0
0
VERTEX
8
Layer 1
10
1387.843196
20
1357.637670
70
0
0
VERTEX
8
Layer 1
10
1386.057253
20
1356.374069
70
0
0
VERTEX
8
Layer 1
10
1384.526096
20
1354.760129
70
0
0
VERTEX
8
Layer 1
10
1383.310448
20
1352.816521
70
0
0
VERTEX
8
Layer 1
10
1382.506412
20
1350.669678
70
0
0
VERTEX
8
Layer 1
10
1382.155939
20
1348.472768
70
0
0
VERTEX
8
Layer 1
10
1382.238524
20
1346.286571
70
0
0
VERTEX
8
Layer 1
10
1382.733660
20
1344.171865
70
0
0
VERTEX
8
Layer 1
10
1383.620842
20
1342.189431
70
0
0
VERTEX
8
Layer 1
10
1384.879563
20
1340.400046
70
0
0
VERTEX
8
Layer 1
10
1386.489318
20
1338.864489
70
0
0
VERTEX
8
Layer 1
10
1388.429600
20
1337.643540
70
0
0
VERTEX
8
Layer 1
10
1390.578630
20
1336.845367
70
0
0
VERTEX
8
Layer 1
10
1392.776489
20
1336.500892
70
0
0
VERTEX
8
Layer 1
10
1394.962452
20
1336.589444
70
0
0
VERTEX
8
Layer 1
10
1397.075798
20
1337.090350
70
0
0
VERTEX
8
Layer 1
10
1399.055804
20
1337.982940
70
0
0
VERTEX
8
Layer 1
10
1400.841747
20
1339.246541
70
0
0
VERTEX
8
Layer 1
10
1402.372904
20
1340.860481
70
0
0
VERTEX
8
Layer 1
10
1403.588552
20
1342.804089
70
0
0
VERTEX
8
Layer 1
10
1404.392588
20
1344.950932
70
0
0
VERTEX
8
Layer 1
10
1404.743061
20
1347.147842
70
0
0
VERTEX
8
Layer 1
10
1404.660476
20
1349.334039
70
0
0
VERTEX
8
Layer 1
10
1404.165340
20
1351.448745
70
0
0
VERTEX
8
Layer 1
10
1403.278158
20
1353.431179
70
0
0
VERTEX
8
Layer 1
10
1402.019437
20
1355.220564
70
0
0
VERTEX
8
Layer 1
10
1400.409682
20
1356.756121
70
0
0
VERTEX
8
Layer 1
10
1398.469400
20
1357.977070
70
0
0
VERTEX
8
Layer 1
10
1398.469400
20
1357.977070
70
0
0
SEQEND
8
Layer 1
0
POLYLINE
8
Layer 1
62
7
70
0
10
0.000000
20
0.000000
66
1
0
VERTEX
8
Layer 1
10
1355.796800
20
2953.837700
70
0
0
VERTEX
8
Layer 1
10
1353.648057
20
2954.634844
70
0
0
VERTEX
8
Layer 1
10
1351.450653
20
2954.978519
70
0
0
VERTEX
8
Layer 1
10
1349.265260
20
2954.889394
70
0
0
VERTEX
8
Layer 1
10
1347.152550
20
2954.388136
70
0
0
VERTEX
8
Layer 1
10
1345.173194
20
2953.495414
70
0
0
VERTEX
8
Layer 1
10
1343.387863
20
2952.231896
70
0
0
VERTEX
8
Layer 1
10
1341.857230
20
2950.618249
70
0
0
VERTEX
8
Layer 1
10
1340.641964
20
2948.675141
70
0
0
VERTEX
8
Layer 1
10
1339.838090
20
2946.528907
70
0
0
VERTEX
8
Layer 1
10
1339.487530
20
2944.332591
70
0
0
VERTEX
8
Layer 1
10
1339.569805
20
2942.146930
70
0
0
VERTEX
8
Layer 1
10
1340.064438
20
2940.032659
70
0
0
VERTEX
8
Layer 1
10
1340.950952
20
2938.050515
70
0
0
VERTEX
8
Layer 1
10
1342.208869
20
2936.261233
70
0
0
VERTEX
8
Layer 1
10
1343.817711
20
2934.725549
70
0
0
VERTEX
8
Layer 1
10
1345.757000
20
2933.504200
70
0
0
VERTEX
8
Layer 1
10
1347.905743
20
2932.707056
70
0
0
VERTEX
8
Layer 1
10
1350.103147
20
2932.363381
70
0
0
VERTEX
8
Layer 1
10
1352.288540
20
2932.452506
70
0
0
VERTEX
8
Layer 1
10
1354.401250
20
2932.953764
70
0
0
VERTEX
8
Layer 1
10
1356.380606
20
2933.846486
70
0
0
VERTEX
8
Layer 1
10
1358.165937
20
2935.110004
70
0
0
VERTEX
8
Layer 1
10
1359.696570
20
2936.723651
70
0
0
VERTEX
8
Layer 1
10
1360.911836
20
2938.666759
70
0
0
VERTEX
8
Layer 1
10
1361.715710
20
2940.812993
70
0
0
VERTEX
8
Layer 1
10
1362.066270
20
2943.009309
70
0
0
VERTEX
8
Layer 1
10
1361.983995
20
2945.194970
70
0
0
VERTEX
8
Layer 1
10
1361.489362
20
2947.309241
70
0
0
VERTEX
8
Layer 1
10
1360.602848
20
2949.291385
70
0
0
VERTEX
8
Layer 1
10
1359.344931
20
2951.080667
70
0
0
VERTEX
8
Layer 1
10
1357.736089
20
2952.616351
70
0
0
VERTEX
8
Layer 1
10
1355.796800
20
2953.837700
70
0
0
VERTEX
8
Layer 1
10
1355.796800
20
2953.837700
70
0
0
SEQEND
8
Layer 1
0
POLYLINE
8
Layer 1
62
7
70
0
10
0.000000
20
0.000000
66
1
0
VERTEX
8
Layer 1
10
949.282600
20
3040.973400
70
0
0
VERTEX
8
Layer 1
10
947.132738
20
3041.774573
70
0
0
VERTEX
8
Layer 1
10
944.933559
20
3042.121379
70
0
0
VERTEX
8
Layer 1
10
942.745935
20
3042.034502
70
0
0
VERTEX
8
Layer 1
10
940.630737
20
3041.534623
70
0
0
VERTEX
8
Layer 1
10
938.648839
20
3040.642426
70
0
0
VERTEX
8
Layer 1
10
936.861111
20
3039.378593
70
0
0
VERTEX
8
Layer 1
10
935.328425
20
3037.763805
70
0
0
VERTEX
8
Layer 1
10
934.111654
20
3035.818747
70
0
0
VERTEX
8
Layer 1
10
933.307137
20
3033.670134
70
0
0
VERTEX
8
Layer 1
10
932.956910
20
3031.471497
70
0
0
VERTEX
8
Layer 1
10
933.040384
20
3029.283740
70
0
0
VERTEX
8
Layer 1
10
933.536972
20
3027.167768
70
0
0
VERTEX
8
Layer 1
10
934.426085
20
3025.184483
70
0
0
VERTEX
8
Layer 1
10
935.687136
20
3023.394791
70
0
0
VERTEX
8
Layer 1
10
937.299537
20
3021.859596
70
0
0
VERTEX
8
Layer 1
10
939.242700
20
3020.639800
70
0
0
VERTEX
8
Layer 1
10
941.392562
20
3019.838627
70
0
0
VERTEX
8
Layer 1
10
943.591741
20
3019.491821
70
0
0
VERTEX
8
Layer 1
10
945.779365
20
3019.578698
70
0
0
VERTEX
8
Layer 1
10
947.894563
20
3020.078577
70
0
0
VERTEX
8
Layer 1
10
949.876461
20
3020.970774
70
0
0
VERTEX
8
Layer 1
10
951.664189
20
3022.234607
70
0
0
VERTEX
8
Layer 1
10
953.196875
20
3023.849395
70
0
0
VERTEX
8
Layer 1
10
954.413646
20
3025.794453
70
0
0
VERTEX
8
Layer 1
10
955.218163
20
3027.943066
70
0
0
VERTEX
8
Layer 1
10
955.568390
20
3030.141703
70
0
0
VERTEX
8
Layer 1
10
955.484916
20
3032.329460
70
0
0
VERTEX
8
Layer 1
10
954.988328
20
3034.445432
70
0
0
VERTEX
8
Layer 1
10
954.099215
20
3036.428717
70
0
0
VERTEX
8
Layer 1
10
952.838164
20
3038.218409
70
0
0
VERTEX
8
Layer 1
10
951.225763
20
3039.753604
70
0
0
VERTEX
8
Layer 1
10
949.282600
20
3040.973400
70
0
0
VERTEX
8
Layer 1
10
949.282600
20
3040.973400
70
0
0
SEQEND
8
Layer 1
0
POLYLINE
8
Layer 1
62
7
70
0
10
0.000000
20
0.000000
66
1
0
VERTEX
8
Layer 1
10
1769.809200
20
4378.081300
70
0
0
VERTEX
8
Layer 1
10
1768.418357
20
4378.656832
70
0
0
VERTEX
8
Layer 1
10
1766.982721
20
4379.039163
70
0
0
VERTEX
8
Layer 1
10
1765.521332
20
4379.229531
70
0
0
VERTEX
8
Layer 1
10
1764.053229
20
4379.229175
70
0
0
VERTEX
8
Layer 1
10
1762.597452
20
4379.039333
70
0
0
VERTEX
8
Layer 1
10
1761.173041
20
4378.661245
70
0
0
VERTEX
8
Layer 1
10
1759.799035
20
4378.096147
70
0
0
VERTEX
8
Layer 1
10
1758.494475
20
4377.345279
70
0
0
VERTEX
8
Layer 1
10
1757.300628
20
4376.428540
70
0
0
VERTEX
8
Layer 1
10
1756.251702
20
4375.376409
70
0
0
VERTEX
8
Layer 1
10
1755.356143
20
4374.205992
70
0
0
VERTEX
8
Layer 1
10
1754.622400
20
4372.934400
70
0
0
VERTEX
8
Layer 1
10
1754.058919
20
4371.578739
70
0
0
VERTEX
8
Layer 1
10
1753.674148
20
4370.156119
70
0
0
VERTEX
8
Layer 1
10
1753.476535
20
4368.683646
70
0
0
VERTEX
8
Layer 1
10
1753.474525
20
4367.178429
70
0
0
VERTEX
8
Layer 1
10
1753.671521
20
4365.686158
70
0
0
VERTEX
8
Layer 1
10
1754.058230
20
4364.251695
70
0
0
VERTEX
8
Layer 1
10
1754.624061
20
4362.890911
70
0
0
VERTEX
8
Layer 1
10
1755.358421
20
4361.619675
70
0
0
VERTEX
8
Layer 1
10
1756.250717
20
4360.453856
70
0
0
VERTEX
8
Layer 1
10
1757.290357
20
4359.409324
70
0
0
VERTEX
8
Layer 1
10
1758.466749
20
4358.501949
70
0
0
VERTEX
8
Layer 1
10
1759.769300
20
4357.747600
70
0
0
VERTEX
8
Layer 1
10
1761.160143
20
4357.172068
70
0
0
VERTEX
8
Layer 1
10
1762.595779
20
4356.789737
70
0
0
VERTEX
8
Layer 1
10
1764.057168
20
4356.599369
70
0
0
VERTEX
8
Layer 1
10
1765.525271
20
4356.599725
70
0
0
VERTEX
8
Layer 1
10
1766.981048
20
4356.789567
70
0
0
VERTEX
8
Layer 1
10
1768.405459
20
4357.167656
70
0
0
VERTEX
8
Layer 1
10
1769.779465
20
4357.732753
70
0
0
VERTEX
8
Layer 1
10
1771.084025
20
4358.483621
70
0
0
VERTEX
8
Layer 1
10
1772.277872
20
4359.400360
70
0
0
VERTEX
8
Layer 1
10
1773.326799
20
4360.452492
70
0
0
VERTEX
8
Layer 1
10
1774.222357
20
4361.622908
70
0
0
VERTEX
8
Layer 1
10
1774.956100
20
4362.894500
70
0
0
VERTEX
8
Layer 1
10
1775.519581
20
4364.250161
70
0
0
VERTEX
8
Layer 1
10
1775.904352
20
4365.672782
70
0
0
VERTEX
8
Layer 1
10
1776.101966
20
4367.145254
70
0
0
VERTEX
8
Layer 1
10
1776.103975
20
4368.650471
70
0
0
VERTEX
8
Layer 1
10
1775.906980
20
4370.142742
70
0
0
VERTEX
8
Layer 1
10
1775.520270
20
4371.577205
70
0
0
VERTEX
8
Layer 1
10
1774.954439
20
4372.937989
70
0
0
VERTEX
8
Layer 1
10
1774.220079
20
4374.209225
70
0
0
VERTEX
8
Layer 1
10
1773.327783
20
4375.375044
70
0
0
VERTEX
8
Layer 1
10
1772.288143
20
4376.419576
70
0
0
VERTEX
8
Layer 1
10
1771.111751
20
4377.326951
70
0
0
VERTEX
8
Layer 1
10
1769.809200
20
4378.081300
70
0
0
VERTEX
8
Layer 1
10
1769.809200
20
4378.081300
70
0
0
SEQEND
8
Layer 1
0
POLYLINE
8
Layer 1
62
7
70
0
10
0.000000
20
0.000000
66
1
0
VERTEX
8
Layer 1
10
1674.811000
20
4428.588800
70
0
0
VERTEX
8
Layer 1
10
1672.662257
20
4429.385944
70
0
0
VERTEX
8
Layer 1
10
1670.464853
20
4429.729619
70
0
0
VERTEX
8
Layer 1
10
1668.279460
20
4429.640494
70
0
0
VERTEX
8
Layer 1
10
1666.166750
20
4429.139236
70
0
0
VERTEX
8
Layer 1
10
1664.187394
20
4428.246514
70
0
0
VERTEX
8
Layer 1
10
1662.402063
20
4426.982996
70
0
0
VERTEX
8
Layer 1
10
1660.871430
20
4425.369349
70
0
0
VERTEX
8
Layer 1
10
1659.656164
20
4423.426241
70
0
0
VERTEX
8
Layer 1
10
1658.852290
20
4421.280007
70
0
0
VERTEX
8
Layer 1
10
1658.501730
20
4419.083691
70
0
0
VERTEX
8
Layer 1
10
1658.584005
20
4416.898030
70
0
0
VERTEX
8
Layer 1
10
1659.078638
20
4414.783759
70
0
0
VERTEX
8
Layer 1
10
1659.965152
20
4412.801615
70
0
0
VERTEX
8
Layer 1
10
1661.223069
20
4411.012333
70
0
0
VERTEX
8
Layer 1
10
1662.831911
20
4409.476649
70
0
0
VERTEX
8
Layer 1
10
1664.771200
20
4408.255300
70
0
0
VERTEX
8
Layer 1
10
1666.919943
20
4407.458156
70
0
0
VERTEX
8
Layer 1
10
1669.117347
20
4407.114481
70
0
0
VERTEX
8
Layer 1
10
1671.302740
20
4407.203606
70
0
0
VERTEX
8
Layer 1
10
1673.415450
20
4407.704864
70
0
0
VERTEX
8
Layer 1
10
1675.394806
20
4408.597586
70
0
0
VERTEX
8
Layer 1
10
1677.180137
20
4409.861104
70
0
0
VERTEX
8
Layer 1
10
1678.710770
20
4411.474751
70
0
0
VERTEX
8
Layer 1
10
1679.926036
20
4413.417859
70
0
0
VERTEX
8
Layer 1
10
1680.729910
20
4415.564093
70
0
0
VERTEX
8
Layer 1
10
1681.080470
20
4417.760409
70
0
0
VERTEX
8
Layer 1
10
1680.998195
20
4419.946070
70
0
0
VERTEX
8
Layer 1
10
1680.503562
20
4422.060341
70
0
0
VERTEX
8
Layer 1
10
1679.617048
20
4424.042485
70
0
0
VERTEX
8
Layer 1
10
1678.359131
20
4425.831767
70
0
0
VERTEX
8
Layer 1
10
1676.750289
20
4427.367451
70
0
0
VERTEX
8
Layer 1
10
1674.811000
20
4428.588800
70
0
0
VERTEX
8
Layer 1
10
1674.811000
20
4428.588800
70
0
0
SEQEND
8
Layer 1
0
POLYLINE
8
Layer 1
62
7
70
0
10
0.000000
20
0.000000
66
1
0
VERTEX
8
Layer 1
10
1664.874500
20
4300.622500
70
0
0
VERTEX
8
Layer 1
10
1660.460882
20
4302.661406
70
0
0
VERTEX
8
Layer 1
10
1655.997550
20
4304.455303
70
0
0
VERTEX
8
Layer 1
10
1651.492446
20
4306.006886
70
0
0
VERTEX
8
Layer 1
10
1646.953512
20
4307.318848
70
0
0
VERTEX
8
Layer 1
10
1642.388688
20
4308.393883
70
0
0
VERTEX
8
Layer 1
10
1637.805918
20
4309.234686
70
0
0
VERTEX
8
Layer 1
10
1633.213141
20
4309.843951
70
0
0
VERTEX
8
Layer 1
10
1628.618299
20
4310.224373
70
0
0
VERTEX
8
Layer 1
10
1624.029335
20
4310.378644
70
0
0
VERTEX
8
Layer 1
10
1619.454189
20
4310.309460
70
0
0
VERTEX
8
Layer 1
10
1614.900804
20
4310.019515
70
0
0
VERTEX
8
Layer 1
10
1610.377120
20
4309.511502
70
0
0
VERTEX
8
Layer 1
10
1605.891079
20
4308.788116
70
0
0
VERTEX
8
Layer 1
10
1601.450624
20
4307.852051
70
0
0
VERTEX
8
Layer 1
10
1597.063694
20
4306.706001
70
0
0
VERTEX
8
Layer 1
10
1592.738232
20
4305.352661
70
0
0
VERTEX
8
Layer 1
10
1588.482179
20
4303.794724
70
0
0
VERTEX
8
Layer 1
10
1584.303478
20
4302.034885
70
0
0
VERTEX
8
Layer 1
10
1580.210068
20
4300.075838
70
0
0
VERTEX
8
Layer 1
10
1576.209893
20
4297.920277
70
0
0
VERTEX
8
Layer 1
10
1572.310893
20
4295.570896
70
0
0
VERTEX
8
Layer 1
10
1568.521010
20
4293.030390
70
0
0
VERTEX
8
Layer 1
10
1564.848185
20
4290.301451
70
0
0
VERTEX
8
Layer 1
10
1561.300360
20
4287.386776
70
0
0
VERTEX
8
Layer 1
10
1557.885477
20
4284.289057
70
0
0
VERTEX
8
Layer 1
10
1554.611477
20
4281.010990
70
0
0
VERTEX
8
Layer 1
10
1551.486302
20
4277.555267
70
0
0
VERTEX
8
Layer 1
10
1548.517892
20
4273.924584
70
0
0
VERTEX
8
Layer 1
10
1545.714191
20
4270.121635
70
0
0
VERTEX
8
Layer 1
10
1543.083138
20
4266.149113
70
0
0
VERTEX
8
Layer 1
10
1540.632676
20
4262.009712
70
0
0
VERTEX
8
Layer 1
10
1538.370746
20
4257.706128
70
0
0
VERTEX
8
Layer 1
10
1536.329116
20
4253.293770
70
0
0
VERTEX
8
Layer 1
10
1534.532463
20
4248.831547
70
0
0
VERTEX
8
Layer 1
10
1532.978099
20
4244.327402
70
0
0
VERTEX
8
Layer 1
10
1531.663335
20
4239.789278
70
0
0
VERTEX
8
Layer 1
10
1530.585481
20
4235.225119
70
0
0
VERTEX
8
Layer 1
10
1529.741848
20
4230.642869
70
0
0
VERTEX
8
Layer 1
10
1529.129747
20
4226.050469
70
0
0
VERTEX
8
Layer 1
10
1528.746489
20
4221.455863
70
0
0
VERTEX
8
Layer 1
10
1528.589384
20
4216.866995
70
0
0
VERTEX
8
Layer 1
10
1528.655743
20
4212.291808
70
0
0
VERTEX
8
Layer 1
10
1528.942877
20
4207.738244
70
0
0
VERTEX
8
Layer 1
10
1529.448097
20
4203.214247
70
0
0
VERTEX
8
Layer 1
10
1530.168713
20
4198.727761
70
0
0
VERTEX
8
Layer 1
10
1531.102036
20
4194.286728
70
0
0
VERTEX
8
Layer 1
10
1532.245376
20
4189.899091
70
0
0
VERTEX
8
Layer 1
10
1533.596046
20
4185.572795
70
0
0
VERTEX
8
Layer 1
10
1535.151354
20
4181.315781
70
0
0
VERTEX
8
Layer 1
10
1536.908613
20
4177.135993
70
0
0
VERTEX
8
Layer 1
10
1538.865132
20
4173.041375
70
0
0
VERTEX
8
Layer 1
10
1541.018223
20
4169.039869
70
0
0
VERTEX
8
Layer 1
10
1543.365196
20
4165.139420
70
0
0
VERTEX
8
Layer 1
10
1545.903362
20
4161.347968
70
0
0
VERTEX
8
Layer 1
10
1548.630032
20
4157.673460
70
0
0
VERTEX
8
Layer 1
10
1551.542516
20
4154.123836
70
0
0
VERTEX
8
Layer 1
10
1554.638125
20
4150.707041
70
0
0
VERTEX
8
Layer 1
10
1557.914171
20
4147.431017
70
0
0
VERTEX
8
Layer 1
10
1561.367963
20
4144.303709
70
0
0
VERTEX
8
Layer 1
10
1564.996812
20
4141.333058
70
0
0
VERTEX
8
Layer 1
10
1568.798030
20
4138.527009
70
0
0
VERTEX
8
Layer 1
10
1572.768927
20
4135.893504
70
0
0
VERTEX
8
Layer 1
10
1576.906813
20
4133.440486
70
0
0
VERTEX
8
Layer 1
10
1581.209000
20
4131.175900
70
0
0
VERTEX
8
Layer 1
10
1585.622618
20
4129.136994
70
0
0
VERTEX
8
Layer 1
10
1590.085950
20
4127.343097
70
0
0
VERTEX
8
Layer 1
10
1594.591054
20
4125.791514
70
0
0
VERTEX
8
Layer 1
10
1599.129988
20
4124.479552
70
0
0
VERTEX
8
Layer 1
10
1603.694812
20
4123.404517
70
0
0
VERTEX
8
Layer 1
10
1608.277582
20
4122.563714
70
0
0
VERTEX
8
Layer 1
10
1612.870359
20
4121.954449
70
0
0
VERTEX
8
Layer 1
10
1617.465201
20
4121.574027
70
0
0
VERTEX
8
Layer 1
10
1622.054165
20
4121.419756
70
0
0
VERTEX
8
Layer 1
10
1626.629311
20
4121.488940
70
0
0
VERTEX
8
Layer 1
10
1631.182696
20
4121.778885
70
0
0
VERTEX
8
Layer 1
10
1635.706380
20
4122.286898
70
0
0
VERTEX
8
Layer 1
10
1640.192421
20
4123.010284
70
0
0
VERTEX
8
Layer 1
10
1644.632876
20
4123.946349
70
0
0
VERTEX
8
Layer 1
10
1649.019806
20
4125.092399
70
0
0
VERTEX
8
Layer 1
10
1653.345268
20
4126.445739
70
0
0
VERTEX
8
Layer 1
10
1657.601321
20
4128.003676
70
0
0
VERTEX
8
Layer 1
10
1661.780022
20
4129.763515
70
0
0
VERTEX
8
Layer 1
10
1665.873432
20
4131.722562
70
0
0
VERTEX
8
Layer 1
10
1669.873607
20
4133.878123
70
0
0
VERTEX
8
Layer 1
10
1673.772607
20
4136.227504
70
0
0
VERTEX
8
Layer 1
10
1677.562490
20
4138.768010
70
0
0
VERTEX
8
Layer 1
10
1681.235315
20
4141.496949
70
0
0
VERTEX
8
Layer 1
10
1684.783140
20
4144.411624
70
0
0
VERTEX
8
Layer 1
10
1688.198023
20
4147.509343
70
0
0
VERTEX
8
Layer 1
10
1691.472023
20
4150.787410
70
0
0
VERTEX
8
Layer 1
10
1694.597198
20
4154.243133
70
0
0
VERTEX
8
Layer 1
10
1697.565608
20
4157.873816
70
0
0
VERTEX
8
Layer 1
10
1700.369309
20
4161.676765
70
0
0
VERTEX
8
Layer 1
10
1703.000362
20
4165.649287
70
0
0
VERTEX
8
Layer 1
10
1705.450824
20
4169.788688
70
0
0
VERTEX
8
Layer 1
10
1707.712754
20
4174.092272
70
0
0
VERTEX
8
Layer 1
10
1709.754384
20
4178.504630
70
0
0
VERTEX
8
Layer 1
10
1711.551037
20
4182.966853
70
0
0
VERTEX
8
Layer 1
10
1713.105401
20
4187.470998
70
0
0
VERTEX
8
Layer 1
10
1714.420165
20
4192.009122
70
0
0
VERTEX
8
Layer 1
10
1715.498019
20
4196.573281
70
0
0
VERTEX
8
Layer 1
10
1716.341652
20
4201.155531
70
0
0
VERTEX
8
Layer 1
10
1716.953753
20
4205.747931
70
0
0
VERTEX
8
Layer 1
10
1717.337011
20
4210.342537
70
0
0
VERTEX
8
Layer 1
10
1717.494116
20
4214.931405
70
0
0
VERTEX
8
Layer 1
10
1717.427757
20
4219.506592
70
0
0
VERTEX
8
Layer 1
10
1717.140623
20
4224.060156
70
0
0
VERTEX
8
Layer 1
10
1716.635403
20
4228.584153
70
0
0
VERTEX
8
Layer 1
10
1715.914787
20
4233.070639
70
0
0
VERTEX
8
Layer 1
10
1714.981464
20
4237.511672
70
0
0
VERTEX
8
Layer 1
10
1713.838124
20
4241.899309
70
0
0
VERTEX
8
Layer 1
10
1712.487454
20
4246.225605
70
0
0
VERTEX
8
Layer 1
10
1710.932146
20
4250.482619
70
0
0
VERTEX
8
Layer 1
10
1709.174887
20
4254.662407
70
0
0
VERTEX
8
Layer 1
10
1707.218368
20
4258.757025
70
0
0
VERTEX
8
Layer 1
10
1705.065277
20
4262.758531
70
0
0
VERTEX
8
Layer 1
10
1702.718304
20
4266.658980
70
0
0
VERTEX
8
Layer 1
10
1700.180138
20
4270.450432
70
0
0
VERTEX
8
Layer 1
10
1697.453468
20
4274.124940
70
0
0
VERTEX
8
Layer 1
10
1694.540984
20
4277.674564
70
0
0
VERTEX
8
Layer 1
10
1691.445375
20
4281.091359
70
0
0
VERTEX
8
Layer 1
10
1688.169329
20
4284.367383
70
0
0
VERTEX
8
Layer 1
10
1684.715537
20
4287.494691
70
0
0
VERTEX
8
Layer 1
10
1681.086688
20
4290.465342
70
0
0
VERTEX
8
Layer 1
10
1677.285470
20
4293.271391
70
0
0
VERTEX
8
Layer 1
10
1673.314573
20
4295.904896
70
0
0
VERTEX
8
Layer 1
10
1669.176687
20
4298.357914
70
0
0
VERTEX
8
Layer 1
10
1664.874500
20
4300.622500
70
0
0
VERTEX
8
Layer 1
10
1664.874500
20
4300.622500
70
0
0
SEQEND
8
Layer 1
0
POLYLINE
8
Layer 1
62
7
70
0
10
0.000000
20
0.000000
66
1
0
VERTEX
8
Layer 1
10
1189.352500
20
3071.962100
70
0
0
VERTEX
8
Layer 1
10
1184.939210
20
3073.999249
70
0
0
VERTEX
8
Layer 1
10
1180.476287
20
3075.791481
70
0
0
VERTEX
8
Layer 1
10
1175.971669
20
3077.341488
70
0
0
VERTEX
8
Layer 1
10
1171.433291
20
3078.651966
70
0
0
VERTEX
8
Layer 1
10
1166.869090
20
3079.725607
70
0
0
VERTEX
8
Layer 1
10
1162.287003
20
3080.565106
70
0
0
VERTEX
8
Layer 1
10
1157.694966
20
3081.173156
70
0
0
VERTEX
8
Layer 1
10
1153.100916
20
3081.552451
70
0
0
VERTEX
8
Layer 1
10
1148.512789
20
3081.705685
70
0
0
VERTEX
8
Layer 1
10
1143.938521
20
3081.635552
70
0
0
VERTEX
8
Layer 1
10
1139.386050
20
3081.344745
70
0
0
VERTEX
8
Layer 1
10
1134.863311
20
3080.835958
70
0
0
VERTEX
8
Layer 1
10
1130.378241
20
3080.111886
70
0
0
VERTEX
8
Layer 1
10
1125.938777
20
3079.175222
70
0
0
VERTEX
8
Layer 1
10
1121.552854
20
3078.028659
70
0
0
VERTEX
8
Layer 1
10
1117.228411
20
3076.674892
70
0
0
VERTEX
8
Layer 1
10
1112.973382
20
3075.116614
70
0
0
VERTEX
8
Layer 1
10
1108.795705
20
3073.356520
70
0
0
VERTEX
8
Layer 1
10
1104.703316
20
3071.397302
70
0
0
VERTEX
8
Layer 1
10
1100.704151
20
3069.241655
70
0
0
VERTEX
8
Layer 1
10
1096.806147
20
3066.892273
70
0
0
VERTEX
8
Layer 1
10
1093.017241
20
3064.351848
70
0
0
VERTEX
8
Layer 1
10
1089.345369
20
3061.623077
70
0
0
VERTEX
8
Layer 1
10
1085.798467
20
3058.708651
70
0
0
VERTEX
8
Layer 1
10
1082.384472
20
3055.611265
70
0
0
VERTEX
8
Layer 1
10
1079.111320
20
3052.333612
70
0
0
VERTEX
8
Layer 1
10
1075.986949
20
3048.878387
70
0
0
VERTEX
8
Layer 1
10
1073.019293
20
3045.248283
70
0
0
VERTEX
8
Layer 1
10
1070.216291
20
3041.445994
70
0
0
VERTEX
8
Layer 1
10
1067.585878
20
3037.474213
70
0
0
VERTEX
8
Layer 1
10
1065.135991
20
3033.335636
70
0
0
VERTEX
8
Layer 1
10
1062.874566
20
3029.032954
70
0
0
VERTEX
8
Layer 1
10
1060.833349
20
3024.621544
70
0
0
VERTEX
8
Layer 1
10
1059.037004
20
3020.160275
70
0
0
VERTEX
8
Layer 1
10
1057.482845
20
3015.657088
70
0
0
VERTEX
8
Layer 1
10
1056.168184
20
3011.119920
70
0
0
VERTEX
8
Layer 1
10
1055.090336
20
3006.556711
70
0
0
VERTEX
8
Layer 1
10
1054.246614
20
3001.975400
70
0
0
VERTEX
8
Layer 1
10
1053.634331
20
2997.383925
70
0
0
VERTEX
8
Layer 1
10
1053.250801
20
2992.790227
70
0
0
VERTEX
8
Layer 1
10
1053.093337
20
2988.202243
70
0
0
VERTEX
8
Layer 1
10
1053.159254
20
2983.627912
70
0
0
VERTEX
8
Layer 1
10
1053.445864
20
2979.075175
70
0
0
VERTEX
8
Layer 1
10
1053.950481
20
2974.551969
70
0
0
VERTEX
8
Layer 1
10
1054.670418
20
2970.066233
70
0
0
VERTEX
8
Layer 1
10
1055.602990
20
2965.625907
70
0
0
VERTEX
8
Layer 1
10
1056.745509
20
2961.238930
70
0
0
VERTEX
8
Layer 1
10
1058.095289
20
2956.913240
70
0
0
VERTEX
8
Layer 1
10
1059.649643
20
2952.656777
70
0
0
VERTEX
8
Layer 1
10
1061.405886
20
2948.477479
70
0
0
VERTEX
8
Layer 1
10
1063.361330
20
2944.383285
70
0
0
VERTEX
8
Layer 1
10
1065.513290
20
2940.382135
70
0
0
VERTEX
8
Layer 1
10
1067.859078
20
2936.481967
70
0
0
VERTEX
8
Layer 1
10
1070.396008
20
2932.690721
70
0
0
VERTEX
8
Layer 1
10
1073.121394
20
2929.016335
70
0
0
VERTEX
8
Layer 1
10
1076.032549
20
2925.466748
70
0
0
VERTEX
8
Layer 1
10
1079.126786
20
2922.049899
70
0
0
VERTEX
8
Layer 1
10
1082.401420
20
2918.773727
70
0
0
VERTEX
8
Layer 1
10
1085.853764
20
2915.646172
70
0
0
VERTEX
8
Layer 1
10
1089.481130
20
2912.675171
70
0
0
VERTEX
8
Layer 1
10
1093.280834
20
2909.868665
70
0
0
VERTEX
8
Layer 1
10
1097.250188
20
2907.234592
70
0
0
VERTEX
8
Layer 1
10
1101.386505
20
2904.780890
70
0
0
VERTEX
8
Layer 1
10
1105.687100
20
2902.515500
70
0
0
VERTEX
8
Layer 1
10
1110.100390
20
2900.478351
70
0
0
VERTEX
8
Layer 1
10
1114.563313
20
2898.686119
70
0
0
VERTEX
8
Layer 1
10
1119.067931
20
2897.136112
70
0
0
VERTEX
8
Layer 1
10
1123.606309
20
2895.825634
70
0
0
VERTEX
8
Layer 1
10
1128.170510
20
2894.751993
70
0
0
VERTEX
8
Layer 1
10
1132.752597
20
2893.912494
70
0
0
VERTEX
8
Layer 1
10
1137.344634
20
2893.304444
70
0
0
VERTEX
8
Layer 1
10
1141.938684
20
2892.925149
70
0
0
VERTEX
8
Layer 1
10
1146.526811
20
2892.771915
70
0
0
VERTEX
8
Layer 1
10
1151.101079
20
2892.842048
70
0
0
VERTEX
8
Layer 1
10
1155.653550
20
2893.132855
70
0
0
VERTEX
8
Layer 1
10
1160.176289
20
2893.641642
70
0
0
VERTEX
8
Layer 1
10
1164.661359
20
2894.365714
70
0
0
VERTEX
8
Layer 1
10
1169.100823
20
2895.302378
70
0
0
VERTEX
8
Layer 1
10
1173.486746
20
2896.448941
70
0
0
VERTEX
8
Layer 1
10
1177.811189
20
2897.802708
70
0
0
VERTEX
8
Layer 1
10
1182.066218
20
2899.360986
70
0
0
VERTEX
8
Layer 1
10
1186.243895
20
2901.121080
70
0
0
VERTEX
8
Layer 1
10
1190.336284
20
2903.080298
70
0
0
VERTEX
8
Layer 1
10
1194.335449
20
2905.235945
70
0
0
VERTEX
8
Layer 1
10
1198.233453
20
2907.585327
70
0
0
VERTEX
8
Layer 1
10
1202.022359
20
2910.125752
70
0
0
VERTEX
8
Layer 1
10
1205.694231
20
2912.854523
70
0
0
VERTEX
8
Layer 1
10
1209.241133
20
2915.768949
70
0
0
VERTEX
8
Layer 1
10
1212.655128
20
2918.866335
70
0
0
VERTEX
8
Layer 1
10
1215.928280
20
2922.143988
70
0
0
VERTEX
8
Layer 1
10
1219.052651
20
2925.599213
70
0
0
VERTEX
8
Layer 1
10
1222.020307
20
2929.229317
70
0
0
VERTEX
8
Layer 1
10
1224.823309
20
2933.031606
70
0
0
VERTEX
8
Layer 1
10
1227.453722
20
2937.003387
70
0
0
VERTEX
8
Layer 1
10
1229.903609
20
2941.141964
70
0
0
VERTEX
8
Layer 1
10
1232.165034
20
2945.444646
70
0
0
VERTEX
8
Layer 1
10
1234.206251
20
2949.856056
70
0
0
VERTEX
8
Layer 1
10
1236.002596
20
2954.317325
70
0
0
VERTEX
8
Layer 1
10
1237.556755
20
2958.820512
70
0
0
VERTEX
8
Layer 1
10
1238.871416
20
2963.357680
70
0
0
VERTEX
8
Layer 1
10
1239.949264
20
2967.920889
70
0
0
VERTEX
8
Layer 1
10
1240.792986
20
2972.502200
70
0
0
VERTEX
8
Layer 1
10
1241.405269
20
2977.093675
70
0
0
VERTEX
8
Layer 1
10
1241.788799
20
2981.687373
70
0
0
VERTEX
8
Layer 1
10
1241.946263
20
2986.275357
70
0
0
VERTEX
8
Layer 1
10
1241.880346
20
2990.849688
70
0
0
VERTEX
8
Layer 1
10
1241.593736
20
2995.402425
70
0
0
VERTEX
8
Layer 1
10
1241.089119
20
2999.925631
70
0
0
VERTEX
8
Layer 1
10
1240.369182
20
3004.411367
70
0
0
VERTEX
8
Layer 1
10
1239.436610
20
3008.851693
70
0
0
VERTEX
8
Layer 1
10
1238.294091
20
3013.238670
70
0
0
VERTEX
8
Layer 1
10
1236.944311
20
3017.564360
70
0
0
VERTEX
8
Layer 1
10
1235.389957
20
3021.820823
70
0
0
VERTEX
8
Layer 1
10
1233.633714
20
3026.000121
70
0
0
VERTEX
8
Layer 1
10
1231.678270
20
3030.094315
70
0
0
VERTEX
8
Layer 1
10
1229.526310
20
3034.095465
70
0
0
VERTEX
8
Layer 1
10
1227.180522
20
3037.995633
70
0
0
VERTEX
8
Layer 1
10
1224.643592
20
3041.786879
70
0
0
VERTEX
8
Layer 1
10
1221.918206
20
3045.461265
70
0
0
VERTEX
8
Layer 1
10
1219.007051
20
3049.010852
70
0
0
VERTEX
8
Layer 1
10
1215.912814
20
3052.427701
70
0
0
VERTEX
8
Layer 1
10
1212.638180
20
3055.703873
70
0
0
VERTEX
8
Layer 1
10
1209.185836
20
3058.831428
70
0
0
VERTEX
8
Layer 1
10
1205.558470
20
3061.802429
70
0
0
VERTEX
8
Layer 1
10
1201.758766
20
3064.608935
70
0
0
VERTEX
8
Layer 1
10
1197.789412
20
3067.243008
70
0
0
VERTEX
8
Layer 1
10
1193.653095
20
3069.696710
70
0
0
VERTEX
8
Layer 1
10
1189.352500
20
3071.962100
70
0
0
VERTEX
8
Layer 1
10
1189.352500
20
3071.962100
70
0
0
SEQEND
8
Layer 1
0
POLYLINE
8
Layer 1
62
7
70
0
10
0.000000
20
0.000000
66
1
0
VERTEX
8
Layer 1
10
1831.615600
20
4105.007000
70
0
0
VERTEX
8
Layer 1
10
1835.204537
20
4112.037203
70
0
0
VERTEX
8
Layer 1
10
1838.543124
20
4119.151877
70
0
0
VERTEX
8
Layer 1
10
1841.631578
20
4126.344813
70
0
0
VERTEX
8
Layer 1
10
1844.470116
20
4133.609804
70
0
0
VERTEX
8
Layer 1
10
1847.058955
20
4140.940644
70
0
0
VERTEX
8
Layer 1
10
1849.398312
20
4148.331126
70
0
0
VERTEX
8
Layer 1
10
1851.488404
20
4155.775042
70
0
0
VERTEX
8
Layer 1
10
1853.329448
20
4163.266186
70
0
0
VERTEX
8
Layer 1
10
1854.921661
20
4170.798349
70
0
0
VERTEX
8
Layer 1
10
1856.265259
20
4178.365326
70
0
0
VERTEX
8
Layer 1
10
1857.360460
20
4185.960908
70
0
0
VERTEX
8
Layer 1
10
1858.207481
20
4193.578890
70
0
0
VERTEX
8
Layer 1
10
1858.806538
20
4201.213063
70
0
0
VERTEX
8
Layer 1
10
1859.157849
20
4208.857221
70
0
0
VERTEX
8
Layer 1
10
1859.261631
20
4216.505156
70
0
0
VERTEX
8
Layer 1
10
1859.118100
20
4224.150662
70
0
0
VERTEX
8
Layer 1
10
1858.727473
20
4231.787532
70
0
0
VERTEX
8
Layer 1
10
1858.089968
20
4239.409557
70
0
0
VERTEX
8
Layer 1
10
1857.205801
20
4247.010532
70
0
0
VERTEX
8
Layer 1
10
1856.075189
20
4254.584249
70
0
0
VERTEX
8
Layer 1
10
1854.698350
20
4262.124501
70
0
0
VERTEX
8
Layer 1
10
1853.075500
20
4269.625081
70
0
0
VERTEX
8
Layer 1
10
1851.206856
20
4277.079781
70
0
0
VERTEX
8
Layer 1
10
1849.092635
20
4284.482396
70
0
0
VERTEX
8
Layer 1
10
1846.733054
20
4291.826717
70
0
0
VERTEX
8
Layer 1
10
1844.128331
20
4299.106537
70
0
0
VERTEX
8
Layer 1
10
1841.278681
20
4306.315650
70
0
0
VERTEX
8
Layer 1
10
1838.184322
20
4313.447848
70
0
0
VERTEX
8
Layer 1
10
1834.845471
20
4320.496924
70
0
0
VERTEX
8
Layer 1
10
1831.262345
20
4327.456671
70
0
0
VERTEX
8
Layer 1
10
1827.435160
20
4334.320883
70
0
0
VERTEX
8
Layer 1
10
1823.364134
20
4341.083351
70
0
0
VERTEX
8
Layer 1
10
1819.070268
20
4347.706563
70
0
0
VERTEX
8
Layer 1
10
1814.578074
20
4354.155201
70
0
0
VERTEX
8
Layer 1
10
1809.893036
20
4360.426349
70
0
0
VERTEX
8
Layer 1
10
1805.020638
20
4366.517091
70
0
0
VERTEX
8
Layer 1
10
1799.966364
20
4372.424512
70
0
0
VERTEX
8
Layer 1
10
1794.735698
20
4378.145695
70
0
0
VERTEX
8
Layer 1
10
1789.334124
20
4383.677726
70
0
0
VERTEX
8
Layer 1
10
1783.767125
20
4389.017689
70
0
0
VERTEX
8
Layer 1
10
1778.040187
20
4394.162667
70
0
0
VERTEX
8
Layer 1
10
1772.158792
20
4399.109746
70
0
0
VERTEX
8
Layer 1
10
1766.128425
20
4403.856009
70
0
0
VERTEX
8
Layer 1
10
1759.954570
20
4408.398541
70
0
0
VERTEX
8
Layer 1
10
1753.642711
20
4412.734427
70
0
0
VERTEX
8
Layer 1
10
1747.198332
20
4416.860750
70
0
0
VERTEX
8
Layer 1
10
1740.626916
20
4420.774596
70
0
0
VERTEX
8
Layer 1
10
1733.933948
20
4424.473047
70
0
0
VERTEX
8
Layer 1
10
1727.124912
20
4427.953189
70
0
0
VERTEX
8
Layer 1
10
1720.205292
20
4431.212106
70
0
0
VERTEX
8
Layer 1
10
1713.180571
20
4434.246883
70
0
0
VERTEX
8
Layer 1
10
1706.056234
20
4437.054603
70
0
0
VERTEX
8
Layer 1
10
1698.837765
20
4439.632351
70
0
0
VERTEX
8
Layer 1
10
1691.530647
20
4441.977212
70
0
0
VERTEX
8
Layer 1
10
1684.140365
20
4444.086269
70
0
0
VERTEX
8
Layer 1
10
1676.672403
20
4445.956607
70
0
0
VERTEX
8
Layer 1
10
1669.132244
20
4447.585310
70
0
0
VERTEX
8
Layer 1
10
1661.525373
20
4448.969464
70
0
0
VERTEX
8
Layer 1
10
1653.857273
20
4450.106151
70
0
0
VERTEX
8
Layer 1
10
1646.133429
20
4450.992457
70
0
0
VERTEX
8
Layer 1
10
1638.359324
20
4451.625465
70
0
0
VERTEX
8
Layer 1
10
1630.540443
20
4452.002260
70
0
0
VERTEX
8
Layer 1
10
1622.682270
20
4452.119927
70
0
0
VERTEX
8
Layer 1
10
1614.790287
20
4451.975549
70
0
0
VERTEX
8
Layer 1
10
1606.907484
20
4451.568558
70
0
0
VERTEX
8
Layer 1
10
1599.076703
20
4450.902523
70
0
0
VERTEX
8
Layer 1
10
1591.303211
20
4449.980735
70
0
0
VERTEX
8
Layer 1
10
1583.592274
20
4448.806486
70
0
0
VERTEX
8
Layer 1
10
1575.949161
20
4447.383066
70
0
0
VERTEX
8
Layer 1
10
1568.379137
20
4445.713768
70
0
0
VERTEX
8
Layer 1
10
1560.887471
20
4443.801883
70
0
0
VERTEX
8
Layer 1
10
1553.479429
20
4441.650702
70
0
0
VERTEX
8
Layer 1
10
1546.160277
20
4439.263517
70
0
0
VERTEX
8
Layer 1
10
1538.935284
20
4436.643620
70
0
0
VERTEX
8
Layer 1
10
1531.809716
20
4433.794300
70
0
0
VERTEX
8
Layer 1
10
1524.788840
20
4430.718851
70
0
0
VERTEX
8
Layer 1
10
1517.877924
20
4427.420564
70
0
0
VERTEX
8
Layer 1
10
1511.082233
20
4423.902729
70
0
0
VERTEX
8
Layer 1
10
1504.407036
20
4420.168639
70
0
0
VERTEX
8
Layer 1
10
1497.857599
20
4416.221584
70
0
0
VERTEX
8
Layer 1
10
1491.439190
20
4412.064857
70
0
0
VERTEX
8
Layer 1
10
1485.157074
20
4407.701749
70
0
0
VERTEX
8
Layer 1
10
1479.016520
20
4403.135550
70
0
0
VERTEX
8
Layer 1
10
1473.022795
20
4398.369554
70
0
0
VERTEX
8
Layer 1
10
1467.181165
20
4393.407050
70
0
0
VERTEX
8
Layer 1
10
1461.496897
20
4388.251331
70
0
0
VERTEX
8
Layer 1
10
1455.975259
20
4382.905687
70
0
0
VERTEX
8
Layer 1
10
1450.621518
20
4377.373411
70
0
0
VERTEX
8
Layer 1
10
1445.440940
20
4371.657794
70
0
0
VERTEX
8
Layer 1
10
1440.438792
20
4365.762127
70
0
0
VERTEX
8
Layer 1
10
1435.620342
20
4359.689701
70
0
0
VERTEX
8
Layer 1
10
1430.990857
20
4353.443809
70
0
0
VERTEX
8
Layer 1
10
1426.555603
20
4347.027741
70
0
0
VERTEX
8
Layer 1
10
1422.319849
20
4340.444789
70
0
0
VERTEX
8
Layer 1
10
1418.288859
20
4333.698244
70
0
0
VERTEX
8
Layer 1
10
1414.467903
20
4326.791398
70
0
0
SEQEND
8
Layer 1
0
POLYLINE
8
Layer 1
62
7
70
0
10
0.000000
20
0.000000
66
1
0
VERTEX
8
Layer 1
10
1414.467900
20
4326.791400
70
0
0
VERTEX
8
Layer 1
10
1393.361904
20
4290.813867
70
0
0
VERTEX
8
Layer 1
10
1372.634390
20
4254.655237
70
0
0
VERTEX
8
Layer 1
10
1352.286021
20
4218.318517
70
0
0
VERTEX
8
Layer 1
10
1332.317460
20
4181.806712
70
0
0
VERTEX
8
Layer 1
10
1312.729368
20
4145.122829
70
0
0
VERTEX
8
Layer 1
10
1293.522407
20
4108.269873
70
0
0
VERTEX
8
Layer 1
10
1274.697241
20
4071.250850
70
0
0
VERTEX
8
Layer 1
10
1256.254531
20
4034.068766
70
0
0
VERTEX
8
Layer 1
10
1238.194940
20
3996.726626
70
0
0
VERTEX
8
Layer 1
10
1220.519129
20
3959.227438
70
0
0
VERTEX
8
Layer 1
10
1203.227762
20
3921.574206
70
0
0
VERTEX
8
Layer 1
10
1186.321500
20
3883.769936
70
0
0
VERTEX
8
Layer 1
10
1169.801006
20
3845.817634
70
0
0
VERTEX
8
Layer 1
10
1153.666942
20
3807.720307
70
0
0
VERTEX
8
Layer 1
10
1137.919970
20
3769.480959
70
0
0
VERTEX
8
Layer 1
10
1122.560753
20
3731.102598
70
0
0
VERTEX
8
Layer 1
10
1107.589952
20
3692.588228
70
0
0
VERTEX
8
Layer 1
10
1093.008231
20
3653.940855
70
0
0
VERTEX
8
Layer 1
10
1078.816251
20
3615.163486
70
0
0
VERTEX
8
Layer 1
10
1065.014675
20
3576.259127
70
0
0
VERTEX
8
Layer 1
10
1051.604164
20
3537.230782
70
0
0
VERTEX
8
Layer 1
10
1038.585382
20
3498.081459
70
0
0
VERTEX
8
Layer 1
10
1025.958991
20
3458.814162
70
0
0
VERTEX
8
Layer 1
10
1013.725652
20
3419.431898
70
0
0
VERTEX
8
Layer 1
10
1001.886029
20
3379.937673
70
0
0
VERTEX
8
Layer 1
10
990.440783
20
3340.334492
70
0
0
VERTEX
8
Layer 1
10
979.390576
20
3300.625362
70
0
0
VERTEX
8
Layer 1
10
968.736071
20
3260.813288
70
0
0
VERTEX
8
Layer 1
10
958.477931
20
3220.901276
70
0
0
VERTEX
8
Layer 1
10
948.616817
20
3180.892332
70
0
0
VERTEX
8
Layer 1
10
939.153392
20
3140.789462
70
0
0
VERTEX
8
Layer 1
10
930.088318
20
3100.595671
70
0
0
VERTEX
8
Layer 1
10
921.422257
20
3060.313966
70
0
0
VERTEX
8
Layer 1
10
913.155872
20
3019.947352
70
0
0
VERTEX
8
Layer 1
10
905.289825
20
2979.498836
70
0
0
VERTEX
8
Layer 1
10
897.824778
20
2938.971423
70
0
0
VERTEX
8
Layer 1
10
890.761394
20
2898.368119
70
0
0
VERTEX
8
Layer 1
10
884.100334
20
2857.691929
70
0
0
VERTEX
8
Layer 1
10
877.842261
20
2816.945861
70
0
0
VERTEX
8
Layer 1
10
871.987838
20
2776.132919
70
0
0
VERTEX
8
Layer 1
10
866.537726
20
2735.256109
70
0
0
VERTEX
8
Layer 1
10
861.492588
20
2694.318438
70
0
0
VERTEX
8
Layer 1
10
856.853086
20
2653.322911
70
0
0
VERTEX
8
Layer 1
10
852.619883
20
2612.272534
70
0
0
VERTEX
8
Layer 1
10
848.793640
20
2571.170313
70
0
0
VERTEX
8
Layer 1
10
845.375020
20
2530.019254
70
0
0
VERTEX
8
Layer 1
10
842.364686
20
2488.822362
70
0
0
VERTEX
8
Layer 1
10
839.763299
20
2447.582644
70
0
0
VERTEX
8
Layer 1
10
837.571522
20
2406.303105
70
0
0
VERTEX
8
Layer 1
10
835.790018
20
2364.986752
70
0
0
VERTEX
8
Layer 1
10
834.419447
20
2323.636590
70
0
0
VERTEX
8
Layer 1
10
833.460473
20
2282.255624
70
0
0
VERTEX
8
Layer 1
10
832.913759
20
2240.846862
70
0
0
VERTEX
8
Layer 1
10
832.779965
20
2199.413308
70
0
0
VERTEX
8
Layer 1
10
833.059755
20
2157.957969
70
0
0
VERTEX
8
Layer 1
10
833.753791
20
2116.483850
70
0
0
VERTEX
8
Layer 1
10
834.862735
20
2074.993958
70
0
0
VERTEX
8
Layer 1
10
836.387249
20
2033.491297
70
0
0
VERTEX
8
Layer 1
10
838.327996
20
1991.978875
70
0
0
VERTEX
8
Layer 1
10
840.685638
20
1950.459697
70
0
0
VERTEX
8
Layer 1
10
843.460837
20
1908.936768
70
0
0
VERTEX
8
Layer 1
10
846.654255
20
1867.413095
70
0
0
VERTEX
8
Layer 1
10
850.266556
20
1825.891684
70
0
0
VERTEX
8
Layer 1
10
854.298400
20
1784.375540
70
0
0
SEQEND
8
Layer 1
0
POLYLINE
8
Layer 1
62
7
70
0
10
0.000000
20
0.000000
66
1
0
VERTEX
8
Layer 1
10
1831.615600
20
4105.007000
70
0
0
VERTEX
8
Layer 1
10
1812.250447
20
4072.419165
70
0
0
VERTEX
8
Layer 1
10
1793.237834
20
4039.661201
70
0
0
VERTEX
8
Layer 1
10
1774.578385
20
4006.735986
70
0
0
VERTEX
8
Layer 1
10
1756.272726
20
3973.646395
70
0
0
VERTEX
8
Layer 1
10
1738.321485
20
3940.395304
70
0
0
VERTEX
8
Layer 1
10
1720.725287
20
3906.985591
70
0
0
VERTEX
8
Layer 1
10
1703.484758
20
3873.420130
70
0
0
VERTEX
8
Layer 1
10
1686.600524
20
3839.701799
70
0
0
VERTEX
8
Layer 1
10
1670.073212
20
3805.833474
70
0
0
VERTEX
8
Layer 1
10
1653.903447
20
3771.818030
70
0
0
VERTEX
8
Layer 1
10
1638.091856
20
3737.658344
70
0
0
VERTEX
8
Layer 1
10
1622.639064
20
3703.357293
70
0
0
VERTEX
8
Layer 1
10
1607.545698
20
3668.917752
70
0
0
VERTEX
8
Layer 1
10
1592.812384
20
3634.342598
70
0
0
VERTEX
8
Layer 1
10
1578.439748
20
3599.634707
70
0
0
VERTEX
8
Layer 1
10
1564.428415
20
3564.796955
70
0
0
VERTEX
8
Layer 1
10
1550.779013
20
3529.832219
70
0
0
VERTEX
8
Layer 1
10
1537.492167
20
3494.743375
70
0
0
VERTEX
8
Layer 1
10
1524.568504
20
3459.533298
70
0
0
VERTEX
8
Layer 1
10
1512.008648
20
3424.204866
70
0
0
VERTEX
8
Layer 1
10
1499.813227
20
3388.760954
70
0
0
VERTEX
8
Layer 1
10
1487.982867
20
3353.204439
70
0
0
VERTEX
8
Layer 1
10
1476.518193
20
3317.538196
70
0
0
VERTEX
8
Layer 1
10
1465.419833
20
3281.765103
70
0
0
VERTEX
8
Layer 1
10
1454.688411
20
3245.888036
70
0
0
VERTEX
8
Layer 1
10
1444.324553
20
3209.909870
70
0
0
VERTEX
8
Layer 1
10
1434.328887
20
3173.833482
70
0
0
VERTEX
8
Layer 1
10
1424.702038
20
3137.661748
70
0
0
VERTEX
8
Layer 1
10
1415.444633
20
3101.397544
70
0
0
VERTEX
8
Layer 1
10
1406.557296
20
3065.043747
70
0
0
VERTEX
8
Layer 1
10
1398.040655
20
3028.603233
70
0
0
VERTEX
8
Layer 1
10
1389.895336
20
2992.078878
70
0
0
VERTEX
8
Layer 1
10
1382.121964
20
2955.473559
70
0
0
VERTEX
8
Layer 1
10
1374.721165
20
2918.790151
70
0
0
VERTEX
8
Layer 1
10
1367.693567
20
2882.031531
70
0
0
VERTEX
8
Layer 1
10
1361.039794
20
2845.200575
70
0
0
VERTEX
8
Layer 1
10
1354.760474
20
2808.300159
70
0
0
VERTEX
8
Layer 1
10
1348.856231
20
2771.333159
70
0
0
VERTEX
8
Layer 1
10
1343.327693
20
2734.302453
70
0
0
VERTEX
8
Layer 1
10
1338.175484
20
2697.210916
70
0
0
VERTEX
8
Layer 1
10
1333.400232
20
2660.061423
70
0
0
VERTEX
8
Layer 1
10
1329.002563
20
2622.856853
70
0
0
VERTEX
8
Layer 1
10
1324.983102
20
2585.600080
70
0
0
VERTEX
8
Layer 1
10
1321.342476
20
2548.293981
70
0
0
VERTEX
8
Layer 1
10
1318.081310
20
2510.941432
70
0
0
VERTEX
8
Layer 1
10
1315.200231
20
2473.545310
70
0
0
VERTEX
8
Layer 1
10
1312.699865
20
2436.108490
70
0
0
VERTEX
8
Layer 1
10
1310.580838
20
2398.633850
70
0
0
VERTEX
8
Layer 1
10
1308.843776
20
2361.124264
70
0
0
VERTEX
8
Layer 1
10
1307.489305
20
2323.582610
70
0
0
VERTEX
8
Layer 1
10
1306.518052
20
2286.011764
70
0
0
VERTEX
8
Layer 1
10
1305.930642
20
2248.414602
70
0
0
VERTEX
8
Layer 1
10
1305.727701
20
2210.794000
70
0
0
VERTEX
8
Layer 1
10
1305.909856
20
2173.152834
70
0
0
VERTEX
8
Layer 1
10
1306.477733
20
2135.493981
70
0
0
VERTEX
8
Layer 1
10
1307.431957
20
2097.820316
70
0
0
VERTEX
8
Layer 1
10
1308.773155
20
2060.134717
70
0
0
VERTEX
8
Layer 1
10
1310.501953
20
2022.440059
70
0
0
VERTEX
8
Layer 1
10
1312.618977
20
1984.739219
70
0
0
VERTEX
8
Layer 1
10
1315.124853
20
1947.035073
70
0
0
VERTEX
8
Layer 1
10
1318.020207
20
1909.330496
70
0
0
VERTEX
8
Layer 1
10
1321.305666
20
1871.628366
70
0
0
VERTEX
8
Layer 1
10
1324.981855
20
1833.931559
70
0
0
VERTEX
8
Layer 1
10
1329.049400
20
1796.242950
70
0
0
SEQEND
8
Layer 1
0
POLYLINE
8
Layer 1
62
7
70
0
10
0.000000
20
0.000000
66
1
0
VERTEX
8
Layer 1
10
905.993700
20
1649.741650
70
0
0
VERTEX
8
Layer 1
10
903.843863
20
1650.542714
70
0
0
VERTEX
8
Layer 1
10
901.644727
20
1650.889435
70
0
0
VERTEX
8
Layer 1
10
899.457159
20
1650.802493
70
0
0
VERTEX
8
Layer 1
10
897.342026
20
1650.302571
70
0
0
VERTEX
8
Layer 1
10
895.360194
20
1649.410353
70
0
0
VERTEX
8
Layer 1
10
893.572532
20
1648.146520
70
0
0
VERTEX
8
Layer 1
10
892.039904
20
1646.531754
70
0
0
VERTEX
8
Layer 1
10
890.823179
20
1644.586739
70
0
0
VERTEX
8
Layer 1
10
890.018689
20
1642.438182
70
0
0
VERTEX
8
Layer 1
10
889.668463
20
1640.239601
70
0
0
VERTEX
8
Layer 1
10
889.751918
20
1638.051897
70
0
0
VERTEX
8
Layer 1
10
890.248467
20
1635.935970
70
0
0
VERTEX
8
Layer 1
10
891.137525
20
1633.952719
70
0
0
VERTEX
8
Layer 1
10
892.398507
20
1632.163044
70
0
0
VERTEX
8
Layer 1
10
894.010827
20
1630.627844
70
0
0
VERTEX
8
Layer 1
10
895.953900
20
1629.408020
70
0
0
VERTEX
8
Layer 1
10
898.103737
20
1628.606956
70
0
0
VERTEX
8
Layer 1
10
900.302873
20
1628.260235
70
0
0
VERTEX
8
Layer 1
10
902.490441
20
1628.347177
70
0
0
VERTEX
8
Layer 1
10
904.605574
20
1628.847099
70
0
0
VERTEX
8
Layer 1
10
906.587406
20
1629.739317
70
0
0
VERTEX
8
Layer 1
10
908.375068
20
1631.003150
70
0
0
VERTEX
8
Layer 1
10
909.907696
20
1632.617916
70
0
0
VERTEX
8
Layer 1
10
911.124421
20
1634.562931
70
0
0
VERTEX
8
Layer 1
10
911.928911
20
1636.711488
70
0
0
VERTEX
8
Layer 1
10
912.279137
20
1638.910069
70
0
0
VERTEX
8
Layer 1
10
912.195682
20
1641.097773
70
0
0
VERTEX
8
Layer 1
10
911.699133
20
1643.213700
70
0
0
VERTEX
8
Layer 1
10
910.810075
20
1645.196951
70
0
0
VERTEX
8
Layer 1
10
909.549093
20
1646.986626
70
0
0
VERTEX
8
Layer 1
10
907.936773
20
1648.521826
70
0
0
VERTEX
8
Layer 1
10
905.993700
20
1649.741650
70
0
0
VERTEX
8
Layer 1
10
905.993700
20
1649.741650
70
0
0
SEQEND
8
Layer 1
0
POLYLINE
8
Layer 1
62
7
70
0
10
0.000000
20
0.000000
66
1
0
VERTEX
8
Layer 1
10
1314.671400
20
1726.089300
70
0
0
VERTEX
8
Layer 1
10
1312.522264
20
1726.887852
70
0
0
VERTEX
8
Layer 1
10
1310.324239
20
1727.232621
70
0
0
VERTEX
8
Layer 1
10
1308.138065
20
1727.144281
70
0
0
VERTEX
8
Layer 1
10
1306.024485
20
1726.643503
70
0
0
VERTEX
8
Layer 1
10
1304.044240
20
1725.750963
70
0
0
VERTEX
8
Layer 1
10
1302.258072
20
1724.487332
70
0
0
VERTEX
8
Layer 1
10
1300.726723
20
1722.873284
70
0
0
VERTEX
8
Layer 1
10
1299.510933
20
1720.929492
70
0
0
VERTEX
8
Layer 1
10
1298.706837
20
1718.782424
70
0
0
VERTEX
8
Layer 1
10
1298.356397
20
1716.585296
70
0
0
VERTEX
8
Layer 1
10
1298.439096
20
1714.398901
70
0
0
VERTEX
8
Layer 1
10
1298.934417
20
1712.284036
70
0
0
VERTEX
8
Layer 1
10
1299.821844
20
1710.301494
70
0
0
VERTEX
8
Layer 1
10
1301.080861
20
1708.512071
70
0
0
VERTEX
8
Layer 1
10
1302.690952
20
1706.976562
70
0
0
VERTEX
8
Layer 1
10
1304.631600
20
1705.755760
70
0
0
VERTEX
8
Layer 1
10
1306.780736
20
1704.957208
70
0
0
VERTEX
8
Layer 1
10
1308.978761
20
1704.612439
70
0
0
VERTEX
8
Layer 1
10
1311.164935
20
1704.700779
70
0
0
VERTEX
8
Layer 1
10
1313.278515
20
1705.201557
70
0
0
VERTEX
8
Layer 1
10
1315.258760
20
1706.094097
70
0
0
VERTEX
8
Layer 1
10
1317.044928
20
1707.357728
70
0
0
VERTEX
8
Layer 1
10
1318.576277
20
1708.971776
70
0
0
VERTEX
8
Layer 1
10
1319.792067
20
1710.915568
70
0
0
VERTEX
8
Layer 1
10
1320.596163
20
1713.062636
70
0
0
VERTEX
8
Layer 1
10
1320.946603
20
1715.259764
70
0
0
VERTEX
8
Layer 1
10
1320.863904
20
1717.446159
70
0
0
VERTEX
8
Layer 1
10
1320.368583
20
1719.561024
70
0
0
VERTEX
8
Layer 1
10
1319.481156
20
1721.543566
70
0
0
VERTEX
8
Layer 1
10
1318.222139
20
1723.332989
70
0
0
VERTEX
8
Layer 1
10
1316.612048
20
1724.868498
70
0
0
VERTEX
8
Layer 1
10
1314.671400
20
1726.089300
70
0
0
VERTEX
8
Layer 1
10
1314.671400
20
1726.089300
70
0
0
SEQEND
8
Layer 1
0
POLYLINE
8
Layer 1
62
7
70
0
10
0.000000
20
0.000000
66
1
0
VERTEX
8
Layer 1
10
1009.238300
20
1251.287930
70
0
0
VERTEX
8
Layer 1
10
1007.087498
20
1252.092514
70
0
0
VERTEX
8
Layer 1
10
1004.886821
20
1252.441971
70
0
0
VERTEX
8
Layer 1
10
1002.697313
20
1252.356997
70
0
0
VERTEX
8
Layer 1
10
1000.580014
20
1251.858286
70
0
0
VERTEX
8
Layer 1
10
998.595968
20
1250.966533
70
0
0
VERTEX
8
Layer 1
10
996.806214
20
1249.702432
70
0
0
VERTEX
8
Layer 1
10
995.271796
20
1248.086680
70
0
0
VERTEX
8
Layer 1
10
994.053755
20
1246.139969
70
0
0
VERTEX
8
Layer 1
10
993.248701
20
1243.989342
70
0
0
VERTEX
8
Layer 1
10
992.898763
20
1241.788742
70
0
0
VERTEX
8
Layer 1
10
992.983259
20
1239.599215
70
0
0
VERTEX
8
Layer 1
10
993.481508
20
1237.481808
70
0
0
VERTEX
8
Layer 1
10
994.372828
20
1235.497566
70
0
0
VERTEX
8
Layer 1
10
995.636538
20
1233.707537
70
0
0
VERTEX
8
Layer 1
10
997.251955
20
1232.172766
70
0
0
VERTEX
8
Layer 1
10
999.198400
20
1230.954300
70
0
0
VERTEX
8
Layer 1
10
1001.349202
20
1230.149716
70
0
0
VERTEX
8
Layer 1
10
1003.549879
20
1229.800259
70
0
0
VERTEX
8
Layer 1
10
1005.739387
20
1229.885233
70
0
0
VERTEX
8
Layer 1
10
1007.856686
20
1230.383944
70
0
0
VERTEX
8
Layer 1
10
1009.840732
20
1231.275697
70
0
0
VERTEX
8
Layer 1
10
1011.630486
20
1232.539798
70
0
0
VERTEX
8
Layer 1
10
1013.164904
20
1234.155550
70
0
0
VERTEX
8
Layer 1
10
1014.382945
20
1236.102261
70
0
0
VERTEX
8
Layer 1
10
1015.187999
20
1238.252888
70
0
0
VERTEX
8
Layer 1
10
1015.537937
20
1240.453488
70
0
0
VERTEX
8
Layer 1
10
1015.453441
20
1242.643015
70
0
0
VERTEX
8
Layer 1
10
1014.955192
20
1244.760422
70
0
0
VERTEX
8
Layer 1
10
1014.063872
20
1246.744664
70
0
0
VERTEX
8
Layer 1
10
1012.800162
20
1248.534693
70
0
0
VERTEX
8
Layer 1
10
1011.184745
20
1250.069464
70
0
0
VERTEX
8
Layer 1
10
1009.238300
20
1251.287930
70
0
0
VERTEX
8
Layer 1
10
1009.238300
20
1251.287930
70
0
0
SEQEND
8
Layer 1
0
POLYLINE
8
Layer 1
62
7
70
0
10
0.000000
20
0.000000
66
1
0
VERTEX
8
Layer 1
10
1121.908800
20
917.336390
70
0
0
VERTEX
8
Layer 1
10
1119.760057
20
918.133534
70
0
0
VERTEX
8
Layer 1
10
1117.562653
20
918.477209
70
0
0
VERTEX
8
Layer 1
10
1115.377260
20
918.388084
70
0
0
VERTEX
8
Layer 1
10
1113.264550
20
917.886826
70
0
0
VERTEX
8
Layer 1
10
1111.285194
20
916.994104
70
0
0
VERTEX
8
Layer 1
10
1109.499863
20
915.730586
70
0
0
VERTEX
8
Layer 1
10
1107.969230
20
914.116939
70
0
0
VERTEX
8
Layer 1
10
1106.753964
20
912.173831
70
0
0
VERTEX
8
Layer 1
10
1105.950090
20
910.027597
70
0
0
VERTEX
8
Layer 1
10
1105.599530
20
907.831281
70
0
0
VERTEX
8
Layer 1
10
1105.681805
20
905.645620
70
0
0
VERTEX
8
Layer 1
10
1106.176438
20
903.531349
70
0
0
VERTEX
8
Layer 1
10
1107.062952
20
901.549205
70
0
0
VERTEX
8
Layer 1
10
1108.320869
20
899.759923
70
0
0
VERTEX
8
Layer 1
10
1109.929711
20
898.224239
70
0
0
VERTEX
8
Layer 1
10
1111.869000
20
897.002890
70
0
0
VERTEX
8
Layer 1
10
1114.017743
20
896.205746
70
0
0
VERTEX
8
Layer 1
10
1116.215147
20
895.862071
70
0
0
VERTEX
8
Layer 1
10
1118.400540
20
895.951196
70
0
0
VERTEX
8
Layer 1
10
1120.513250
20
896.452454
70
0
0
VERTEX
8
Layer 1
10
1122.492606
20
897.345176
70
0
0
VERTEX
8
Layer 1
10
1124.277937
20
898.608694
70
0
0
VERTEX
8
Layer 1
10
1125.808570
20
900.222341
70
0
0
VERTEX
8
Layer 1
10
1127.023836
20
902.165449
70
0
0
VERTEX
8
Layer 1
10
1127.827710
20
904.311683
70
0
0
VERTEX
8
Layer 1
10
1128.178270
20
906.507999
70
0
0
VERTEX
8
Layer 1
10
1128.095995
20
908.693660
70
0
0
VERTEX
8
Layer 1
10
1127.601362
20
910.807931
70
0
0
VERTEX
8
Layer 1
10
1126.714848
20
912.790075
70
0
0
VERTEX
8
Layer 1
10
1125.456931
20
914.579357
70
0
0
VERTEX
8
Layer 1
10
1123.848089
20
916.115041
70
0
0
VERTEX
8
Layer 1
10
1121.908800
20
917.336390
70
0
0
VERTEX
8
Layer 1
10
1121.908800
20
917.336390
70
0
0
SEQEND
8
Layer 1
0
POLYLINE
8
Layer 1
62
7
70
0
10
0.000000
20
0.000000
66
1
0
VERTEX
8
Layer 1
10
1496.217600
20
1068.254990
70
0
0
VERTEX
8
Layer 1
10
1494.067351
20
1069.057568
70
0
0
VERTEX
8
Layer 1
10
1491.867557
20
1069.405467
70
0
0
VERTEX
8
Layer 1
10
1489.679157
20
1069.319375
70
0
0
VERTEX
8
Layer 1
10
1487.563095
20
1068.819978
70
0
0
VERTEX
8
Layer 1
10
1485.580312
20
1067.927964
70
0
0
VERTEX
8
Layer 1
10
1483.791750
20
1066.664022
70
0
0
VERTEX
8
Layer 1
10
1482.258351
20
1065.048838
70
0
0
VERTEX
8
Layer 1
10
1481.041057
20
1063.103100
70
0
0
VERTEX
8
Layer 1
10
1480.236319
20
1060.953659
70
0
0
VERTEX
8
Layer 1
10
1479.886211
20
1058.754214
70
0
0
VERTEX
8
Layer 1
10
1479.970105
20
1056.565730
70
0
0
VERTEX
8
Layer 1
10
1480.467377
20
1054.449167
70
0
0
VERTEX
8
Layer 1
10
1481.357398
20
1052.465489
70
0
0
VERTEX
8
Layer 1
10
1482.619543
20
1050.675659
70
0
0
VERTEX
8
Layer 1
10
1484.233186
20
1049.140638
70
0
0
VERTEX
8
Layer 1
10
1486.177700
20
1047.921390
70
0
0
VERTEX
8
Layer 1
10
1488.327949
20
1047.118812
70
0
0
VERTEX
8
Layer 1
10
1490.527743
20
1046.770913
70
0
0
VERTEX
8
Layer 1
10
1492.716143
20
1046.857005
70
0
0
VERTEX
8
Layer 1
10
1494.832205
20
1047.356402
70
0
0
VERTEX
8
Layer 1
10
1496.814988
20
1048.248416
70
0
0
VERTEX
8
Layer 1
10
1498.603550
20
1049.512358
70
0
0
VERTEX
8
Layer 1
10
1500.136949
20
1051.127542
70
0
0
VERTEX
8
Layer 1
10
1501.354243
20
1053.073280
70
0
0
VERTEX
8
Layer 1
10
1502.158981
20
1055.222721
70
0
0
VERTEX
8
Layer 1
10
1502.509089
20
1057.422166
70
0
0
VERTEX
8
Layer 1
10
1502.425195
20
1059.610650
70
0
0
VERTEX
8
Layer 1
10
1501.927923
20
1061.727213
70
0
0
VERTEX
8
Layer 1
10
1501.037902
20
1063.710891
70
0
0
VERTEX
8
Layer 1
10
1499.775757
20
1065.500721
70
0
0
VERTEX
8
Layer 1
10
1498.162114
20
1067.035742
70
0
0
VERTEX
8
Layer 1
10
1496.217600
20
1068.254990
70
0
0
VERTEX
8
Layer 1
10
1496.217600
20
1068.254990
70
0
0
SEQEND
8
Layer 1
0
POLYLINE
8
Layer 1
62
7
70
0
10
0.000000
20
0.000000
66
1
0
VERTEX
8
Layer 1
10
1147.145400
20
1762.472010
70
0
0
VERTEX
8
Layer 1
10
1142.731775
20
1764.510941
70
0
0
VERTEX
8
Layer 1
10
1138.268436
20
1766.304862
70
0
0
VERTEX
8
Layer 1
10
1133.763324
20
1767.856467
70
0
0
VERTEX
8
Layer 1
10
1129.224380
20
1769.168449
70
0
0
VERTEX
8
Layer 1
10
1124.659546
20
1770.243504
70
0
0
VERTEX
8
Layer 1
10
1120.076764
20
1771.084325
70
0
0
VERTEX
8
Layer 1
10
1115.483975
20
1771.693607
70
0
0
VERTEX
8
Layer 1
10
1110.889121
20
1772.074043
70
0
0
VERTEX
8
Layer 1
10
1106.300143
20
1772.228328
70
0
0
VERTEX
8
Layer 1
10
1101.724984
20
1772.159157
70
0
0
VERTEX
8
Layer 1
10
1097.171584
20
1771.869222
70
0
0
VERTEX
8
Layer 1
10
1092.647885
20
1771.361219
70
0
0
VERTEX
8
Layer 1
10
1088.161830
20
1770.637841
70
0
0
VERTEX
8
Layer 1
10
1083.721359
20
1769.701783
70
0
0
VERTEX
8
Layer 1
10
1079.334414
20
1768.555739
70
0
0
VERTEX
8
Layer 1
10
1075.008937
20
1767.202403
70
0
0
VERTEX
8
Layer 1
10
1070.752869
20
1765.644469
70
0
0
VERTEX
8
Layer 1
10
1066.574152
20
1763.884631
70
0
0
VERTEX
8
Layer 1
10
1062.480727
20
1761.925584
70
0
0
VERTEX
8
Layer 1
10
1058.480537
20
1759.770022
70
0
0
VERTEX
8
Layer 1
10
1054.581523
20
1757.420639
70
0
0
VERTEX
8
Layer 1
10
1050.791626
20
1754.880129
70
0
0
VERTEX
8
Layer 1
10
1047.118788
20
1752.151186
70
0
0
VERTEX
8
Layer 1
10
1043.570950
20
1749.236504
70
0
0
VERTEX
8
Layer 1
10
1040.156055
20
1746.138779
70
0
0
VERTEX
8
Layer 1
10
1036.882043
20
1742.860702
70
0
0
VERTEX
8
Layer 1
10
1033.756857
20
1739.404970
70
0
0
VERTEX
8
Layer 1
10
1030.788438
20
1735.774276
70
0
0
VERTEX
8
Layer 1
10
1027.984728
20
1731.971314
70
0
0
VERTEX
8
Layer 1
10
1025.353667
20
1727.998779
70
0
0
VERTEX
8
Layer 1
10
1022.903199
20
1723.859364
70
0
0
VERTEX
8
Layer 1
10
1020.641264
20
1719.555765
70
0
0
VERTEX
8
Layer 1
10
1018.599629
20
1715.143390
70
0
0
VERTEX
8
Layer 1
10
1016.802974
20
1710.681151
70
0
0
VERTEX
8
Layer 1
10
1015.248610
20
1706.176990
70
0
0
VERTEX
8
Layer 1
10
1013.933847
20
1701.638850
70
0
0
VERTEX
8
Layer 1
10
1012.855995
20
1697.074676
70
0
0
VERTEX
8
Layer 1
10
1012.012367
20
1692.492410
70
0
0
VERTEX
8
Layer 1
10
1011.400272
20
1687.899995
70
0
0
VERTEX
8
Layer 1
10
1011.017020
20
1683.305375
70
0
0
VERTEX
8
Layer 1
10
1010.859924
20
1678.716492
70
0
0
VERTEX
8
Layer 1
10
1010.926293
20
1674.141291
70
0
0
VERTEX
8
Layer 1
10
1011.213438
20
1669.587715
70
0
0
VERTEX
8
Layer 1
10
1011.718669
20
1665.063706
70
0
0
VERTEX
8
Layer 1
10
1012.439299
20
1660.577208
70
0
0
VERTEX
8
Layer 1
10
1013.372636
20
1656.136164
70
0
0
VERTEX
8
Layer 1
10
1014.515993
20
1651.748518
70
0
0
VERTEX
8
Layer 1
10
1015.866678
20
1647.422213
70
0
0
VERTEX
8
Layer 1
10
1017.422005
20
1643.165191
70
0
0
VERTEX
8
Layer 1
10
1019.179282
20
1638.985397
70
0
0
VERTEX
8
Layer 1
10
1021.135820
20
1634.890773
70
0
0
VERTEX
8
Layer 1
10
1023.288932
20
1630.889263
70
0
0
VERTEX
8
Layer 1
10
1025.635926
20
1626.988810
70
0
0
VERTEX
8
Layer 1
10
1028.174114
20
1623.197357
70
0
0
VERTEX
8
Layer 1
10
1030.900806
20
1619.522848
70
0
0
VERTEX
8
Layer 1
10
1033.813313
20
1615.973226
70
0
0
VERTEX
8
Layer 1
10
1036.908946
20
1612.556433
70
0
0
VERTEX
8
Layer 1
10
1040.185016
20
1609.280414
70
0
0
VERTEX
8
Layer 1
10
1043.638833
20
1606.153111
70
0
0
VERTEX
8
Layer 1
10
1047.267708
20
1603.182468
70
0
0
VERTEX
8
Layer 1
10
1051.068951
20
1600.376429
70
0
0
VERTEX
8
Layer 1
10
1055.039874
20
1597.742935
70
0
0
VERTEX
8
Layer 1
10
1059.177787
20
1595.289931
70
0
0
VERTEX
8
Layer 1
10
1063.480000
20
1593.025360
70
0
0
VERTEX
8
Layer 1
10
1067.893625
20
1590.986429
70
0
0
VERTEX
8
Layer 1
10
1072.356964
20
1589.192508
70
0
0
VERTEX
8
Layer 1
10
1076.862076
20
1587.640903
70
0
0
VERTEX
8
Layer 1
10
1081.401020
20
1586.328921
70
0
0
VERTEX
8
Layer 1
10
1085.965854
20
1585.253866
70
0
0
VERTEX
8
Layer 1
10
1090.548636
20
1584.413045
70
0
0
VERTEX
8
Layer 1
10
1095.141425
20
1583.803763
70
0
0
VERTEX
8
Layer 1
10
1099.736279
20
1583.423327
70
0
0
VERTEX
8
Layer 1
10
1104.325257
20
1583.269042
70
0
0
VERTEX
8
Layer 1
10
1108.900416
20
1583.338213
70
0
0
VERTEX
8
Layer 1
10
1113.453816
20
1583.628148
70
0
0
VERTEX
8
Layer 1
10
1117.977515
20
1584.136151
70
0
0
VERTEX
8
Layer 1
10
1122.463570
20
1584.859529
70
0
0
VERTEX
8
Layer 1
10
1126.904041
20
1585.795587
70
0
0
VERTEX
8
Layer 1
10
1131.290986
20
1586.941631
70
0
0
VERTEX
8
Layer 1
10
1135.616463
20
1588.294967
70
0
0
VERTEX
8
Layer 1
10
1139.872531
20
1589.852901
70
0
0
VERTEX
8
Layer 1
10
1144.051248
20
1591.612739
70
0
0
VERTEX
8
Layer 1
10
1148.144673
20
1593.571786
70
0
0
VERTEX
8
Layer 1
10
1152.144863
20
1595.727348
70
0
0
VERTEX
8
Layer 1
10
1156.043877
20
1598.076731
70
0
0
VERTEX
8
Layer 1
10
1159.833774
20
1600.617241
70
0
0
VERTEX
8
Layer 1
10
1163.506612
20
1603.346184
70
0
0
VERTEX
8
Layer 1
10
1167.054450
20
1606.260866
70
0
0
VERTEX
8
Layer 1
10
1170.469345
20
1609.358591
70
0
0
VERTEX
8
Layer 1
10
1173.743357
20
1612.636668
70
0
0
VERTEX
8
Layer 1
10
1176.868543
20
1616.092400
70
0
0
VERTEX
8
Layer 1
10
1179.836962
20
1619.723094
70
0
0
VERTEX
8
Layer 1
10
1182.640672
20
1623.526056
70
0
0
VERTEX
8
Layer 1
10
1185.271733
20
1627.498591
70
0
0
VERTEX
8
Layer 1
10
1187.722201
20
1631.638006
70
0
0
VERTEX
8
Layer 1
10
1189.984136
20
1635.941605
70
0
0
VERTEX
8
Layer 1
10
1192.025771
20
1640.353980
70
0
0
VERTEX
8
Layer 1
10
1193.822426
20
1644.816219
70
0
0
VERTEX
8
Layer 1
10
1195.376790
20
1649.320380
70
0
0
VERTEX
8
Layer 1
10
1196.691553
20
1653.858520
70
0
0
VERTEX
8
Layer 1
10
1197.769405
20
1658.422694
70
0
0
VERTEX
8
Layer 1
10
1198.613033
20
1663.004960
70
0
0
VERTEX
8
Layer 1
10
1199.225128
20
1667.597375
70
0
0
VERTEX
8
Layer 1
10
1199.608380
20
1672.191995
70
0
0
VERTEX
8
Layer 1
10
1199.765476
20
1676.780878
70
0
0
VERTEX
8
Layer 1
10
1199.699107
20
1681.356079
70
0
0
VERTEX
8
Layer 1
10
1199.411962
20
1685.909655
70
0
0
VERTEX
8
Layer 1
10
1198.906731
20
1690.433664
70
0
0
VERTEX
8
Layer 1
10
1198.186101
20
1694.920162
70
0
0
VERTEX
8
Layer 1
10
1197.252764
20
1699.361206
70
0
0
VERTEX
8
Layer 1
10
1196.109407
20
1703.748852
70
0
0
VERTEX
8
Layer 1
10
1194.758722
20
1708.075157
70
0
0
VERTEX
8
Layer 1
10
1193.203395
20
1712.332179
70
0
0
VERTEX
8
Layer 1
10
1191.446118
20
1716.511973
70
0
0
VERTEX
8
Layer 1
10
1189.489580
20
1720.606597
70
0
0
VERTEX
8
Layer 1
10
1187.336468
20
1724.608107
70
0
0
VERTEX
8
Layer 1
10
1184.989474
20
1728.508560
70
0
0
VERTEX
8
Layer 1
10
1182.451286
20
1732.300013
70
0
0
VERTEX
8
Layer 1
10
1179.724594
20
1735.974522
70
0
0
VERTEX
8
Layer 1
10
1176.812087
20
1739.524144
70
0
0
VERTEX
8
Layer 1
10
1173.716454
20
1742.940937
70
0
0
VERTEX
8
Layer 1
10
1170.440384
20
1746.216956
70
0
0
VERTEX
8
Layer 1
10
1166.986567
20
1749.344259
70
0
0
VERTEX
8
Layer 1
10
1163.357692
20
1752.314902
70
0
0
VERTEX
8
Layer 1
10
1159.556449
20
1755.120941
70
0
0
VERTEX
8
Layer 1
10
1155.585526
20
1757.754435
70
0
0
VERTEX
8
Layer 1
10
1151.447613
20
1760.207439
70
0
0
VERTEX
8
Layer 1
10
1147.145400
20
1762.472010
70
0
0
VERTEX
8
Layer 1
10
1147.145400
20
1762.472010
70
0
0
SEQEND
8
Layer 1
0
POLYLINE
8
Layer 1
62
7
70
0
10
0.000000
20
0.000000
66
1
0
VERTEX
8
Layer 1
10
854.298400
20
1784.375540
70
0
0
VERTEX
8
Layer 1
10
856.297136
20
1765.582135
70
0
0
VERTEX
8
Layer 1
10
858.450613
20
1746.808100
70
0
0
VERTEX
8
Layer 1
10
860.758668
20
1728.054385
70
0
0
VERTEX
8
Layer 1
10
863.221142
20
1709.321940
70
0
0
VERTEX
8
Layer 1
10
865.837872
20
1690.611717
70
0
0
VERTEX
8
Layer 1
10
868.608699
20
1671.924666
70
0
0
VERTEX
8
Layer 1
10
871.533460
20
1653.261738
70
0
0
VERTEX
8
Layer 1
10
874.611995
20
1634.623884
70
0
0
VERTEX
8
Layer 1
10
877.844142
20
1616.012054
70
0
0
VERTEX
8
Layer 1
10
881.229741
20
1597.427200
70
0
0
VERTEX
8
Layer 1
10
884.768631
20
1578.870271
70
0
0
VERTEX
8
Layer 1
10
888.460650
20
1560.342219
70
0
0
VERTEX
8
Layer 1
10
892.305638
20
1541.843994
70
0
0
VERTEX
8
Layer 1
10
896.303433
20
1523.376547
70
0
0
VERTEX
8
Layer 1
10
900.453874
20
1504.940829
70
0
0
VERTEX
8
Layer 1
10
904.756800
20
1486.537790
70
0
0
SEQEND
8
Layer 1
0
POLYLINE
8
Layer 1
62
7
70
0
10
0.000000
20
0.000000
66
1
0
VERTEX
8
Layer 1
10
1329.049400
20
1796.242950
70
0
0
VERTEX
8
Layer 1
10
1331.260980
20
1777.482993
70
0
0
VERTEX
8
Layer 1
10
1333.648209
20
1758.745833
70
0
0
VERTEX
8
Layer 1
10
1336.210903
20
1740.032702
70
0
0
VERTEX
8
Layer 1
10
1338.948873
20
1721.344832
70
0
0
VERTEX
8
Layer 1
10
1341.861934
20
1702.683453
70
0
0
VERTEX
8
Layer 1
10
1344.949900
20
1684.049797
70
0
0
VERTEX
8
Layer 1
10
1348.212584
20
1665.445095
70
0
0
VERTEX
8
Layer 1
10
1351.649800
20
1646.870580
70
0
0
SEQEND
8
Layer 1
0
POLYLINE
8
Layer 1
62
7
70
0
10
0.000000
20
0.000000
66
1
0
VERTEX
8
Layer 1
10
1351.649800
20
1646.870580
70
0
0
VERTEX
8
Layer 1
10
1359.359209
20
1607.586563
70
0
0
VERTEX
8
Layer 1
10
1367.546348
20
1568.410039
70
0
0
VERTEX
8
Layer 1
10
1376.209955
20
1529.345311
70
0
0
VERTEX
8
Layer 1
10
1385.348767
20
1490.396681
70
0
0
VERTEX
8
Layer 1
10
1394.961521
20
1451.568451
70
0
0
VERTEX
8
Layer 1
10
1405.046955
20
1412.864924
70
0
0
VERTEX
8
Layer 1
10
1415.603806
20
1374.290401
70
0
0
VERTEX
8
Layer 1
10
1426.630812
20
1335.849186
70
0
0
VERTEX
8
Layer 1
10
1438.126709
20
1297.545580
70
0
0
VERTEX
8
Layer 1
10
1450.090235
20
1259.383885
70
0
0
VERTEX
8
Layer 1
10
1462.520128
20
1221.368404
70
0
0
VERTEX
8
Layer 1
10
1475.415125
20
1183.503440
70
0
0
VERTEX
8
Layer 1
10
1488.773963
20
1145.793294
70
0
0
VERTEX
8
Layer 1
10
1502.595380
20
1108.242269
70
0
0
VERTEX
8
Layer 1
10
1516.878113
20
1070.854667
70
0
0
VERTEX
8
Layer 1
10
1531.620900
20
1033.634790
70
0
0
SEQEND
8
Layer 1
0
POLYLINE
8
Layer 1
62
7
70
0
10
0.000000
20
0.000000
66
1
0
VERTEX
8
Layer 1
10
1104.730500
20
861.518090
70
0
0
VERTEX
8
Layer 1
10
1531.620500
20
1033.638990
70
0
0
SEQEND
8
Layer 1
0
POLYLINE
8
Layer 1
62
7
70
0
10
0.000000
20
0.000000
66
1
0
VERTEX
8
Layer 1
10
904.756800
20
1486.537790
70
0
0
VERTEX
8
Layer 1
10
914.461659
20
1446.630986
70
0
0
VERTEX
8
Layer 1
10
924.542934
20
1406.824278
70
0
0
VERTEX
8
Layer 1
10
934.999782
20
1367.120301
70
0
0
VERTEX
8
Layer 1
10
945.831359
20
1327.521691
70
0
0
VERTEX
8
Layer 1
10
957.036821
20
1288.031084
70
0
0
VERTEX
8
Layer 1
10
968.615327
20
1248.651115
70
0
0
VERTEX
8
Layer 1
10
980.566031
20
1209.384421
70
0
0
VERTEX
8
Layer 1
10
992.888092
20
1170.233636
70
0
0
VERTEX
8
Layer 1
10
1005.580665
20
1131.201397
70
0
0
VERTEX
8
Layer 1
10
1018.642908
20
1092.290338
70
0
0
VERTEX
8
Layer 1
10
1032.073977
20
1053.503097
70
0
0
VERTEX
8
Layer 1
10
1045.873029
20
1014.842308
70
0
0
VERTEX
8
Layer 1
10
1060.039221
20
976.310607
70
0
0
VERTEX
8
Layer 1
10
1074.571708
20
937.910630
70
0
0
VERTEX
8
Layer 1
10
1089.469649
20
899.645012
70
0
0
VERTEX
8
Layer 1
10
1104.732200
20
861.516390
70
0
0
SEQEND
8
Layer 1
0
POLYLINE
8
ShapeString
62
7
70
0
10
0.000000
20
0.000000
66
1
0
VERTEX
8
ShapeString
10
0.496000
20
4560.497800
70
0
0
VERTEX
8
ShapeString
10
9120.496000
20
4560.497800
70
0
0
VERTEX
8
ShapeString
10
9120.496000
20
0.497800
70
0
0
VERTEX
8
ShapeString
10
0.496000
20
0.497800
70
0
0
VERTEX
8
ShapeString
10
0.496000
20
4560.497800
70
0
0
SEQEND
8
ShapeString
 0 
ENDSEC
 0 
EOF